USE tpch1;
select cidx, CBIGINT+CDECIMAL1 from datatypetestm;
cidx	CBIGINT+CDECIMAL1
1	-72036854775815
2	-72036854775813
3	-72036854775811
4	-72036854775809
5	-72036854775807
6	72036854775808
7	72036854775810
8	72036854775812
9	72036854775814
10	72036854775816
11	0
select cidx, CBIGINT+CDECIMAL4 from datatypetestm;
cidx	CBIGINT+CDECIMAL4
1	-72036854776805
2	-72036854776803
3	-72036854776801
4	-72036854776799
5	-72036854776797
6	72036854776798
7	72036854776800
8	72036854776802
9	72036854776804
10	72036854776806
11	0
select cidx, CBIGINT+CDECIMAL4_2 from datatypetestm;
cidx	CBIGINT+CDECIMAL4_2
1	-72036854775815.99
2	-72036854775814.98
3	-72036854775813.97
4	-72036854775812.96
5	-72036854775811.95
6	72036854775812.95
7	72036854775813.96
8	72036854775814.97
9	72036854775815.98
10	72036854775816.99
11	0.00
select cidx, CBIGINT+CDECIMAL5 from datatypetestm;
cidx	CBIGINT+CDECIMAL5
1	-72036854776805
2	-72036854776803
3	-72036854776801
4	-72036854776799
5	-72036854776797
6	72036854776798
7	72036854776800
8	72036854776802
9	72036854776804
10	72036854776806
11	0
select cidx, CBIGINT+CDECIMAL9 from datatypetestm;
cidx	CBIGINT+CDECIMAL9
1	-72036855775805
2	-72036855775803
3	-72036855775801
4	-72036855775799
5	-72036855775797
6	72036855775798
7	72036855775800
8	72036855775802
9	72036855775804
10	72036855775806
11	0
select cidx, CBIGINT+CDECIMAL9_2 from datatypetestm;
cidx	CBIGINT+CDECIMAL9_2
1	-72036854785805.99
2	-72036854785804.98
3	-72036854785803.97
4	-72036854785802.96
5	-72036854785801.95
6	72036854785802.95
7	72036854785803.96
8	72036854785804.97
9	72036854785805.98
10	72036854785806.99
11	0.00
select cidx, CBIGINT+CDECIMAL10 from datatypetestm;
cidx	CBIGINT+CDECIMAL10
1	-72036864775805
2	-72036864775803
3	-72036864775801
4	-72036864775799
5	-72036864775797
6	72036864775798
7	72036864775800
8	72036864775802
9	72036864775804
10	72036864775806
11	0
select cidx, CBIGINT+CDECIMAL18 from datatypetestm;
cidx	CBIGINT+CDECIMAL18
1	-82036854775805
2	-82036854775803
3	-82036854775801
4	-82036854775799
5	-82036854775797
6	82036854775798
7	82036854775800
8	82036854775802
9	82036854775804
10	82036854775806
11	0
select cidx, CBIGINT+CDECIMAL18_2 from datatypetestm;
cidx	CBIGINT+CDECIMAL18_2
1	-72136854775805.99
2	-72136854775804.98
3	-72136854775803.97
4	-72136854775802.96
5	-72136854775801.95
6	72136854775802.95
7	72136854775803.96
8	72136854775804.97
9	72136854775805.98
10	72136854775806.99
11	0.00
select cidx, CDECIMAL1+CDECIMAL4 from datatypetestm;
cidx	CDECIMAL1+CDECIMAL4
1	-1008
2	-1006
3	-1004
4	-1002
5	-1000
6	1000
7	1002
8	1004
9	1006
10	1008
11	0
select cidx, CDECIMAL1+CDECIMAL4_2 from datatypetestm;
cidx	CDECIMAL1+CDECIMAL4_2
1	-18.99
2	-17.98
3	-16.97
4	-15.96
5	-14.95
6	14.95
7	15.96
8	16.97
9	17.98
10	18.99
11	0.00
select cidx, CDECIMAL1+CDECIMAL5 from datatypetestm;
cidx	CDECIMAL1+CDECIMAL5
1	-1008
2	-1006
3	-1004
4	-1002
5	-1000
6	1000
7	1002
8	1004
9	1006
10	1008
11	0
select cidx, CDECIMAL1+CDECIMAL9 from datatypetestm;
cidx	CDECIMAL1+CDECIMAL9
1	-1000008
2	-1000006
3	-1000004
4	-1000002
5	-1000000
6	1000000
7	1000002
8	1000004
9	1000006
10	1000008
11	0
select cidx, CDECIMAL1+CDECIMAL9_2 from datatypetestm;
cidx	CDECIMAL1+CDECIMAL9_2
1	-10008.99
2	-10007.98
3	-10006.97
4	-10005.96
5	-10004.95
6	10004.95
7	10005.96
8	10006.97
9	10007.98
10	10008.99
11	0.00
select cidx, CDECIMAL1+CDECIMAL10 from datatypetestm;
cidx	CDECIMAL1+CDECIMAL10
1	-10000008
2	-10000006
3	-10000004
4	-10000002
5	-10000000
6	10000000
7	10000002
8	10000004
9	10000006
10	10000008
11	0
select cidx, CDECIMAL1+CDECIMAL18 from datatypetestm;
cidx	CDECIMAL1+CDECIMAL18
1	-10000000000008
2	-10000000000006
3	-10000000000004
4	-10000000000002
5	-10000000000000
6	10000000000000
7	10000000000002
8	10000000000004
9	10000000000006
10	10000000000008
11	0
select cidx, CDECIMAL1+CDECIMAL18_2 from datatypetestm;
cidx	CDECIMAL1+CDECIMAL18_2
1	-100000000008.99
2	-100000000007.98
3	-100000000006.97
4	-100000000005.96
5	-100000000004.95
6	100000000004.95
7	100000000005.96
8	100000000006.97
9	100000000007.98
10	100000000008.99
11	0.00
select cidx, CDECIMAL4+CDECIMAL1 from datatypetestm;
cidx	CDECIMAL4+CDECIMAL1
1	-1008
2	-1006
3	-1004
4	-1002
5	-1000
6	1000
7	1002
8	1004
9	1006
10	1008
11	0
select cidx, CDECIMAL4+CDECIMAL4_2 from datatypetestm;
cidx	CDECIMAL4+CDECIMAL4_2
1	-1008.99
2	-1007.98
3	-1006.97
4	-1005.96
5	-1004.95
6	1004.95
7	1005.96
8	1006.97
9	1007.98
10	1008.99
11	0.00
select cidx, CDECIMAL4+CDECIMAL5 from datatypetestm;
cidx	CDECIMAL4+CDECIMAL5
1	-1998
2	-1996
3	-1994
4	-1992
5	-1990
6	1990
7	1992
8	1994
9	1996
10	1998
11	0
select cidx, CDECIMAL4+CDECIMAL9 from datatypetestm;
cidx	CDECIMAL4+CDECIMAL9
1	-1000998
2	-1000996
3	-1000994
4	-1000992
5	-1000990
6	1000990
7	1000992
8	1000994
9	1000996
10	1000998
11	0
select cidx, CDECIMAL4+CDECIMAL9_2 from datatypetestm;
cidx	CDECIMAL4+CDECIMAL9_2
1	-10998.99
2	-10997.98
3	-10996.97
4	-10995.96
5	-10994.95
6	10994.95
7	10995.96
8	10996.97
9	10997.98
10	10998.99
11	0.00
select cidx, CDECIMAL4+CDECIMAL10 from datatypetestm;
cidx	CDECIMAL4+CDECIMAL10
1	-10000998
2	-10000996
3	-10000994
4	-10000992
5	-10000990
6	10000990
7	10000992
8	10000994
9	10000996
10	10000998
11	0
select cidx, CDECIMAL4+CDECIMAL18 from datatypetestm;
cidx	CDECIMAL4+CDECIMAL18
1	-10000000000998
2	-10000000000996
3	-10000000000994
4	-10000000000992
5	-10000000000990
6	10000000000990
7	10000000000992
8	10000000000994
9	10000000000996
10	10000000000998
11	0
select cidx, CDECIMAL4+CDECIMAL18_2 from datatypetestm;
cidx	CDECIMAL4+CDECIMAL18_2
1	-100000000998.99
2	-100000000997.98
3	-100000000996.97
4	-100000000995.96
5	-100000000994.95
6	100000000994.95
7	100000000995.96
8	100000000996.97
9	100000000997.98
10	100000000998.99
11	0.00
select cidx, CDECIMAL4_2+CDECIMAL1 from datatypetestm;
cidx	CDECIMAL4_2+CDECIMAL1
1	-18.99
2	-17.98
3	-16.97
4	-15.96
5	-14.95
6	14.95
7	15.96
8	16.97
9	17.98
10	18.99
11	0.00
select cidx, CDECIMAL4_2+CDECIMAL4 from datatypetestm;
cidx	CDECIMAL4_2+CDECIMAL4
1	-1008.99
2	-1007.98
3	-1006.97
4	-1005.96
5	-1004.95
6	1004.95
7	1005.96
8	1006.97
9	1007.98
10	1008.99
11	0.00
select cidx, CDECIMAL4_2+CDECIMAL5 from datatypetestm;
cidx	CDECIMAL4_2+CDECIMAL5
1	-1008.99
2	-1007.98
3	-1006.97
4	-1005.96
5	-1004.95
6	1004.95
7	1005.96
8	1006.97
9	1007.98
10	1008.99
11	0.00
select cidx, CDECIMAL4_2+CDECIMAL9 from datatypetestm;
cidx	CDECIMAL4_2+CDECIMAL9
1	-1000008.99
2	-1000007.98
3	-1000006.97
4	-1000005.96
5	-1000004.95
6	1000004.95
7	1000005.96
8	1000006.97
9	1000007.98
10	1000008.99
11	0.00
select cidx, CDECIMAL4_2+CDECIMAL9_2 from datatypetestm;
cidx	CDECIMAL4_2+CDECIMAL9_2
1	-10009.98
2	-10009.96
3	-10009.94
4	-10009.92
5	-10009.90
6	10009.90
7	10009.92
8	10009.94
9	10009.96
10	10009.98
11	0.00
select cidx, CDECIMAL4_2+CDECIMAL10 from datatypetestm;
cidx	CDECIMAL4_2+CDECIMAL10
1	-10000008.99
2	-10000007.98
3	-10000006.97
4	-10000005.96
5	-10000004.95
6	10000004.95
7	10000005.96
8	10000006.97
9	10000007.98
10	10000008.99
11	0.00
select cidx, CDECIMAL4_2+CDECIMAL18 from datatypetestm;
cidx	CDECIMAL4_2+CDECIMAL18
1	-10000000000008.99
2	-10000000000007.98
3	-10000000000006.97
4	-10000000000005.96
5	-10000000000004.95
6	10000000000004.95
7	10000000000005.96
8	10000000000006.97
9	10000000000007.98
10	10000000000008.99
11	0.00
select cidx, CDECIMAL4_2+CDECIMAL18_2 from datatypetestm;
cidx	CDECIMAL4_2+CDECIMAL18_2
1	-100000000009.98
2	-100000000009.96
3	-100000000009.94
4	-100000000009.92
5	-100000000009.90
6	100000000009.90
7	100000000009.92
8	100000000009.94
9	100000000009.96
10	100000000009.98
11	0.00
select cidx, CDECIMAL5+CDECIMAL1 from datatypetestm;
cidx	CDECIMAL5+CDECIMAL1
1	-1008
2	-1006
3	-1004
4	-1002
5	-1000
6	1000
7	1002
8	1004
9	1006
10	1008
11	0
select cidx, CDECIMAL5+CDECIMAL4 from datatypetestm;
cidx	CDECIMAL5+CDECIMAL4
1	-1998
2	-1996
3	-1994
4	-1992
5	-1990
6	1990
7	1992
8	1994
9	1996
10	1998
11	0
select cidx, CDECIMAL5+CDECIMAL4_2 from datatypetestm;
cidx	CDECIMAL5+CDECIMAL4_2
1	-1008.99
2	-1007.98
3	-1006.97
4	-1005.96
5	-1004.95
6	1004.95
7	1005.96
8	1006.97
9	1007.98
10	1008.99
11	0.00
select cidx, CDECIMAL5+CDECIMAL9 from datatypetestm;
cidx	CDECIMAL5+CDECIMAL9
1	-1000998
2	-1000996
3	-1000994
4	-1000992
5	-1000990
6	1000990
7	1000992
8	1000994
9	1000996
10	1000998
11	0
select cidx, CDECIMAL5+CDECIMAL9_2 from datatypetestm;
cidx	CDECIMAL5+CDECIMAL9_2
1	-10998.99
2	-10997.98
3	-10996.97
4	-10995.96
5	-10994.95
6	10994.95
7	10995.96
8	10996.97
9	10997.98
10	10998.99
11	0.00
select cidx, CDECIMAL5+CDECIMAL10 from datatypetestm;
cidx	CDECIMAL5+CDECIMAL10
1	-10000998
2	-10000996
3	-10000994
4	-10000992
5	-10000990
6	10000990
7	10000992
8	10000994
9	10000996
10	10000998
11	0
select cidx, CDECIMAL5+CDECIMAL18 from datatypetestm;
cidx	CDECIMAL5+CDECIMAL18
1	-10000000000998
2	-10000000000996
3	-10000000000994
4	-10000000000992
5	-10000000000990
6	10000000000990
7	10000000000992
8	10000000000994
9	10000000000996
10	10000000000998
11	0
select cidx, CDECIMAL5+CDECIMAL18_2 from datatypetestm;
cidx	CDECIMAL5+CDECIMAL18_2
1	-100000000998.99
2	-100000000997.98
3	-100000000996.97
4	-100000000995.96
5	-100000000994.95
6	100000000994.95
7	100000000995.96
8	100000000996.97
9	100000000997.98
10	100000000998.99
11	0.00
select cidx, CDECIMAL9+CDECIMAL1 from datatypetestm;
cidx	CDECIMAL9+CDECIMAL1
1	-1000008
2	-1000006
3	-1000004
4	-1000002
5	-1000000
6	1000000
7	1000002
8	1000004
9	1000006
10	1000008
11	0
select cidx, CDECIMAL9+CDECIMAL4 from datatypetestm;
cidx	CDECIMAL9+CDECIMAL4
1	-1000998
2	-1000996
3	-1000994
4	-1000992
5	-1000990
6	1000990
7	1000992
8	1000994
9	1000996
10	1000998
11	0
select cidx, CDECIMAL9+CDECIMAL4_2 from datatypetestm;
cidx	CDECIMAL9+CDECIMAL4_2
1	-1000008.99
2	-1000007.98
3	-1000006.97
4	-1000005.96
5	-1000004.95
6	1000004.95
7	1000005.96
8	1000006.97
9	1000007.98
10	1000008.99
11	0.00
select cidx, CDECIMAL9+CDECIMAL5 from datatypetestm;
cidx	CDECIMAL9+CDECIMAL5
1	-1000998
2	-1000996
3	-1000994
4	-1000992
5	-1000990
6	1000990
7	1000992
8	1000994
9	1000996
10	1000998
11	0
select cidx, CDECIMAL9+CDECIMAL9_2 from datatypetestm;
cidx	CDECIMAL9+CDECIMAL9_2
1	-1009998.99
2	-1009997.98
3	-1009996.97
4	-1009995.96
5	-1009994.95
6	1009994.95
7	1009995.96
8	1009996.97
9	1009997.98
10	1009998.99
11	0.00
select cidx, CDECIMAL9+CDECIMAL10 from datatypetestm;
cidx	CDECIMAL9+CDECIMAL10
1	-10999998
2	-10999996
3	-10999994
4	-10999992
5	-10999990
6	10999990
7	10999992
8	10999994
9	10999996
10	10999998
11	0
select cidx, CDECIMAL9+CDECIMAL18 from datatypetestm;
cidx	CDECIMAL9+CDECIMAL18
1	-10000000999998
2	-10000000999996
3	-10000000999994
4	-10000000999992
5	-10000000999990
6	10000000999990
7	10000000999992
8	10000000999994
9	10000000999996
10	10000000999998
11	0
select cidx, CDECIMAL9+CDECIMAL18_2 from datatypetestm;
cidx	CDECIMAL9+CDECIMAL18_2
1	-100000999998.99
2	-100000999997.98
3	-100000999996.97
4	-100000999995.96
5	-100000999994.95
6	100000999994.95
7	100000999995.96
8	100000999996.97
9	100000999997.98
10	100000999998.99
11	0.00
select cidx, CDECIMAL9_2+CDECIMAL1 from datatypetestm;
cidx	CDECIMAL9_2+CDECIMAL1
1	-10008.99
2	-10007.98
3	-10006.97
4	-10005.96
5	-10004.95
6	10004.95
7	10005.96
8	10006.97
9	10007.98
10	10008.99
11	0.00
select cidx, CDECIMAL9_2+CDECIMAL4 from datatypetestm;
cidx	CDECIMAL9_2+CDECIMAL4
1	-10998.99
2	-10997.98
3	-10996.97
4	-10995.96
5	-10994.95
6	10994.95
7	10995.96
8	10996.97
9	10997.98
10	10998.99
11	0.00
select cidx, CDECIMAL9_2+CDECIMAL4_2 from datatypetestm;
cidx	CDECIMAL9_2+CDECIMAL4_2
1	-10009.98
2	-10009.96
3	-10009.94
4	-10009.92
5	-10009.90
6	10009.90
7	10009.92
8	10009.94
9	10009.96
10	10009.98
11	0.00
select cidx, CDECIMAL9_2+CDECIMAL5 from datatypetestm;
cidx	CDECIMAL9_2+CDECIMAL5
1	-10998.99
2	-10997.98
3	-10996.97
4	-10995.96
5	-10994.95
6	10994.95
7	10995.96
8	10996.97
9	10997.98
10	10998.99
11	0.00
select cidx, CDECIMAL9_2+CDECIMAL9 from datatypetestm;
cidx	CDECIMAL9_2+CDECIMAL9
1	-1009998.99
2	-1009997.98
3	-1009996.97
4	-1009995.96
5	-1009994.95
6	1009994.95
7	1009995.96
8	1009996.97
9	1009997.98
10	1009998.99
11	0.00
select cidx, CDECIMAL9_2+CDECIMAL10 from datatypetestm;
cidx	CDECIMAL9_2+CDECIMAL10
1	-10009998.99
2	-10009997.98
3	-10009996.97
4	-10009995.96
5	-10009994.95
6	10009994.95
7	10009995.96
8	10009996.97
9	10009997.98
10	10009998.99
11	0.00
select cidx, CDECIMAL9_2+CDECIMAL18 from datatypetestm;
cidx	CDECIMAL9_2+CDECIMAL18
1	-10000000009998.99
2	-10000000009997.98
3	-10000000009996.97
4	-10000000009995.96
5	-10000000009994.95
6	10000000009994.95
7	10000000009995.96
8	10000000009996.97
9	10000000009997.98
10	10000000009998.99
11	0.00
select cidx, CDECIMAL9_2+CDECIMAL18_2 from datatypetestm;
cidx	CDECIMAL9_2+CDECIMAL18_2
1	-100000009999.98
2	-100000009999.96
3	-100000009999.94
4	-100000009999.92
5	-100000009999.90
6	100000009999.90
7	100000009999.92
8	100000009999.94
9	100000009999.96
10	100000009999.98
11	0.00
select cidx, CDECIMAL10+CDECIMAL1 from datatypetestm;
cidx	CDECIMAL10+CDECIMAL1
1	-10000008
2	-10000006
3	-10000004
4	-10000002
5	-10000000
6	10000000
7	10000002
8	10000004
9	10000006
10	10000008
11	0
select cidx, CDECIMAL10+CDECIMAL4 from datatypetestm;
cidx	CDECIMAL10+CDECIMAL4
1	-10000998
2	-10000996
3	-10000994
4	-10000992
5	-10000990
6	10000990
7	10000992
8	10000994
9	10000996
10	10000998
11	0
select cidx, CDECIMAL10+CDECIMAL4_2 from datatypetestm;
cidx	CDECIMAL10+CDECIMAL4_2
1	-10000008.99
2	-10000007.98
3	-10000006.97
4	-10000005.96
5	-10000004.95
6	10000004.95
7	10000005.96
8	10000006.97
9	10000007.98
10	10000008.99
11	0.00
select cidx, CDECIMAL10+CDECIMAL5 from datatypetestm;
cidx	CDECIMAL10+CDECIMAL5
1	-10000998
2	-10000996
3	-10000994
4	-10000992
5	-10000990
6	10000990
7	10000992
8	10000994
9	10000996
10	10000998
11	0
select cidx, CDECIMAL10+CDECIMAL9 from datatypetestm;
cidx	CDECIMAL10+CDECIMAL9
1	-10999998
2	-10999996
3	-10999994
4	-10999992
5	-10999990
6	10999990
7	10999992
8	10999994
9	10999996
10	10999998
11	0
select cidx, CDECIMAL10+CDECIMAL9_2 from datatypetestm;
cidx	CDECIMAL10+CDECIMAL9_2
1	-10009998.99
2	-10009997.98
3	-10009996.97
4	-10009995.96
5	-10009994.95
6	10009994.95
7	10009995.96
8	10009996.97
9	10009997.98
10	10009998.99
11	0.00
select cidx, CDECIMAL10+CDECIMAL18 from datatypetestm;
cidx	CDECIMAL10+CDECIMAL18
1	-10000009999998
2	-10000009999996
3	-10000009999994
4	-10000009999992
5	-10000009999990
6	10000009999990
7	10000009999992
8	10000009999994
9	10000009999996
10	10000009999998
11	0
select cidx, CDECIMAL10+CDECIMAL18_2 from datatypetestm;
cidx	CDECIMAL10+CDECIMAL18_2
1	-100009999998.99
2	-100009999997.98
3	-100009999996.97
4	-100009999995.96
5	-100009999994.95
6	100009999994.95
7	100009999995.96
8	100009999996.97
9	100009999997.98
10	100009999998.99
11	0.00
select cidx, CDECIMAL18+CDECIMAL1 from datatypetestm;
cidx	CDECIMAL18+CDECIMAL1
1	-10000000000008
2	-10000000000006
3	-10000000000004
4	-10000000000002
5	-10000000000000
6	10000000000000
7	10000000000002
8	10000000000004
9	10000000000006
10	10000000000008
11	0
select cidx, CDECIMAL18+CDECIMAL4 from datatypetestm;
cidx	CDECIMAL18+CDECIMAL4
1	-10000000000998
2	-10000000000996
3	-10000000000994
4	-10000000000992
5	-10000000000990
6	10000000000990
7	10000000000992
8	10000000000994
9	10000000000996
10	10000000000998
11	0
select cidx, CDECIMAL18+CDECIMAL4_2 from datatypetestm;
cidx	CDECIMAL18+CDECIMAL4_2
1	-10000000000008.99
2	-10000000000007.98
3	-10000000000006.97
4	-10000000000005.96
5	-10000000000004.95
6	10000000000004.95
7	10000000000005.96
8	10000000000006.97
9	10000000000007.98
10	10000000000008.99
11	0.00
select cidx, CDECIMAL18+CDECIMAL5 from datatypetestm;
cidx	CDECIMAL18+CDECIMAL5
1	-10000000000998
2	-10000000000996
3	-10000000000994
4	-10000000000992
5	-10000000000990
6	10000000000990
7	10000000000992
8	10000000000994
9	10000000000996
10	10000000000998
11	0
select cidx, CDECIMAL18+CDECIMAL9 from datatypetestm;
cidx	CDECIMAL18+CDECIMAL9
1	-10000000999998
2	-10000000999996
3	-10000000999994
4	-10000000999992
5	-10000000999990
6	10000000999990
7	10000000999992
8	10000000999994
9	10000000999996
10	10000000999998
11	0
select cidx, CDECIMAL18+CDECIMAL9_2 from datatypetestm;
cidx	CDECIMAL18+CDECIMAL9_2
1	-10000000009998.99
2	-10000000009997.98
3	-10000000009996.97
4	-10000000009995.96
5	-10000000009994.95
6	10000000009994.95
7	10000000009995.96
8	10000000009996.97
9	10000000009997.98
10	10000000009998.99
11	0.00
select cidx, CDECIMAL18+CDECIMAL10 from datatypetestm;
cidx	CDECIMAL18+CDECIMAL10
1	-10000009999998
2	-10000009999996
3	-10000009999994
4	-10000009999992
5	-10000009999990
6	10000009999990
7	10000009999992
8	10000009999994
9	10000009999996
10	10000009999998
11	0
select cidx, CDECIMAL18+CDECIMAL18_2 from datatypetestm;
cidx	CDECIMAL18+CDECIMAL18_2
1	-10099999999998.99
2	-10099999999997.98
3	-10099999999996.97
4	-10099999999995.96
5	-10099999999994.95
6	10099999999994.95
7	10099999999995.96
8	10099999999996.97
9	10099999999997.98
10	10099999999998.99
11	0.00
select cidx, CDECIMAL18_2+CDECIMAL1 from datatypetestm;
cidx	CDECIMAL18_2+CDECIMAL1
1	-100000000008.99
2	-100000000007.98
3	-100000000006.97
4	-100000000005.96
5	-100000000004.95
6	100000000004.95
7	100000000005.96
8	100000000006.97
9	100000000007.98
10	100000000008.99
11	0.00
select cidx, CDECIMAL18_2+CDECIMAL4 from datatypetestm;
cidx	CDECIMAL18_2+CDECIMAL4
1	-100000000998.99
2	-100000000997.98
3	-100000000996.97
4	-100000000995.96
5	-100000000994.95
6	100000000994.95
7	100000000995.96
8	100000000996.97
9	100000000997.98
10	100000000998.99
11	0.00
select cidx, CDECIMAL18_2+CDECIMAL4_2 from datatypetestm;
cidx	CDECIMAL18_2+CDECIMAL4_2
1	-100000000009.98
2	-100000000009.96
3	-100000000009.94
4	-100000000009.92
5	-100000000009.90
6	100000000009.90
7	100000000009.92
8	100000000009.94
9	100000000009.96
10	100000000009.98
11	0.00
select cidx, CDECIMAL18_2+CDECIMAL5 from datatypetestm;
cidx	CDECIMAL18_2+CDECIMAL5
1	-100000000998.99
2	-100000000997.98
3	-100000000996.97
4	-100000000995.96
5	-100000000994.95
6	100000000994.95
7	100000000995.96
8	100000000996.97
9	100000000997.98
10	100000000998.99
11	0.00
select cidx, CDECIMAL18_2+CDECIMAL9 from datatypetestm;
cidx	CDECIMAL18_2+CDECIMAL9
1	-100000999998.99
2	-100000999997.98
3	-100000999996.97
4	-100000999995.96
5	-100000999994.95
6	100000999994.95
7	100000999995.96
8	100000999996.97
9	100000999997.98
10	100000999998.99
11	0.00
select cidx, CDECIMAL18_2+CDECIMAL9_2 from datatypetestm;
cidx	CDECIMAL18_2+CDECIMAL9_2
1	-100000009999.98
2	-100000009999.96
3	-100000009999.94
4	-100000009999.92
5	-100000009999.90
6	100000009999.90
7	100000009999.92
8	100000009999.94
9	100000009999.96
10	100000009999.98
11	0.00
select cidx, CDECIMAL18_2+CDECIMAL10 from datatypetestm;
cidx	CDECIMAL18_2+CDECIMAL10
1	-100009999998.99
2	-100009999997.98
3	-100009999996.97
4	-100009999995.96
5	-100009999994.95
6	100009999994.95
7	100009999995.96
8	100009999996.97
9	100009999997.98
10	100009999998.99
11	0.00
select cidx, CDECIMAL18_2+CDECIMAL18 from datatypetestm;
cidx	CDECIMAL18_2+CDECIMAL18
1	-10099999999998.99
2	-10099999999997.98
3	-10099999999996.97
4	-10099999999995.96
5	-10099999999994.95
6	10099999999994.95
7	10099999999995.96
8	10099999999996.97
9	10099999999997.98
10	10099999999998.99
11	0.00
select cidx, CINTEGER+CDECIMAL1 from datatypetestm;
cidx	CINTEGER+CDECIMAL1
1	-7483655
2	-7483653
3	-7483651
4	-7483649
5	-7483647
6	7483648
7	7483650
8	7483652
9	7483654
10	7483656
11	0
select cidx, CINTEGER+CDECIMAL4 from datatypetestm;
cidx	CINTEGER+CDECIMAL4
1	-7484645
2	-7484643
3	-7484641
4	-7484639
5	-7484637
6	7484638
7	7484640
8	7484642
9	7484644
10	7484646
11	0
select cidx, CINTEGER+CDECIMAL4_2 from datatypetestm;
cidx	CINTEGER+CDECIMAL4_2
1	-7483655.99
2	-7483654.98
3	-7483653.97
4	-7483652.96
5	-7483651.95
6	7483652.95
7	7483653.96
8	7483654.97
9	7483655.98
10	7483656.99
11	0.00
select cidx, CINTEGER+CDECIMAL5 from datatypetestm;
cidx	CINTEGER+CDECIMAL5
1	-7484645
2	-7484643
3	-7484641
4	-7484639
5	-7484637
6	7484638
7	7484640
8	7484642
9	7484644
10	7484646
11	0
select cidx, CINTEGER+CDECIMAL9 from datatypetestm;
cidx	CINTEGER+CDECIMAL9
1	-8483645
2	-8483643
3	-8483641
4	-8483639
5	-8483637
6	8483638
7	8483640
8	8483642
9	8483644
10	8483646
11	0
select cidx, CINTEGER+CDECIMAL9_2 from datatypetestm;
cidx	CINTEGER+CDECIMAL9_2
1	-7493645.99
2	-7493644.98
3	-7493643.97
4	-7493642.96
5	-7493641.95
6	7493642.95
7	7493643.96
8	7493644.97
9	7493645.98
10	7493646.99
11	0.00
select cidx, CINTEGER+CDECIMAL10 from datatypetestm;
cidx	CINTEGER+CDECIMAL10
1	-17483645
2	-17483643
3	-17483641
4	-17483639
5	-17483637
6	17483638
7	17483640
8	17483642
9	17483644
10	17483646
11	0
select cidx, CINTEGER+CDECIMAL18 from datatypetestm;
cidx	CINTEGER+CDECIMAL18
1	-10000007483645
2	-10000007483643
3	-10000007483641
4	-10000007483639
5	-10000007483637
6	10000007483638
7	10000007483640
8	10000007483642
9	10000007483644
10	10000007483646
11	0
select cidx, CINTEGER+CDECIMAL18_2 from datatypetestm;
cidx	CINTEGER+CDECIMAL18_2
1	-100007483645.99
2	-100007483644.98
3	-100007483643.97
4	-100007483642.96
5	-100007483641.95
6	100007483642.95
7	100007483643.96
8	100007483644.97
9	100007483645.98
10	100007483646.99
11	0.00
select cidx, CSMALLINT+CDECIMAL1 from datatypetestm;
cidx	CSMALLINT+CDECIMAL1
1	-775
2	-773
3	-771
4	-769
5	-767
6	768
7	770
8	772
9	774
10	776
11	0
select cidx, CSMALLINT+CDECIMAL4 from datatypetestm;
cidx	CSMALLINT+CDECIMAL4
1	-1765
2	-1763
3	-1761
4	-1759
5	-1757
6	1758
7	1760
8	1762
9	1764
10	1766
11	0
select cidx, CSMALLINT+CDECIMAL4_2 from datatypetestm;
cidx	CSMALLINT+CDECIMAL4_2
1	-775.99
2	-774.98
3	-773.97
4	-772.96
5	-771.95
6	772.95
7	773.96
8	774.97
9	775.98
10	776.99
11	0.00
select cidx, CSMALLINT+CDECIMAL5 from datatypetestm;
cidx	CSMALLINT+CDECIMAL5
1	-1765
2	-1763
3	-1761
4	-1759
5	-1757
6	1758
7	1760
8	1762
9	1764
10	1766
11	0
select cidx, CSMALLINT+CDECIMAL9 from datatypetestm;
cidx	CSMALLINT+CDECIMAL9
1	-1000765
2	-1000763
3	-1000761
4	-1000759
5	-1000757
6	1000758
7	1000760
8	1000762
9	1000764
10	1000766
11	0
select cidx, CSMALLINT+CDECIMAL9_2 from datatypetestm;
cidx	CSMALLINT+CDECIMAL9_2
1	-10765.99
2	-10764.98
3	-10763.97
4	-10762.96
5	-10761.95
6	10762.95
7	10763.96
8	10764.97
9	10765.98
10	10766.99
11	0.00
select cidx, CSMALLINT+CDECIMAL10 from datatypetestm;
cidx	CSMALLINT+CDECIMAL10
1	-10000765
2	-10000763
3	-10000761
4	-10000759
5	-10000757
6	10000758
7	10000760
8	10000762
9	10000764
10	10000766
11	0
select cidx, CSMALLINT+CDECIMAL18 from datatypetestm;
cidx	CSMALLINT+CDECIMAL18
1	-10000000000765
2	-10000000000763
3	-10000000000761
4	-10000000000759
5	-10000000000757
6	10000000000758
7	10000000000760
8	10000000000762
9	10000000000764
10	10000000000766
11	0
select cidx, CSMALLINT+CDECIMAL18_2 from datatypetestm;
cidx	CSMALLINT+CDECIMAL18_2
1	-100000000765.99
2	-100000000764.98
3	-100000000763.97
4	-100000000762.96
5	-100000000761.95
6	100000000762.95
7	100000000763.96
8	100000000764.97
9	100000000765.98
10	100000000766.99
11	0.00
select cidx, CTINYINT+CDECIMAL1 from datatypetestm;
cidx	CTINYINT+CDECIMAL1
1	-35
2	-33
3	-31
4	-29
5	-27
6	28
7	30
8	32
9	34
10	36
11	0
select cidx, CTINYINT+CDECIMAL4 from datatypetestm;
cidx	CTINYINT+CDECIMAL4
1	-1025
2	-1023
3	-1021
4	-1019
5	-1017
6	1018
7	1020
8	1022
9	1024
10	1026
11	0
select cidx, CTINYINT+CDECIMAL4_2 from datatypetestm;
cidx	CTINYINT+CDECIMAL4_2
1	-35.99
2	-34.98
3	-33.97
4	-32.96
5	-31.95
6	32.95
7	33.96
8	34.97
9	35.98
10	36.99
11	0.00
select cidx, CTINYINT+CDECIMAL5 from datatypetestm;
cidx	CTINYINT+CDECIMAL5
1	-1025
2	-1023
3	-1021
4	-1019
5	-1017
6	1018
7	1020
8	1022
9	1024
10	1026
11	0
select cidx, CTINYINT+CDECIMAL9 from datatypetestm;
cidx	CTINYINT+CDECIMAL9
1	-1000025
2	-1000023
3	-1000021
4	-1000019
5	-1000017
6	1000018
7	1000020
8	1000022
9	1000024
10	1000026
11	0
select cidx, CTINYINT+CDECIMAL9_2 from datatypetestm;
cidx	CTINYINT+CDECIMAL9_2
1	-10025.99
2	-10024.98
3	-10023.97
4	-10022.96
5	-10021.95
6	10022.95
7	10023.96
8	10024.97
9	10025.98
10	10026.99
11	0.00
select cidx, CTINYINT+CDECIMAL10 from datatypetestm;
cidx	CTINYINT+CDECIMAL10
1	-10000025
2	-10000023
3	-10000021
4	-10000019
5	-10000017
6	10000018
7	10000020
8	10000022
9	10000024
10	10000026
11	0
select cidx, CTINYINT+CDECIMAL18 from datatypetestm;
cidx	CTINYINT+CDECIMAL18
1	-10000000000025
2	-10000000000023
3	-10000000000021
4	-10000000000019
5	-10000000000017
6	10000000000018
7	10000000000020
8	10000000000022
9	10000000000024
10	10000000000026
11	0
select cidx, CTINYINT+CDECIMAL18_2 from datatypetestm;
cidx	CTINYINT+CDECIMAL18_2
1	-100000000025.99
2	-100000000024.98
3	-100000000023.97
4	-100000000022.96
5	-100000000021.95
6	100000000022.95
7	100000000023.96
8	100000000024.97
9	100000000025.98
10	100000000026.99
11	0.00
select cidx, CBIGINT from datatypetestm where CBIGINT+CDECIMAL1 = 0;
cidx	CBIGINT
11	0
select cidx, CBIGINT from datatypetestm where CBIGINT+CDECIMAL1 <> 0;
cidx	CBIGINT
1	-72036854775806
2	-72036854775805
3	-72036854775804
4	-72036854775803
5	-72036854775802
6	72036854775803
7	72036854775804
8	72036854775805
9	72036854775806
10	72036854775807
select cidx, CBIGINT from datatypetestm where CBIGINT+CDECIMAL1 < 0;
cidx	CBIGINT
1	-72036854775806
2	-72036854775805
3	-72036854775804
4	-72036854775803
5	-72036854775802
select cidx, CBIGINT from datatypetestm where CBIGINT+CDECIMAL1 > 0;
cidx	CBIGINT
6	72036854775803
7	72036854775804
8	72036854775805
9	72036854775806
10	72036854775807
select cidx, CBIGINT from datatypetestm where CBIGINT+CDECIMAL4 = 0;
cidx	CBIGINT
11	0
select cidx, CBIGINT from datatypetestm where CBIGINT+CDECIMAL4 <> 0;
cidx	CBIGINT
1	-72036854775806
2	-72036854775805
3	-72036854775804
4	-72036854775803
5	-72036854775802
6	72036854775803
7	72036854775804
8	72036854775805
9	72036854775806
10	72036854775807
select cidx, CBIGINT from datatypetestm where CBIGINT+CDECIMAL4 < 0;
cidx	CBIGINT
1	-72036854775806
2	-72036854775805
3	-72036854775804
4	-72036854775803
5	-72036854775802
select cidx, CBIGINT from datatypetestm where CBIGINT+CDECIMAL4 > 0;
cidx	CBIGINT
6	72036854775803
7	72036854775804
8	72036854775805
9	72036854775806
10	72036854775807
select cidx, CBIGINT from datatypetestm where CBIGINT+CDECIMAL4_2 = 0;
cidx	CBIGINT
11	0
select cidx, CBIGINT from datatypetestm where CBIGINT+CDECIMAL4_2 <> 0;
cidx	CBIGINT
1	-72036854775806
2	-72036854775805
3	-72036854775804
4	-72036854775803
5	-72036854775802
6	72036854775803
7	72036854775804
8	72036854775805
9	72036854775806
10	72036854775807
select cidx, CBIGINT from datatypetestm where CBIGINT+CDECIMAL4_2 < 0;
cidx	CBIGINT
1	-72036854775806
2	-72036854775805
3	-72036854775804
4	-72036854775803
5	-72036854775802
select cidx, CBIGINT from datatypetestm where CBIGINT+CDECIMAL4_2 > 0;
cidx	CBIGINT
6	72036854775803
7	72036854775804
8	72036854775805
9	72036854775806
10	72036854775807
select cidx, CBIGINT from datatypetestm where CBIGINT+CDECIMAL5 = 0;
cidx	CBIGINT
11	0
select cidx, CBIGINT from datatypetestm where CBIGINT+CDECIMAL5 <> 0;
cidx	CBIGINT
1	-72036854775806
2	-72036854775805
3	-72036854775804
4	-72036854775803
5	-72036854775802
6	72036854775803
7	72036854775804
8	72036854775805
9	72036854775806
10	72036854775807
select cidx, CBIGINT from datatypetestm where CBIGINT+CDECIMAL5 < 0;
cidx	CBIGINT
1	-72036854775806
2	-72036854775805
3	-72036854775804
4	-72036854775803
5	-72036854775802
select cidx, CBIGINT from datatypetestm where CBIGINT+CDECIMAL5 > 0;
cidx	CBIGINT
6	72036854775803
7	72036854775804
8	72036854775805
9	72036854775806
10	72036854775807
select cidx, CBIGINT from datatypetestm where CBIGINT+CDECIMAL9 = 0;
cidx	CBIGINT
11	0
select cidx, CBIGINT from datatypetestm where CBIGINT+CDECIMAL9 <> 0;
cidx	CBIGINT
1	-72036854775806
2	-72036854775805
3	-72036854775804
4	-72036854775803
5	-72036854775802
6	72036854775803
7	72036854775804
8	72036854775805
9	72036854775806
10	72036854775807
select cidx, CBIGINT from datatypetestm where CBIGINT+CDECIMAL9 < 0;
cidx	CBIGINT
1	-72036854775806
2	-72036854775805
3	-72036854775804
4	-72036854775803
5	-72036854775802
select cidx, CBIGINT from datatypetestm where CBIGINT+CDECIMAL9 > 0;
cidx	CBIGINT
6	72036854775803
7	72036854775804
8	72036854775805
9	72036854775806
10	72036854775807
select cidx, CBIGINT from datatypetestm where CBIGINT+CDECIMAL9_2 = 0;
cidx	CBIGINT
11	0
select cidx, CBIGINT from datatypetestm where CBIGINT+CDECIMAL9_2 <> 0;
cidx	CBIGINT
1	-72036854775806
2	-72036854775805
3	-72036854775804
4	-72036854775803
5	-72036854775802
6	72036854775803
7	72036854775804
8	72036854775805
9	72036854775806
10	72036854775807
select cidx, CBIGINT from datatypetestm where CBIGINT+CDECIMAL9_2 < 0;
cidx	CBIGINT
1	-72036854775806
2	-72036854775805
3	-72036854775804
4	-72036854775803
5	-72036854775802
select cidx, CBIGINT from datatypetestm where CBIGINT+CDECIMAL9_2 > 0;
cidx	CBIGINT
6	72036854775803
7	72036854775804
8	72036854775805
9	72036854775806
10	72036854775807
select cidx, CBIGINT from datatypetestm where CBIGINT+CDECIMAL10 = 0;
cidx	CBIGINT
11	0
select cidx, CBIGINT from datatypetestm where CBIGINT+CDECIMAL10 <> 0;
cidx	CBIGINT
1	-72036854775806
2	-72036854775805
3	-72036854775804
4	-72036854775803
5	-72036854775802
6	72036854775803
7	72036854775804
8	72036854775805
9	72036854775806
10	72036854775807
select cidx, CBIGINT from datatypetestm where CBIGINT+CDECIMAL10 < 0;
cidx	CBIGINT
1	-72036854775806
2	-72036854775805
3	-72036854775804
4	-72036854775803
5	-72036854775802
select cidx, CBIGINT from datatypetestm where CBIGINT+CDECIMAL10 > 0;
cidx	CBIGINT
6	72036854775803
7	72036854775804
8	72036854775805
9	72036854775806
10	72036854775807
select cidx, CBIGINT from datatypetestm where CBIGINT+CDECIMAL18 = 0;
cidx	CBIGINT
11	0
select cidx, CBIGINT from datatypetestm where CBIGINT+CDECIMAL18 <> 0;
cidx	CBIGINT
1	-72036854775806
2	-72036854775805
3	-72036854775804
4	-72036854775803
5	-72036854775802
6	72036854775803
7	72036854775804
8	72036854775805
9	72036854775806
10	72036854775807
select cidx, CBIGINT from datatypetestm where CBIGINT+CDECIMAL18 < 0;
cidx	CBIGINT
1	-72036854775806
2	-72036854775805
3	-72036854775804
4	-72036854775803
5	-72036854775802
select cidx, CBIGINT from datatypetestm where CBIGINT+CDECIMAL18 > 0;
cidx	CBIGINT
6	72036854775803
7	72036854775804
8	72036854775805
9	72036854775806
10	72036854775807
select cidx, CBIGINT from datatypetestm where CBIGINT+CDECIMAL18_2 = 0;
cidx	CBIGINT
11	0
select cidx, CBIGINT from datatypetestm where CBIGINT+CDECIMAL18_2 <> 0;
cidx	CBIGINT
1	-72036854775806
2	-72036854775805
3	-72036854775804
4	-72036854775803
5	-72036854775802
6	72036854775803
7	72036854775804
8	72036854775805
9	72036854775806
10	72036854775807
select cidx, CBIGINT from datatypetestm where CBIGINT+CDECIMAL18_2 < 0;
cidx	CBIGINT
1	-72036854775806
2	-72036854775805
3	-72036854775804
4	-72036854775803
5	-72036854775802
select cidx, CBIGINT from datatypetestm where CBIGINT+CDECIMAL18_2 > 0;
cidx	CBIGINT
6	72036854775803
7	72036854775804
8	72036854775805
9	72036854775806
10	72036854775807
select cidx, CDECIMAL1 from datatypetestm where CDECIMAL1+CDECIMAL1 = 0;
cidx	CDECIMAL1
11	0
select cidx, CDECIMAL1 from datatypetestm where CDECIMAL1+CDECIMAL1 <> 0;
cidx	CDECIMAL1
1	-9
2	-8
3	-7
4	-6
5	-5
6	5
7	6
8	7
9	8
10	9
select cidx, CDECIMAL1 from datatypetestm where CDECIMAL1+CDECIMAL1 < 0;
cidx	CDECIMAL1
1	-9
2	-8
3	-7
4	-6
5	-5
select cidx, CDECIMAL1 from datatypetestm where CDECIMAL1+CDECIMAL1 > 0;
cidx	CDECIMAL1
6	5
7	6
8	7
9	8
10	9
select cidx, CDECIMAL1 from datatypetestm where CDECIMAL1+CDECIMAL4 = 0;
cidx	CDECIMAL1
11	0
select cidx, CDECIMAL1 from datatypetestm where CDECIMAL1+CDECIMAL4 <> 0;
cidx	CDECIMAL1
1	-9
2	-8
3	-7
4	-6
5	-5
6	5
7	6
8	7
9	8
10	9
select cidx, CDECIMAL1 from datatypetestm where CDECIMAL1+CDECIMAL4 < 0;
cidx	CDECIMAL1
1	-9
2	-8
3	-7
4	-6
5	-5
select cidx, CDECIMAL1 from datatypetestm where CDECIMAL1+CDECIMAL4 > 0;
cidx	CDECIMAL1
6	5
7	6
8	7
9	8
10	9
select cidx, CDECIMAL1 from datatypetestm where CDECIMAL1+CDECIMAL4_2 = 0;
cidx	CDECIMAL1
11	0
select cidx, CDECIMAL1 from datatypetestm where CDECIMAL1+CDECIMAL4_2 <> 0;
cidx	CDECIMAL1
1	-9
2	-8
3	-7
4	-6
5	-5
6	5
7	6
8	7
9	8
10	9
select cidx, CDECIMAL1 from datatypetestm where CDECIMAL1+CDECIMAL4_2 < 0;
cidx	CDECIMAL1
1	-9
2	-8
3	-7
4	-6
5	-5
select cidx, CDECIMAL1 from datatypetestm where CDECIMAL1+CDECIMAL4_2 > 0;
cidx	CDECIMAL1
6	5
7	6
8	7
9	8
10	9
select cidx, CDECIMAL1 from datatypetestm where CDECIMAL1+CDECIMAL5 = 0;
cidx	CDECIMAL1
11	0
select cidx, CDECIMAL1 from datatypetestm where CDECIMAL1+CDECIMAL5 <> 0;
cidx	CDECIMAL1
1	-9
2	-8
3	-7
4	-6
5	-5
6	5
7	6
8	7
9	8
10	9
select cidx, CDECIMAL1 from datatypetestm where CDECIMAL1+CDECIMAL5 < 0;
cidx	CDECIMAL1
1	-9
2	-8
3	-7
4	-6
5	-5
select cidx, CDECIMAL1 from datatypetestm where CDECIMAL1+CDECIMAL5 > 0;
cidx	CDECIMAL1
6	5
7	6
8	7
9	8
10	9
select cidx, CDECIMAL1 from datatypetestm where CDECIMAL1+CDECIMAL9 = 0;
cidx	CDECIMAL1
11	0
select cidx, CDECIMAL1 from datatypetestm where CDECIMAL1+CDECIMAL9 <> 0;
cidx	CDECIMAL1
1	-9
2	-8
3	-7
4	-6
5	-5
6	5
7	6
8	7
9	8
10	9
select cidx, CDECIMAL1 from datatypetestm where CDECIMAL1+CDECIMAL9 < 0;
cidx	CDECIMAL1
1	-9
2	-8
3	-7
4	-6
5	-5
select cidx, CDECIMAL1 from datatypetestm where CDECIMAL1+CDECIMAL9 > 0;
cidx	CDECIMAL1
6	5
7	6
8	7
9	8
10	9
select cidx, CDECIMAL1 from datatypetestm where CDECIMAL1+CDECIMAL9_2 = 0;
cidx	CDECIMAL1
11	0
select cidx, CDECIMAL1 from datatypetestm where CDECIMAL1+CDECIMAL9_2 <> 0;
cidx	CDECIMAL1
1	-9
2	-8
3	-7
4	-6
5	-5
6	5
7	6
8	7
9	8
10	9
select cidx, CDECIMAL1 from datatypetestm where CDECIMAL1+CDECIMAL9_2 < 0;
cidx	CDECIMAL1
1	-9
2	-8
3	-7
4	-6
5	-5
select cidx, CDECIMAL1 from datatypetestm where CDECIMAL1+CDECIMAL9_2 > 0;
cidx	CDECIMAL1
6	5
7	6
8	7
9	8
10	9
select cidx, CDECIMAL1 from datatypetestm where CDECIMAL1+CDECIMAL10 = 0;
cidx	CDECIMAL1
11	0
select cidx, CDECIMAL1 from datatypetestm where CDECIMAL1+CDECIMAL10 <> 0;
cidx	CDECIMAL1
1	-9
2	-8
3	-7
4	-6
5	-5
6	5
7	6
8	7
9	8
10	9
select cidx, CDECIMAL1 from datatypetestm where CDECIMAL1+CDECIMAL10 < 0;
cidx	CDECIMAL1
1	-9
2	-8
3	-7
4	-6
5	-5
select cidx, CDECIMAL1 from datatypetestm where CDECIMAL1+CDECIMAL10 > 0;
cidx	CDECIMAL1
6	5
7	6
8	7
9	8
10	9
select cidx, CDECIMAL1 from datatypetestm where CDECIMAL1+CDECIMAL18 = 0;
cidx	CDECIMAL1
11	0
select cidx, CDECIMAL1 from datatypetestm where CDECIMAL1+CDECIMAL18 <> 0;
cidx	CDECIMAL1
1	-9
2	-8
3	-7
4	-6
5	-5
6	5
7	6
8	7
9	8
10	9
select cidx, CDECIMAL1 from datatypetestm where CDECIMAL1+CDECIMAL18 < 0;
cidx	CDECIMAL1
1	-9
2	-8
3	-7
4	-6
5	-5
select cidx, CDECIMAL1 from datatypetestm where CDECIMAL1+CDECIMAL18 > 0;
cidx	CDECIMAL1
6	5
7	6
8	7
9	8
10	9
select cidx, CDECIMAL1 from datatypetestm where CDECIMAL1+CDECIMAL18_2 = 0;
cidx	CDECIMAL1
11	0
select cidx, CDECIMAL1 from datatypetestm where CDECIMAL1+CDECIMAL18_2 <> 0;
cidx	CDECIMAL1
1	-9
2	-8
3	-7
4	-6
5	-5
6	5
7	6
8	7
9	8
10	9
select cidx, CDECIMAL1 from datatypetestm where CDECIMAL1+CDECIMAL18_2 < 0;
cidx	CDECIMAL1
1	-9
2	-8
3	-7
4	-6
5	-5
select cidx, CDECIMAL1 from datatypetestm where CDECIMAL1+CDECIMAL18_2 > 0;
cidx	CDECIMAL1
6	5
7	6
8	7
9	8
10	9
select cidx, CDECIMAL4 from datatypetestm where CDECIMAL4+CDECIMAL1 = 0;
cidx	CDECIMAL4
11	0
select cidx, CDECIMAL4 from datatypetestm where CDECIMAL4+CDECIMAL1 <> 0;
cidx	CDECIMAL4
1	-999
2	-998
3	-997
4	-996
5	-995
6	995
7	996
8	997
9	998
10	999
select cidx, CDECIMAL4 from datatypetestm where CDECIMAL4+CDECIMAL1 < 0;
cidx	CDECIMAL4
1	-999
2	-998
3	-997
4	-996
5	-995
select cidx, CDECIMAL4 from datatypetestm where CDECIMAL4+CDECIMAL1 > 0;
cidx	CDECIMAL4
6	995
7	996
8	997
9	998
10	999
select cidx, CDECIMAL4 from datatypetestm where CDECIMAL4+CDECIMAL4 = 0;
cidx	CDECIMAL4
11	0
select cidx, CDECIMAL4 from datatypetestm where CDECIMAL4+CDECIMAL4 <> 0;
cidx	CDECIMAL4
1	-999
2	-998
3	-997
4	-996
5	-995
6	995
7	996
8	997
9	998
10	999
select cidx, CDECIMAL4 from datatypetestm where CDECIMAL4+CDECIMAL4 < 0;
cidx	CDECIMAL4
1	-999
2	-998
3	-997
4	-996
5	-995
select cidx, CDECIMAL4 from datatypetestm where CDECIMAL4+CDECIMAL4 > 0;
cidx	CDECIMAL4
6	995
7	996
8	997
9	998
10	999
select cidx, CDECIMAL4 from datatypetestm where CDECIMAL4+CDECIMAL4_2 = 0;
cidx	CDECIMAL4
11	0
select cidx, CDECIMAL4 from datatypetestm where CDECIMAL4+CDECIMAL4_2 <> 0;
cidx	CDECIMAL4
1	-999
2	-998
3	-997
4	-996
5	-995
6	995
7	996
8	997
9	998
10	999
select cidx, CDECIMAL4 from datatypetestm where CDECIMAL4+CDECIMAL4_2 < 0;
cidx	CDECIMAL4
1	-999
2	-998
3	-997
4	-996
5	-995
select cidx, CDECIMAL4 from datatypetestm where CDECIMAL4+CDECIMAL4_2 > 0;
cidx	CDECIMAL4
6	995
7	996
8	997
9	998
10	999
select cidx, CDECIMAL4 from datatypetestm where CDECIMAL4+CDECIMAL5 = 0;
cidx	CDECIMAL4
11	0
select cidx, CDECIMAL4 from datatypetestm where CDECIMAL4+CDECIMAL5 <> 0;
cidx	CDECIMAL4
1	-999
2	-998
3	-997
4	-996
5	-995
6	995
7	996
8	997
9	998
10	999
select cidx, CDECIMAL4 from datatypetestm where CDECIMAL4+CDECIMAL5 < 0;
cidx	CDECIMAL4
1	-999
2	-998
3	-997
4	-996
5	-995
select cidx, CDECIMAL4 from datatypetestm where CDECIMAL4+CDECIMAL5 > 0;
cidx	CDECIMAL4
6	995
7	996
8	997
9	998
10	999
select cidx, CDECIMAL4 from datatypetestm where CDECIMAL4+CDECIMAL9 = 0;
cidx	CDECIMAL4
11	0
select cidx, CDECIMAL4 from datatypetestm where CDECIMAL4+CDECIMAL9 <> 0;
cidx	CDECIMAL4
1	-999
2	-998
3	-997
4	-996
5	-995
6	995
7	996
8	997
9	998
10	999
select cidx, CDECIMAL4 from datatypetestm where CDECIMAL4+CDECIMAL9 < 0;
cidx	CDECIMAL4
1	-999
2	-998
3	-997
4	-996
5	-995
select cidx, CDECIMAL4 from datatypetestm where CDECIMAL4+CDECIMAL9 > 0;
cidx	CDECIMAL4
6	995
7	996
8	997
9	998
10	999
select cidx, CDECIMAL4 from datatypetestm where CDECIMAL4+CDECIMAL9_2 = 0;
cidx	CDECIMAL4
11	0
select cidx, CDECIMAL4 from datatypetestm where CDECIMAL4+CDECIMAL9_2 <> 0;
cidx	CDECIMAL4
1	-999
2	-998
3	-997
4	-996
5	-995
6	995
7	996
8	997
9	998
10	999
select cidx, CDECIMAL4 from datatypetestm where CDECIMAL4+CDECIMAL9_2 < 0;
cidx	CDECIMAL4
1	-999
2	-998
3	-997
4	-996
5	-995
select cidx, CDECIMAL4 from datatypetestm where CDECIMAL4+CDECIMAL9_2 > 0;
cidx	CDECIMAL4
6	995
7	996
8	997
9	998
10	999
select cidx, CDECIMAL4 from datatypetestm where CDECIMAL4+CDECIMAL10 = 0;
cidx	CDECIMAL4
11	0
select cidx, CDECIMAL4 from datatypetestm where CDECIMAL4+CDECIMAL10 <> 0;
cidx	CDECIMAL4
1	-999
2	-998
3	-997
4	-996
5	-995
6	995
7	996
8	997
9	998
10	999
select cidx, CDECIMAL4 from datatypetestm where CDECIMAL4+CDECIMAL10 < 0;
cidx	CDECIMAL4
1	-999
2	-998
3	-997
4	-996
5	-995
select cidx, CDECIMAL4 from datatypetestm where CDECIMAL4+CDECIMAL10 > 0;
cidx	CDECIMAL4
6	995
7	996
8	997
9	998
10	999
select cidx, CDECIMAL4 from datatypetestm where CDECIMAL4+CDECIMAL18 = 0;
cidx	CDECIMAL4
11	0
select cidx, CDECIMAL4 from datatypetestm where CDECIMAL4+CDECIMAL18 <> 0;
cidx	CDECIMAL4
1	-999
2	-998
3	-997
4	-996
5	-995
6	995
7	996
8	997
9	998
10	999
select cidx, CDECIMAL4 from datatypetestm where CDECIMAL4+CDECIMAL18 < 0;
cidx	CDECIMAL4
1	-999
2	-998
3	-997
4	-996
5	-995
select cidx, CDECIMAL4 from datatypetestm where CDECIMAL4+CDECIMAL18 > 0;
cidx	CDECIMAL4
6	995
7	996
8	997
9	998
10	999
select cidx, CDECIMAL4 from datatypetestm where CDECIMAL4+CDECIMAL18_2 = 0;
cidx	CDECIMAL4
11	0
select cidx, CDECIMAL4 from datatypetestm where CDECIMAL4+CDECIMAL18_2 <> 0;
cidx	CDECIMAL4
1	-999
2	-998
3	-997
4	-996
5	-995
6	995
7	996
8	997
9	998
10	999
select cidx, CDECIMAL4 from datatypetestm where CDECIMAL4+CDECIMAL18_2 < 0;
cidx	CDECIMAL4
1	-999
2	-998
3	-997
4	-996
5	-995
select cidx, CDECIMAL4 from datatypetestm where CDECIMAL4+CDECIMAL18_2 > 0;
cidx	CDECIMAL4
6	995
7	996
8	997
9	998
10	999
select cidx, CDECIMAL4_2 from datatypetestm where CDECIMAL4_2+CDECIMAL1 = 0;
cidx	CDECIMAL4_2
11	0.00
select cidx, CDECIMAL4_2 from datatypetestm where CDECIMAL4_2+CDECIMAL1 <> 0;
cidx	CDECIMAL4_2
1	-9.99
2	-9.98
3	-9.97
4	-9.96
5	-9.95
6	9.95
7	9.96
8	9.97
9	9.98
10	9.99
select cidx, CDECIMAL4_2 from datatypetestm where CDECIMAL4_2+CDECIMAL1 < 0;
cidx	CDECIMAL4_2
1	-9.99
2	-9.98
3	-9.97
4	-9.96
5	-9.95
select cidx, CDECIMAL4_2 from datatypetestm where CDECIMAL4_2+CDECIMAL1 > 0;
cidx	CDECIMAL4_2
6	9.95
7	9.96
8	9.97
9	9.98
10	9.99
select cidx, CDECIMAL4_2 from datatypetestm where CDECIMAL4_2+CDECIMAL4 = 0;
cidx	CDECIMAL4_2
11	0.00
select cidx, CDECIMAL4_2 from datatypetestm where CDECIMAL4_2+CDECIMAL4 <> 0;
cidx	CDECIMAL4_2
1	-9.99
2	-9.98
3	-9.97
4	-9.96
5	-9.95
6	9.95
7	9.96
8	9.97
9	9.98
10	9.99
select cidx, CDECIMAL4_2 from datatypetestm where CDECIMAL4_2+CDECIMAL4 < 0;
cidx	CDECIMAL4_2
1	-9.99
2	-9.98
3	-9.97
4	-9.96
5	-9.95
select cidx, CDECIMAL4_2 from datatypetestm where CDECIMAL4_2+CDECIMAL4 > 0;
cidx	CDECIMAL4_2
6	9.95
7	9.96
8	9.97
9	9.98
10	9.99
select cidx, CDECIMAL4_2 from datatypetestm where CDECIMAL4_2+CDECIMAL4_2 = 0;
cidx	CDECIMAL4_2
11	0.00
select cidx, CDECIMAL4_2 from datatypetestm where CDECIMAL4_2+CDECIMAL4_2 <> 0;
cidx	CDECIMAL4_2
1	-9.99
2	-9.98
3	-9.97
4	-9.96
5	-9.95
6	9.95
7	9.96
8	9.97
9	9.98
10	9.99
select cidx, CDECIMAL4_2 from datatypetestm where CDECIMAL4_2+CDECIMAL4_2 < 0;
cidx	CDECIMAL4_2
1	-9.99
2	-9.98
3	-9.97
4	-9.96
5	-9.95
select cidx, CDECIMAL4_2 from datatypetestm where CDECIMAL4_2+CDECIMAL4_2 > 0;
cidx	CDECIMAL4_2
6	9.95
7	9.96
8	9.97
9	9.98
10	9.99
select cidx, CDECIMAL4_2 from datatypetestm where CDECIMAL4_2+CDECIMAL5 = 0;
cidx	CDECIMAL4_2
11	0.00
select cidx, CDECIMAL4_2 from datatypetestm where CDECIMAL4_2+CDECIMAL5 <> 0;
cidx	CDECIMAL4_2
1	-9.99
2	-9.98
3	-9.97
4	-9.96
5	-9.95
6	9.95
7	9.96
8	9.97
9	9.98
10	9.99
select cidx, CDECIMAL4_2 from datatypetestm where CDECIMAL4_2+CDECIMAL5 < 0;
cidx	CDECIMAL4_2
1	-9.99
2	-9.98
3	-9.97
4	-9.96
5	-9.95
select cidx, CDECIMAL4_2 from datatypetestm where CDECIMAL4_2+CDECIMAL5 > 0;
cidx	CDECIMAL4_2
6	9.95
7	9.96
8	9.97
9	9.98
10	9.99
select cidx, CDECIMAL4_2 from datatypetestm where CDECIMAL4_2+CDECIMAL9 = 0;
cidx	CDECIMAL4_2
11	0.00
select cidx, CDECIMAL4_2 from datatypetestm where CDECIMAL4_2+CDECIMAL9 <> 0;
cidx	CDECIMAL4_2
1	-9.99
2	-9.98
3	-9.97
4	-9.96
5	-9.95
6	9.95
7	9.96
8	9.97
9	9.98
10	9.99
select cidx, CDECIMAL4_2 from datatypetestm where CDECIMAL4_2+CDECIMAL9 < 0;
cidx	CDECIMAL4_2
1	-9.99
2	-9.98
3	-9.97
4	-9.96
5	-9.95
select cidx, CDECIMAL4_2 from datatypetestm where CDECIMAL4_2+CDECIMAL9 > 0;
cidx	CDECIMAL4_2
6	9.95
7	9.96
8	9.97
9	9.98
10	9.99
select cidx, CDECIMAL4_2 from datatypetestm where CDECIMAL4_2+CDECIMAL9_2 = 0;
cidx	CDECIMAL4_2
11	0.00
select cidx, CDECIMAL4_2 from datatypetestm where CDECIMAL4_2+CDECIMAL9_2 <> 0;
cidx	CDECIMAL4_2
1	-9.99
2	-9.98
3	-9.97
4	-9.96
5	-9.95
6	9.95
7	9.96
8	9.97
9	9.98
10	9.99
select cidx, CDECIMAL4_2 from datatypetestm where CDECIMAL4_2+CDECIMAL9_2 < 0;
cidx	CDECIMAL4_2
1	-9.99
2	-9.98
3	-9.97
4	-9.96
5	-9.95
select cidx, CDECIMAL4_2 from datatypetestm where CDECIMAL4_2+CDECIMAL9_2 > 0;
cidx	CDECIMAL4_2
6	9.95
7	9.96
8	9.97
9	9.98
10	9.99
select cidx, CDECIMAL4_2 from datatypetestm where CDECIMAL4_2+CDECIMAL10 = 0;
cidx	CDECIMAL4_2
11	0.00
select cidx, CDECIMAL4_2 from datatypetestm where CDECIMAL4_2+CDECIMAL10 <> 0;
cidx	CDECIMAL4_2
1	-9.99
2	-9.98
3	-9.97
4	-9.96
5	-9.95
6	9.95
7	9.96
8	9.97
9	9.98
10	9.99
select cidx, CDECIMAL4_2 from datatypetestm where CDECIMAL4_2+CDECIMAL10 < 0;
cidx	CDECIMAL4_2
1	-9.99
2	-9.98
3	-9.97
4	-9.96
5	-9.95
select cidx, CDECIMAL4_2 from datatypetestm where CDECIMAL4_2+CDECIMAL10 > 0;
cidx	CDECIMAL4_2
6	9.95
7	9.96
8	9.97
9	9.98
10	9.99
select cidx, CDECIMAL4_2 from datatypetestm where CDECIMAL4_2+CDECIMAL18 = 0;
cidx	CDECIMAL4_2
11	0.00
select cidx, CDECIMAL4_2 from datatypetestm where CDECIMAL4_2+CDECIMAL18 <> 0;
cidx	CDECIMAL4_2
1	-9.99
2	-9.98
3	-9.97
4	-9.96
5	-9.95
6	9.95
7	9.96
8	9.97
9	9.98
10	9.99
select cidx, CDECIMAL4_2 from datatypetestm where CDECIMAL4_2+CDECIMAL18 < 0;
cidx	CDECIMAL4_2
1	-9.99
2	-9.98
3	-9.97
4	-9.96
5	-9.95
select cidx, CDECIMAL4_2 from datatypetestm where CDECIMAL4_2+CDECIMAL18 > 0;
cidx	CDECIMAL4_2
6	9.95
7	9.96
8	9.97
9	9.98
10	9.99
select cidx, CDECIMAL4_2 from datatypetestm where CDECIMAL4_2+CDECIMAL18_2 = 0;
cidx	CDECIMAL4_2
11	0.00
select cidx, CDECIMAL4_2 from datatypetestm where CDECIMAL4_2+CDECIMAL18_2 <> 0;
cidx	CDECIMAL4_2
1	-9.99
2	-9.98
3	-9.97
4	-9.96
5	-9.95
6	9.95
7	9.96
8	9.97
9	9.98
10	9.99
select cidx, CDECIMAL4_2 from datatypetestm where CDECIMAL4_2+CDECIMAL18_2 < 0;
cidx	CDECIMAL4_2
1	-9.99
2	-9.98
3	-9.97
4	-9.96
5	-9.95
select cidx, CDECIMAL4_2 from datatypetestm where CDECIMAL4_2+CDECIMAL18_2 > 0;
cidx	CDECIMAL4_2
6	9.95
7	9.96
8	9.97
9	9.98
10	9.99
select cidx, CDECIMAL5 from datatypetestm where CDECIMAL5+CDECIMAL1 = 0;
cidx	CDECIMAL5
11	0
select cidx, CDECIMAL5 from datatypetestm where CDECIMAL5+CDECIMAL1 <> 0;
cidx	CDECIMAL5
1	-999
2	-998
3	-997
4	-996
5	-995
6	995
7	996
8	997
9	998
10	999
select cidx, CDECIMAL5 from datatypetestm where CDECIMAL5+CDECIMAL1 < 0;
cidx	CDECIMAL5
1	-999
2	-998
3	-997
4	-996
5	-995
select cidx, CDECIMAL5 from datatypetestm where CDECIMAL5+CDECIMAL1 > 0;
cidx	CDECIMAL5
6	995
7	996
8	997
9	998
10	999
select cidx, CDECIMAL5 from datatypetestm where CDECIMAL5+CDECIMAL4 = 0;
cidx	CDECIMAL5
11	0
select cidx, CDECIMAL5 from datatypetestm where CDECIMAL5+CDECIMAL4 <> 0;
cidx	CDECIMAL5
1	-999
2	-998
3	-997
4	-996
5	-995
6	995
7	996
8	997
9	998
10	999
select cidx, CDECIMAL5 from datatypetestm where CDECIMAL5+CDECIMAL4 < 0;
cidx	CDECIMAL5
1	-999
2	-998
3	-997
4	-996
5	-995
select cidx, CDECIMAL5 from datatypetestm where CDECIMAL5+CDECIMAL4 > 0;
cidx	CDECIMAL5
6	995
7	996
8	997
9	998
10	999
select cidx, CDECIMAL5 from datatypetestm where CDECIMAL5+CDECIMAL4_2 = 0;
cidx	CDECIMAL5
11	0
select cidx, CDECIMAL5 from datatypetestm where CDECIMAL5+CDECIMAL4_2 <> 0;
cidx	CDECIMAL5
1	-999
2	-998
3	-997
4	-996
5	-995
6	995
7	996
8	997
9	998
10	999
select cidx, CDECIMAL5 from datatypetestm where CDECIMAL5+CDECIMAL4_2 < 0;
cidx	CDECIMAL5
1	-999
2	-998
3	-997
4	-996
5	-995
select cidx, CDECIMAL5 from datatypetestm where CDECIMAL5+CDECIMAL4_2 > 0;
cidx	CDECIMAL5
6	995
7	996
8	997
9	998
10	999
select cidx, CDECIMAL5 from datatypetestm where CDECIMAL5+CDECIMAL5 = 0;
cidx	CDECIMAL5
11	0
select cidx, CDECIMAL5 from datatypetestm where CDECIMAL5+CDECIMAL5 <> 0;
cidx	CDECIMAL5
1	-999
2	-998
3	-997
4	-996
5	-995
6	995
7	996
8	997
9	998
10	999
select cidx, CDECIMAL5 from datatypetestm where CDECIMAL5+CDECIMAL5 < 0;
cidx	CDECIMAL5
1	-999
2	-998
3	-997
4	-996
5	-995
select cidx, CDECIMAL5 from datatypetestm where CDECIMAL5+CDECIMAL5 > 0;
cidx	CDECIMAL5
6	995
7	996
8	997
9	998
10	999
select cidx, CDECIMAL5 from datatypetestm where CDECIMAL5+CDECIMAL9 = 0;
cidx	CDECIMAL5
11	0
select cidx, CDECIMAL5 from datatypetestm where CDECIMAL5+CDECIMAL9 <> 0;
cidx	CDECIMAL5
1	-999
2	-998
3	-997
4	-996
5	-995
6	995
7	996
8	997
9	998
10	999
select cidx, CDECIMAL5 from datatypetestm where CDECIMAL5+CDECIMAL9 < 0;
cidx	CDECIMAL5
1	-999
2	-998
3	-997
4	-996
5	-995
select cidx, CDECIMAL5 from datatypetestm where CDECIMAL5+CDECIMAL9 > 0;
cidx	CDECIMAL5
6	995
7	996
8	997
9	998
10	999
select cidx, CDECIMAL5 from datatypetestm where CDECIMAL5+CDECIMAL9_2 = 0;
cidx	CDECIMAL5
11	0
select cidx, CDECIMAL5 from datatypetestm where CDECIMAL5+CDECIMAL9_2 <> 0;
cidx	CDECIMAL5
1	-999
2	-998
3	-997
4	-996
5	-995
6	995
7	996
8	997
9	998
10	999
select cidx, CDECIMAL5 from datatypetestm where CDECIMAL5+CDECIMAL9_2 < 0;
cidx	CDECIMAL5
1	-999
2	-998
3	-997
4	-996
5	-995
select cidx, CDECIMAL5 from datatypetestm where CDECIMAL5+CDECIMAL9_2 > 0;
cidx	CDECIMAL5
6	995
7	996
8	997
9	998
10	999
select cidx, CDECIMAL5 from datatypetestm where CDECIMAL5+CDECIMAL10 = 0;
cidx	CDECIMAL5
11	0
select cidx, CDECIMAL5 from datatypetestm where CDECIMAL5+CDECIMAL10 <> 0;
cidx	CDECIMAL5
1	-999
2	-998
3	-997
4	-996
5	-995
6	995
7	996
8	997
9	998
10	999
select cidx, CDECIMAL5 from datatypetestm where CDECIMAL5+CDECIMAL10 < 0;
cidx	CDECIMAL5
1	-999
2	-998
3	-997
4	-996
5	-995
select cidx, CDECIMAL5 from datatypetestm where CDECIMAL5+CDECIMAL10 > 0;
cidx	CDECIMAL5
6	995
7	996
8	997
9	998
10	999
select cidx, CDECIMAL5 from datatypetestm where CDECIMAL5+CDECIMAL18 = 0;
cidx	CDECIMAL5
11	0
select cidx, CDECIMAL5 from datatypetestm where CDECIMAL5+CDECIMAL18 <> 0;
cidx	CDECIMAL5
1	-999
2	-998
3	-997
4	-996
5	-995
6	995
7	996
8	997
9	998
10	999
select cidx, CDECIMAL5 from datatypetestm where CDECIMAL5+CDECIMAL18 < 0;
cidx	CDECIMAL5
1	-999
2	-998
3	-997
4	-996
5	-995
select cidx, CDECIMAL5 from datatypetestm where CDECIMAL5+CDECIMAL18 > 0;
cidx	CDECIMAL5
6	995
7	996
8	997
9	998
10	999
select cidx, CDECIMAL5 from datatypetestm where CDECIMAL5+CDECIMAL18_2 = 0;
cidx	CDECIMAL5
11	0
select cidx, CDECIMAL5 from datatypetestm where CDECIMAL5+CDECIMAL18_2 <> 0;
cidx	CDECIMAL5
1	-999
2	-998
3	-997
4	-996
5	-995
6	995
7	996
8	997
9	998
10	999
select cidx, CDECIMAL5 from datatypetestm where CDECIMAL5+CDECIMAL18_2 < 0;
cidx	CDECIMAL5
1	-999
2	-998
3	-997
4	-996
5	-995
select cidx, CDECIMAL5 from datatypetestm where CDECIMAL5+CDECIMAL18_2 > 0;
cidx	CDECIMAL5
6	995
7	996
8	997
9	998
10	999
select cidx, CDECIMAL9 from datatypetestm where CDECIMAL9+CDECIMAL1 = 0;
cidx	CDECIMAL9
11	0
select cidx, CDECIMAL9 from datatypetestm where CDECIMAL9+CDECIMAL1 <> 0;
cidx	CDECIMAL9
1	-999999
2	-999998
3	-999997
4	-999996
5	-999995
6	999995
7	999996
8	999997
9	999998
10	999999
select cidx, CDECIMAL9 from datatypetestm where CDECIMAL9+CDECIMAL1 < 0;
cidx	CDECIMAL9
1	-999999
2	-999998
3	-999997
4	-999996
5	-999995
select cidx, CDECIMAL9 from datatypetestm where CDECIMAL9+CDECIMAL1 > 0;
cidx	CDECIMAL9
6	999995
7	999996
8	999997
9	999998
10	999999
select cidx, CDECIMAL9 from datatypetestm where CDECIMAL9+CDECIMAL4 = 0;
cidx	CDECIMAL9
11	0
select cidx, CDECIMAL9 from datatypetestm where CDECIMAL9+CDECIMAL4 <> 0;
cidx	CDECIMAL9
1	-999999
2	-999998
3	-999997
4	-999996
5	-999995
6	999995
7	999996
8	999997
9	999998
10	999999
select cidx, CDECIMAL9 from datatypetestm where CDECIMAL9+CDECIMAL4 < 0;
cidx	CDECIMAL9
1	-999999
2	-999998
3	-999997
4	-999996
5	-999995
select cidx, CDECIMAL9 from datatypetestm where CDECIMAL9+CDECIMAL4 > 0;
cidx	CDECIMAL9
6	999995
7	999996
8	999997
9	999998
10	999999
select cidx, CDECIMAL9 from datatypetestm where CDECIMAL9+CDECIMAL4_2 = 0;
cidx	CDECIMAL9
11	0
select cidx, CDECIMAL9 from datatypetestm where CDECIMAL9+CDECIMAL4_2 <> 0;
cidx	CDECIMAL9
1	-999999
2	-999998
3	-999997
4	-999996
5	-999995
6	999995
7	999996
8	999997
9	999998
10	999999
select cidx, CDECIMAL9 from datatypetestm where CDECIMAL9+CDECIMAL4_2 < 0;
cidx	CDECIMAL9
1	-999999
2	-999998
3	-999997
4	-999996
5	-999995
select cidx, CDECIMAL9 from datatypetestm where CDECIMAL9+CDECIMAL4_2 > 0;
cidx	CDECIMAL9
6	999995
7	999996
8	999997
9	999998
10	999999
select cidx, CDECIMAL9 from datatypetestm where CDECIMAL9+CDECIMAL5 = 0;
cidx	CDECIMAL9
11	0
select cidx, CDECIMAL9 from datatypetestm where CDECIMAL9+CDECIMAL5 <> 0;
cidx	CDECIMAL9
1	-999999
2	-999998
3	-999997
4	-999996
5	-999995
6	999995
7	999996
8	999997
9	999998
10	999999
select cidx, CDECIMAL9 from datatypetestm where CDECIMAL9+CDECIMAL5 < 0;
cidx	CDECIMAL9
1	-999999
2	-999998
3	-999997
4	-999996
5	-999995
select cidx, CDECIMAL9 from datatypetestm where CDECIMAL9+CDECIMAL5 > 0;
cidx	CDECIMAL9
6	999995
7	999996
8	999997
9	999998
10	999999
select cidx, CDECIMAL9 from datatypetestm where CDECIMAL9+CDECIMAL9 = 0;
cidx	CDECIMAL9
11	0
select cidx, CDECIMAL9 from datatypetestm where CDECIMAL9+CDECIMAL9 <> 0;
cidx	CDECIMAL9
1	-999999
2	-999998
3	-999997
4	-999996
5	-999995
6	999995
7	999996
8	999997
9	999998
10	999999
select cidx, CDECIMAL9 from datatypetestm where CDECIMAL9+CDECIMAL9 < 0;
cidx	CDECIMAL9
1	-999999
2	-999998
3	-999997
4	-999996
5	-999995
select cidx, CDECIMAL9 from datatypetestm where CDECIMAL9+CDECIMAL9 > 0;
cidx	CDECIMAL9
6	999995
7	999996
8	999997
9	999998
10	999999
select cidx, CDECIMAL9 from datatypetestm where CDECIMAL9+CDECIMAL9_2 = 0;
cidx	CDECIMAL9
11	0
select cidx, CDECIMAL9 from datatypetestm where CDECIMAL9+CDECIMAL9_2 <> 0;
cidx	CDECIMAL9
1	-999999
2	-999998
3	-999997
4	-999996
5	-999995
6	999995
7	999996
8	999997
9	999998
10	999999
select cidx, CDECIMAL9 from datatypetestm where CDECIMAL9+CDECIMAL9_2 < 0;
cidx	CDECIMAL9
1	-999999
2	-999998
3	-999997
4	-999996
5	-999995
select cidx, CDECIMAL9 from datatypetestm where CDECIMAL9+CDECIMAL9_2 > 0;
cidx	CDECIMAL9
6	999995
7	999996
8	999997
9	999998
10	999999
select cidx, CDECIMAL9 from datatypetestm where CDECIMAL9+CDECIMAL10 = 0;
cidx	CDECIMAL9
11	0
select cidx, CDECIMAL9 from datatypetestm where CDECIMAL9+CDECIMAL10 <> 0;
cidx	CDECIMAL9
1	-999999
2	-999998
3	-999997
4	-999996
5	-999995
6	999995
7	999996
8	999997
9	999998
10	999999
select cidx, CDECIMAL9 from datatypetestm where CDECIMAL9+CDECIMAL10 < 0;
cidx	CDECIMAL9
1	-999999
2	-999998
3	-999997
4	-999996
5	-999995
select cidx, CDECIMAL9 from datatypetestm where CDECIMAL9+CDECIMAL10 > 0;
cidx	CDECIMAL9
6	999995
7	999996
8	999997
9	999998
10	999999
select cidx, CDECIMAL9 from datatypetestm where CDECIMAL9+CDECIMAL18 = 0;
cidx	CDECIMAL9
11	0
select cidx, CDECIMAL9 from datatypetestm where CDECIMAL9+CDECIMAL18 <> 0;
cidx	CDECIMAL9
1	-999999
2	-999998
3	-999997
4	-999996
5	-999995
6	999995
7	999996
8	999997
9	999998
10	999999
select cidx, CDECIMAL9 from datatypetestm where CDECIMAL9+CDECIMAL18 < 0;
cidx	CDECIMAL9
1	-999999
2	-999998
3	-999997
4	-999996
5	-999995
select cidx, CDECIMAL9 from datatypetestm where CDECIMAL9+CDECIMAL18 > 0;
cidx	CDECIMAL9
6	999995
7	999996
8	999997
9	999998
10	999999
select cidx, CDECIMAL9 from datatypetestm where CDECIMAL9+CDECIMAL18_2 = 0;
cidx	CDECIMAL9
11	0
select cidx, CDECIMAL9 from datatypetestm where CDECIMAL9+CDECIMAL18_2 <> 0;
cidx	CDECIMAL9
1	-999999
2	-999998
3	-999997
4	-999996
5	-999995
6	999995
7	999996
8	999997
9	999998
10	999999
select cidx, CDECIMAL9 from datatypetestm where CDECIMAL9+CDECIMAL18_2 < 0;
cidx	CDECIMAL9
1	-999999
2	-999998
3	-999997
4	-999996
5	-999995
select cidx, CDECIMAL9 from datatypetestm where CDECIMAL9+CDECIMAL18_2 > 0;
cidx	CDECIMAL9
6	999995
7	999996
8	999997
9	999998
10	999999
select cidx, CDECIMAL9_2 from datatypetestm where CDECIMAL9_2+CDECIMAL1 = 0;
cidx	CDECIMAL9_2
11	0.00
select cidx, CDECIMAL9_2 from datatypetestm where CDECIMAL9_2+CDECIMAL1 <> 0;
cidx	CDECIMAL9_2
1	-9999.99
2	-9999.98
3	-9999.97
4	-9999.96
5	-9999.95
6	9999.95
7	9999.96
8	9999.97
9	9999.98
10	9999.99
select cidx, CDECIMAL9_2 from datatypetestm where CDECIMAL9_2+CDECIMAL1 < 0;
cidx	CDECIMAL9_2
1	-9999.99
2	-9999.98
3	-9999.97
4	-9999.96
5	-9999.95
select cidx, CDECIMAL9_2 from datatypetestm where CDECIMAL9_2+CDECIMAL1 > 0;
cidx	CDECIMAL9_2
6	9999.95
7	9999.96
8	9999.97
9	9999.98
10	9999.99
select cidx, CDECIMAL9_2 from datatypetestm where CDECIMAL9_2+CDECIMAL4 = 0;
cidx	CDECIMAL9_2
11	0.00
select cidx, CDECIMAL9_2 from datatypetestm where CDECIMAL9_2+CDECIMAL4 <> 0;
cidx	CDECIMAL9_2
1	-9999.99
2	-9999.98
3	-9999.97
4	-9999.96
5	-9999.95
6	9999.95
7	9999.96
8	9999.97
9	9999.98
10	9999.99
select cidx, CDECIMAL9_2 from datatypetestm where CDECIMAL9_2+CDECIMAL4 < 0;
cidx	CDECIMAL9_2
1	-9999.99
2	-9999.98
3	-9999.97
4	-9999.96
5	-9999.95
select cidx, CDECIMAL9_2 from datatypetestm where CDECIMAL9_2+CDECIMAL4 > 0;
cidx	CDECIMAL9_2
6	9999.95
7	9999.96
8	9999.97
9	9999.98
10	9999.99
select cidx, CDECIMAL9_2 from datatypetestm where CDECIMAL9_2+CDECIMAL4_2 = 0;
cidx	CDECIMAL9_2
11	0.00
select cidx, CDECIMAL9_2 from datatypetestm where CDECIMAL9_2+CDECIMAL4_2 <> 0;
cidx	CDECIMAL9_2
1	-9999.99
2	-9999.98
3	-9999.97
4	-9999.96
5	-9999.95
6	9999.95
7	9999.96
8	9999.97
9	9999.98
10	9999.99
select cidx, CDECIMAL9_2 from datatypetestm where CDECIMAL9_2+CDECIMAL4_2 < 0;
cidx	CDECIMAL9_2
1	-9999.99
2	-9999.98
3	-9999.97
4	-9999.96
5	-9999.95
select cidx, CDECIMAL9_2 from datatypetestm where CDECIMAL9_2+CDECIMAL4_2 > 0;
cidx	CDECIMAL9_2
6	9999.95
7	9999.96
8	9999.97
9	9999.98
10	9999.99
select cidx, CDECIMAL9_2 from datatypetestm where CDECIMAL9_2+CDECIMAL5 = 0;
cidx	CDECIMAL9_2
11	0.00
select cidx, CDECIMAL9_2 from datatypetestm where CDECIMAL9_2+CDECIMAL5 <> 0;
cidx	CDECIMAL9_2
1	-9999.99
2	-9999.98
3	-9999.97
4	-9999.96
5	-9999.95
6	9999.95
7	9999.96
8	9999.97
9	9999.98
10	9999.99
select cidx, CDECIMAL9_2 from datatypetestm where CDECIMAL9_2+CDECIMAL5 < 0;
cidx	CDECIMAL9_2
1	-9999.99
2	-9999.98
3	-9999.97
4	-9999.96
5	-9999.95
select cidx, CDECIMAL9_2 from datatypetestm where CDECIMAL9_2+CDECIMAL5 > 0;
cidx	CDECIMAL9_2
6	9999.95
7	9999.96
8	9999.97
9	9999.98
10	9999.99
select cidx, CDECIMAL9_2 from datatypetestm where CDECIMAL9_2+CDECIMAL9 = 0;
cidx	CDECIMAL9_2
11	0.00
select cidx, CDECIMAL9_2 from datatypetestm where CDECIMAL9_2+CDECIMAL9 <> 0;
cidx	CDECIMAL9_2
1	-9999.99
2	-9999.98
3	-9999.97
4	-9999.96
5	-9999.95
6	9999.95
7	9999.96
8	9999.97
9	9999.98
10	9999.99
select cidx, CDECIMAL9_2 from datatypetestm where CDECIMAL9_2+CDECIMAL9 < 0;
cidx	CDECIMAL9_2
1	-9999.99
2	-9999.98
3	-9999.97
4	-9999.96
5	-9999.95
select cidx, CDECIMAL9_2 from datatypetestm where CDECIMAL9_2+CDECIMAL9 > 0;
cidx	CDECIMAL9_2
6	9999.95
7	9999.96
8	9999.97
9	9999.98
10	9999.99
select cidx, CDECIMAL9_2 from datatypetestm where CDECIMAL9_2+CDECIMAL9_2 = 0;
cidx	CDECIMAL9_2
11	0.00
select cidx, CDECIMAL9_2 from datatypetestm where CDECIMAL9_2+CDECIMAL9_2 <> 0;
cidx	CDECIMAL9_2
1	-9999.99
2	-9999.98
3	-9999.97
4	-9999.96
5	-9999.95
6	9999.95
7	9999.96
8	9999.97
9	9999.98
10	9999.99
select cidx, CDECIMAL9_2 from datatypetestm where CDECIMAL9_2+CDECIMAL9_2 < 0;
cidx	CDECIMAL9_2
1	-9999.99
2	-9999.98
3	-9999.97
4	-9999.96
5	-9999.95
select cidx, CDECIMAL9_2 from datatypetestm where CDECIMAL9_2+CDECIMAL9_2 > 0;
cidx	CDECIMAL9_2
6	9999.95
7	9999.96
8	9999.97
9	9999.98
10	9999.99
select cidx, CDECIMAL9_2 from datatypetestm where CDECIMAL9_2+CDECIMAL10 = 0;
cidx	CDECIMAL9_2
11	0.00
select cidx, CDECIMAL9_2 from datatypetestm where CDECIMAL9_2+CDECIMAL10 <> 0;
cidx	CDECIMAL9_2
1	-9999.99
2	-9999.98
3	-9999.97
4	-9999.96
5	-9999.95
6	9999.95
7	9999.96
8	9999.97
9	9999.98
10	9999.99
select cidx, CDECIMAL9_2 from datatypetestm where CDECIMAL9_2+CDECIMAL10 < 0;
cidx	CDECIMAL9_2
1	-9999.99
2	-9999.98
3	-9999.97
4	-9999.96
5	-9999.95
select cidx, CDECIMAL9_2 from datatypetestm where CDECIMAL9_2+CDECIMAL10 > 0;
cidx	CDECIMAL9_2
6	9999.95
7	9999.96
8	9999.97
9	9999.98
10	9999.99
select cidx, CDECIMAL9_2 from datatypetestm where CDECIMAL9_2+CDECIMAL18 = 0;
cidx	CDECIMAL9_2
11	0.00
select cidx, CDECIMAL9_2 from datatypetestm where CDECIMAL9_2+CDECIMAL18 <> 0;
cidx	CDECIMAL9_2
1	-9999.99
2	-9999.98
3	-9999.97
4	-9999.96
5	-9999.95
6	9999.95
7	9999.96
8	9999.97
9	9999.98
10	9999.99
select cidx, CDECIMAL9_2 from datatypetestm where CDECIMAL9_2+CDECIMAL18 < 0;
cidx	CDECIMAL9_2
1	-9999.99
2	-9999.98
3	-9999.97
4	-9999.96
5	-9999.95
select cidx, CDECIMAL9_2 from datatypetestm where CDECIMAL9_2+CDECIMAL18 > 0;
cidx	CDECIMAL9_2
6	9999.95
7	9999.96
8	9999.97
9	9999.98
10	9999.99
select cidx, CDECIMAL9_2 from datatypetestm where CDECIMAL9_2+CDECIMAL18_2 = 0;
cidx	CDECIMAL9_2
11	0.00
select cidx, CDECIMAL9_2 from datatypetestm where CDECIMAL9_2+CDECIMAL18_2 <> 0;
cidx	CDECIMAL9_2
1	-9999.99
2	-9999.98
3	-9999.97
4	-9999.96
5	-9999.95
6	9999.95
7	9999.96
8	9999.97
9	9999.98
10	9999.99
select cidx, CDECIMAL9_2 from datatypetestm where CDECIMAL9_2+CDECIMAL18_2 < 0;
cidx	CDECIMAL9_2
1	-9999.99
2	-9999.98
3	-9999.97
4	-9999.96
5	-9999.95
select cidx, CDECIMAL9_2 from datatypetestm where CDECIMAL9_2+CDECIMAL18_2 > 0;
cidx	CDECIMAL9_2
6	9999.95
7	9999.96
8	9999.97
9	9999.98
10	9999.99
select cidx, CDECIMAL10 from datatypetestm where CDECIMAL10+CDECIMAL1 = 0;
cidx	CDECIMAL10
11	0
select cidx, CDECIMAL10 from datatypetestm where CDECIMAL10+CDECIMAL1 <> 0;
cidx	CDECIMAL10
1	-9999999
2	-9999998
3	-9999997
4	-9999996
5	-9999995
6	9999995
7	9999996
8	9999997
9	9999998
10	9999999
select cidx, CDECIMAL10 from datatypetestm where CDECIMAL10+CDECIMAL1 < 0;
cidx	CDECIMAL10
1	-9999999
2	-9999998
3	-9999997
4	-9999996
5	-9999995
select cidx, CDECIMAL10 from datatypetestm where CDECIMAL10+CDECIMAL1 > 0;
cidx	CDECIMAL10
6	9999995
7	9999996
8	9999997
9	9999998
10	9999999
select cidx, CDECIMAL10 from datatypetestm where CDECIMAL10+CDECIMAL4 = 0;
cidx	CDECIMAL10
11	0
select cidx, CDECIMAL10 from datatypetestm where CDECIMAL10+CDECIMAL4 <> 0;
cidx	CDECIMAL10
1	-9999999
2	-9999998
3	-9999997
4	-9999996
5	-9999995
6	9999995
7	9999996
8	9999997
9	9999998
10	9999999
select cidx, CDECIMAL10 from datatypetestm where CDECIMAL10+CDECIMAL4 < 0;
cidx	CDECIMAL10
1	-9999999
2	-9999998
3	-9999997
4	-9999996
5	-9999995
select cidx, CDECIMAL10 from datatypetestm where CDECIMAL10+CDECIMAL4 > 0;
cidx	CDECIMAL10
6	9999995
7	9999996
8	9999997
9	9999998
10	9999999
select cidx, CDECIMAL10 from datatypetestm where CDECIMAL10+CDECIMAL4_2 = 0;
cidx	CDECIMAL10
11	0
select cidx, CDECIMAL10 from datatypetestm where CDECIMAL10+CDECIMAL4_2 <> 0;
cidx	CDECIMAL10
1	-9999999
2	-9999998
3	-9999997
4	-9999996
5	-9999995
6	9999995
7	9999996
8	9999997
9	9999998
10	9999999
select cidx, CDECIMAL10 from datatypetestm where CDECIMAL10+CDECIMAL4_2 < 0;
cidx	CDECIMAL10
1	-9999999
2	-9999998
3	-9999997
4	-9999996
5	-9999995
select cidx, CDECIMAL10 from datatypetestm where CDECIMAL10+CDECIMAL4_2 > 0;
cidx	CDECIMAL10
6	9999995
7	9999996
8	9999997
9	9999998
10	9999999
select cidx, CDECIMAL10 from datatypetestm where CDECIMAL10+CDECIMAL5 = 0;
cidx	CDECIMAL10
11	0
select cidx, CDECIMAL10 from datatypetestm where CDECIMAL10+CDECIMAL5 <> 0;
cidx	CDECIMAL10
1	-9999999
2	-9999998
3	-9999997
4	-9999996
5	-9999995
6	9999995
7	9999996
8	9999997
9	9999998
10	9999999
select cidx, CDECIMAL10 from datatypetestm where CDECIMAL10+CDECIMAL5 < 0;
cidx	CDECIMAL10
1	-9999999
2	-9999998
3	-9999997
4	-9999996
5	-9999995
select cidx, CDECIMAL10 from datatypetestm where CDECIMAL10+CDECIMAL5 > 0;
cidx	CDECIMAL10
6	9999995
7	9999996
8	9999997
9	9999998
10	9999999
select cidx, CDECIMAL10 from datatypetestm where CDECIMAL10+CDECIMAL9 = 0;
cidx	CDECIMAL10
11	0
select cidx, CDECIMAL10 from datatypetestm where CDECIMAL10+CDECIMAL9 <> 0;
cidx	CDECIMAL10
1	-9999999
2	-9999998
3	-9999997
4	-9999996
5	-9999995
6	9999995
7	9999996
8	9999997
9	9999998
10	9999999
select cidx, CDECIMAL10 from datatypetestm where CDECIMAL10+CDECIMAL9 < 0;
cidx	CDECIMAL10
1	-9999999
2	-9999998
3	-9999997
4	-9999996
5	-9999995
select cidx, CDECIMAL10 from datatypetestm where CDECIMAL10+CDECIMAL9 > 0;
cidx	CDECIMAL10
6	9999995
7	9999996
8	9999997
9	9999998
10	9999999
select cidx, CDECIMAL10 from datatypetestm where CDECIMAL10+CDECIMAL9_2 = 0;
cidx	CDECIMAL10
11	0
select cidx, CDECIMAL10 from datatypetestm where CDECIMAL10+CDECIMAL9_2 <> 0;
cidx	CDECIMAL10
1	-9999999
2	-9999998
3	-9999997
4	-9999996
5	-9999995
6	9999995
7	9999996
8	9999997
9	9999998
10	9999999
select cidx, CDECIMAL10 from datatypetestm where CDECIMAL10+CDECIMAL9_2 < 0;
cidx	CDECIMAL10
1	-9999999
2	-9999998
3	-9999997
4	-9999996
5	-9999995
select cidx, CDECIMAL10 from datatypetestm where CDECIMAL10+CDECIMAL9_2 > 0;
cidx	CDECIMAL10
6	9999995
7	9999996
8	9999997
9	9999998
10	9999999
select cidx, CDECIMAL10 from datatypetestm where CDECIMAL10+CDECIMAL10 = 0;
cidx	CDECIMAL10
11	0
select cidx, CDECIMAL10 from datatypetestm where CDECIMAL10+CDECIMAL10 <> 0;
cidx	CDECIMAL10
1	-9999999
2	-9999998
3	-9999997
4	-9999996
5	-9999995
6	9999995
7	9999996
8	9999997
9	9999998
10	9999999
select cidx, CDECIMAL10 from datatypetestm where CDECIMAL10+CDECIMAL10 < 0;
cidx	CDECIMAL10
1	-9999999
2	-9999998
3	-9999997
4	-9999996
5	-9999995
select cidx, CDECIMAL10 from datatypetestm where CDECIMAL10+CDECIMAL10 > 0;
cidx	CDECIMAL10
6	9999995
7	9999996
8	9999997
9	9999998
10	9999999
select cidx, CDECIMAL10 from datatypetestm where CDECIMAL10+CDECIMAL18 = 0;
cidx	CDECIMAL10
11	0
select cidx, CDECIMAL10 from datatypetestm where CDECIMAL10+CDECIMAL18 <> 0;
cidx	CDECIMAL10
1	-9999999
2	-9999998
3	-9999997
4	-9999996
5	-9999995
6	9999995
7	9999996
8	9999997
9	9999998
10	9999999
select cidx, CDECIMAL10 from datatypetestm where CDECIMAL10+CDECIMAL18 < 0;
cidx	CDECIMAL10
1	-9999999
2	-9999998
3	-9999997
4	-9999996
5	-9999995
select cidx, CDECIMAL10 from datatypetestm where CDECIMAL10+CDECIMAL18 > 0;
cidx	CDECIMAL10
6	9999995
7	9999996
8	9999997
9	9999998
10	9999999
select cidx, CDECIMAL10 from datatypetestm where CDECIMAL10+CDECIMAL18_2 = 0;
cidx	CDECIMAL10
11	0
select cidx, CDECIMAL10 from datatypetestm where CDECIMAL10+CDECIMAL18_2 <> 0;
cidx	CDECIMAL10
1	-9999999
2	-9999998
3	-9999997
4	-9999996
5	-9999995
6	9999995
7	9999996
8	9999997
9	9999998
10	9999999
select cidx, CDECIMAL10 from datatypetestm where CDECIMAL10+CDECIMAL18_2 < 0;
cidx	CDECIMAL10
1	-9999999
2	-9999998
3	-9999997
4	-9999996
5	-9999995
select cidx, CDECIMAL10 from datatypetestm where CDECIMAL10+CDECIMAL18_2 > 0;
cidx	CDECIMAL10
6	9999995
7	9999996
8	9999997
9	9999998
10	9999999
select cidx, CDECIMAL18 from datatypetestm where CDECIMAL18+CDECIMAL1 = 0;
cidx	CDECIMAL18
11	0
select cidx, CDECIMAL18 from datatypetestm where CDECIMAL18+CDECIMAL1 <> 0;
cidx	CDECIMAL18
1	-9999999999999
2	-9999999999998
3	-9999999999997
4	-9999999999996
5	-9999999999995
6	9999999999995
7	9999999999996
8	9999999999997
9	9999999999998
10	9999999999999
select cidx, CDECIMAL18 from datatypetestm where CDECIMAL18+CDECIMAL1 < 0;
cidx	CDECIMAL18
1	-9999999999999
2	-9999999999998
3	-9999999999997
4	-9999999999996
5	-9999999999995
select cidx, CDECIMAL18 from datatypetestm where CDECIMAL18+CDECIMAL1 > 0;
cidx	CDECIMAL18
6	9999999999995
7	9999999999996
8	9999999999997
9	9999999999998
10	9999999999999
select cidx, CDECIMAL18 from datatypetestm where CDECIMAL18+CDECIMAL4 = 0;
cidx	CDECIMAL18
11	0
select cidx, CDECIMAL18 from datatypetestm where CDECIMAL18+CDECIMAL4 <> 0;
cidx	CDECIMAL18
1	-9999999999999
2	-9999999999998
3	-9999999999997
4	-9999999999996
5	-9999999999995
6	9999999999995
7	9999999999996
8	9999999999997
9	9999999999998
10	9999999999999
select cidx, CDECIMAL18 from datatypetestm where CDECIMAL18+CDECIMAL4 < 0;
cidx	CDECIMAL18
1	-9999999999999
2	-9999999999998
3	-9999999999997
4	-9999999999996
5	-9999999999995
select cidx, CDECIMAL18 from datatypetestm where CDECIMAL18+CDECIMAL4 > 0;
cidx	CDECIMAL18
6	9999999999995
7	9999999999996
8	9999999999997
9	9999999999998
10	9999999999999
select cidx, CDECIMAL18 from datatypetestm where CDECIMAL18+CDECIMAL4_2 = 0;
cidx	CDECIMAL18
11	0
select cidx, CDECIMAL18 from datatypetestm where CDECIMAL18+CDECIMAL4_2 <> 0;
cidx	CDECIMAL18
1	-9999999999999
2	-9999999999998
3	-9999999999997
4	-9999999999996
5	-9999999999995
6	9999999999995
7	9999999999996
8	9999999999997
9	9999999999998
10	9999999999999
select cidx, CDECIMAL18 from datatypetestm where CDECIMAL18+CDECIMAL4_2 < 0;
cidx	CDECIMAL18
1	-9999999999999
2	-9999999999998
3	-9999999999997
4	-9999999999996
5	-9999999999995
select cidx, CDECIMAL18 from datatypetestm where CDECIMAL18+CDECIMAL4_2 > 0;
cidx	CDECIMAL18
6	9999999999995
7	9999999999996
8	9999999999997
9	9999999999998
10	9999999999999
select cidx, CDECIMAL18 from datatypetestm where CDECIMAL18+CDECIMAL5 = 0;
cidx	CDECIMAL18
11	0
select cidx, CDECIMAL18 from datatypetestm where CDECIMAL18+CDECIMAL5 <> 0;
cidx	CDECIMAL18
1	-9999999999999
2	-9999999999998
3	-9999999999997
4	-9999999999996
5	-9999999999995
6	9999999999995
7	9999999999996
8	9999999999997
9	9999999999998
10	9999999999999
select cidx, CDECIMAL18 from datatypetestm where CDECIMAL18+CDECIMAL5 < 0;
cidx	CDECIMAL18
1	-9999999999999
2	-9999999999998
3	-9999999999997
4	-9999999999996
5	-9999999999995
select cidx, CDECIMAL18 from datatypetestm where CDECIMAL18+CDECIMAL5 > 0;
cidx	CDECIMAL18
6	9999999999995
7	9999999999996
8	9999999999997
9	9999999999998
10	9999999999999
select cidx, CDECIMAL18 from datatypetestm where CDECIMAL18+CDECIMAL9 = 0;
cidx	CDECIMAL18
11	0
select cidx, CDECIMAL18 from datatypetestm where CDECIMAL18+CDECIMAL9 <> 0;
cidx	CDECIMAL18
1	-9999999999999
2	-9999999999998
3	-9999999999997
4	-9999999999996
5	-9999999999995
6	9999999999995
7	9999999999996
8	9999999999997
9	9999999999998
10	9999999999999
select cidx, CDECIMAL18 from datatypetestm where CDECIMAL18+CDECIMAL9 < 0;
cidx	CDECIMAL18
1	-9999999999999
2	-9999999999998
3	-9999999999997
4	-9999999999996
5	-9999999999995
select cidx, CDECIMAL18 from datatypetestm where CDECIMAL18+CDECIMAL9 > 0;
cidx	CDECIMAL18
6	9999999999995
7	9999999999996
8	9999999999997
9	9999999999998
10	9999999999999
select cidx, CDECIMAL18 from datatypetestm where CDECIMAL18+CDECIMAL9_2 = 0;
cidx	CDECIMAL18
11	0
select cidx, CDECIMAL18 from datatypetestm where CDECIMAL18+CDECIMAL9_2 <> 0;
cidx	CDECIMAL18
1	-9999999999999
2	-9999999999998
3	-9999999999997
4	-9999999999996
5	-9999999999995
6	9999999999995
7	9999999999996
8	9999999999997
9	9999999999998
10	9999999999999
select cidx, CDECIMAL18 from datatypetestm where CDECIMAL18+CDECIMAL9_2 < 0;
cidx	CDECIMAL18
1	-9999999999999
2	-9999999999998
3	-9999999999997
4	-9999999999996
5	-9999999999995
select cidx, CDECIMAL18 from datatypetestm where CDECIMAL18+CDECIMAL9_2 > 0;
cidx	CDECIMAL18
6	9999999999995
7	9999999999996
8	9999999999997
9	9999999999998
10	9999999999999
select cidx, CDECIMAL18 from datatypetestm where CDECIMAL18+CDECIMAL10 = 0;
cidx	CDECIMAL18
11	0
select cidx, CDECIMAL18 from datatypetestm where CDECIMAL18+CDECIMAL10 <> 0;
cidx	CDECIMAL18
1	-9999999999999
2	-9999999999998
3	-9999999999997
4	-9999999999996
5	-9999999999995
6	9999999999995
7	9999999999996
8	9999999999997
9	9999999999998
10	9999999999999
select cidx, CDECIMAL18 from datatypetestm where CDECIMAL18+CDECIMAL10 < 0;
cidx	CDECIMAL18
1	-9999999999999
2	-9999999999998
3	-9999999999997
4	-9999999999996
5	-9999999999995
select cidx, CDECIMAL18 from datatypetestm where CDECIMAL18+CDECIMAL10 > 0;
cidx	CDECIMAL18
6	9999999999995
7	9999999999996
8	9999999999997
9	9999999999998
10	9999999999999
select cidx, CDECIMAL18 from datatypetestm where CDECIMAL18+CDECIMAL18 = 0;
cidx	CDECIMAL18
11	0
select cidx, CDECIMAL18 from datatypetestm where CDECIMAL18+CDECIMAL18 <> 0;
cidx	CDECIMAL18
1	-9999999999999
2	-9999999999998
3	-9999999999997
4	-9999999999996
5	-9999999999995
6	9999999999995
7	9999999999996
8	9999999999997
9	9999999999998
10	9999999999999
select cidx, CDECIMAL18 from datatypetestm where CDECIMAL18+CDECIMAL18 < 0;
cidx	CDECIMAL18
1	-9999999999999
2	-9999999999998
3	-9999999999997
4	-9999999999996
5	-9999999999995
select cidx, CDECIMAL18 from datatypetestm where CDECIMAL18+CDECIMAL18 > 0;
cidx	CDECIMAL18
6	9999999999995
7	9999999999996
8	9999999999997
9	9999999999998
10	9999999999999
select cidx, CDECIMAL18 from datatypetestm where CDECIMAL18+CDECIMAL18_2 = 0;
cidx	CDECIMAL18
11	0
select cidx, CDECIMAL18 from datatypetestm where CDECIMAL18+CDECIMAL18_2 <> 0;
cidx	CDECIMAL18
1	-9999999999999
2	-9999999999998
3	-9999999999997
4	-9999999999996
5	-9999999999995
6	9999999999995
7	9999999999996
8	9999999999997
9	9999999999998
10	9999999999999
select cidx, CDECIMAL18 from datatypetestm where CDECIMAL18+CDECIMAL18_2 < 0;
cidx	CDECIMAL18
1	-9999999999999
2	-9999999999998
3	-9999999999997
4	-9999999999996
5	-9999999999995
select cidx, CDECIMAL18 from datatypetestm where CDECIMAL18+CDECIMAL18_2 > 0;
cidx	CDECIMAL18
6	9999999999995
7	9999999999996
8	9999999999997
9	9999999999998
10	9999999999999
select cidx, CDECIMAL18_2 from datatypetestm where CDECIMAL18_2+CDECIMAL1 = 0;
cidx	CDECIMAL18_2
11	0.00
select cidx, CDECIMAL18_2 from datatypetestm where CDECIMAL18_2+CDECIMAL1 <> 0;
cidx	CDECIMAL18_2
1	-99999999999.99
2	-99999999999.98
3	-99999999999.97
4	-99999999999.96
5	-99999999999.95
6	99999999999.95
7	99999999999.96
8	99999999999.97
9	99999999999.98
10	99999999999.99
select cidx, CDECIMAL18_2 from datatypetestm where CDECIMAL18_2+CDECIMAL1 < 0;
cidx	CDECIMAL18_2
1	-99999999999.99
2	-99999999999.98
3	-99999999999.97
4	-99999999999.96
5	-99999999999.95
select cidx, CDECIMAL18_2 from datatypetestm where CDECIMAL18_2+CDECIMAL1 > 0;
cidx	CDECIMAL18_2
6	99999999999.95
7	99999999999.96
8	99999999999.97
9	99999999999.98
10	99999999999.99
select cidx, CDECIMAL18_2 from datatypetestm where CDECIMAL18_2+CDECIMAL4 = 0;
cidx	CDECIMAL18_2
11	0.00
select cidx, CDECIMAL18_2 from datatypetestm where CDECIMAL18_2+CDECIMAL4 <> 0;
cidx	CDECIMAL18_2
1	-99999999999.99
2	-99999999999.98
3	-99999999999.97
4	-99999999999.96
5	-99999999999.95
6	99999999999.95
7	99999999999.96
8	99999999999.97
9	99999999999.98
10	99999999999.99
select cidx, CDECIMAL18_2 from datatypetestm where CDECIMAL18_2+CDECIMAL4 < 0;
cidx	CDECIMAL18_2
1	-99999999999.99
2	-99999999999.98
3	-99999999999.97
4	-99999999999.96
5	-99999999999.95
select cidx, CDECIMAL18_2 from datatypetestm where CDECIMAL18_2+CDECIMAL4 > 0;
cidx	CDECIMAL18_2
6	99999999999.95
7	99999999999.96
8	99999999999.97
9	99999999999.98
10	99999999999.99
select cidx, CDECIMAL18_2 from datatypetestm where CDECIMAL18_2+CDECIMAL4_2 = 0;
cidx	CDECIMAL18_2
11	0.00
select cidx, CDECIMAL18_2 from datatypetestm where CDECIMAL18_2+CDECIMAL4_2 <> 0;
cidx	CDECIMAL18_2
1	-99999999999.99
2	-99999999999.98
3	-99999999999.97
4	-99999999999.96
5	-99999999999.95
6	99999999999.95
7	99999999999.96
8	99999999999.97
9	99999999999.98
10	99999999999.99
select cidx, CDECIMAL18_2 from datatypetestm where CDECIMAL18_2+CDECIMAL4_2 < 0;
cidx	CDECIMAL18_2
1	-99999999999.99
2	-99999999999.98
3	-99999999999.97
4	-99999999999.96
5	-99999999999.95
select cidx, CDECIMAL18_2 from datatypetestm where CDECIMAL18_2+CDECIMAL4_2 > 0;
cidx	CDECIMAL18_2
6	99999999999.95
7	99999999999.96
8	99999999999.97
9	99999999999.98
10	99999999999.99
select cidx, CDECIMAL18_2 from datatypetestm where CDECIMAL18_2+CDECIMAL5 = 0;
cidx	CDECIMAL18_2
11	0.00
select cidx, CDECIMAL18_2 from datatypetestm where CDECIMAL18_2+CDECIMAL5 <> 0;
cidx	CDECIMAL18_2
1	-99999999999.99
2	-99999999999.98
3	-99999999999.97
4	-99999999999.96
5	-99999999999.95
6	99999999999.95
7	99999999999.96
8	99999999999.97
9	99999999999.98
10	99999999999.99
select cidx, CDECIMAL18_2 from datatypetestm where CDECIMAL18_2+CDECIMAL5 < 0;
cidx	CDECIMAL18_2
1	-99999999999.99
2	-99999999999.98
3	-99999999999.97
4	-99999999999.96
5	-99999999999.95
select cidx, CDECIMAL18_2 from datatypetestm where CDECIMAL18_2+CDECIMAL5 > 0;
cidx	CDECIMAL18_2
6	99999999999.95
7	99999999999.96
8	99999999999.97
9	99999999999.98
10	99999999999.99
select cidx, CDECIMAL18_2 from datatypetestm where CDECIMAL18_2+CDECIMAL9 = 0;
cidx	CDECIMAL18_2
11	0.00
select cidx, CDECIMAL18_2 from datatypetestm where CDECIMAL18_2+CDECIMAL9 <> 0;
cidx	CDECIMAL18_2
1	-99999999999.99
2	-99999999999.98
3	-99999999999.97
4	-99999999999.96
5	-99999999999.95
6	99999999999.95
7	99999999999.96
8	99999999999.97
9	99999999999.98
10	99999999999.99
select cidx, CDECIMAL18_2 from datatypetestm where CDECIMAL18_2+CDECIMAL9 < 0;
cidx	CDECIMAL18_2
1	-99999999999.99
2	-99999999999.98
3	-99999999999.97
4	-99999999999.96
5	-99999999999.95
select cidx, CDECIMAL18_2 from datatypetestm where CDECIMAL18_2+CDECIMAL9 > 0;
cidx	CDECIMAL18_2
6	99999999999.95
7	99999999999.96
8	99999999999.97
9	99999999999.98
10	99999999999.99
select cidx, CDECIMAL18_2 from datatypetestm where CDECIMAL18_2+CDECIMAL9_2 = 0;
cidx	CDECIMAL18_2
11	0.00
select cidx, CDECIMAL18_2 from datatypetestm where CDECIMAL18_2+CDECIMAL9_2 <> 0;
cidx	CDECIMAL18_2
1	-99999999999.99
2	-99999999999.98
3	-99999999999.97
4	-99999999999.96
5	-99999999999.95
6	99999999999.95
7	99999999999.96
8	99999999999.97
9	99999999999.98
10	99999999999.99
select cidx, CDECIMAL18_2 from datatypetestm where CDECIMAL18_2+CDECIMAL9_2 < 0;
cidx	CDECIMAL18_2
1	-99999999999.99
2	-99999999999.98
3	-99999999999.97
4	-99999999999.96
5	-99999999999.95
select cidx, CDECIMAL18_2 from datatypetestm where CDECIMAL18_2+CDECIMAL9_2 > 0;
cidx	CDECIMAL18_2
6	99999999999.95
7	99999999999.96
8	99999999999.97
9	99999999999.98
10	99999999999.99
select cidx, CDECIMAL18_2 from datatypetestm where CDECIMAL18_2+CDECIMAL10 = 0;
cidx	CDECIMAL18_2
11	0.00
select cidx, CDECIMAL18_2 from datatypetestm where CDECIMAL18_2+CDECIMAL10 <> 0;
cidx	CDECIMAL18_2
1	-99999999999.99
2	-99999999999.98
3	-99999999999.97
4	-99999999999.96
5	-99999999999.95
6	99999999999.95
7	99999999999.96
8	99999999999.97
9	99999999999.98
10	99999999999.99
select cidx, CDECIMAL18_2 from datatypetestm where CDECIMAL18_2+CDECIMAL10 < 0;
cidx	CDECIMAL18_2
1	-99999999999.99
2	-99999999999.98
3	-99999999999.97
4	-99999999999.96
5	-99999999999.95
select cidx, CDECIMAL18_2 from datatypetestm where CDECIMAL18_2+CDECIMAL10 > 0;
cidx	CDECIMAL18_2
6	99999999999.95
7	99999999999.96
8	99999999999.97
9	99999999999.98
10	99999999999.99
select cidx, CDECIMAL18_2 from datatypetestm where CDECIMAL18_2+CDECIMAL18 = 0;
cidx	CDECIMAL18_2
11	0.00
select cidx, CDECIMAL18_2 from datatypetestm where CDECIMAL18_2+CDECIMAL18 <> 0;
cidx	CDECIMAL18_2
1	-99999999999.99
2	-99999999999.98
3	-99999999999.97
4	-99999999999.96
5	-99999999999.95
6	99999999999.95
7	99999999999.96
8	99999999999.97
9	99999999999.98
10	99999999999.99
select cidx, CDECIMAL18_2 from datatypetestm where CDECIMAL18_2+CDECIMAL18 < 0;
cidx	CDECIMAL18_2
1	-99999999999.99
2	-99999999999.98
3	-99999999999.97
4	-99999999999.96
5	-99999999999.95
select cidx, CDECIMAL18_2 from datatypetestm where CDECIMAL18_2+CDECIMAL18 > 0;
cidx	CDECIMAL18_2
6	99999999999.95
7	99999999999.96
8	99999999999.97
9	99999999999.98
10	99999999999.99
select cidx, CDECIMAL18_2 from datatypetestm where CDECIMAL18_2+CDECIMAL18_2 = 0;
cidx	CDECIMAL18_2
11	0.00
select cidx, CDECIMAL18_2 from datatypetestm where CDECIMAL18_2+CDECIMAL18_2 <> 0;
cidx	CDECIMAL18_2
1	-99999999999.99
2	-99999999999.98
3	-99999999999.97
4	-99999999999.96
5	-99999999999.95
6	99999999999.95
7	99999999999.96
8	99999999999.97
9	99999999999.98
10	99999999999.99
select cidx, CDECIMAL18_2 from datatypetestm where CDECIMAL18_2+CDECIMAL18_2 < 0;
cidx	CDECIMAL18_2
1	-99999999999.99
2	-99999999999.98
3	-99999999999.97
4	-99999999999.96
5	-99999999999.95
select cidx, CDECIMAL18_2 from datatypetestm where CDECIMAL18_2+CDECIMAL18_2 > 0;
cidx	CDECIMAL18_2
6	99999999999.95
7	99999999999.96
8	99999999999.97
9	99999999999.98
10	99999999999.99
select cidx, CINTEGER from datatypetestm where CINTEGER+CDECIMAL1 = 0;
cidx	CINTEGER
11	0
select cidx, CINTEGER from datatypetestm where CINTEGER+CDECIMAL1 <> 0;
cidx	CINTEGER
1	-7483646
2	-7483645
3	-7483644
4	-7483643
5	-7483642
6	7483643
7	7483644
8	7483645
9	7483646
10	7483647
select cidx, CINTEGER from datatypetestm where CINTEGER+CDECIMAL1 < 0;
cidx	CINTEGER
1	-7483646
2	-7483645
3	-7483644
4	-7483643
5	-7483642
select cidx, CINTEGER from datatypetestm where CINTEGER+CDECIMAL1 > 0;
cidx	CINTEGER
6	7483643
7	7483644
8	7483645
9	7483646
10	7483647
select cidx, CINTEGER from datatypetestm where CINTEGER+CDECIMAL4 = 0;
cidx	CINTEGER
11	0
select cidx, CINTEGER from datatypetestm where CINTEGER+CDECIMAL4 <> 0;
cidx	CINTEGER
1	-7483646
2	-7483645
3	-7483644
4	-7483643
5	-7483642
6	7483643
7	7483644
8	7483645
9	7483646
10	7483647
select cidx, CINTEGER from datatypetestm where CINTEGER+CDECIMAL4 < 0;
cidx	CINTEGER
1	-7483646
2	-7483645
3	-7483644
4	-7483643
5	-7483642
select cidx, CINTEGER from datatypetestm where CINTEGER+CDECIMAL4 > 0;
cidx	CINTEGER
6	7483643
7	7483644
8	7483645
9	7483646
10	7483647
select cidx, CINTEGER from datatypetestm where CINTEGER+CDECIMAL4_2 = 0;
cidx	CINTEGER
11	0
select cidx, CINTEGER from datatypetestm where CINTEGER+CDECIMAL4_2 <> 0;
cidx	CINTEGER
1	-7483646
2	-7483645
3	-7483644
4	-7483643
5	-7483642
6	7483643
7	7483644
8	7483645
9	7483646
10	7483647
select cidx, CINTEGER from datatypetestm where CINTEGER+CDECIMAL4_2 < 0;
cidx	CINTEGER
1	-7483646
2	-7483645
3	-7483644
4	-7483643
5	-7483642
select cidx, CINTEGER from datatypetestm where CINTEGER+CDECIMAL4_2 > 0;
cidx	CINTEGER
6	7483643
7	7483644
8	7483645
9	7483646
10	7483647
select cidx, CINTEGER from datatypetestm where CINTEGER+CDECIMAL5 = 0;
cidx	CINTEGER
11	0
select cidx, CINTEGER from datatypetestm where CINTEGER+CDECIMAL5 <> 0;
cidx	CINTEGER
1	-7483646
2	-7483645
3	-7483644
4	-7483643
5	-7483642
6	7483643
7	7483644
8	7483645
9	7483646
10	7483647
select cidx, CINTEGER from datatypetestm where CINTEGER+CDECIMAL5 < 0;
cidx	CINTEGER
1	-7483646
2	-7483645
3	-7483644
4	-7483643
5	-7483642
select cidx, CINTEGER from datatypetestm where CINTEGER+CDECIMAL5 > 0;
cidx	CINTEGER
6	7483643
7	7483644
8	7483645
9	7483646
10	7483647
select cidx, CINTEGER from datatypetestm where CINTEGER+CDECIMAL9 = 0;
cidx	CINTEGER
11	0
select cidx, CINTEGER from datatypetestm where CINTEGER+CDECIMAL9 <> 0;
cidx	CINTEGER
1	-7483646
2	-7483645
3	-7483644
4	-7483643
5	-7483642
6	7483643
7	7483644
8	7483645
9	7483646
10	7483647
select cidx, CINTEGER from datatypetestm where CINTEGER+CDECIMAL9 < 0;
cidx	CINTEGER
1	-7483646
2	-7483645
3	-7483644
4	-7483643
5	-7483642
select cidx, CINTEGER from datatypetestm where CINTEGER+CDECIMAL9 > 0;
cidx	CINTEGER
6	7483643
7	7483644
8	7483645
9	7483646
10	7483647
select cidx, CINTEGER from datatypetestm where CINTEGER+CDECIMAL9_2 = 0;
cidx	CINTEGER
11	0
select cidx, CINTEGER from datatypetestm where CINTEGER+CDECIMAL9_2 <> 0;
cidx	CINTEGER
1	-7483646
2	-7483645
3	-7483644
4	-7483643
5	-7483642
6	7483643
7	7483644
8	7483645
9	7483646
10	7483647
select cidx, CINTEGER from datatypetestm where CINTEGER+CDECIMAL9_2 < 0;
cidx	CINTEGER
1	-7483646
2	-7483645
3	-7483644
4	-7483643
5	-7483642
select cidx, CINTEGER from datatypetestm where CINTEGER+CDECIMAL9_2 > 0;
cidx	CINTEGER
6	7483643
7	7483644
8	7483645
9	7483646
10	7483647
select cidx, CINTEGER from datatypetestm where CINTEGER+CDECIMAL10 = 0;
cidx	CINTEGER
11	0
select cidx, CINTEGER from datatypetestm where CINTEGER+CDECIMAL10 <> 0;
cidx	CINTEGER
1	-7483646
2	-7483645
3	-7483644
4	-7483643
5	-7483642
6	7483643
7	7483644
8	7483645
9	7483646
10	7483647
select cidx, CINTEGER from datatypetestm where CINTEGER+CDECIMAL10 < 0;
cidx	CINTEGER
1	-7483646
2	-7483645
3	-7483644
4	-7483643
5	-7483642
select cidx, CINTEGER from datatypetestm where CINTEGER+CDECIMAL10 > 0;
cidx	CINTEGER
6	7483643
7	7483644
8	7483645
9	7483646
10	7483647
select cidx, CINTEGER from datatypetestm where CINTEGER+CDECIMAL18 = 0;
cidx	CINTEGER
11	0
select cidx, CINTEGER from datatypetestm where CINTEGER+CDECIMAL18 <> 0;
cidx	CINTEGER
1	-7483646
2	-7483645
3	-7483644
4	-7483643
5	-7483642
6	7483643
7	7483644
8	7483645
9	7483646
10	7483647
select cidx, CINTEGER from datatypetestm where CINTEGER+CDECIMAL18 < 0;
cidx	CINTEGER
1	-7483646
2	-7483645
3	-7483644
4	-7483643
5	-7483642
select cidx, CINTEGER from datatypetestm where CINTEGER+CDECIMAL18 > 0;
cidx	CINTEGER
6	7483643
7	7483644
8	7483645
9	7483646
10	7483647
select cidx, CINTEGER from datatypetestm where CINTEGER+CDECIMAL18_2 = 0;
cidx	CINTEGER
11	0
select cidx, CINTEGER from datatypetestm where CINTEGER+CDECIMAL18_2 <> 0;
cidx	CINTEGER
1	-7483646
2	-7483645
3	-7483644
4	-7483643
5	-7483642
6	7483643
7	7483644
8	7483645
9	7483646
10	7483647
select cidx, CINTEGER from datatypetestm where CINTEGER+CDECIMAL18_2 < 0;
cidx	CINTEGER
1	-7483646
2	-7483645
3	-7483644
4	-7483643
5	-7483642
select cidx, CINTEGER from datatypetestm where CINTEGER+CDECIMAL18_2 > 0;
cidx	CINTEGER
6	7483643
7	7483644
8	7483645
9	7483646
10	7483647
select cidx, CSMALLINT from datatypetestm where CSMALLINT+CDECIMAL1 = 0;
cidx	CSMALLINT
11	0
select cidx, CSMALLINT from datatypetestm where CSMALLINT+CDECIMAL1 <> 0;
cidx	CSMALLINT
1	-766
2	-765
3	-764
4	-763
5	-762
6	763
7	764
8	765
9	766
10	767
select cidx, CSMALLINT from datatypetestm where CSMALLINT+CDECIMAL1 < 0;
cidx	CSMALLINT
1	-766
2	-765
3	-764
4	-763
5	-762
select cidx, CSMALLINT from datatypetestm where CSMALLINT+CDECIMAL1 > 0;
cidx	CSMALLINT
6	763
7	764
8	765
9	766
10	767
select cidx, CSMALLINT from datatypetestm where CSMALLINT+CDECIMAL4 = 0;
cidx	CSMALLINT
11	0
select cidx, CSMALLINT from datatypetestm where CSMALLINT+CDECIMAL4 <> 0;
cidx	CSMALLINT
1	-766
2	-765
3	-764
4	-763
5	-762
6	763
7	764
8	765
9	766
10	767
select cidx, CSMALLINT from datatypetestm where CSMALLINT+CDECIMAL4 < 0;
cidx	CSMALLINT
1	-766
2	-765
3	-764
4	-763
5	-762
select cidx, CSMALLINT from datatypetestm where CSMALLINT+CDECIMAL4 > 0;
cidx	CSMALLINT
6	763
7	764
8	765
9	766
10	767
select cidx, CSMALLINT from datatypetestm where CSMALLINT+CDECIMAL4_2 = 0;
cidx	CSMALLINT
11	0
select cidx, CSMALLINT from datatypetestm where CSMALLINT+CDECIMAL4_2 <> 0;
cidx	CSMALLINT
1	-766
2	-765
3	-764
4	-763
5	-762
6	763
7	764
8	765
9	766
10	767
select cidx, CSMALLINT from datatypetestm where CSMALLINT+CDECIMAL4_2 < 0;
cidx	CSMALLINT
1	-766
2	-765
3	-764
4	-763
5	-762
select cidx, CSMALLINT from datatypetestm where CSMALLINT+CDECIMAL4_2 > 0;
cidx	CSMALLINT
6	763
7	764
8	765
9	766
10	767
select cidx, CSMALLINT from datatypetestm where CSMALLINT+CDECIMAL5 = 0;
cidx	CSMALLINT
11	0
select cidx, CSMALLINT from datatypetestm where CSMALLINT+CDECIMAL5 <> 0;
cidx	CSMALLINT
1	-766
2	-765
3	-764
4	-763
5	-762
6	763
7	764
8	765
9	766
10	767
select cidx, CSMALLINT from datatypetestm where CSMALLINT+CDECIMAL5 < 0;
cidx	CSMALLINT
1	-766
2	-765
3	-764
4	-763
5	-762
select cidx, CSMALLINT from datatypetestm where CSMALLINT+CDECIMAL5 > 0;
cidx	CSMALLINT
6	763
7	764
8	765
9	766
10	767
select cidx, CSMALLINT from datatypetestm where CSMALLINT+CDECIMAL9 = 0;
cidx	CSMALLINT
11	0
select cidx, CSMALLINT from datatypetestm where CSMALLINT+CDECIMAL9 <> 0;
cidx	CSMALLINT
1	-766
2	-765
3	-764
4	-763
5	-762
6	763
7	764
8	765
9	766
10	767
select cidx, CSMALLINT from datatypetestm where CSMALLINT+CDECIMAL9 < 0;
cidx	CSMALLINT
1	-766
2	-765
3	-764
4	-763
5	-762
select cidx, CSMALLINT from datatypetestm where CSMALLINT+CDECIMAL9 > 0;
cidx	CSMALLINT
6	763
7	764
8	765
9	766
10	767
select cidx, CSMALLINT from datatypetestm where CSMALLINT+CDECIMAL9_2 = 0;
cidx	CSMALLINT
11	0
select cidx, CSMALLINT from datatypetestm where CSMALLINT+CDECIMAL9_2 <> 0;
cidx	CSMALLINT
1	-766
2	-765
3	-764
4	-763
5	-762
6	763
7	764
8	765
9	766
10	767
select cidx, CSMALLINT from datatypetestm where CSMALLINT+CDECIMAL9_2 < 0;
cidx	CSMALLINT
1	-766
2	-765
3	-764
4	-763
5	-762
select cidx, CSMALLINT from datatypetestm where CSMALLINT+CDECIMAL9_2 > 0;
cidx	CSMALLINT
6	763
7	764
8	765
9	766
10	767
select cidx, CSMALLINT from datatypetestm where CSMALLINT+CDECIMAL10 = 0;
cidx	CSMALLINT
11	0
select cidx, CSMALLINT from datatypetestm where CSMALLINT+CDECIMAL10 <> 0;
cidx	CSMALLINT
1	-766
2	-765
3	-764
4	-763
5	-762
6	763
7	764
8	765
9	766
10	767
select cidx, CSMALLINT from datatypetestm where CSMALLINT+CDECIMAL10 < 0;
cidx	CSMALLINT
1	-766
2	-765
3	-764
4	-763
5	-762
select cidx, CSMALLINT from datatypetestm where CSMALLINT+CDECIMAL10 > 0;
cidx	CSMALLINT
6	763
7	764
8	765
9	766
10	767
select cidx, CSMALLINT from datatypetestm where CSMALLINT+CDECIMAL18 = 0;
cidx	CSMALLINT
11	0
select cidx, CSMALLINT from datatypetestm where CSMALLINT+CDECIMAL18 <> 0;
cidx	CSMALLINT
1	-766
2	-765
3	-764
4	-763
5	-762
6	763
7	764
8	765
9	766
10	767
select cidx, CSMALLINT from datatypetestm where CSMALLINT+CDECIMAL18 < 0;
cidx	CSMALLINT
1	-766
2	-765
3	-764
4	-763
5	-762
select cidx, CSMALLINT from datatypetestm where CSMALLINT+CDECIMAL18 > 0;
cidx	CSMALLINT
6	763
7	764
8	765
9	766
10	767
select cidx, CSMALLINT from datatypetestm where CSMALLINT+CDECIMAL18_2 = 0;
cidx	CSMALLINT
11	0
select cidx, CSMALLINT from datatypetestm where CSMALLINT+CDECIMAL18_2 <> 0;
cidx	CSMALLINT
1	-766
2	-765
3	-764
4	-763
5	-762
6	763
7	764
8	765
9	766
10	767
select cidx, CSMALLINT from datatypetestm where CSMALLINT+CDECIMAL18_2 < 0;
cidx	CSMALLINT
1	-766
2	-765
3	-764
4	-763
5	-762
select cidx, CSMALLINT from datatypetestm where CSMALLINT+CDECIMAL18_2 > 0;
cidx	CSMALLINT
6	763
7	764
8	765
9	766
10	767
select cidx, CTINYINT from datatypetestm where CTINYINT+CDECIMAL1 = 0;
cidx	CTINYINT
11	0
select cidx, CTINYINT from datatypetestm where CTINYINT+CDECIMAL1 <> 0;
cidx	CTINYINT
1	-26
2	-25
3	-24
4	-23
5	-22
6	23
7	24
8	25
9	26
10	27
select cidx, CTINYINT from datatypetestm where CTINYINT+CDECIMAL1 < 0;
cidx	CTINYINT
1	-26
2	-25
3	-24
4	-23
5	-22
select cidx, CTINYINT from datatypetestm where CTINYINT+CDECIMAL1 > 0;
cidx	CTINYINT
6	23
7	24
8	25
9	26
10	27
select cidx, CTINYINT from datatypetestm where CTINYINT+CDECIMAL4 = 0;
cidx	CTINYINT
11	0
select cidx, CTINYINT from datatypetestm where CTINYINT+CDECIMAL4 <> 0;
cidx	CTINYINT
1	-26
2	-25
3	-24
4	-23
5	-22
6	23
7	24
8	25
9	26
10	27
select cidx, CTINYINT from datatypetestm where CTINYINT+CDECIMAL4 < 0;
cidx	CTINYINT
1	-26
2	-25
3	-24
4	-23
5	-22
select cidx, CTINYINT from datatypetestm where CTINYINT+CDECIMAL4 > 0;
cidx	CTINYINT
6	23
7	24
8	25
9	26
10	27
select cidx, CTINYINT from datatypetestm where CTINYINT+CDECIMAL4_2 = 0;
cidx	CTINYINT
11	0
select cidx, CTINYINT from datatypetestm where CTINYINT+CDECIMAL4_2 <> 0;
cidx	CTINYINT
1	-26
2	-25
3	-24
4	-23
5	-22
6	23
7	24
8	25
9	26
10	27
select cidx, CTINYINT from datatypetestm where CTINYINT+CDECIMAL4_2 < 0;
cidx	CTINYINT
1	-26
2	-25
3	-24
4	-23
5	-22
select cidx, CTINYINT from datatypetestm where CTINYINT+CDECIMAL4_2 > 0;
cidx	CTINYINT
6	23
7	24
8	25
9	26
10	27
select cidx, CTINYINT from datatypetestm where CTINYINT+CDECIMAL5 = 0;
cidx	CTINYINT
11	0
select cidx, CTINYINT from datatypetestm where CTINYINT+CDECIMAL5 <> 0;
cidx	CTINYINT
1	-26
2	-25
3	-24
4	-23
5	-22
6	23
7	24
8	25
9	26
10	27
select cidx, CTINYINT from datatypetestm where CTINYINT+CDECIMAL5 < 0;
cidx	CTINYINT
1	-26
2	-25
3	-24
4	-23
5	-22
select cidx, CTINYINT from datatypetestm where CTINYINT+CDECIMAL5 > 0;
cidx	CTINYINT
6	23
7	24
8	25
9	26
10	27
select cidx, CTINYINT from datatypetestm where CTINYINT+CDECIMAL9 = 0;
cidx	CTINYINT
11	0
select cidx, CTINYINT from datatypetestm where CTINYINT+CDECIMAL9 <> 0;
cidx	CTINYINT
1	-26
2	-25
3	-24
4	-23
5	-22
6	23
7	24
8	25
9	26
10	27
select cidx, CTINYINT from datatypetestm where CTINYINT+CDECIMAL9 < 0;
cidx	CTINYINT
1	-26
2	-25
3	-24
4	-23
5	-22
select cidx, CTINYINT from datatypetestm where CTINYINT+CDECIMAL9 > 0;
cidx	CTINYINT
6	23
7	24
8	25
9	26
10	27
select cidx, CTINYINT from datatypetestm where CTINYINT+CDECIMAL9_2 = 0;
cidx	CTINYINT
11	0
select cidx, CTINYINT from datatypetestm where CTINYINT+CDECIMAL9_2 <> 0;
cidx	CTINYINT
1	-26
2	-25
3	-24
4	-23
5	-22
6	23
7	24
8	25
9	26
10	27
select cidx, CTINYINT from datatypetestm where CTINYINT+CDECIMAL9_2 < 0;
cidx	CTINYINT
1	-26
2	-25
3	-24
4	-23
5	-22
select cidx, CTINYINT from datatypetestm where CTINYINT+CDECIMAL9_2 > 0;
cidx	CTINYINT
6	23
7	24
8	25
9	26
10	27
select cidx, CTINYINT from datatypetestm where CTINYINT+CDECIMAL10 = 0;
cidx	CTINYINT
11	0
select cidx, CTINYINT from datatypetestm where CTINYINT+CDECIMAL10 <> 0;
cidx	CTINYINT
1	-26
2	-25
3	-24
4	-23
5	-22
6	23
7	24
8	25
9	26
10	27
select cidx, CTINYINT from datatypetestm where CTINYINT+CDECIMAL10 < 0;
cidx	CTINYINT
1	-26
2	-25
3	-24
4	-23
5	-22
select cidx, CTINYINT from datatypetestm where CTINYINT+CDECIMAL10 > 0;
cidx	CTINYINT
6	23
7	24
8	25
9	26
10	27
select cidx, CTINYINT from datatypetestm where CTINYINT+CDECIMAL18 = 0;
cidx	CTINYINT
11	0
select cidx, CTINYINT from datatypetestm where CTINYINT+CDECIMAL18 <> 0;
cidx	CTINYINT
1	-26
2	-25
3	-24
4	-23
5	-22
6	23
7	24
8	25
9	26
10	27
select cidx, CTINYINT from datatypetestm where CTINYINT+CDECIMAL18 < 0;
cidx	CTINYINT
1	-26
2	-25
3	-24
4	-23
5	-22
select cidx, CTINYINT from datatypetestm where CTINYINT+CDECIMAL18 > 0;
cidx	CTINYINT
6	23
7	24
8	25
9	26
10	27
select cidx, CTINYINT from datatypetestm where CTINYINT+CDECIMAL18_2 = 0;
cidx	CTINYINT
11	0
select cidx, CTINYINT from datatypetestm where CTINYINT+CDECIMAL18_2 <> 0;
cidx	CTINYINT
1	-26
2	-25
3	-24
4	-23
5	-22
6	23
7	24
8	25
9	26
10	27
select cidx, CTINYINT from datatypetestm where CTINYINT+CDECIMAL18_2 < 0;
cidx	CTINYINT
1	-26
2	-25
3	-24
4	-23
5	-22
select cidx, CTINYINT from datatypetestm where CTINYINT+CDECIMAL18_2 > 0;
cidx	CTINYINT
6	23
7	24
8	25
9	26
10	27
