USE ssb1;
select  d1.d_year ,  c1.c_city ,  count(*)
from  lineorder 
join     dateinfo d1 on (lo_orderdate = d1.d_datekey) 
left  join     customer c1 on (lo_custkey = c1.c_custkey) 
join     customer c3_um on (lo_custkey = c3_um.c_custkey) 
left  join     part p1 on (lo_partkey = p1.p_partkey) 
left  join     part p3 on (lo_partkey = p3.p_partkey) 
join     supplier s1 on (lo_suppkey = s1.s_suppkey) 
where lo_orderkey > 0  and (d1.d_yearmonth is null or  d1.d_yearmonth in ('Jan1994','Feb1994','Mar1994','Apr1994'))
and (c1.c_nation is null or  c1.c_nation in ('MOROCCO','RUSSIA','MOZAMBIQUE','EGYPT','JAPAN','IRAQ','BRAZIL','GERMANY','ROMANIA'))
and (c3_um.c_region is null or  c3_um.c_region in ('EUROPE','MIDDLE EAST','ASIA'))
and (p1.p_mfgr <= 'MFGR#1' or p1.p_mfgr is null) and (p1.p_size <= 3 or p1.p_size is null)  and (p3.p_category is null or  p3.p_category <= 'MFGR#13')
and (s1.s_region is null or  s1.s_region in ('EUROPE','MIDDLE EAST','ASIA'))
group by 1,2 order by 1,2 limit 10;
d_year	c_city	count(*)
1994	EGYPT    0	3
1994	EGYPT    1	8
1994	EGYPT    2	3
1994	EGYPT    3	3
1994	EGYPT    4	5
1994	EGYPT    5	8
1994	EGYPT    6	3
1994	EGYPT    7	3
1994	EGYPT    8	7
1994	EGYPT    9	6
select  d2.d_yearmonthnum ,  c2_um.c_nation ,  count(*)
from  lineorder 
right  join     dateinfo d2 on (lo_orderdate = d2.d_datekey) 
right  join     customer c2_um on (lo_custkey = c2_um.c_custkey) 
right  join     customer c4 on (lo_custkey = c4.c_custkey) 
left  join     part p2_um on (lo_partkey = p2_um.p_partkey) 
join     part p4_um on (lo_partkey = p4_um.p_partkey) 
right  join     supplier s2 on (lo_suppkey = s2.s_suppkey) 
where lo_orderkey > 0  and (d2.d_year is null or  d2.d_year = 1994)
and (c2_um.c_nation is null or  c2_um.c_nation in ('MOROCCO','RUSSIA','MOZAMBIQUE','EGYPT','JAPAN','IRAQ','BRAZIL','INDONESIA','GERMANY','ROMANIA'))
and (c4.c_region is null or  c4.c_region in ('EUROPE'))
and (p2_um.p_mfgr <= 'MFGR#1' or p2_um.p_mfgr is null) and (p2_um.p_size <= 3 or p2_um.p_size is null)  and (p4_um.p_category is null or  p4_um.p_category <= 'MFGR#13')
and (s2.s_city is null or  s2.s_city in ('ALGERIA  0','ALGERIA  1','ALGERIA  2','GERMANY  0','GERMANY  1','UNITED KI2','UNITED KI3'))
group by 1,2 order by 1,2 limit 10;
d_yearmonthnum	c_nation	count(*)
199401	GERMANY	1
199401	RUSSIA	1
199402	ROMANIA	2
199403	GERMANY	1
199405	GERMANY	2
199405	ROMANIA	1
199406	GERMANY	1
199406	ROMANIA	1
199407	GERMANY	1
199407	RUSSIA	2
select  c1.c_city ,  c3_um.c_region ,  count(*)
from  lineorder 
join     customer c1 on (lo_custkey = c1.c_custkey) 
left  join     customer c3_um on (lo_custkey = c3_um.c_custkey) 
join     part p1 on (lo_partkey = p1.p_partkey) 
join     part p3 on (lo_partkey = p3.p_partkey) 
right  join     supplier s1 on (lo_suppkey = s1.s_suppkey) 
left  join     dateinfo d1 on (lo_orderdate = d1.d_datekey) 
where lo_orderkey > 0  and (c1.c_nation is null or  c1.c_nation in ('MOROCCO','RUSSIA','MOZAMBIQUE','EGYPT','JAPAN','IRAQ','BRAZIL','GERMANY','ROMANIA'))
and (c3_um.c_region is null or  c3_um.c_region in ('EUROPE','MIDDLE EAST','ASIA'))
and (p1.p_mfgr <= 'MFGR#1' or p1.p_mfgr is null) and (p1.p_size <= 3 or p1.p_size is null)  and (p3.p_category is null or  p3.p_category <= 'MFGR#13')
and (s1.s_region is null or  s1.s_region in ('EUROPE','MIDDLE EAST','ASIA'))
and (d1.d_yearmonth is null or  d1.d_yearmonth in ('Jan1994','Feb1994','Mar1994','Apr1994'))
group by 1,2 order by 1,2 limit 10;
c_city	c_region	count(*)
EGYPT    0	MIDDLE EAST	3
EGYPT    1	MIDDLE EAST	8
EGYPT    2	MIDDLE EAST	3
EGYPT    3	MIDDLE EAST	3
EGYPT    4	MIDDLE EAST	5
EGYPT    5	MIDDLE EAST	8
EGYPT    6	MIDDLE EAST	3
EGYPT    7	MIDDLE EAST	3
EGYPT    8	MIDDLE EAST	7
EGYPT    9	MIDDLE EAST	6
select  c2_um.c_nation ,  c4.c_city ,  count(*)
from  lineorder 
join     customer c2_um on (lo_custkey = c2_um.c_custkey) 
left  join     customer c4 on (lo_custkey = c4.c_custkey) 
right  join     part p2_um on (lo_partkey = p2_um.p_partkey) 
right  join     part p4_um on (lo_partkey = p4_um.p_partkey) 
join     supplier s2 on (lo_suppkey = s2.s_suppkey) 
left  join     dateinfo d2 on (lo_orderdate = d2.d_datekey) 
where lo_orderkey > 0  and (c2_um.c_nation is null or  c2_um.c_nation in ('MOROCCO','RUSSIA','MOZAMBIQUE','EGYPT','JAPAN','IRAQ','BRAZIL','INDONESIA','GERMANY','ROMANIA'))
and (c4.c_region is null or  c4.c_region in ('EUROPE'))
and (p2_um.p_mfgr <= 'MFGR#1' or p2_um.p_mfgr is null) and (p2_um.p_size <= 3 or p2_um.p_size is null)  and (p4_um.p_category is null or  p4_um.p_category <= 'MFGR#13')
and (s2.s_city is null or  s2.s_city in ('ALGERIA  0','ALGERIA  1','ALGERIA  2','GERMANY  0','GERMANY  1','UNITED KI2','UNITED KI3'))
and (d2.d_year is null or  d2.d_year = 1994)
group by 1,2 order by 1,2 limit 10;
c_nation	c_city	count(*)
GERMANY	GERMANY  0	1
GERMANY	GERMANY  1	2
GERMANY	GERMANY  3	2
GERMANY	GERMANY  5	1
GERMANY	GERMANY  8	1
GERMANY	GERMANY  9	1
ROMANIA	ROMANIA  0	1
ROMANIA	ROMANIA  1	1
ROMANIA	ROMANIA  2	1
ROMANIA	ROMANIA  7	1
select  c3_um.c_region ,  p1.p_brand1 ,  count(*)
from  lineorder 
right  join     customer c3_um on (lo_custkey = c3_um.c_custkey) 
left  join     part p1 on (lo_partkey = p1.p_partkey) 
left  join     part p3 on (lo_partkey = p3.p_partkey) 
join     supplier s1 on (lo_suppkey = s1.s_suppkey) 
right  join     dateinfo d1 on (lo_orderdate = d1.d_datekey) 
left  join     customer c1 on (lo_custkey = c1.c_custkey) 
where lo_orderkey > 0  and (c3_um.c_region is null or  c3_um.c_region in ('EUROPE','MIDDLE EAST','ASIA'))
and (p1.p_mfgr <= 'MFGR#1' or p1.p_mfgr is null) and (p1.p_size <= 3 or p1.p_size is null)  and (p3.p_category is null or  p3.p_category <= 'MFGR#13')
and (s1.s_region is null or  s1.s_region in ('EUROPE','MIDDLE EAST','ASIA'))
and (d1.d_yearmonth is null or  d1.d_yearmonth in ('Jan1994','Feb1994','Mar1994','Apr1994'))
and (c1.c_nation is null or  c1.c_nation in ('MOROCCO','RUSSIA','MOZAMBIQUE','EGYPT','JAPAN','IRAQ','BRAZIL','GERMANY','ROMANIA'))
group by 1,2 order by 1,2 limit 10;
c_region	p_brand1	count(*)
ASIA	MFGR#1117	1
ASIA	MFGR#1129	1
ASIA	MFGR#113	2
ASIA	MFGR#1130	1
ASIA	MFGR#1139	2
ASIA	MFGR#115	1
ASIA	MFGR#116	1
ASIA	MFGR#117	1
ASIA	MFGR#118	1
ASIA	MFGR#119	1
select  c4.c_city ,  p2_um.p_color ,  count(*)
from  lineorder 
right  join     customer c4 on (lo_custkey = c4.c_custkey) 
join     part p2_um on (lo_partkey = p2_um.p_partkey) 
right  join     part p4_um on (lo_partkey = p4_um.p_partkey) 
right  join     supplier s2 on (lo_suppkey = s2.s_suppkey) 
left  join     dateinfo d2 on (lo_orderdate = d2.d_datekey) 
join     customer c2_um on (lo_custkey = c2_um.c_custkey) 
where lo_orderkey > 0  and (c4.c_region is null or  c4.c_region in ('EUROPE'))
and (p2_um.p_mfgr <= 'MFGR#1' or p2_um.p_mfgr is null) and (p2_um.p_size <= 3 or p2_um.p_size is null)  and (p4_um.p_category is null or  p4_um.p_category <= 'MFGR#13')
and (s2.s_city is null or  s2.s_city in ('ALGERIA  0','ALGERIA  1','ALGERIA  2','GERMANY  0','GERMANY  1','UNITED KI2','UNITED KI3'))
and (d2.d_year is null or  d2.d_year = 1994)
and (c2_um.c_nation is null or  c2_um.c_nation in ('MOROCCO','RUSSIA','MOZAMBIQUE','EGYPT','JAPAN','IRAQ','BRAZIL','INDONESIA','GERMANY','ROMANIA'))
group by 1,2 order by 1,2 limit 10;
c_city	p_color	count(*)
GERMANY  0	sienna	1
GERMANY  1	brown	1
GERMANY  1	pink	1
GERMANY  3	blue	1
GERMANY  3	navajo	1
GERMANY  5	navy	1
GERMANY  8	white	1
GERMANY  9	firebrick	1
ROMANIA  0	pink	1
ROMANIA  1	grey	1
select  p1.p_brand1 ,  p3.p_category ,  count(*)
from  lineorder 
left  join     part p1 on (lo_partkey = p1.p_partkey) 
left  join     part p3 on (lo_partkey = p3.p_partkey) 
left  join     supplier s1 on (lo_suppkey = s1.s_suppkey) 
right  join     dateinfo d1 on (lo_orderdate = d1.d_datekey) 
left  join     customer c1 on (lo_custkey = c1.c_custkey) 
left  join     customer c3_um on (lo_custkey = c3_um.c_custkey) 
where lo_orderkey > 0  and (p1.p_mfgr <= 'MFGR#1' or p1.p_mfgr is null) and (p1.p_size <= 3 or p1.p_size is null)  and (p3.p_category is null or  p3.p_category <= 'MFGR#13')
and (s1.s_region is null or  s1.s_region in ('EUROPE','MIDDLE EAST','ASIA'))
and (d1.d_yearmonth is null or  d1.d_yearmonth in ('Jan1994','Feb1994','Mar1994','Apr1994'))
and (c1.c_nation is null or  c1.c_nation in ('MOROCCO','RUSSIA','MOZAMBIQUE','EGYPT','JAPAN','IRAQ','BRAZIL','GERMANY','ROMANIA'))
and (c3_um.c_region is null or  c3_um.c_region in ('EUROPE','MIDDLE EAST','ASIA'))
group by 1,2 order by 1,2 limit 10;
p_brand1	p_category	count(*)
MFGR#111	MFGR#11	2
MFGR#1114	MFGR#11	4
MFGR#1115	MFGR#11	1
MFGR#1116	MFGR#11	4
MFGR#1117	MFGR#11	3
MFGR#1118	MFGR#11	1
MFGR#1119	MFGR#11	4
MFGR#112	MFGR#11	3
MFGR#1120	MFGR#11	4
MFGR#1121	MFGR#11	2
select  p2_um.p_color ,  p4_um.p_brand1 ,  count(*)
from  lineorder 
left  join     part p2_um on (lo_partkey = p2_um.p_partkey) 
join     part p4_um on (lo_partkey = p4_um.p_partkey) 
join     supplier s2 on (lo_suppkey = s2.s_suppkey) 
join     dateinfo d2 on (lo_orderdate = d2.d_datekey) 
right  join     customer c2_um on (lo_custkey = c2_um.c_custkey) 
right  join     customer c4 on (lo_custkey = c4.c_custkey) 
where lo_orderkey > 0  and (p2_um.p_mfgr <= 'MFGR#1' or p2_um.p_mfgr is null) and (p2_um.p_size <= 3 or p2_um.p_size is null)  and (p4_um.p_category is null or  p4_um.p_category <= 'MFGR#13')
and (s2.s_city is null or  s2.s_city in ('ALGERIA  0','ALGERIA  1','ALGERIA  2','GERMANY  0','GERMANY  1','UNITED KI2','UNITED KI3'))
and (d2.d_year is null or  d2.d_year = 1994)
and (c2_um.c_nation is null or  c2_um.c_nation in ('MOROCCO','RUSSIA','MOZAMBIQUE','EGYPT','JAPAN','IRAQ','BRAZIL','INDONESIA','GERMANY','ROMANIA'))
and (c4.c_region is null or  c4.c_region in ('EUROPE'))
group by 1,2 order by 1,2 limit 10;
p_color	p_brand1	count(*)
bisque	MFGR#1311	1
blue	MFGR#124	1
brown	MFGR#1234	1
burnished	MFGR#1340	1
dark	MFGR#1120	1
drab	MFGR#1240	1
firebrick	MFGR#1316	1
green	MFGR#127	1
grey	MFGR#1116	1
light	MFGR#1225	1
select  p3.p_category ,  s1.s_region ,  count(*)
from  lineorder 
left  join     part p3 on (lo_partkey = p3.p_partkey) 
right  join     supplier s1 on (lo_suppkey = s1.s_suppkey) 
left  join     dateinfo d1 on (lo_orderdate = d1.d_datekey) 
left  join     customer c1 on (lo_custkey = c1.c_custkey) 
left  join     customer c3_um on (lo_custkey = c3_um.c_custkey) 
right  join     part p1 on (lo_partkey = p1.p_partkey) 
where lo_orderkey > 0  and (p3.p_category is null or  p3.p_category <= 'MFGR#13')
and (s1.s_region is null or  s1.s_region in ('EUROPE','MIDDLE EAST','ASIA'))
and (d1.d_yearmonth is null or  d1.d_yearmonth in ('Jan1994','Feb1994','Mar1994','Apr1994'))
and (c1.c_nation is null or  c1.c_nation in ('MOROCCO','RUSSIA','MOZAMBIQUE','EGYPT','JAPAN','IRAQ','BRAZIL','GERMANY','ROMANIA'))
and (c3_um.c_region is null or  c3_um.c_region in ('EUROPE','MIDDLE EAST','ASIA'))
and (p1.p_mfgr <= 'MFGR#1' or p1.p_mfgr is null) and (p1.p_size <= 3 or p1.p_size is null) group by 1,2 order by 1,2 limit 10;
p_category	s_region	count(*)
MFGR#11	ASIA	40
MFGR#11	EUROPE	42
MFGR#11	MIDDLE EAST	29
MFGR#12	ASIA	28
MFGR#12	EUROPE	47
MFGR#12	MIDDLE EAST	42
MFGR#13	ASIA	38
MFGR#13	EUROPE	34
MFGR#13	MIDDLE EAST	24
select  p4_um.p_brand1 ,  s2.s_city ,  count(*)
from  lineorder 
right  join     part p4_um on (lo_partkey = p4_um.p_partkey) 
join     supplier s2 on (lo_suppkey = s2.s_suppkey) 
right  join     dateinfo d2 on (lo_orderdate = d2.d_datekey) 
left  join     customer c2_um on (lo_custkey = c2_um.c_custkey) 
left  join     customer c4 on (lo_custkey = c4.c_custkey) 
left  join     part p2_um on (lo_partkey = p2_um.p_partkey) 
where lo_orderkey > 0  and (p4_um.p_category is null or  p4_um.p_category <= 'MFGR#13')
and (s2.s_city is null or  s2.s_city in ('ALGERIA  0','ALGERIA  1','ALGERIA  2','GERMANY  0','GERMANY  1','UNITED KI2','UNITED KI3'))
and (d2.d_year is null or  d2.d_year = 1994)
and (c2_um.c_nation is null or  c2_um.c_nation in ('MOROCCO','RUSSIA','MOZAMBIQUE','EGYPT','JAPAN','IRAQ','BRAZIL','INDONESIA','GERMANY','ROMANIA'))
and (c4.c_region is null or  c4.c_region in ('EUROPE'))
and (p2_um.p_mfgr <= 'MFGR#1' or p2_um.p_mfgr is null) and (p2_um.p_size <= 3 or p2_um.p_size is null) group by 1,2 order by 1,2 limit 10;
p_brand1	s_city	count(*)
MFGR#1116	ALGERIA  1	1
MFGR#1120	GERMANY  1	1
MFGR#1123	GERMANY  1	1
MFGR#117	ALGERIA  0	1
MFGR#1211	ALGERIA  0	1
MFGR#1225	ALGERIA  2	1
MFGR#1234	ALGERIA  1	1
MFGR#1236	ALGERIA  1	1
MFGR#124	ALGERIA  0	1
MFGR#1240	GERMANY  0	1
select  s1.s_region ,  d1.d_year ,  count(*)
from  lineorder 
left  join     supplier s1 on (lo_suppkey = s1.s_suppkey) 
right  join     dateinfo d1 on (lo_orderdate = d1.d_datekey) 
left  join     customer c1 on (lo_custkey = c1.c_custkey) 
left  join     customer c3_um on (lo_custkey = c3_um.c_custkey) 
left  join     part p1 on (lo_partkey = p1.p_partkey) 
right  join     part p3 on (lo_partkey = p3.p_partkey) 
where lo_orderkey > 0  and (s1.s_region is null or  s1.s_region in ('EUROPE','MIDDLE EAST','ASIA'))
and (d1.d_yearmonth is null or  d1.d_yearmonth in ('Jan1994','Feb1994','Mar1994','Apr1994'))
and (c1.c_nation is null or  c1.c_nation in ('MOROCCO','RUSSIA','MOZAMBIQUE','EGYPT','JAPAN','IRAQ','BRAZIL','GERMANY','ROMANIA'))
and (c3_um.c_region is null or  c3_um.c_region in ('EUROPE','MIDDLE EAST','ASIA'))
and (p1.p_mfgr <= 'MFGR#1' or p1.p_mfgr is null) and (p1.p_size <= 3 or p1.p_size is null)  and (p3.p_category is null or  p3.p_category <= 'MFGR#13')
group by 1,2 order by 1,2 limit 10;
s_region	d_year	count(*)
ASIA	1994	106
EUROPE	1994	123
MIDDLE EAST	1994	95
select  s2.s_city ,  d2.d_yearmonthnum ,  count(*)
from  lineorder 
left  join     supplier s2 on (lo_suppkey = s2.s_suppkey) 
left  join     dateinfo d2 on (lo_orderdate = d2.d_datekey) 
right  join     customer c2_um on (lo_custkey = c2_um.c_custkey) 
left  join     customer c4 on (lo_custkey = c4.c_custkey) 
join     part p2_um on (lo_partkey = p2_um.p_partkey) 
join     part p4_um on (lo_partkey = p4_um.p_partkey) 
where lo_orderkey > 0  and (s2.s_city is null or  s2.s_city in ('ALGERIA  0','ALGERIA  1','ALGERIA  2','GERMANY  0','GERMANY  1','UNITED KI2','UNITED KI3'))
and (d2.d_year is null or  d2.d_year = 1994)
and (c2_um.c_nation is null or  c2_um.c_nation in ('MOROCCO','RUSSIA','MOZAMBIQUE','EGYPT','JAPAN','IRAQ','BRAZIL','INDONESIA','GERMANY','ROMANIA'))
and (c4.c_region is null or  c4.c_region in ('EUROPE'))
and (p2_um.p_mfgr <= 'MFGR#1' or p2_um.p_mfgr is null) and (p2_um.p_size <= 3 or p2_um.p_size is null)  and (p4_um.p_category is null or  p4_um.p_category <= 'MFGR#13')
group by 1,2 order by 1,2 limit 10;
s_city	d_yearmonthnum	count(*)
ALGERIA  0	199401	1
ALGERIA  0	199402	1
ALGERIA  0	199406	1
ALGERIA  0	199407	1
ALGERIA  0	199410	1
ALGERIA  1	199401	1
ALGERIA  1	199403	1
ALGERIA  1	199405	1
ALGERIA  1	199407	1
ALGERIA  1	199408	1
select  d1.d_year ,  c4.c_city ,  count(*)
from  lineorder 
right  join     dateinfo d1 on (lo_orderdate = d1.d_datekey) 
join     customer c4 on (lo_custkey = c4.c_custkey) 
join     supplier s1 on (lo_suppkey = s1.s_suppkey) 
right  join     customer c2_um on (lo_custkey = c2_um.c_custkey) 
right  join     part p3 on (lo_partkey = p3.p_partkey) 
right  join     dateinfo d2 on (lo_orderdate = d2.d_datekey) 
where lo_orderkey > 0  and (d1.d_yearmonth is null or  d1.d_yearmonth in ('Jan1994','Feb1994','Mar1994','Apr1994'))
and (c4.c_region is null or  c4.c_region in ('EUROPE'))
and (s1.s_region is null or  s1.s_region in ('EUROPE','MIDDLE EAST','ASIA'))
and (c2_um.c_nation is null or  c2_um.c_nation in ('MOROCCO','RUSSIA','MOZAMBIQUE','EGYPT','JAPAN','IRAQ','BRAZIL','INDONESIA','GERMANY','ROMANIA'))
and (p3.p_category is null or  p3.p_category <= 'MFGR#13')
and (d2.d_year is null or  d2.d_year = 1994)
group by 1,2 order by 1,2 limit 10;
d_year	c_city	count(*)
1994	GERMANY  0	95
1994	GERMANY  1	115
1994	GERMANY  2	88
1994	GERMANY  3	92
1994	GERMANY  4	116
1994	GERMANY  5	120
1994	GERMANY  6	86
1994	GERMANY  7	96
1994	GERMANY  8	77
1994	GERMANY  9	84
select  d2.d_yearmonthnum ,  p1.p_brand1 ,  count(*)
from  lineorder 
left  join     dateinfo d2 on (lo_orderdate = d2.d_datekey) 
left  join     part p1 on (lo_partkey = p1.p_partkey) 
join     supplier s2 on (lo_suppkey = s2.s_suppkey) 
right  join     customer c3_um on (lo_custkey = c3_um.c_custkey) 
right  join     part p4_um on (lo_partkey = p4_um.p_partkey) 
left  join     customer c1 on (lo_custkey = c1.c_custkey) 
where lo_orderkey > 0  and (d2.d_year is null or  d2.d_year = 1994)
and (p1.p_mfgr <= 'MFGR#1' or p1.p_mfgr is null) and (p1.p_size <= 3 or p1.p_size is null)  and (s2.s_city is null or  s2.s_city in ('ALGERIA  0','ALGERIA  1','ALGERIA  2','GERMANY  0','GERMANY  1','UNITED KI2','UNITED KI3'))
and (c3_um.c_region is null or  c3_um.c_region in ('EUROPE','MIDDLE EAST','ASIA'))
and (p4_um.p_category is null or  p4_um.p_category <= 'MFGR#13')
and (c1.c_nation is null or  c1.c_nation in ('MOROCCO','RUSSIA','MOZAMBIQUE','EGYPT','JAPAN','IRAQ','BRAZIL','GERMANY','ROMANIA'))
group by 1,2 order by 1,2 limit 10;
d_yearmonthnum	p_brand1	count(*)
199401	MFGR#119	1
199401	MFGR#124	1
199401	MFGR#1331	1
199402	MFGR#117	1
199402	MFGR#119	1
199402	MFGR#1225	1
199403	MFGR#1126	1
199403	MFGR#1234	1
199403	MFGR#127	1
199403	MFGR#1324	1
select  c1.c_city ,  p2_um.p_color ,  count(*)
from  lineorder 
left  join     customer c1 on (lo_custkey = c1.c_custkey) 
join     part p2_um on (lo_partkey = p2_um.p_partkey) 
left  join     dateinfo d1 on (lo_orderdate = d1.d_datekey) 
left  join     customer c4 on (lo_custkey = c4.c_custkey) 
join     supplier s1 on (lo_suppkey = s1.s_suppkey) 
left  join     customer c2_um on (lo_custkey = c2_um.c_custkey) 
where lo_orderkey > 0  and (c1.c_nation is null or  c1.c_nation in ('MOROCCO','RUSSIA','MOZAMBIQUE','EGYPT','JAPAN','IRAQ','BRAZIL','GERMANY','ROMANIA'))
and (p2_um.p_mfgr <= 'MFGR#1' or p2_um.p_mfgr is null) and (p2_um.p_size <= 3 or p2_um.p_size is null)  and (d1.d_yearmonth is null or  d1.d_yearmonth in ('Jan1994','Feb1994','Mar1994','Apr1994'))
and (c4.c_region is null or  c4.c_region in ('EUROPE'))
and (s1.s_region is null or  s1.s_region in ('EUROPE','MIDDLE EAST','ASIA'))
and (c2_um.c_nation is null or  c2_um.c_nation in ('MOROCCO','RUSSIA','MOZAMBIQUE','EGYPT','JAPAN','IRAQ','BRAZIL','INDONESIA','GERMANY','ROMANIA'))
group by 1,2 order by 1,2 limit 10;
c_city	p_color	count(*)
GERMANY  0	brown	1
GERMANY  0	drab	1
GERMANY  0	goldenrod	1
GERMANY  0	hot	1
GERMANY  0	light	1
GERMANY  0	purple	1
GERMANY  1	antique	1
GERMANY  1	aquamarine	1
GERMANY  1	cornflower	1
GERMANY  1	deep	1
select  c2_um.c_nation ,  p3.p_category ,  count(*)
from  lineorder 
right  join     customer c2_um on (lo_custkey = c2_um.c_custkey) 
left  join     part p3 on (lo_partkey = p3.p_partkey) 
left  join     dateinfo d2 on (lo_orderdate = d2.d_datekey) 
left  join     part p1 on (lo_partkey = p1.p_partkey) 
join     supplier s2 on (lo_suppkey = s2.s_suppkey) 
right  join     customer c3_um on (lo_custkey = c3_um.c_custkey) 
where lo_orderkey > 0  and (c2_um.c_nation is null or  c2_um.c_nation in ('MOROCCO','RUSSIA','MOZAMBIQUE','EGYPT','JAPAN','IRAQ','BRAZIL','INDONESIA','GERMANY','ROMANIA'))
and (p3.p_category is null or  p3.p_category <= 'MFGR#13')
and (d2.d_year is null or  d2.d_year = 1994)
and (p1.p_mfgr <= 'MFGR#1' or p1.p_mfgr is null) and (p1.p_size <= 3 or p1.p_size is null)  and (s2.s_city is null or  s2.s_city in ('ALGERIA  0','ALGERIA  1','ALGERIA  2','GERMANY  0','GERMANY  1','UNITED KI2','UNITED KI3'))
and (c3_um.c_region is null or  c3_um.c_region in ('EUROPE','MIDDLE EAST','ASIA'))
group by 1,2 order by 1,2 limit 10;
c_nation	p_category	count(*)
EGYPT	MFGR#11	2
EGYPT	MFGR#12	2
EGYPT	MFGR#13	1
GERMANY	MFGR#12	3
GERMANY	MFGR#13	5
INDONESIA	MFGR#11	4
INDONESIA	MFGR#12	1
INDONESIA	MFGR#13	4
IRAQ	MFGR#11	7
IRAQ	MFGR#12	1
select  c3_um.c_region ,  p4_um.p_brand1 ,  count(*)
from  lineorder 
right  join     customer c3_um on (lo_custkey = c3_um.c_custkey) 
left  join     part p4_um on (lo_partkey = p4_um.p_partkey) 
join     customer c1 on (lo_custkey = c1.c_custkey) 
left  join     part p2_um on (lo_partkey = p2_um.p_partkey) 
join     dateinfo d1 on (lo_orderdate = d1.d_datekey) 
left  join     customer c4 on (lo_custkey = c4.c_custkey) 
where lo_orderkey > 0  and (c3_um.c_region is null or  c3_um.c_region in ('EUROPE','MIDDLE EAST','ASIA'))
and (p4_um.p_category is null or  p4_um.p_category <= 'MFGR#13')
and (c1.c_nation is null or  c1.c_nation in ('MOROCCO','RUSSIA','MOZAMBIQUE','EGYPT','JAPAN','IRAQ','BRAZIL','GERMANY','ROMANIA'))
and (p2_um.p_mfgr <= 'MFGR#1' or p2_um.p_mfgr is null) and (p2_um.p_size <= 3 or p2_um.p_size is null)  and (d1.d_yearmonth is null or  d1.d_yearmonth in ('Jan1994','Feb1994','Mar1994','Apr1994'))
and (c4.c_region is null or  c4.c_region in ('EUROPE'))
group by 1,2 order by 1,2 limit 10;
c_region	p_brand1	count(*)
EUROPE	MFGR#111	3
EUROPE	MFGR#1112	2
EUROPE	MFGR#1113	1
EUROPE	MFGR#1114	4
EUROPE	MFGR#1115	1
EUROPE	MFGR#1116	5
EUROPE	MFGR#1117	3
EUROPE	MFGR#1118	1
EUROPE	MFGR#1119	1
EUROPE	MFGR#112	3
select  c4.c_city ,  s1.s_region ,  count(*)
from  lineorder 
right  join     customer c4 on (lo_custkey = c4.c_custkey) 
right  join     supplier s1 on (lo_suppkey = s1.s_suppkey) 
join     customer c2_um on (lo_custkey = c2_um.c_custkey) 
left  join     part p3 on (lo_partkey = p3.p_partkey) 
left  join     dateinfo d2 on (lo_orderdate = d2.d_datekey) 
join     part p1 on (lo_partkey = p1.p_partkey) 
where lo_orderkey > 0  and (c4.c_region is null or  c4.c_region in ('EUROPE'))
and (s1.s_region is null or  s1.s_region in ('EUROPE','MIDDLE EAST','ASIA'))
and (c2_um.c_nation is null or  c2_um.c_nation in ('MOROCCO','RUSSIA','MOZAMBIQUE','EGYPT','JAPAN','IRAQ','BRAZIL','INDONESIA','GERMANY','ROMANIA'))
and (p3.p_category is null or  p3.p_category <= 'MFGR#13')
and (d2.d_year is null or  d2.d_year = 1994)
and (p1.p_mfgr <= 'MFGR#1' or p1.p_mfgr is null) and (p1.p_size <= 3 or p1.p_size is null) group by 1,2 order by 1,2 limit 10;
c_city	s_region	count(*)
GERMANY  0	ASIA	10
GERMANY  0	EUROPE	6
GERMANY  0	MIDDLE EAST	8
GERMANY  1	ASIA	6
GERMANY  1	EUROPE	2
GERMANY  1	MIDDLE EAST	5
GERMANY  2	ASIA	4
GERMANY  2	EUROPE	6
GERMANY  2	MIDDLE EAST	2
GERMANY  3	ASIA	4
select  p1.p_brand1 ,  s2.s_city ,  count(*)
from  lineorder 
right  join     part p1 on (lo_partkey = p1.p_partkey) 
join     supplier s2 on (lo_suppkey = s2.s_suppkey) 
left  join     customer c3_um on (lo_custkey = c3_um.c_custkey) 
left  join     part p4_um on (lo_partkey = p4_um.p_partkey) 
join     customer c1 on (lo_custkey = c1.c_custkey) 
left  join     part p2_um on (lo_partkey = p2_um.p_partkey) 
where lo_orderkey > 0  and (p1.p_mfgr <= 'MFGR#1' or p1.p_mfgr is null) and (p1.p_size <= 3 or p1.p_size is null)  and (s2.s_city is null or  s2.s_city in ('ALGERIA  0','ALGERIA  1','ALGERIA  2','GERMANY  0','GERMANY  1','UNITED KI2','UNITED KI3'))
and (c3_um.c_region is null or  c3_um.c_region in ('EUROPE','MIDDLE EAST','ASIA'))
and (p4_um.p_category is null or  p4_um.p_category <= 'MFGR#13')
and (c1.c_nation is null or  c1.c_nation in ('MOROCCO','RUSSIA','MOZAMBIQUE','EGYPT','JAPAN','IRAQ','BRAZIL','GERMANY','ROMANIA'))
and (p2_um.p_mfgr <= 'MFGR#1' or p2_um.p_mfgr is null) and (p2_um.p_size <= 3 or p2_um.p_size is null) group by 1,2 order by 1,2 limit 10;
p_brand1	s_city	count(*)
MFGR#111	ALGERIA  0	1
MFGR#1110	ALGERIA  2	1
MFGR#1111	GERMANY  0	1
MFGR#1111	UNITED KI3	1
MFGR#1112	ALGERIA  1	1
MFGR#1112	GERMANY  0	2
MFGR#1113	ALGERIA  0	1
MFGR#1113	ALGERIA  1	1
MFGR#1113	GERMANY  1	1
MFGR#1114	ALGERIA  2	1
select  p2_um.p_color ,  d1.d_year ,  count(*)
from  lineorder 
right  join     part p2_um on (lo_partkey = p2_um.p_partkey) 
left  join     dateinfo d1 on (lo_orderdate = d1.d_datekey) 
left  join     customer c4 on (lo_custkey = c4.c_custkey) 
left  join     supplier s1 on (lo_suppkey = s1.s_suppkey) 
join     customer c2_um on (lo_custkey = c2_um.c_custkey) 
left  join     part p3 on (lo_partkey = p3.p_partkey) 
where lo_orderkey > 0  and (p2_um.p_mfgr <= 'MFGR#1' or p2_um.p_mfgr is null) and (p2_um.p_size <= 3 or p2_um.p_size is null)  and (d1.d_yearmonth is null or  d1.d_yearmonth in ('Jan1994','Feb1994','Mar1994','Apr1994'))
and (c4.c_region is null or  c4.c_region in ('EUROPE'))
and (s1.s_region is null or  s1.s_region in ('EUROPE','MIDDLE EAST','ASIA'))
and (c2_um.c_nation is null or  c2_um.c_nation in ('MOROCCO','RUSSIA','MOZAMBIQUE','EGYPT','JAPAN','IRAQ','BRAZIL','INDONESIA','GERMANY','ROMANIA'))
and (p3.p_category is null or  p3.p_category <= 'MFGR#13')
group by 1,2 order by 1,2 limit 10;
p_color	d_year	count(*)
almond	1994	3
aquamarine	1994	3
azure	1994	2
black	1994	4
blanched	1994	2
blue	1994	1
blush	1994	3
brown	1994	4
burlywood	1994	1
burnished	1994	2
select  p3.p_category ,  d2.d_yearmonthnum ,  count(*)
from  lineorder 
join     part p3 on (lo_partkey = p3.p_partkey) 
join     dateinfo d2 on (lo_orderdate = d2.d_datekey) 
join     part p1 on (lo_partkey = p1.p_partkey) 
right  join     supplier s2 on (lo_suppkey = s2.s_suppkey) 
join     customer c3_um on (lo_custkey = c3_um.c_custkey) 
left  join     part p4_um on (lo_partkey = p4_um.p_partkey) 
where lo_orderkey > 0  and (p3.p_category is null or  p3.p_category <= 'MFGR#13')
and (d2.d_year is null or  d2.d_year = 1994)
and (p1.p_mfgr <= 'MFGR#1' or p1.p_mfgr is null) and (p1.p_size <= 3 or p1.p_size is null)  and (s2.s_city is null or  s2.s_city in ('ALGERIA  0','ALGERIA  1','ALGERIA  2','GERMANY  0','GERMANY  1','UNITED KI2','UNITED KI3'))
and (c3_um.c_region is null or  c3_um.c_region in ('EUROPE','MIDDLE EAST','ASIA'))
and (p4_um.p_category is null or  p4_um.p_category <= 'MFGR#13')
group by 1,2 order by 1,2 limit 10;
p_category	d_yearmonthnum	count(*)
MFGR#11	199401	3
MFGR#11	199402	6
MFGR#11	199403	3
MFGR#11	199404	2
MFGR#11	199405	3
MFGR#11	199406	6
MFGR#11	199407	4
MFGR#11	199408	4
MFGR#11	199409	3
MFGR#11	199410	1
select  p4_um.p_brand1 ,  c1.c_city ,  count(*)
from  lineorder 
left  join     part p4_um on (lo_partkey = p4_um.p_partkey) 
join     customer c1 on (lo_custkey = c1.c_custkey) 
join     part p2_um on (lo_partkey = p2_um.p_partkey) 
right  join     dateinfo d1 on (lo_orderdate = d1.d_datekey) 
right  join     customer c4 on (lo_custkey = c4.c_custkey) 
join     supplier s1 on (lo_suppkey = s1.s_suppkey) 
where lo_orderkey > 0  and (p4_um.p_category is null or  p4_um.p_category <= 'MFGR#13')
and (c1.c_nation is null or  c1.c_nation in ('MOROCCO','RUSSIA','MOZAMBIQUE','EGYPT','JAPAN','IRAQ','BRAZIL','GERMANY','ROMANIA'))
and (p2_um.p_mfgr <= 'MFGR#1' or p2_um.p_mfgr is null) and (p2_um.p_size <= 3 or p2_um.p_size is null)  and (d1.d_yearmonth is null or  d1.d_yearmonth in ('Jan1994','Feb1994','Mar1994','Apr1994'))
and (c4.c_region is null or  c4.c_region in ('EUROPE'))
and (s1.s_region is null or  s1.s_region in ('EUROPE','MIDDLE EAST','ASIA'))
group by 1,2 order by 1,2 limit 10;
p_brand1	c_city	count(*)
MFGR#111	ROMANIA  4	1
MFGR#1114	ROMANIA  4	1
MFGR#1114	RUSSIA   2	1
MFGR#1114	RUSSIA   7	1
MFGR#1116	ROMANIA  0	1
MFGR#1116	ROMANIA  2	1
MFGR#1116	ROMANIA  4	1
MFGR#1117	ROMANIA  0	1
MFGR#1117	ROMANIA  2	1
MFGR#1119	RUSSIA   7	1
select  s1.s_region ,  c2_um.c_nation ,  count(*)
from  lineorder 
left  join     supplier s1 on (lo_suppkey = s1.s_suppkey) 
left  join     customer c2_um on (lo_custkey = c2_um.c_custkey) 
join     part p3 on (lo_partkey = p3.p_partkey) 
left  join     dateinfo d2 on (lo_orderdate = d2.d_datekey) 
right  join     part p1 on (lo_partkey = p1.p_partkey) 
left  join     supplier s2 on (lo_suppkey = s2.s_suppkey) 
where lo_orderkey > 0  and (s1.s_region is null or  s1.s_region in ('EUROPE','MIDDLE EAST','ASIA'))
and (c2_um.c_nation is null or  c2_um.c_nation in ('MOROCCO','RUSSIA','MOZAMBIQUE','EGYPT','JAPAN','IRAQ','BRAZIL','INDONESIA','GERMANY','ROMANIA'))
and (p3.p_category is null or  p3.p_category <= 'MFGR#13')
and (d2.d_year is null or  d2.d_year = 1994)
and (p1.p_mfgr <= 'MFGR#1' or p1.p_mfgr is null) and (p1.p_size <= 3 or p1.p_size is null)  and (s2.s_city is null or  s2.s_city in ('ALGERIA  0','ALGERIA  1','ALGERIA  2','GERMANY  0','GERMANY  1','UNITED KI2','UNITED KI3'))
group by 1,2 order by 1,2 limit 10;
s_region	c_nation	count(*)
EUROPE	BRAZIL	2
EUROPE	GERMANY	2
EUROPE	INDONESIA	8
EUROPE	IRAQ	8
EUROPE	JAPAN	2
EUROPE	MOROCCO	6
EUROPE	MOZAMBIQUE	2
EUROPE	ROMANIA	3
EUROPE	RUSSIA	1
select  s2.s_city ,  c3_um.c_region ,  count(*)
from  lineorder 
join     supplier s2 on (lo_suppkey = s2.s_suppkey) 
right  join     customer c3_um on (lo_custkey = c3_um.c_custkey) 
left  join     part p4_um on (lo_partkey = p4_um.p_partkey) 
right  join     customer c1 on (lo_custkey = c1.c_custkey) 
right  join     part p2_um on (lo_partkey = p2_um.p_partkey) 
join     dateinfo d1 on (lo_orderdate = d1.d_datekey) 
where lo_orderkey > 0  and (s2.s_city is null or  s2.s_city in ('ALGERIA  0','ALGERIA  1','ALGERIA  2','GERMANY  0','GERMANY  1','UNITED KI2','UNITED KI3'))
and (c3_um.c_region is null or  c3_um.c_region in ('EUROPE','MIDDLE EAST','ASIA'))
and (p4_um.p_category is null or  p4_um.p_category <= 'MFGR#13')
and (c1.c_nation is null or  c1.c_nation in ('MOROCCO','RUSSIA','MOZAMBIQUE','EGYPT','JAPAN','IRAQ','BRAZIL','GERMANY','ROMANIA'))
and (p2_um.p_mfgr <= 'MFGR#1' or p2_um.p_mfgr is null) and (p2_um.p_size <= 3 or p2_um.p_size is null)  and (d1.d_yearmonth is null or  d1.d_yearmonth in ('Jan1994','Feb1994','Mar1994','Apr1994'))
group by 1,2 order by 1,2 limit 10;
s_city	c_region	count(*)
ALGERIA  0	EUROPE	2
ALGERIA  0	MIDDLE EAST	1
ALGERIA  1	EUROPE	2
ALGERIA  2	EUROPE	1
ALGERIA  2	MIDDLE EAST	1
GERMANY  1	MIDDLE EAST	1
UNITED KI2	ASIA	1
UNITED KI2	MIDDLE EAST	1
UNITED KI3	MIDDLE EAST	1
