USE tpch1;
select cidx, CBIGINT/CDOUBLE from datatypetestm;
cidx	CBIGINT/CDOUBLE
1	4.0071828459705646e-95
2	4.0071828481995787e-95
3	4.007182850428592e-95
4	4.007182852657606e-95
5	4.0071828548866194e-95
6	4.007182854886675e-95
7	4.007182852657662e-95
8	4.007182850428648e-95
9	4.007182848199634e-95
10	4.0071828459706205e-95
11	NULL
select cidx, CBIGINT/CFLOAT from datatypetestm;
cidx	CBIGINT/CFLOAT
1	0.00002116946628318966
2	0.000021169471413294556
3	0.000021169478253438385
4	0.000021169485093586634
5	0.00002116949022370065
6	0.00002116949022370094
7	0.00002116948509358693
8	0.00002116947825343868
9	0.00002116947141329485
10	0.000021169466283189953
11	NULL
select cidx, CDECIMAL1/CDOUBLE from datatypetestm;
cidx	CDECIMAL1/CDOUBLE
1	5.006415913906281e-108
2	4.450147481503282e-108
3	3.893879048481413e-108
4	3.3376106148406762e-108
5	2.7813421805810696e-108
6	2.7813421805810696e-108
7	3.3376106148406762e-108
8	3.893879048481413e-108
9	4.450147481503282e-108
10	5.006415913906281e-108
11	NULL
select cidx, CDECIMAL1/CFLOAT from datatypetestm;
cidx	CDECIMAL1/CFLOAT
1	2.6448294715484432e-18
2	2.350960099985347e-18
3	2.0570907521609626e-18
4	1.7632212144301512e-18
5	1.469351368100799e-18
6	1.469351368100799e-18
7	1.7632212144301512e-18
8	2.0570907521609626e-18
9	2.350960099985347e-18
10	2.6448294715484432e-18
11	NULL
select cidx, CDECIMAL4/CDOUBLE from datatypetestm;
cidx	CDECIMAL4/CDOUBLE
1	5.557121664435972e-106
2	5.551558983175344e-106
3	5.545996301908527e-106
4	5.5404336206355225e-106
5	5.5348709393563285e-106
6	5.5348709393563285e-106
7	5.5404336206355225e-106
8	5.545996301908527e-106
9	5.551558983175344e-106
10	5.557121664435972e-106
11	NULL
select cidx, CDECIMAL4/CFLOAT from datatypetestm;
cidx	CDECIMAL4/CFLOAT
1	2.935760713418772e-16
2	2.9328227247317206e-16
3	2.9298849712921144e-16
4	2.926947215954051e-16
5	2.92400922252059e-16
6	2.92400922252059e-16
7	2.926947215954051e-16
8	2.9298849712921144e-16
9	2.9328227247317206e-16
10	2.935760713418772e-16
11	NULL
select cidx, CDECIMAL4_2/CDOUBLE from datatypetestm;
cidx	CDECIMAL4_2/CDOUBLE
1	5.557121664435972e-108
2	5.551558983175344e-108
3	5.545996301908528e-108
4	5.540433620635523e-108
5	5.5348709393563284e-108
6	5.5348709393563284e-108
7	5.540433620635523e-108
8	5.545996301908528e-108
9	5.551558983175344e-108
10	5.557121664435972e-108
11	NULL
select cidx, CDECIMAL4_2/CFLOAT from datatypetestm;
cidx	CDECIMAL4_2/CFLOAT
1	2.935760713418772e-18
2	2.9328227247317205e-18
3	2.9298849712921145e-18
4	2.9269472159540512e-18
5	2.9240092225205898e-18
6	2.9240092225205898e-18
7	2.9269472159540512e-18
8	2.9298849712921145e-18
9	2.9328227247317205e-18
10	2.935760713418772e-18
11	NULL
select cidx, CDECIMAL5/CDOUBLE from datatypetestm;
cidx	CDECIMAL5/CDOUBLE
1	5.557121664435972e-106
2	5.551558983175344e-106
3	5.545996301908527e-106
4	5.5404336206355225e-106
5	5.5348709393563285e-106
6	5.5348709393563285e-106
7	5.5404336206355225e-106
8	5.545996301908527e-106
9	5.551558983175344e-106
10	5.557121664435972e-106
11	NULL
select cidx, CDECIMAL5/CFLOAT from datatypetestm;
cidx	CDECIMAL5/CFLOAT
1	2.935760713418772e-16
2	2.9328227247317206e-16
3	2.9298849712921144e-16
4	2.926947215954051e-16
5	2.92400922252059e-16
6	2.92400922252059e-16
7	2.926947215954051e-16
8	2.9298849712921144e-16
9	2.9328227247317206e-16
10	2.935760713418772e-16
11	NULL
select cidx, CDECIMAL9/CDOUBLE from datatypetestm;
cidx	CDECIMAL9/CDOUBLE
1	5.562678786100408e-103
2	5.562673226510398e-103
3	5.562667666920383e-103
4	5.562662107330362e-103
5	5.562656547740334e-103
6	5.562656547740334e-103
7	5.562662107330362e-103
8	5.562667666920383e-103
9	5.562673226510398e-103
10	5.562678786100408e-103
11	NULL
select cidx, CDECIMAL9/CFLOAT from datatypetestm;
cidx	CDECIMAL9/CFLOAT
1	0.00000000000029386964741321906
2	0.0000000000002938694247581434
3	0.00000000000029386922584124374
4	0.0000000000002938690269242156
5	0.00000000000029386880426879167
6	0.00000000000029386880426879167
7	0.0000000000002938690269242156
8	0.00000000000029386922584124374
9	0.0000000000002938694247581434
10	0.00000000000029386964741321906
11	NULL
select cidx, CDECIMAL9_2/CDOUBLE from datatypetestm;
cidx	CDECIMAL9_2/CDOUBLE
1	5.5626787861004075e-105
2	5.562673226510398e-105
3	5.5626676669203825e-105
4	5.5626621073303615e-105
5	5.562656547740334e-105
6	5.562656547740334e-105
7	5.5626621073303615e-105
8	5.5626676669203825e-105
9	5.562673226510398e-105
10	5.5626787861004075e-105
11	NULL
select cidx, CDECIMAL9_2/CFLOAT from datatypetestm;
cidx	CDECIMAL9_2/CFLOAT
1	0.0000000000000029386964741321907
2	0.0000000000000029386942475814338
3	0.0000000000000029386922584124376
4	0.0000000000000029386902692421555
5	0.0000000000000029386880426879173
6	0.0000000000000029386880426879173
7	0.0000000000000029386902692421555
8	0.0000000000000029386922584124376
9	0.0000000000000029386942475814338
10	0.0000000000000029386964741321907
11	NULL
select cidx, CDECIMAL10/CDOUBLE from datatypetestm;
cidx	CDECIMAL10/CDOUBLE
1	5.562683792516322e-102
2	5.562683239342232e-102
3	5.562682686168141e-102
4	5.5626821329940505e-102
5	5.5626815798199585e-102
6	5.5626815798199585e-102
7	5.5626821329940505e-102
8	5.562682686168141e-102
9	5.562683239342232e-102
10	5.562683792516322e-102
11	NULL
select cidx, CDECIMAL10/CFLOAT from datatypetestm;
cidx	CDECIMAL10/CFLOAT
1	0.000000000002938699118961662
2	0.000000000002938699537241659
3	0.0000000000029387001929053386
4	0.0000000000029387008485694425
5	0.00000000000293870126685023
6	0.00000000000293870126685023
7	0.0000000000029387008485694425
8	0.0000000000029387001929053386
9	0.000000000002938699537241659
10	0.000000000002938699118961662
11	NULL
select cidx, CDECIMAL18/CDOUBLE from datatypetestm;
cidx	CDECIMAL18/CDOUBLE
1	5.5626843487842004e-96
2	5.56268435187799e-96
3	5.562684354971779e-96
4	5.562684358065569e-96
5	5.562684361159358e-96
6	5.562684361159358e-96
7	5.562684358065569e-96
8	5.562684354971779e-96
9	5.56268435187799e-96
10	5.5626843487842004e-96
11	NULL
select cidx, CDECIMAL18/CFLOAT from datatypetestm;
cidx	CDECIMAL18/CFLOAT
1	0.00000293869941283131
2	0.000002938700124981096
3	0.0000029387010745147794
4	0.0000029387020240490767
5	0.0000029387027362001286
6	0.0000029387027362001286
7	0.0000029387020240490767
8	0.0000029387010745147794
9	0.000002938700124981096
10	0.00000293869941283131
11	NULL
select cidx, CDECIMAL18_2/CDOUBLE from datatypetestm;
cidx	CDECIMAL18_2/CDOUBLE
1	5.5626843487842005e-98
2	5.5626843518779895e-98
3	5.562684354971779e-98
4	5.562684358065569e-98
5	5.562684361159358e-98
6	5.562684361159358e-98
7	5.562684358065569e-98
8	5.562684354971779e-98
9	5.5626843518779895e-98
10	5.5626843487842005e-98
11	NULL
select cidx, CDECIMAL18_2/CFLOAT from datatypetestm;
cidx	CDECIMAL18_2/CFLOAT
1	0.0000000293869941283131
2	0.00000002938700124981096
3	0.000000029387010745147795
4	0.00000002938702024049077
5	0.000000029387027362001284
6	0.000000029387027362001284
7	0.00000002938702024049077
8	0.000000029387010745147795
9	0.00000002938700124981096
10	0.0000000293869941283131
11	NULL
select cidx, CINTEGER/CDOUBLE from datatypetestm;
cidx	CINTEGER/CDOUBLE
1	4.162916047604565e-102
2	4.162915493651829e-102
3	4.1629149396990914e-102
4	4.162914385746354e-102
5	4.162913831793615e-102
6	4.1629143880620516e-102
7	4.16291494201479e-102
8	4.162915495967527e-102
9	4.1629160499202635e-102
10	4.162916603873e-102
11	NULL
select cidx, CINTEGER/CFLOAT from datatypetestm;
cidx	CINTEGER/CFLOAT
1	0.000000000002199218610603958
2	0.0000000000021992188496818555
3	0.000000000002199219266409268
4	0.00000000000219921968313695
5	0.00000000000219921992221532
6	0.0000000000021992202160855934
7	0.0000000000021992199770071525
8	0.0000000000021992195602793756
9	0.0000000000021992191435518677
10	0.000000000002199218904473899
11	NULL
select cidx, CSMALLINT/CDOUBLE from datatypetestm;
cidx	CSMALLINT/CDOUBLE
1	4.2610162111691234e-106
2	4.2554535291875133e-106
3	4.249890847199714e-106
4	4.2443281652057266e-106
5	4.2387654832055504e-106
6	4.2443281675667123e-106
7	4.249890849563795e-106
8	4.2554535315546874e-106
9	4.261016213539392e-106
10	4.2665788955179085e-106
11	NULL
select cidx, CSMALLINT/CFLOAT from datatypetestm;
cidx	CSMALLINT/CFLOAT
1	2.2510437502290083e-16
2	2.248105595610988e-16
3	2.245167620929965e-16
4	2.242229644350342e-16
5	2.2392914849856176e-16
6	2.242230187721819e-16
7	2.2451683463743926e-16
8	2.248106322004481e-16
9	2.25104429573597e-16
10	2.25398244964184e-16
11	NULL
select cidx, CTINYINT/CDOUBLE from datatypetestm;
cidx	CTINYINT/CDOUBLE
1	1.446297930684037e-107
2	1.3906710879697755e-107
3	1.3350442451936275e-107
4	1.2794174023555927e-107
5	1.2237905594556707e-107
6	1.279417403067292e-107
7	1.3350442459362705e-107
8	1.3906710887433618e-107
9	1.4462979314885666e-107
10	1.5019247741718844e-107
11	NULL
select cidx, CTINYINT/CFLOAT from datatypetestm;
cidx	CTINYINT/CFLOAT
1	7.640618473362169e-18
2	7.34675031245421e-18
3	7.052882578837587e-18
4	6.7590146553155795e-18
5	6.465146019643516e-18
6	6.759016293263675e-18
7	7.052884857720605e-18
8	7.346752686289152e-18
9	7.640620324952378e-18
10	7.93448841464533e-18
11	NULL
select cidx, CBIGINT from datatypetestm where CBIGINT/CDOUBLE = 0;
cidx	CBIGINT
select cidx, CBIGINT from datatypetestm where CBIGINT/CDOUBLE <> 0;
cidx	CBIGINT
1	-72036854775806
2	-72036854775805
3	-72036854775804
4	-72036854775803
5	-72036854775802
6	72036854775803
7	72036854775804
8	72036854775805
9	72036854775806
10	72036854775807
select cidx, CBIGINT from datatypetestm where CBIGINT/CDOUBLE < 0;
cidx	CBIGINT
select cidx, CBIGINT from datatypetestm where CBIGINT/CDOUBLE > 0;
cidx	CBIGINT
1	-72036854775806
2	-72036854775805
3	-72036854775804
4	-72036854775803
5	-72036854775802
6	72036854775803
7	72036854775804
8	72036854775805
9	72036854775806
10	72036854775807
select cidx, CBIGINT from datatypetestm where CBIGINT/CFLOAT = 0;
cidx	CBIGINT
select cidx, CBIGINT from datatypetestm where CBIGINT/CFLOAT <> 0;
cidx	CBIGINT
1	-72036854775806
2	-72036854775805
3	-72036854775804
4	-72036854775803
5	-72036854775802
6	72036854775803
7	72036854775804
8	72036854775805
9	72036854775806
10	72036854775807
select cidx, CBIGINT from datatypetestm where CBIGINT/CFLOAT < 0;
cidx	CBIGINT
select cidx, CBIGINT from datatypetestm where CBIGINT/CFLOAT > 0;
cidx	CBIGINT
1	-72036854775806
2	-72036854775805
3	-72036854775804
4	-72036854775803
5	-72036854775802
6	72036854775803
7	72036854775804
8	72036854775805
9	72036854775806
10	72036854775807
select cidx, CDECIMAL1 from datatypetestm where CDECIMAL1/CDOUBLE = 0;
cidx	CDECIMAL1
select cidx, CDECIMAL1 from datatypetestm where CDECIMAL1/CDOUBLE <> 0;
cidx	CDECIMAL1
1	-9
2	-8
3	-7
4	-6
5	-5
6	5
7	6
8	7
9	8
10	9
select cidx, CDECIMAL1 from datatypetestm where CDECIMAL1/CDOUBLE < 0;
cidx	CDECIMAL1
select cidx, CDECIMAL1 from datatypetestm where CDECIMAL1/CDOUBLE > 0;
cidx	CDECIMAL1
1	-9
2	-8
3	-7
4	-6
5	-5
6	5
7	6
8	7
9	8
10	9
select cidx, CDECIMAL1 from datatypetestm where CDECIMAL1/CFLOAT = 0;
cidx	CDECIMAL1
select cidx, CDECIMAL1 from datatypetestm where CDECIMAL1/CFLOAT <> 0;
cidx	CDECIMAL1
1	-9
2	-8
3	-7
4	-6
5	-5
6	5
7	6
8	7
9	8
10	9
select cidx, CDECIMAL1 from datatypetestm where CDECIMAL1/CFLOAT < 0;
cidx	CDECIMAL1
select cidx, CDECIMAL1 from datatypetestm where CDECIMAL1/CFLOAT > 0;
cidx	CDECIMAL1
1	-9
2	-8
3	-7
4	-6
5	-5
6	5
7	6
8	7
9	8
10	9
select cidx, CDECIMAL4 from datatypetestm where CDECIMAL4/CDOUBLE = 0;
cidx	CDECIMAL4
select cidx, CDECIMAL4 from datatypetestm where CDECIMAL4/CDOUBLE <> 0;
cidx	CDECIMAL4
1	-999
2	-998
3	-997
4	-996
5	-995
6	995
7	996
8	997
9	998
10	999
select cidx, CDECIMAL4 from datatypetestm where CDECIMAL4/CDOUBLE < 0;
cidx	CDECIMAL4
select cidx, CDECIMAL4 from datatypetestm where CDECIMAL4/CDOUBLE > 0;
cidx	CDECIMAL4
1	-999
2	-998
3	-997
4	-996
5	-995
6	995
7	996
8	997
9	998
10	999
select cidx, CDECIMAL4 from datatypetestm where CDECIMAL4/CFLOAT = 0;
cidx	CDECIMAL4
select cidx, CDECIMAL4 from datatypetestm where CDECIMAL4/CFLOAT <> 0;
cidx	CDECIMAL4
1	-999
2	-998
3	-997
4	-996
5	-995
6	995
7	996
8	997
9	998
10	999
select cidx, CDECIMAL4 from datatypetestm where CDECIMAL4/CFLOAT < 0;
cidx	CDECIMAL4
select cidx, CDECIMAL4 from datatypetestm where CDECIMAL4/CFLOAT > 0;
cidx	CDECIMAL4
1	-999
2	-998
3	-997
4	-996
5	-995
6	995
7	996
8	997
9	998
10	999
select cidx, CDECIMAL4_2 from datatypetestm where CDECIMAL4_2/CDOUBLE = 0;
cidx	CDECIMAL4_2
select cidx, CDECIMAL4_2 from datatypetestm where CDECIMAL4_2/CDOUBLE <> 0;
cidx	CDECIMAL4_2
1	-9.99
2	-9.98
3	-9.97
4	-9.96
5	-9.95
6	9.95
7	9.96
8	9.97
9	9.98
10	9.99
select cidx, CDECIMAL4_2 from datatypetestm where CDECIMAL4_2/CDOUBLE < 0;
cidx	CDECIMAL4_2
select cidx, CDECIMAL4_2 from datatypetestm where CDECIMAL4_2/CDOUBLE > 0;
cidx	CDECIMAL4_2
1	-9.99
2	-9.98
3	-9.97
4	-9.96
5	-9.95
6	9.95
7	9.96
8	9.97
9	9.98
10	9.99
select cidx, CDECIMAL4_2 from datatypetestm where CDECIMAL4_2/CFLOAT = 0;
cidx	CDECIMAL4_2
select cidx, CDECIMAL4_2 from datatypetestm where CDECIMAL4_2/CFLOAT <> 0;
cidx	CDECIMAL4_2
1	-9.99
2	-9.98
3	-9.97
4	-9.96
5	-9.95
6	9.95
7	9.96
8	9.97
9	9.98
10	9.99
select cidx, CDECIMAL4_2 from datatypetestm where CDECIMAL4_2/CFLOAT < 0;
cidx	CDECIMAL4_2
select cidx, CDECIMAL4_2 from datatypetestm where CDECIMAL4_2/CFLOAT > 0;
cidx	CDECIMAL4_2
1	-9.99
2	-9.98
3	-9.97
4	-9.96
5	-9.95
6	9.95
7	9.96
8	9.97
9	9.98
10	9.99
select cidx, CDECIMAL5 from datatypetestm where CDECIMAL5/CDOUBLE = 0;
cidx	CDECIMAL5
select cidx, CDECIMAL5 from datatypetestm where CDECIMAL5/CDOUBLE <> 0;
cidx	CDECIMAL5
1	-999
2	-998
3	-997
4	-996
5	-995
6	995
7	996
8	997
9	998
10	999
select cidx, CDECIMAL5 from datatypetestm where CDECIMAL5/CDOUBLE < 0;
cidx	CDECIMAL5
select cidx, CDECIMAL5 from datatypetestm where CDECIMAL5/CDOUBLE > 0;
cidx	CDECIMAL5
1	-999
2	-998
3	-997
4	-996
5	-995
6	995
7	996
8	997
9	998
10	999
select cidx, CDECIMAL5 from datatypetestm where CDECIMAL5/CFLOAT = 0;
cidx	CDECIMAL5
select cidx, CDECIMAL5 from datatypetestm where CDECIMAL5/CFLOAT <> 0;
cidx	CDECIMAL5
1	-999
2	-998
3	-997
4	-996
5	-995
6	995
7	996
8	997
9	998
10	999
select cidx, CDECIMAL5 from datatypetestm where CDECIMAL5/CFLOAT < 0;
cidx	CDECIMAL5
select cidx, CDECIMAL5 from datatypetestm where CDECIMAL5/CFLOAT > 0;
cidx	CDECIMAL5
1	-999
2	-998
3	-997
4	-996
5	-995
6	995
7	996
8	997
9	998
10	999
select cidx, CDECIMAL9 from datatypetestm where CDECIMAL9/CDOUBLE = 0;
cidx	CDECIMAL9
select cidx, CDECIMAL9 from datatypetestm where CDECIMAL9/CDOUBLE <> 0;
cidx	CDECIMAL9
1	-999999
2	-999998
3	-999997
4	-999996
5	-999995
6	999995
7	999996
8	999997
9	999998
10	999999
select cidx, CDECIMAL9 from datatypetestm where CDECIMAL9/CDOUBLE < 0;
cidx	CDECIMAL9
select cidx, CDECIMAL9 from datatypetestm where CDECIMAL9/CDOUBLE > 0;
cidx	CDECIMAL9
1	-999999
2	-999998
3	-999997
4	-999996
5	-999995
6	999995
7	999996
8	999997
9	999998
10	999999
select cidx, CDECIMAL9 from datatypetestm where CDECIMAL9/CFLOAT = 0;
cidx	CDECIMAL9
select cidx, CDECIMAL9 from datatypetestm where CDECIMAL9/CFLOAT <> 0;
cidx	CDECIMAL9
1	-999999
2	-999998
3	-999997
4	-999996
5	-999995
6	999995
7	999996
8	999997
9	999998
10	999999
select cidx, CDECIMAL9 from datatypetestm where CDECIMAL9/CFLOAT < 0;
cidx	CDECIMAL9
select cidx, CDECIMAL9 from datatypetestm where CDECIMAL9/CFLOAT > 0;
cidx	CDECIMAL9
1	-999999
2	-999998
3	-999997
4	-999996
5	-999995
6	999995
7	999996
8	999997
9	999998
10	999999
select cidx, CDECIMAL9_2 from datatypetestm where CDECIMAL9_2/CDOUBLE = 0;
cidx	CDECIMAL9_2
select cidx, CDECIMAL9_2 from datatypetestm where CDECIMAL9_2/CDOUBLE <> 0;
cidx	CDECIMAL9_2
1	-9999.99
2	-9999.98
3	-9999.97
4	-9999.96
5	-9999.95
6	9999.95
7	9999.96
8	9999.97
9	9999.98
10	9999.99
select cidx, CDECIMAL9_2 from datatypetestm where CDECIMAL9_2/CDOUBLE < 0;
cidx	CDECIMAL9_2
select cidx, CDECIMAL9_2 from datatypetestm where CDECIMAL9_2/CDOUBLE > 0;
cidx	CDECIMAL9_2
1	-9999.99
2	-9999.98
3	-9999.97
4	-9999.96
5	-9999.95
6	9999.95
7	9999.96
8	9999.97
9	9999.98
10	9999.99
select cidx, CDECIMAL9_2 from datatypetestm where CDECIMAL9_2/CFLOAT = 0;
cidx	CDECIMAL9_2
select cidx, CDECIMAL9_2 from datatypetestm where CDECIMAL9_2/CFLOAT <> 0;
cidx	CDECIMAL9_2
1	-9999.99
2	-9999.98
3	-9999.97
4	-9999.96
5	-9999.95
6	9999.95
7	9999.96
8	9999.97
9	9999.98
10	9999.99
select cidx, CDECIMAL9_2 from datatypetestm where CDECIMAL9_2/CFLOAT < 0;
cidx	CDECIMAL9_2
select cidx, CDECIMAL9_2 from datatypetestm where CDECIMAL9_2/CFLOAT > 0;
cidx	CDECIMAL9_2
1	-9999.99
2	-9999.98
3	-9999.97
4	-9999.96
5	-9999.95
6	9999.95
7	9999.96
8	9999.97
9	9999.98
10	9999.99
select cidx, CDECIMAL10 from datatypetestm where CDECIMAL10/CDOUBLE = 0;
cidx	CDECIMAL10
select cidx, CDECIMAL10 from datatypetestm where CDECIMAL10/CDOUBLE <> 0;
cidx	CDECIMAL10
1	-9999999
2	-9999998
3	-9999997
4	-9999996
5	-9999995
6	9999995
7	9999996
8	9999997
9	9999998
10	9999999
select cidx, CDECIMAL10 from datatypetestm where CDECIMAL10/CDOUBLE < 0;
cidx	CDECIMAL10
select cidx, CDECIMAL10 from datatypetestm where CDECIMAL10/CDOUBLE > 0;
cidx	CDECIMAL10
1	-9999999
2	-9999998
3	-9999997
4	-9999996
5	-9999995
6	9999995
7	9999996
8	9999997
9	9999998
10	9999999
select cidx, CDECIMAL10 from datatypetestm where CDECIMAL10/CFLOAT = 0;
cidx	CDECIMAL10
select cidx, CDECIMAL10 from datatypetestm where CDECIMAL10/CFLOAT <> 0;
cidx	CDECIMAL10
1	-9999999
2	-9999998
3	-9999997
4	-9999996
5	-9999995
6	9999995
7	9999996
8	9999997
9	9999998
10	9999999
select cidx, CDECIMAL10 from datatypetestm where CDECIMAL10/CFLOAT < 0;
cidx	CDECIMAL10
select cidx, CDECIMAL10 from datatypetestm where CDECIMAL10/CFLOAT > 0;
cidx	CDECIMAL10
1	-9999999
2	-9999998
3	-9999997
4	-9999996
5	-9999995
6	9999995
7	9999996
8	9999997
9	9999998
10	9999999
select cidx, CDECIMAL18 from datatypetestm where CDECIMAL18/CDOUBLE = 0;
cidx	CDECIMAL18
select cidx, CDECIMAL18 from datatypetestm where CDECIMAL18/CDOUBLE <> 0;
cidx	CDECIMAL18
1	-9999999999999
2	-9999999999998
3	-9999999999997
4	-9999999999996
5	-9999999999995
6	9999999999995
7	9999999999996
8	9999999999997
9	9999999999998
10	9999999999999
select cidx, CDECIMAL18 from datatypetestm where CDECIMAL18/CDOUBLE < 0;
cidx	CDECIMAL18
select cidx, CDECIMAL18 from datatypetestm where CDECIMAL18/CDOUBLE > 0;
cidx	CDECIMAL18
1	-9999999999999
2	-9999999999998
3	-9999999999997
4	-9999999999996
5	-9999999999995
6	9999999999995
7	9999999999996
8	9999999999997
9	9999999999998
10	9999999999999
select cidx, CDECIMAL18 from datatypetestm where CDECIMAL18/CFLOAT = 0;
cidx	CDECIMAL18
select cidx, CDECIMAL18 from datatypetestm where CDECIMAL18/CFLOAT <> 0;
cidx	CDECIMAL18
1	-9999999999999
2	-9999999999998
3	-9999999999997
4	-9999999999996
5	-9999999999995
6	9999999999995
7	9999999999996
8	9999999999997
9	9999999999998
10	9999999999999
select cidx, CDECIMAL18 from datatypetestm where CDECIMAL18/CFLOAT < 0;
cidx	CDECIMAL18
select cidx, CDECIMAL18 from datatypetestm where CDECIMAL18/CFLOAT > 0;
cidx	CDECIMAL18
1	-9999999999999
2	-9999999999998
3	-9999999999997
4	-9999999999996
5	-9999999999995
6	9999999999995
7	9999999999996
8	9999999999997
9	9999999999998
10	9999999999999
select cidx, CDECIMAL18_2 from datatypetestm where CDECIMAL18_2/CDOUBLE = 0;
cidx	CDECIMAL18_2
select cidx, CDECIMAL18_2 from datatypetestm where CDECIMAL18_2/CDOUBLE <> 0;
cidx	CDECIMAL18_2
1	-99999999999.99
2	-99999999999.98
3	-99999999999.97
4	-99999999999.96
5	-99999999999.95
6	99999999999.95
7	99999999999.96
8	99999999999.97
9	99999999999.98
10	99999999999.99
select cidx, CDECIMAL18_2 from datatypetestm where CDECIMAL18_2/CDOUBLE < 0;
cidx	CDECIMAL18_2
select cidx, CDECIMAL18_2 from datatypetestm where CDECIMAL18_2/CDOUBLE > 0;
cidx	CDECIMAL18_2
1	-99999999999.99
2	-99999999999.98
3	-99999999999.97
4	-99999999999.96
5	-99999999999.95
6	99999999999.95
7	99999999999.96
8	99999999999.97
9	99999999999.98
10	99999999999.99
select cidx, CDECIMAL18_2 from datatypetestm where CDECIMAL18_2/CFLOAT = 0;
cidx	CDECIMAL18_2
select cidx, CDECIMAL18_2 from datatypetestm where CDECIMAL18_2/CFLOAT <> 0;
cidx	CDECIMAL18_2
1	-99999999999.99
2	-99999999999.98
3	-99999999999.97
4	-99999999999.96
5	-99999999999.95
6	99999999999.95
7	99999999999.96
8	99999999999.97
9	99999999999.98
10	99999999999.99
select cidx, CDECIMAL18_2 from datatypetestm where CDECIMAL18_2/CFLOAT < 0;
cidx	CDECIMAL18_2
select cidx, CDECIMAL18_2 from datatypetestm where CDECIMAL18_2/CFLOAT > 0;
cidx	CDECIMAL18_2
1	-99999999999.99
2	-99999999999.98
3	-99999999999.97
4	-99999999999.96
5	-99999999999.95
6	99999999999.95
7	99999999999.96
8	99999999999.97
9	99999999999.98
10	99999999999.99
select cidx, CINTEGER from datatypetestm where CINTEGER/CDOUBLE = 0;
cidx	CINTEGER
select cidx, CINTEGER from datatypetestm where CINTEGER/CDOUBLE <> 0;
cidx	CINTEGER
1	-7483646
2	-7483645
3	-7483644
4	-7483643
5	-7483642
6	7483643
7	7483644
8	7483645
9	7483646
10	7483647
select cidx, CINTEGER from datatypetestm where CINTEGER/CDOUBLE < 0;
cidx	CINTEGER
select cidx, CINTEGER from datatypetestm where CINTEGER/CDOUBLE > 0;
cidx	CINTEGER
1	-7483646
2	-7483645
3	-7483644
4	-7483643
5	-7483642
6	7483643
7	7483644
8	7483645
9	7483646
10	7483647
select cidx, CINTEGER from datatypetestm where CINTEGER/CFLOAT = 0;
cidx	CINTEGER
select cidx, CINTEGER from datatypetestm where CINTEGER/CFLOAT <> 0;
cidx	CINTEGER
1	-7483646
2	-7483645
3	-7483644
4	-7483643
5	-7483642
6	7483643
7	7483644
8	7483645
9	7483646
10	7483647
select cidx, CINTEGER from datatypetestm where CINTEGER/CFLOAT < 0;
cidx	CINTEGER
select cidx, CINTEGER from datatypetestm where CINTEGER/CFLOAT > 0;
cidx	CINTEGER
1	-7483646
2	-7483645
3	-7483644
4	-7483643
5	-7483642
6	7483643
7	7483644
8	7483645
9	7483646
10	7483647
select cidx, CSMALLINT from datatypetestm where CSMALLINT/CDOUBLE = 0;
cidx	CSMALLINT
select cidx, CSMALLINT from datatypetestm where CSMALLINT/CDOUBLE <> 0;
cidx	CSMALLINT
1	-766
2	-765
3	-764
4	-763
5	-762
6	763
7	764
8	765
9	766
10	767
select cidx, CSMALLINT from datatypetestm where CSMALLINT/CDOUBLE < 0;
cidx	CSMALLINT
select cidx, CSMALLINT from datatypetestm where CSMALLINT/CDOUBLE > 0;
cidx	CSMALLINT
1	-766
2	-765
3	-764
4	-763
5	-762
6	763
7	764
8	765
9	766
10	767
select cidx, CSMALLINT from datatypetestm where CSMALLINT/CFLOAT = 0;
cidx	CSMALLINT
select cidx, CSMALLINT from datatypetestm where CSMALLINT/CFLOAT <> 0;
cidx	CSMALLINT
1	-766
2	-765
3	-764
4	-763
5	-762
6	763
7	764
8	765
9	766
10	767
select cidx, CSMALLINT from datatypetestm where CSMALLINT/CFLOAT < 0;
cidx	CSMALLINT
select cidx, CSMALLINT from datatypetestm where CSMALLINT/CFLOAT > 0;
cidx	CSMALLINT
1	-766
2	-765
3	-764
4	-763
5	-762
6	763
7	764
8	765
9	766
10	767
select cidx, CTINYINT from datatypetestm where CTINYINT/CDOUBLE = 0;
cidx	CTINYINT
select cidx, CTINYINT from datatypetestm where CTINYINT/CDOUBLE <> 0;
cidx	CTINYINT
1	-26
2	-25
3	-24
4	-23
5	-22
6	23
7	24
8	25
9	26
10	27
select cidx, CTINYINT from datatypetestm where CTINYINT/CDOUBLE < 0;
cidx	CTINYINT
select cidx, CTINYINT from datatypetestm where CTINYINT/CDOUBLE > 0;
cidx	CTINYINT
1	-26
2	-25
3	-24
4	-23
5	-22
6	23
7	24
8	25
9	26
10	27
select cidx, CTINYINT from datatypetestm where CTINYINT/CFLOAT = 0;
cidx	CTINYINT
select cidx, CTINYINT from datatypetestm where CTINYINT/CFLOAT <> 0;
cidx	CTINYINT
1	-26
2	-25
3	-24
4	-23
5	-22
6	23
7	24
8	25
9	26
10	27
select cidx, CTINYINT from datatypetestm where CTINYINT/CFLOAT < 0;
cidx	CTINYINT
select cidx, CTINYINT from datatypetestm where CTINYINT/CFLOAT > 0;
cidx	CTINYINT
1	-26
2	-25
3	-24
4	-23
5	-22
6	23
7	24
8	25
9	26
10	27
