USE ssb1;
select  d1.d_year ,  s2.s_city ,  count(*)
from  lineorder 
join     dateinfo d1 on (lo_orderdate = d1.d_datekey) 
join     supplier s2 on (lo_suppkey = s2.s_suppkey) 
join     customer c4 on (lo_custkey = c4.c_custkey) 
right  join     customer c1 on (lo_custkey = c1.c_custkey) 
left  join     customer c3_um on (lo_custkey = c3_um.c_custkey) 
where lo_orderkey > 0  and (d1.d_yearmonth is null or  d1.d_yearmonth in ('Jan1994','Feb1994','Mar1994','Apr1994'))
and (s2.s_city is null or  s2.s_city in ('ALGERIA  0','ALGERIA  1','ALGERIA  2','GERMANY  0','GERMANY  1','UNITED KI2','UNITED KI3'))
and (c4.c_region is null or  c4.c_region in ('EUROPE'))
and (c1.c_nation is null or  c1.c_nation in ('MOROCCO','RUSSIA','MOZAMBIQUE','EGYPT','JAPAN','IRAQ','BRAZIL','GERMANY','ROMANIA'))
and (c3_um.c_region is null or  c3_um.c_region in ('EUROPE','MIDDLE EAST','ASIA'))
group by 1,2 order by 1,2 limit 10;
d_year	s_city	count(*)
1994	ALGERIA  0	159
1994	ALGERIA  1	144
1994	ALGERIA  2	163
1994	GERMANY  0	115
1994	GERMANY  1	148
1994	UNITED KI2	114
1994	UNITED KI3	148
select  d2.d_yearmonthnum ,  s1.s_region ,  count(*)
from  lineorder 
join     dateinfo d2 on (lo_orderdate = d2.d_datekey) 
left  join     supplier s1 on (lo_suppkey = s1.s_suppkey) 
right  join     customer c3_um on (lo_custkey = c3_um.c_custkey) 
join     customer c2_um on (lo_custkey = c2_um.c_custkey) 
right  join     customer c4 on (lo_custkey = c4.c_custkey) 
where lo_orderkey > 0  and (d2.d_year is null or  d2.d_year = 1994)
and (s1.s_region is null or  s1.s_region in ('EUROPE','MIDDLE EAST','ASIA'))
and (c3_um.c_region is null or  c3_um.c_region in ('EUROPE','MIDDLE EAST','ASIA'))
and (c2_um.c_nation is null or  c2_um.c_nation in ('MOROCCO','RUSSIA','MOZAMBIQUE','EGYPT','JAPAN','IRAQ','BRAZIL','INDONESIA','GERMANY','ROMANIA'))
and (c4.c_region is null or  c4.c_region in ('EUROPE'))
group by 1,2 order by 1,2 limit 10;
d_yearmonthnum	s_region	count(*)
199401	ASIA	2038
199401	EUROPE	1955
199401	MIDDLE EAST	1979
199402	ASIA	1638
199402	EUROPE	1595
199402	MIDDLE EAST	1548
199403	ASIA	1887
199403	EUROPE	1892
199403	MIDDLE EAST	1993
199404	ASIA	1806
select  c1.c_city ,  p4_um.p_brand1 ,  count(*)
from  lineorder 
join     customer c1 on (lo_custkey = c1.c_custkey) 
right  join     part p4_um on (lo_partkey = p4_um.p_partkey) 
right  join     customer c2_um on (lo_custkey = c2_um.c_custkey) 
right  join     customer c3_um on (lo_custkey = c3_um.c_custkey) 
join     part p1 on (lo_partkey = p1.p_partkey) 
where lo_orderkey > 0  and (c1.c_nation is null or  c1.c_nation in ('MOROCCO','RUSSIA','MOZAMBIQUE','EGYPT','JAPAN','IRAQ','BRAZIL','GERMANY','ROMANIA'))
and (p4_um.p_category is null or  p4_um.p_category <= 'MFGR#13')
and (c2_um.c_nation is null or  c2_um.c_nation in ('MOROCCO','RUSSIA','MOZAMBIQUE','EGYPT','JAPAN','IRAQ','BRAZIL','INDONESIA','GERMANY','ROMANIA'))
and (c3_um.c_region is null or  c3_um.c_region in ('EUROPE','MIDDLE EAST','ASIA'))
and (p1.p_mfgr <= 'MFGR#1' or p1.p_mfgr is null) and (p1.p_size <= 3 or p1.p_size is null) group by 1,2 order by 1,2 limit 10;
c_city	p_brand1	count(*)
EGYPT    0	MFGR#111	1
EGYPT    0	MFGR#1112	2
EGYPT    0	MFGR#1113	3
EGYPT    0	MFGR#1114	2
EGYPT    0	MFGR#1115	1
EGYPT    0	MFGR#1116	2
EGYPT    0	MFGR#1117	2
EGYPT    0	MFGR#1118	2
EGYPT    0	MFGR#1119	2
EGYPT    0	MFGR#112	1
select  c2_um.c_nation ,  p3.p_category ,  count(*)
from  lineorder 
join     customer c2_um on (lo_custkey = c2_um.c_custkey) 
right  join     part p3 on (lo_partkey = p3.p_partkey) 
right  join     customer c1 on (lo_custkey = c1.c_custkey) 
left  join     customer c4 on (lo_custkey = c4.c_custkey) 
right  join     part p2_um on (lo_partkey = p2_um.p_partkey) 
where lo_orderkey > 0  and (c2_um.c_nation is null or  c2_um.c_nation in ('MOROCCO','RUSSIA','MOZAMBIQUE','EGYPT','JAPAN','IRAQ','BRAZIL','INDONESIA','GERMANY','ROMANIA'))
and (p3.p_category is null or  p3.p_category <= 'MFGR#13')
and (c1.c_nation is null or  c1.c_nation in ('MOROCCO','RUSSIA','MOZAMBIQUE','EGYPT','JAPAN','IRAQ','BRAZIL','GERMANY','ROMANIA'))
and (c4.c_region is null or  c4.c_region in ('EUROPE'))
and (p2_um.p_mfgr <= 'MFGR#1' or p2_um.p_mfgr is null) and (p2_um.p_size <= 3 or p2_um.p_size is null) group by 1,2 order by 1,2 limit 10;
c_nation	p_category	count(*)
GERMANY	MFGR#11	649
GERMANY	MFGR#12	571
GERMANY	MFGR#13	619
ROMANIA	MFGR#11	634
ROMANIA	MFGR#12	617
ROMANIA	MFGR#13	536
RUSSIA	MFGR#11	614
RUSSIA	MFGR#12	581
RUSSIA	MFGR#13	575
select  c3_um.c_region ,  p2_um.p_color ,  count(*)
from  lineorder 
left  join     customer c3_um on (lo_custkey = c3_um.c_custkey) 
right  join     part p2_um on (lo_partkey = p2_um.p_partkey) 
right  join     dateinfo d2 on (lo_orderdate = d2.d_datekey) 
right  join     part p1 on (lo_partkey = p1.p_partkey) 
right  join     part p3 on (lo_partkey = p3.p_partkey) 
where lo_orderkey > 0  and (c3_um.c_region is null or  c3_um.c_region in ('EUROPE','MIDDLE EAST','ASIA'))
and (p2_um.p_mfgr <= 'MFGR#1' or p2_um.p_mfgr is null) and (p2_um.p_size <= 3 or p2_um.p_size is null)  and (d2.d_year is null or  d2.d_year = 1994)
and (p1.p_mfgr <= 'MFGR#1' or p1.p_mfgr is null) and (p1.p_size <= 3 or p1.p_size is null)  and (p3.p_category is null or  p3.p_category <= 'MFGR#13')
group by 1,2 order by 1,2 limit 10;
c_region	p_color	count(*)
ASIA	almond	28
ASIA	antique	11
ASIA	aquamarine	14
ASIA	azure	16
ASIA	beige	8
ASIA	bisque	35
ASIA	black	20
ASIA	blanched	29
ASIA	blue	16
ASIA	blush	11
select  c4.c_city ,  p1.p_brand1 ,  count(*)
from  lineorder 
left  join     customer c4 on (lo_custkey = c4.c_custkey) 
left  join     part p1 on (lo_partkey = p1.p_partkey) 
right  join     dateinfo d1 on (lo_orderdate = d1.d_datekey) 
left  join     part p2_um on (lo_partkey = p2_um.p_partkey) 
right  join     part p4_um on (lo_partkey = p4_um.p_partkey) 
where lo_orderkey > 0  and (c4.c_region is null or  c4.c_region in ('EUROPE'))
and (p1.p_mfgr <= 'MFGR#1' or p1.p_mfgr is null) and (p1.p_size <= 3 or p1.p_size is null)  and (d1.d_yearmonth is null or  d1.d_yearmonth in ('Jan1994','Feb1994','Mar1994','Apr1994'))
and (p2_um.p_mfgr <= 'MFGR#1' or p2_um.p_mfgr is null) and (p2_um.p_size <= 3 or p2_um.p_size is null)  and (p4_um.p_category is null or  p4_um.p_category <= 'MFGR#13')
group by 1,2 order by 1,2 limit 10;
c_city	p_brand1	count(*)
FRANCE   0	MFGR#1111	1
FRANCE   0	MFGR#1116	1
FRANCE   0	MFGR#1121	1
FRANCE   0	MFGR#1123	1
FRANCE   0	MFGR#1126	1
FRANCE   0	MFGR#1210	1
FRANCE   0	MFGR#1211	1
FRANCE   0	MFGR#1216	1
FRANCE   0	MFGR#1218	2
FRANCE   0	MFGR#1239	1
select  p1.p_brand1 ,  c4.c_city ,  count(*)
from  lineorder 
right  join     part p1 on (lo_partkey = p1.p_partkey) 
right  join     customer c4 on (lo_custkey = c4.c_custkey) 
join     supplier s2 on (lo_suppkey = s2.s_suppkey) 
right  join     part p3 on (lo_partkey = p3.p_partkey) 
left  join     supplier s1 on (lo_suppkey = s1.s_suppkey) 
where lo_orderkey > 0  and (p1.p_mfgr <= 'MFGR#1' or p1.p_mfgr is null) and (p1.p_size <= 3 or p1.p_size is null)  and (c4.c_region is null or  c4.c_region in ('EUROPE'))
and (s2.s_city is null or  s2.s_city in ('ALGERIA  0','ALGERIA  1','ALGERIA  2','GERMANY  0','GERMANY  1','UNITED KI2','UNITED KI3'))
and (p3.p_category is null or  p3.p_category <= 'MFGR#13')
and (s1.s_region is null or  s1.s_region in ('EUROPE','MIDDLE EAST','ASIA'))
group by 1,2 order by 1,2 limit 10;
p_brand1	c_city	count(*)
MFGR#111	FRANCE   1	1
MFGR#1112	RUSSIA   3	1
MFGR#1116	UNITED KI5	1
MFGR#1118	GERMANY  7	1
MFGR#1119	RUSSIA   2	1
MFGR#112	UNITED KI1	1
MFGR#112	UNITED KI3	1
MFGR#1120	ROMANIA  8	1
MFGR#1121	ROMANIA  7	1
MFGR#1121	RUSSIA   6	1
select  p2_um.p_color ,  c3_um.c_region ,  count(*)
from  lineorder 
left  join     part p2_um on (lo_partkey = p2_um.p_partkey) 
left  join     customer c3_um on (lo_custkey = c3_um.c_custkey) 
right  join     supplier s1 on (lo_suppkey = s1.s_suppkey) 
right  join     part p4_um on (lo_partkey = p4_um.p_partkey) 
right  join     supplier s2 on (lo_suppkey = s2.s_suppkey) 
where lo_orderkey > 0  and (p2_um.p_mfgr <= 'MFGR#1' or p2_um.p_mfgr is null) and (p2_um.p_size <= 3 or p2_um.p_size is null)  and (c3_um.c_region is null or  c3_um.c_region in ('EUROPE','MIDDLE EAST','ASIA'))
and (s1.s_region is null or  s1.s_region in ('EUROPE','MIDDLE EAST','ASIA'))
and (p4_um.p_category is null or  p4_um.p_category <= 'MFGR#13')
and (s2.s_city is null or  s2.s_city in ('ALGERIA  0','ALGERIA  1','ALGERIA  2','GERMANY  0','GERMANY  1','UNITED KI2','UNITED KI3'))
group by 1,2 order by 1,2 limit 10;
p_color	c_region	count(*)
almond	ASIA	3
almond	EUROPE	2
almond	MIDDLE EAST	3
antique	ASIA	1
aquamarine	ASIA	1
aquamarine	EUROPE	2
aquamarine	MIDDLE EAST	2
azure	ASIA	1
azure	EUROPE	2
azure	MIDDLE EAST	2
select  p3.p_category ,  c2_um.c_nation ,  count(*)
from  lineorder 
join     part p3 on (lo_partkey = p3.p_partkey) 
right  join     customer c2_um on (lo_custkey = c2_um.c_custkey) 
right  join     part p4_um on (lo_partkey = p4_um.p_partkey) 
left  join     supplier s1 on (lo_suppkey = s1.s_suppkey) 
right  join     dateinfo d1 on (lo_orderdate = d1.d_datekey) 
where lo_orderkey > 0  and (p3.p_category is null or  p3.p_category <= 'MFGR#13')
and (c2_um.c_nation is null or  c2_um.c_nation in ('MOROCCO','RUSSIA','MOZAMBIQUE','EGYPT','JAPAN','IRAQ','BRAZIL','INDONESIA','GERMANY','ROMANIA'))
and (p4_um.p_category is null or  p4_um.p_category <= 'MFGR#13')
and (s1.s_region is null or  s1.s_region in ('EUROPE','MIDDLE EAST','ASIA'))
and (d1.d_yearmonth is null or  d1.d_yearmonth in ('Jan1994','Feb1994','Mar1994','Apr1994'))
group by 1,2 order by 1,2 limit 10;
p_category	c_nation	count(*)
MFGR#11	BRAZIL	260
MFGR#11	EGYPT	313
MFGR#11	GERMANY	301
MFGR#11	INDONESIA	309
MFGR#11	IRAQ	288
MFGR#11	JAPAN	284
MFGR#11	MOROCCO	299
MFGR#11	MOZAMBIQUE	274
MFGR#11	ROMANIA	319
MFGR#11	RUSSIA	286
select  p4_um.p_brand1 ,  c1.c_city ,  count(*)
from  lineorder 
join     part p4_um on (lo_partkey = p4_um.p_partkey) 
left  join     customer c1 on (lo_custkey = c1.c_custkey) 
left  join     part p3 on (lo_partkey = p3.p_partkey) 
left  join     supplier s2 on (lo_suppkey = s2.s_suppkey) 
right  join     dateinfo d2 on (lo_orderdate = d2.d_datekey) 
where lo_orderkey > 0  and (p4_um.p_category is null or  p4_um.p_category <= 'MFGR#13')
and (c1.c_nation is null or  c1.c_nation in ('MOROCCO','RUSSIA','MOZAMBIQUE','EGYPT','JAPAN','IRAQ','BRAZIL','GERMANY','ROMANIA'))
and (p3.p_category is null or  p3.p_category <= 'MFGR#13')
and (s2.s_city is null or  s2.s_city in ('ALGERIA  0','ALGERIA  1','ALGERIA  2','GERMANY  0','GERMANY  1','UNITED KI2','UNITED KI3'))
and (d2.d_year is null or  d2.d_year = 1994)
group by 1,2 order by 1,2 limit 10;
p_brand1	c_city	count(*)
MFGR#111	BRAZIL   6	3
MFGR#111	JAPAN    1	1
MFGR#111	MOZAMBIQU2	1
MFGR#111	MOZAMBIQU8	1
MFGR#111	ROMANIA  6	1
MFGR#1110	BRAZIL   5	1
MFGR#1110	EGYPT    2	1
MFGR#1110	IRAQ     3	1
MFGR#1110	IRAQ     4	1
MFGR#1110	JAPAN    5	1
select  s1.s_region ,  d2.d_yearmonthnum ,  count(*)
from  lineorder 
right  join     supplier s1 on (lo_suppkey = s1.s_suppkey) 
left  join     dateinfo d2 on (lo_orderdate = d2.d_datekey) 
join     part p2_um on (lo_partkey = p2_um.p_partkey) 
left  join     dateinfo d1 on (lo_orderdate = d1.d_datekey) 
right  join     customer c1 on (lo_custkey = c1.c_custkey) 
where lo_orderkey > 0  and (s1.s_region is null or  s1.s_region in ('EUROPE','MIDDLE EAST','ASIA'))
and (d2.d_year is null or  d2.d_year = 1994)
and (p2_um.p_mfgr <= 'MFGR#1' or p2_um.p_mfgr is null) and (p2_um.p_size <= 3 or p2_um.p_size is null)  and (d1.d_yearmonth is null or  d1.d_yearmonth in ('Jan1994','Feb1994','Mar1994','Apr1994'))
and (c1.c_nation is null or  c1.c_nation in ('MOROCCO','RUSSIA','MOZAMBIQUE','EGYPT','JAPAN','IRAQ','BRAZIL','GERMANY','ROMANIA'))
group by 1,2 order by 1,2 limit 10;
s_region	d_yearmonthnum	count(*)
ASIA	199401	71
ASIA	199402	49
ASIA	199403	70
ASIA	199404	73
EUROPE	199401	89
EUROPE	199402	60
EUROPE	199403	56
EUROPE	199404	67
MIDDLE EAST	199401	51
MIDDLE EAST	199402	56
select  s2.s_city ,  d1.d_year ,  count(*)
from  lineorder 
join     supplier s2 on (lo_suppkey = s2.s_suppkey) 
right  join     dateinfo d1 on (lo_orderdate = d1.d_datekey) 
join     part p1 on (lo_partkey = p1.p_partkey) 
left  join     dateinfo d2 on (lo_orderdate = d2.d_datekey) 
right  join     customer c2_um on (lo_custkey = c2_um.c_custkey) 
where lo_orderkey > 0  and (s2.s_city is null or  s2.s_city in ('ALGERIA  0','ALGERIA  1','ALGERIA  2','GERMANY  0','GERMANY  1','UNITED KI2','UNITED KI3'))
and (d1.d_yearmonth is null or  d1.d_yearmonth in ('Jan1994','Feb1994','Mar1994','Apr1994'))
and (p1.p_mfgr <= 'MFGR#1' or p1.p_mfgr is null) and (p1.p_size <= 3 or p1.p_size is null)  and (d2.d_year is null or  d2.d_year = 1994)
and (c2_um.c_nation is null or  c2_um.c_nation in ('MOROCCO','RUSSIA','MOZAMBIQUE','EGYPT','JAPAN','IRAQ','BRAZIL','INDONESIA','GERMANY','ROMANIA'))
group by 1,2 order by 1,2 limit 10;
s_city	d_year	count(*)
ALGERIA  0	1994	8
ALGERIA  1	1994	4
ALGERIA  2	1994	6
GERMANY  0	1994	4
GERMANY  1	1994	4
UNITED KI2	1994	7
UNITED KI3	1994	3
select  d1.d_year ,  p3.p_category ,  count(*)
from  lineorder 
right  join     dateinfo d1 on (lo_orderdate = d1.d_datekey) 
right  join     part p3 on (lo_partkey = p3.p_partkey) 
right  join     customer c4 on (lo_custkey = c4.c_custkey) 
right  join     customer c1 on (lo_custkey = c1.c_custkey) 
left  join     customer c3_um on (lo_custkey = c3_um.c_custkey) 
where lo_orderkey > 0  and (d1.d_yearmonth is null or  d1.d_yearmonth in ('Jan1994','Feb1994','Mar1994','Apr1994'))
and (p3.p_category is null or  p3.p_category <= 'MFGR#13')
and (c4.c_region is null or  c4.c_region in ('EUROPE'))
and (c1.c_nation is null or  c1.c_nation in ('MOROCCO','RUSSIA','MOZAMBIQUE','EGYPT','JAPAN','IRAQ','BRAZIL','GERMANY','ROMANIA'))
and (c3_um.c_region is null or  c3_um.c_region in ('EUROPE','MIDDLE EAST','ASIA'))
group by 1,2 order by 1,2 limit 10;
d_year	p_category	count(*)
1994	MFGR#11	1479
1994	MFGR#12	1501
1994	MFGR#13	1517
select  d2.d_yearmonthnum ,  p2_um.p_color ,  count(*)
from  lineorder 
join     dateinfo d2 on (lo_orderdate = d2.d_datekey) 
join     part p2_um on (lo_partkey = p2_um.p_partkey) 
join     customer c3_um on (lo_custkey = c3_um.c_custkey) 
left  join     customer c2_um on (lo_custkey = c2_um.c_custkey) 
left  join     customer c4 on (lo_custkey = c4.c_custkey) 
where lo_orderkey > 0  and (d2.d_year is null or  d2.d_year = 1994)
and (p2_um.p_mfgr <= 'MFGR#1' or p2_um.p_mfgr is null) and (p2_um.p_size <= 3 or p2_um.p_size is null)  and (c3_um.c_region is null or  c3_um.c_region in ('EUROPE','MIDDLE EAST','ASIA'))
and (c2_um.c_nation is null or  c2_um.c_nation in ('MOROCCO','RUSSIA','MOZAMBIQUE','EGYPT','JAPAN','IRAQ','BRAZIL','INDONESIA','GERMANY','ROMANIA'))
and (c4.c_region is null or  c4.c_region in ('EUROPE'))
group by 1,2 order by 1,2 limit 10;
d_yearmonthnum	p_color	count(*)
199401	almond	1
199401	antique	4
199401	aquamarine	2
199401	bisque	2
199401	black	4
199401	blanched	2
199401	blue	3
199401	blush	3
199401	brown	2
199401	burnished	1
select  c1.c_city ,  p1.p_brand1 ,  count(*)
from  lineorder 
left  join     customer c1 on (lo_custkey = c1.c_custkey) 
join     part p1 on (lo_partkey = p1.p_partkey) 
right  join     customer c2_um on (lo_custkey = c2_um.c_custkey) 
right  join     customer c3_um on (lo_custkey = c3_um.c_custkey) 
right  join     part p2_um on (lo_partkey = p2_um.p_partkey) 
where lo_orderkey > 0  and (c1.c_nation is null or  c1.c_nation in ('MOROCCO','RUSSIA','MOZAMBIQUE','EGYPT','JAPAN','IRAQ','BRAZIL','GERMANY','ROMANIA'))
and (p1.p_mfgr <= 'MFGR#1' or p1.p_mfgr is null) and (p1.p_size <= 3 or p1.p_size is null)  and (c2_um.c_nation is null or  c2_um.c_nation in ('MOROCCO','RUSSIA','MOZAMBIQUE','EGYPT','JAPAN','IRAQ','BRAZIL','INDONESIA','GERMANY','ROMANIA'))
and (c3_um.c_region is null or  c3_um.c_region in ('EUROPE','MIDDLE EAST','ASIA'))
and (p2_um.p_mfgr <= 'MFGR#1' or p2_um.p_mfgr is null) and (p2_um.p_size <= 3 or p2_um.p_size is null) group by 1,2 order by 1,2 limit 10;
c_city	p_brand1	count(*)
EGYPT    0	MFGR#111	1
EGYPT    0	MFGR#1112	2
EGYPT    0	MFGR#1113	3
EGYPT    0	MFGR#1114	2
EGYPT    0	MFGR#1115	1
EGYPT    0	MFGR#1116	2
EGYPT    0	MFGR#1117	2
EGYPT    0	MFGR#1118	2
EGYPT    0	MFGR#1119	2
EGYPT    0	MFGR#112	1
select  c2_um.c_nation ,  c4.c_city ,  count(*)
from  lineorder 
right  join     customer c2_um on (lo_custkey = c2_um.c_custkey) 
right  join     customer c4 on (lo_custkey = c4.c_custkey) 
right  join     customer c1 on (lo_custkey = c1.c_custkey) 
right  join     part p1 on (lo_partkey = p1.p_partkey) 
left  join     part p2_um on (lo_partkey = p2_um.p_partkey) 
where lo_orderkey > 0  and (c2_um.c_nation is null or  c2_um.c_nation in ('MOROCCO','RUSSIA','MOZAMBIQUE','EGYPT','JAPAN','IRAQ','BRAZIL','INDONESIA','GERMANY','ROMANIA'))
and (c4.c_region is null or  c4.c_region in ('EUROPE'))
and (c1.c_nation is null or  c1.c_nation in ('MOROCCO','RUSSIA','MOZAMBIQUE','EGYPT','JAPAN','IRAQ','BRAZIL','GERMANY','ROMANIA'))
and (p1.p_mfgr <= 'MFGR#1' or p1.p_mfgr is null) and (p1.p_size <= 3 or p1.p_size is null)  and (p2_um.p_mfgr <= 'MFGR#1' or p2_um.p_mfgr is null) and (p2_um.p_size <= 3 or p2_um.p_size is null) group by 1,2 order by 1,2 limit 10;
c_nation	c_city	count(*)
GERMANY	GERMANY  0	281
GERMANY	GERMANY  1	332
GERMANY	GERMANY  2	286
GERMANY	GERMANY  3	330
GERMANY	GERMANY  4	340
GERMANY	GERMANY  5	347
GERMANY	GERMANY  6	281
GERMANY	GERMANY  7	329
GERMANY	GERMANY  8	233
GERMANY	GERMANY  9	291
select  c3_um.c_region ,  c4.c_city ,  count(*)
from  lineorder 
right  join     customer c3_um on (lo_custkey = c3_um.c_custkey) 
left  join     customer c4 on (lo_custkey = c4.c_custkey) 
join     dateinfo d2 on (lo_orderdate = d2.d_datekey) 
join     part p2_um on (lo_partkey = p2_um.p_partkey) 
right  join     part p3 on (lo_partkey = p3.p_partkey) 
where lo_orderkey > 0  and (c3_um.c_region is null or  c3_um.c_region in ('EUROPE','MIDDLE EAST','ASIA'))
and (c4.c_region is null or  c4.c_region in ('EUROPE'))
and (d2.d_year is null or  d2.d_year = 1994)
and (p2_um.p_mfgr <= 'MFGR#1' or p2_um.p_mfgr is null) and (p2_um.p_size <= 3 or p2_um.p_size is null)  and (p3.p_category is null or  p3.p_category <= 'MFGR#13')
group by 1,2 order by 1,2 limit 10;
c_region	c_city	count(*)
EUROPE	FRANCE   0	31
EUROPE	FRANCE   1	22
EUROPE	FRANCE   2	24
EUROPE	FRANCE   3	31
EUROPE	FRANCE   4	22
EUROPE	FRANCE   5	45
EUROPE	FRANCE   6	26
EUROPE	FRANCE   7	28
EUROPE	FRANCE   8	30
EUROPE	FRANCE   9	31
select  c4.c_city ,  c3_um.c_region ,  count(*)
from  lineorder 
join     customer c4 on (lo_custkey = c4.c_custkey) 
join     customer c3_um on (lo_custkey = c3_um.c_custkey) 
join     dateinfo d1 on (lo_orderdate = d1.d_datekey) 
left  join     part p3 on (lo_partkey = p3.p_partkey) 
join     part p4_um on (lo_partkey = p4_um.p_partkey) 
where lo_orderkey > 0  and (c4.c_region is null or  c4.c_region in ('EUROPE'))
and (c3_um.c_region is null or  c3_um.c_region in ('EUROPE','MIDDLE EAST','ASIA'))
and (d1.d_yearmonth is null or  d1.d_yearmonth in ('Jan1994','Feb1994','Mar1994','Apr1994'))
and (p3.p_category is null or  p3.p_category <= 'MFGR#13')
and (p4_um.p_category is null or  p4_um.p_category <= 'MFGR#13')
group by 1,2 order by 1,2 limit 10;
c_city	c_region	count(*)
FRANCE   0	EUROPE	123
FRANCE   1	EUROPE	151
FRANCE   2	EUROPE	135
FRANCE   3	EUROPE	180
FRANCE   4	EUROPE	144
FRANCE   5	EUROPE	182
FRANCE   6	EUROPE	130
FRANCE   7	EUROPE	133
FRANCE   8	EUROPE	138
FRANCE   9	EUROPE	116
select  p1.p_brand1 ,  c2_um.c_nation ,  count(*)
from  lineorder 
right  join     part p1 on (lo_partkey = p1.p_partkey) 
left  join     customer c2_um on (lo_custkey = c2_um.c_custkey) 
join     supplier s2 on (lo_suppkey = s2.s_suppkey) 
left  join     part p4_um on (lo_partkey = p4_um.p_partkey) 
left  join     supplier s1 on (lo_suppkey = s1.s_suppkey) 
where lo_orderkey > 0  and (p1.p_mfgr <= 'MFGR#1' or p1.p_mfgr is null) and (p1.p_size <= 3 or p1.p_size is null)  and (c2_um.c_nation is null or  c2_um.c_nation in ('MOROCCO','RUSSIA','MOZAMBIQUE','EGYPT','JAPAN','IRAQ','BRAZIL','INDONESIA','GERMANY','ROMANIA'))
and (s2.s_city is null or  s2.s_city in ('ALGERIA  0','ALGERIA  1','ALGERIA  2','GERMANY  0','GERMANY  1','UNITED KI2','UNITED KI3'))
and (p4_um.p_category is null or  p4_um.p_category <= 'MFGR#13')
and (s1.s_region is null or  s1.s_region in ('EUROPE','MIDDLE EAST','ASIA'))
group by 1,2 order by 1,2 limit 10;
p_brand1	c_nation	count(*)
MFGR#111	BRAZIL	2
MFGR#111	INDONESIA	1
MFGR#1110	INDONESIA	2
MFGR#1111	BRAZIL	1
MFGR#1111	IRAQ	2
MFGR#1112	JAPAN	1
MFGR#1112	RUSSIA	1
MFGR#1113	BRAZIL	1
MFGR#1113	EGYPT	1
MFGR#1114	INDONESIA	1
select  p2_um.p_color ,  c1.c_city ,  count(*)
from  lineorder 
right  join     part p2_um on (lo_partkey = p2_um.p_partkey) 
left  join     customer c1 on (lo_custkey = c1.c_custkey) 
right  join     supplier s1 on (lo_suppkey = s1.s_suppkey) 
right  join     supplier s2 on (lo_suppkey = s2.s_suppkey) 
right  join     dateinfo d1 on (lo_orderdate = d1.d_datekey) 
where lo_orderkey > 0  and (p2_um.p_mfgr <= 'MFGR#1' or p2_um.p_mfgr is null) and (p2_um.p_size <= 3 or p2_um.p_size is null)  and (c1.c_nation is null or  c1.c_nation in ('MOROCCO','RUSSIA','MOZAMBIQUE','EGYPT','JAPAN','IRAQ','BRAZIL','GERMANY','ROMANIA'))
and (s1.s_region is null or  s1.s_region in ('EUROPE','MIDDLE EAST','ASIA'))
and (s2.s_city is null or  s2.s_city in ('ALGERIA  0','ALGERIA  1','ALGERIA  2','GERMANY  0','GERMANY  1','UNITED KI2','UNITED KI3'))
and (d1.d_yearmonth is null or  d1.d_yearmonth in ('Jan1994','Feb1994','Mar1994','Apr1994'))
group by 1,2 order by 1,2 limit 10;
p_color	c_city	count(*)
almond	IRAQ     1	1
blue	ROMANIA  3	1
cornsilk	IRAQ     3	1
cornsilk	MOZAMBIQU2	1
dodger	IRAQ     2	1
forest	MOZAMBIQU7	1
ivory	IRAQ     0	1
lemon	JAPAN    6	1
medium	MOROCCO  8	1
moccasin	IRAQ     9	1
select  p3.p_category ,  d2.d_yearmonthnum ,  count(*)
from  lineorder 
join     part p3 on (lo_partkey = p3.p_partkey) 
left  join     dateinfo d2 on (lo_orderdate = d2.d_datekey) 
left  join     part p4_um on (lo_partkey = p4_um.p_partkey) 
left  join     dateinfo d1 on (lo_orderdate = d1.d_datekey) 
right  join     customer c1 on (lo_custkey = c1.c_custkey) 
where lo_orderkey > 0  and (p3.p_category is null or  p3.p_category <= 'MFGR#13')
and (d2.d_year is null or  d2.d_year = 1994)
and (p4_um.p_category is null or  p4_um.p_category <= 'MFGR#13')
and (d1.d_yearmonth is null or  d1.d_yearmonth in ('Jan1994','Feb1994','Mar1994','Apr1994'))
and (c1.c_nation is null or  c1.c_nation in ('MOROCCO','RUSSIA','MOZAMBIQUE','EGYPT','JAPAN','IRAQ','BRAZIL','GERMANY','ROMANIA'))
group by 1,2 order by 1,2 limit 10;
p_category	d_yearmonthnum	count(*)
MFGR#11	199401	1093
MFGR#11	199402	1014
MFGR#11	199403	1130
MFGR#11	199404	1079
MFGR#12	199401	1143
MFGR#12	199402	923
MFGR#12	199403	1125
MFGR#12	199404	1055
MFGR#13	199401	1193
MFGR#13	199402	1005
select  p4_um.p_brand1 ,  s2.s_city ,  count(*)
from  lineorder 
right  join     part p4_um on (lo_partkey = p4_um.p_partkey) 
right  join     supplier s2 on (lo_suppkey = s2.s_suppkey) 
left  join     part p3 on (lo_partkey = p3.p_partkey) 
join     dateinfo d2 on (lo_orderdate = d2.d_datekey) 
left  join     customer c2_um on (lo_custkey = c2_um.c_custkey) 
where lo_orderkey > 0  and (p4_um.p_category is null or  p4_um.p_category <= 'MFGR#13')
and (s2.s_city is null or  s2.s_city in ('ALGERIA  0','ALGERIA  1','ALGERIA  2','GERMANY  0','GERMANY  1','UNITED KI2','UNITED KI3'))
and (p3.p_category is null or  p3.p_category <= 'MFGR#13')
and (d2.d_year is null or  d2.d_year = 1994)
and (c2_um.c_nation is null or  c2_um.c_nation in ('MOROCCO','RUSSIA','MOZAMBIQUE','EGYPT','JAPAN','IRAQ','BRAZIL','INDONESIA','GERMANY','ROMANIA'))
group by 1,2 order by 1,2 limit 10;
p_brand1	s_city	count(*)
MFGR#111	ALGERIA  0	1
MFGR#111	ALGERIA  1	1
MFGR#111	ALGERIA  2	2
MFGR#111	GERMANY  0	1
MFGR#111	UNITED KI2	2
MFGR#111	UNITED KI3	1
MFGR#1110	ALGERIA  0	2
MFGR#1110	ALGERIA  1	3
MFGR#1110	ALGERIA  2	4
MFGR#1110	GERMANY  0	1
select  s1.s_region ,  p4_um.p_brand1 ,  count(*)
from  lineorder 
right  join     supplier s1 on (lo_suppkey = s1.s_suppkey) 
join     part p4_um on (lo_partkey = p4_um.p_partkey) 
join     part p2_um on (lo_partkey = p2_um.p_partkey) 
left  join     dateinfo d1 on (lo_orderdate = d1.d_datekey) 
left  join     customer c3_um on (lo_custkey = c3_um.c_custkey) 
where lo_orderkey > 0  and (s1.s_region is null or  s1.s_region in ('EUROPE','MIDDLE EAST','ASIA'))
and (p4_um.p_category is null or  p4_um.p_category <= 'MFGR#13')
and (p2_um.p_mfgr <= 'MFGR#1' or p2_um.p_mfgr is null) and (p2_um.p_size <= 3 or p2_um.p_size is null)  and (d1.d_yearmonth is null or  d1.d_yearmonth in ('Jan1994','Feb1994','Mar1994','Apr1994'))
and (c3_um.c_region is null or  c3_um.c_region in ('EUROPE','MIDDLE EAST','ASIA'))
group by 1,2 order by 1,2 limit 10;
s_region	p_brand1	count(*)
ASIA	MFGR#111	1
ASIA	MFGR#1110	1
ASIA	MFGR#1111	4
ASIA	MFGR#1112	2
ASIA	MFGR#1113	1
ASIA	MFGR#1114	2
ASIA	MFGR#1115	1
ASIA	MFGR#1116	1
ASIA	MFGR#1117	3
ASIA	MFGR#1118	1
select  s2.s_city ,  s1.s_region ,  count(*)
from  lineorder 
join     supplier s2 on (lo_suppkey = s2.s_suppkey) 
right  join     supplier s1 on (lo_suppkey = s1.s_suppkey) 
join     part p1 on (lo_partkey = p1.p_partkey) 
left  join     dateinfo d2 on (lo_orderdate = d2.d_datekey) 
join     customer c4 on (lo_custkey = c4.c_custkey) 
where lo_orderkey > 0  and (s2.s_city is null or  s2.s_city in ('ALGERIA  0','ALGERIA  1','ALGERIA  2','GERMANY  0','GERMANY  1','UNITED KI2','UNITED KI3'))
and (s1.s_region is null or  s1.s_region in ('EUROPE','MIDDLE EAST','ASIA'))
and (p1.p_mfgr <= 'MFGR#1' or p1.p_mfgr is null) and (p1.p_size <= 3 or p1.p_size is null)  and (d2.d_year is null or  d2.d_year = 1994)
and (c4.c_region is null or  c4.c_region in ('EUROPE'))
group by 1,2 order by 1,2 limit 10;
s_city	s_region	count(*)
GERMANY  0	EUROPE	5
GERMANY  1	EUROPE	5
UNITED KI2	EUROPE	4
UNITED KI3	EUROPE	9
