USE tpch1;
select cidx, CBIGINT+CINTEGER from datatypetestm;
cidx	CBIGINT+CINTEGER
1	-72036862259452
2	-72036862259450
3	-72036862259448
4	-72036862259446
5	-72036862259444
6	72036862259446
7	72036862259448
8	72036862259450
9	72036862259452
10	72036862259454
11	0
select cidx, CBIGINT+CSMALLINT from datatypetestm;
cidx	CBIGINT+CSMALLINT
1	-72036854776572
2	-72036854776570
3	-72036854776568
4	-72036854776566
5	-72036854776564
6	72036854776566
7	72036854776568
8	72036854776570
9	72036854776572
10	72036854776574
11	0
select cidx, CBIGINT+CTINYINT from datatypetestm;
cidx	CBIGINT+CTINYINT
1	-72036854775832
2	-72036854775830
3	-72036854775828
4	-72036854775826
5	-72036854775824
6	72036854775826
7	72036854775828
8	72036854775830
9	72036854775832
10	72036854775834
11	0
select cidx, CDECIMAL1+CBIGINT from datatypetestm;
cidx	CDECIMAL1+CBIGINT
1	-72036854775815
2	-72036854775813
3	-72036854775811
4	-72036854775809
5	-72036854775807
6	72036854775808
7	72036854775810
8	72036854775812
9	72036854775814
10	72036854775816
11	0
select cidx, CDECIMAL1+CINTEGER from datatypetestm;
cidx	CDECIMAL1+CINTEGER
1	-7483655
2	-7483653
3	-7483651
4	-7483649
5	-7483647
6	7483648
7	7483650
8	7483652
9	7483654
10	7483656
11	0
select cidx, CDECIMAL1+CSMALLINT from datatypetestm;
cidx	CDECIMAL1+CSMALLINT
1	-775
2	-773
3	-771
4	-769
5	-767
6	768
7	770
8	772
9	774
10	776
11	0
select cidx, CDECIMAL1+CTINYINT from datatypetestm;
cidx	CDECIMAL1+CTINYINT
1	-35
2	-33
3	-31
4	-29
5	-27
6	28
7	30
8	32
9	34
10	36
11	0
select cidx, CDECIMAL4+CBIGINT from datatypetestm;
cidx	CDECIMAL4+CBIGINT
1	-72036854776805
2	-72036854776803
3	-72036854776801
4	-72036854776799
5	-72036854776797
6	72036854776798
7	72036854776800
8	72036854776802
9	72036854776804
10	72036854776806
11	0
select cidx, CDECIMAL4+CINTEGER from datatypetestm;
cidx	CDECIMAL4+CINTEGER
1	-7484645
2	-7484643
3	-7484641
4	-7484639
5	-7484637
6	7484638
7	7484640
8	7484642
9	7484644
10	7484646
11	0
select cidx, CDECIMAL4+CSMALLINT from datatypetestm;
cidx	CDECIMAL4+CSMALLINT
1	-1765
2	-1763
3	-1761
4	-1759
5	-1757
6	1758
7	1760
8	1762
9	1764
10	1766
11	0
select cidx, CDECIMAL4+CTINYINT from datatypetestm;
cidx	CDECIMAL4+CTINYINT
1	-1025
2	-1023
3	-1021
4	-1019
5	-1017
6	1018
7	1020
8	1022
9	1024
10	1026
11	0
select cidx, CDECIMAL4_2+CBIGINT from datatypetestm;
cidx	CDECIMAL4_2+CBIGINT
1	-72036854775815.99
2	-72036854775814.98
3	-72036854775813.97
4	-72036854775812.96
5	-72036854775811.95
6	72036854775812.95
7	72036854775813.96
8	72036854775814.97
9	72036854775815.98
10	72036854775816.99
11	0.00
select cidx, CDECIMAL4_2+CINTEGER from datatypetestm;
cidx	CDECIMAL4_2+CINTEGER
1	-7483655.99
2	-7483654.98
3	-7483653.97
4	-7483652.96
5	-7483651.95
6	7483652.95
7	7483653.96
8	7483654.97
9	7483655.98
10	7483656.99
11	0.00
select cidx, CDECIMAL4_2+CSMALLINT from datatypetestm;
cidx	CDECIMAL4_2+CSMALLINT
1	-775.99
2	-774.98
3	-773.97
4	-772.96
5	-771.95
6	772.95
7	773.96
8	774.97
9	775.98
10	776.99
11	0.00
select cidx, CDECIMAL4_2+CTINYINT from datatypetestm;
cidx	CDECIMAL4_2+CTINYINT
1	-35.99
2	-34.98
3	-33.97
4	-32.96
5	-31.95
6	32.95
7	33.96
8	34.97
9	35.98
10	36.99
11	0.00
select cidx, CDECIMAL5+CBIGINT from datatypetestm;
cidx	CDECIMAL5+CBIGINT
1	-72036854776805
2	-72036854776803
3	-72036854776801
4	-72036854776799
5	-72036854776797
6	72036854776798
7	72036854776800
8	72036854776802
9	72036854776804
10	72036854776806
11	0
select cidx, CDECIMAL5+CINTEGER from datatypetestm;
cidx	CDECIMAL5+CINTEGER
1	-7484645
2	-7484643
3	-7484641
4	-7484639
5	-7484637
6	7484638
7	7484640
8	7484642
9	7484644
10	7484646
11	0
select cidx, CDECIMAL5+CSMALLINT from datatypetestm;
cidx	CDECIMAL5+CSMALLINT
1	-1765
2	-1763
3	-1761
4	-1759
5	-1757
6	1758
7	1760
8	1762
9	1764
10	1766
11	0
select cidx, CDECIMAL5+CTINYINT from datatypetestm;
cidx	CDECIMAL5+CTINYINT
1	-1025
2	-1023
3	-1021
4	-1019
5	-1017
6	1018
7	1020
8	1022
9	1024
10	1026
11	0
select cidx, CDECIMAL9+CBIGINT from datatypetestm;
cidx	CDECIMAL9+CBIGINT
1	-72036855775805
2	-72036855775803
3	-72036855775801
4	-72036855775799
5	-72036855775797
6	72036855775798
7	72036855775800
8	72036855775802
9	72036855775804
10	72036855775806
11	0
select cidx, CDECIMAL9+CINTEGER from datatypetestm;
cidx	CDECIMAL9+CINTEGER
1	-8483645
2	-8483643
3	-8483641
4	-8483639
5	-8483637
6	8483638
7	8483640
8	8483642
9	8483644
10	8483646
11	0
select cidx, CDECIMAL9+CSMALLINT from datatypetestm;
cidx	CDECIMAL9+CSMALLINT
1	-1000765
2	-1000763
3	-1000761
4	-1000759
5	-1000757
6	1000758
7	1000760
8	1000762
9	1000764
10	1000766
11	0
select cidx, CDECIMAL9+CTINYINT from datatypetestm;
cidx	CDECIMAL9+CTINYINT
1	-1000025
2	-1000023
3	-1000021
4	-1000019
5	-1000017
6	1000018
7	1000020
8	1000022
9	1000024
10	1000026
11	0
select cidx, CDECIMAL9_2+CBIGINT from datatypetestm;
cidx	CDECIMAL9_2+CBIGINT
1	-72036854785805.99
2	-72036854785804.98
3	-72036854785803.97
4	-72036854785802.96
5	-72036854785801.95
6	72036854785802.95
7	72036854785803.96
8	72036854785804.97
9	72036854785805.98
10	72036854785806.99
11	0.00
select cidx, CDECIMAL9_2+CINTEGER from datatypetestm;
cidx	CDECIMAL9_2+CINTEGER
1	-7493645.99
2	-7493644.98
3	-7493643.97
4	-7493642.96
5	-7493641.95
6	7493642.95
7	7493643.96
8	7493644.97
9	7493645.98
10	7493646.99
11	0.00
select cidx, CDECIMAL9_2+CSMALLINT from datatypetestm;
cidx	CDECIMAL9_2+CSMALLINT
1	-10765.99
2	-10764.98
3	-10763.97
4	-10762.96
5	-10761.95
6	10762.95
7	10763.96
8	10764.97
9	10765.98
10	10766.99
11	0.00
select cidx, CDECIMAL9_2+CTINYINT from datatypetestm;
cidx	CDECIMAL9_2+CTINYINT
1	-10025.99
2	-10024.98
3	-10023.97
4	-10022.96
5	-10021.95
6	10022.95
7	10023.96
8	10024.97
9	10025.98
10	10026.99
11	0.00
select cidx, CDECIMAL10+CBIGINT from datatypetestm;
cidx	CDECIMAL10+CBIGINT
1	-72036864775805
2	-72036864775803
3	-72036864775801
4	-72036864775799
5	-72036864775797
6	72036864775798
7	72036864775800
8	72036864775802
9	72036864775804
10	72036864775806
11	0
select cidx, CDECIMAL10+CINTEGER from datatypetestm;
cidx	CDECIMAL10+CINTEGER
1	-17483645
2	-17483643
3	-17483641
4	-17483639
5	-17483637
6	17483638
7	17483640
8	17483642
9	17483644
10	17483646
11	0
select cidx, CDECIMAL10+CSMALLINT from datatypetestm;
cidx	CDECIMAL10+CSMALLINT
1	-10000765
2	-10000763
3	-10000761
4	-10000759
5	-10000757
6	10000758
7	10000760
8	10000762
9	10000764
10	10000766
11	0
select cidx, CDECIMAL10+CTINYINT from datatypetestm;
cidx	CDECIMAL10+CTINYINT
1	-10000025
2	-10000023
3	-10000021
4	-10000019
5	-10000017
6	10000018
7	10000020
8	10000022
9	10000024
10	10000026
11	0
select cidx, CDECIMAL18+CBIGINT from datatypetestm;
cidx	CDECIMAL18+CBIGINT
1	-82036854775805
2	-82036854775803
3	-82036854775801
4	-82036854775799
5	-82036854775797
6	82036854775798
7	82036854775800
8	82036854775802
9	82036854775804
10	82036854775806
11	0
select cidx, CDECIMAL18+CINTEGER from datatypetestm;
cidx	CDECIMAL18+CINTEGER
1	-10000007483645
2	-10000007483643
3	-10000007483641
4	-10000007483639
5	-10000007483637
6	10000007483638
7	10000007483640
8	10000007483642
9	10000007483644
10	10000007483646
11	0
select cidx, CDECIMAL18+CSMALLINT from datatypetestm;
cidx	CDECIMAL18+CSMALLINT
1	-10000000000765
2	-10000000000763
3	-10000000000761
4	-10000000000759
5	-10000000000757
6	10000000000758
7	10000000000760
8	10000000000762
9	10000000000764
10	10000000000766
11	0
select cidx, CDECIMAL18+CTINYINT from datatypetestm;
cidx	CDECIMAL18+CTINYINT
1	-10000000000025
2	-10000000000023
3	-10000000000021
4	-10000000000019
5	-10000000000017
6	10000000000018
7	10000000000020
8	10000000000022
9	10000000000024
10	10000000000026
11	0
select cidx, CDECIMAL18_2+CBIGINT from datatypetestm;
cidx	CDECIMAL18_2+CBIGINT
1	-72136854775805.99
2	-72136854775804.98
3	-72136854775803.97
4	-72136854775802.96
5	-72136854775801.95
6	72136854775802.95
7	72136854775803.96
8	72136854775804.97
9	72136854775805.98
10	72136854775806.99
11	0.00
select cidx, CDECIMAL18_2+CINTEGER from datatypetestm;
cidx	CDECIMAL18_2+CINTEGER
1	-100007483645.99
2	-100007483644.98
3	-100007483643.97
4	-100007483642.96
5	-100007483641.95
6	100007483642.95
7	100007483643.96
8	100007483644.97
9	100007483645.98
10	100007483646.99
11	0.00
select cidx, CDECIMAL18_2+CSMALLINT from datatypetestm;
cidx	CDECIMAL18_2+CSMALLINT
1	-100000000765.99
2	-100000000764.98
3	-100000000763.97
4	-100000000762.96
5	-100000000761.95
6	100000000762.95
7	100000000763.96
8	100000000764.97
9	100000000765.98
10	100000000766.99
11	0.00
select cidx, CDECIMAL18_2+CTINYINT from datatypetestm;
cidx	CDECIMAL18_2+CTINYINT
1	-100000000025.99
2	-100000000024.98
3	-100000000023.97
4	-100000000022.96
5	-100000000021.95
6	100000000022.95
7	100000000023.96
8	100000000024.97
9	100000000025.98
10	100000000026.99
11	0.00
select cidx, CINTEGER+CBIGINT from datatypetestm;
cidx	CINTEGER+CBIGINT
1	-72036862259452
2	-72036862259450
3	-72036862259448
4	-72036862259446
5	-72036862259444
6	72036862259446
7	72036862259448
8	72036862259450
9	72036862259452
10	72036862259454
11	0
select cidx, CINTEGER+CSMALLINT from datatypetestm;
cidx	CINTEGER+CSMALLINT
1	-7484412
2	-7484410
3	-7484408
4	-7484406
5	-7484404
6	7484406
7	7484408
8	7484410
9	7484412
10	7484414
11	0
select cidx, CINTEGER+CTINYINT from datatypetestm;
cidx	CINTEGER+CTINYINT
1	-7483672
2	-7483670
3	-7483668
4	-7483666
5	-7483664
6	7483666
7	7483668
8	7483670
9	7483672
10	7483674
11	0
select cidx, CSMALLINT+CBIGINT from datatypetestm;
cidx	CSMALLINT+CBIGINT
1	-72036854776572
2	-72036854776570
3	-72036854776568
4	-72036854776566
5	-72036854776564
6	72036854776566
7	72036854776568
8	72036854776570
9	72036854776572
10	72036854776574
11	0
select cidx, CSMALLINT+CINTEGER from datatypetestm;
cidx	CSMALLINT+CINTEGER
1	-7484412
2	-7484410
3	-7484408
4	-7484406
5	-7484404
6	7484406
7	7484408
8	7484410
9	7484412
10	7484414
11	0
select cidx, CSMALLINT+CTINYINT from datatypetestm;
cidx	CSMALLINT+CTINYINT
1	-792
2	-790
3	-788
4	-786
5	-784
6	786
7	788
8	790
9	792
10	794
11	0
select cidx, CTINYINT+CBIGINT from datatypetestm;
cidx	CTINYINT+CBIGINT
1	-72036854775832
2	-72036854775830
3	-72036854775828
4	-72036854775826
5	-72036854775824
6	72036854775826
7	72036854775828
8	72036854775830
9	72036854775832
10	72036854775834
11	0
select cidx, CTINYINT+CINTEGER from datatypetestm;
cidx	CTINYINT+CINTEGER
1	-7483672
2	-7483670
3	-7483668
4	-7483666
5	-7483664
6	7483666
7	7483668
8	7483670
9	7483672
10	7483674
11	0
select cidx, CTINYINT+CSMALLINT from datatypetestm;
cidx	CTINYINT+CSMALLINT
1	-792
2	-790
3	-788
4	-786
5	-784
6	786
7	788
8	790
9	792
10	794
11	0
select cidx, CBIGINT from datatypetestm where CBIGINT+CBIGINT = 0;
cidx	CBIGINT
11	0
select cidx, CBIGINT from datatypetestm where CBIGINT+CBIGINT <> 0;
cidx	CBIGINT
1	-72036854775806
2	-72036854775805
3	-72036854775804
4	-72036854775803
5	-72036854775802
6	72036854775803
7	72036854775804
8	72036854775805
9	72036854775806
10	72036854775807
select cidx, CBIGINT from datatypetestm where CBIGINT+CBIGINT < 0;
cidx	CBIGINT
1	-72036854775806
2	-72036854775805
3	-72036854775804
4	-72036854775803
5	-72036854775802
select cidx, CBIGINT from datatypetestm where CBIGINT+CBIGINT > 0;
cidx	CBIGINT
6	72036854775803
7	72036854775804
8	72036854775805
9	72036854775806
10	72036854775807
select cidx, CBIGINT from datatypetestm where CBIGINT+CINTEGER = 0;
cidx	CBIGINT
11	0
select cidx, CBIGINT from datatypetestm where CBIGINT+CINTEGER <> 0;
cidx	CBIGINT
1	-72036854775806
2	-72036854775805
3	-72036854775804
4	-72036854775803
5	-72036854775802
6	72036854775803
7	72036854775804
8	72036854775805
9	72036854775806
10	72036854775807
select cidx, CBIGINT from datatypetestm where CBIGINT+CINTEGER < 0;
cidx	CBIGINT
1	-72036854775806
2	-72036854775805
3	-72036854775804
4	-72036854775803
5	-72036854775802
select cidx, CBIGINT from datatypetestm where CBIGINT+CINTEGER > 0;
cidx	CBIGINT
6	72036854775803
7	72036854775804
8	72036854775805
9	72036854775806
10	72036854775807
select cidx, CBIGINT from datatypetestm where CBIGINT+CSMALLINT = 0;
cidx	CBIGINT
11	0
select cidx, CBIGINT from datatypetestm where CBIGINT+CSMALLINT <> 0;
cidx	CBIGINT
1	-72036854775806
2	-72036854775805
3	-72036854775804
4	-72036854775803
5	-72036854775802
6	72036854775803
7	72036854775804
8	72036854775805
9	72036854775806
10	72036854775807
select cidx, CBIGINT from datatypetestm where CBIGINT+CSMALLINT < 0;
cidx	CBIGINT
1	-72036854775806
2	-72036854775805
3	-72036854775804
4	-72036854775803
5	-72036854775802
select cidx, CBIGINT from datatypetestm where CBIGINT+CSMALLINT > 0;
cidx	CBIGINT
6	72036854775803
7	72036854775804
8	72036854775805
9	72036854775806
10	72036854775807
select cidx, CBIGINT from datatypetestm where CBIGINT+CTINYINT = 0;
cidx	CBIGINT
11	0
select cidx, CBIGINT from datatypetestm where CBIGINT+CTINYINT <> 0;
cidx	CBIGINT
1	-72036854775806
2	-72036854775805
3	-72036854775804
4	-72036854775803
5	-72036854775802
6	72036854775803
7	72036854775804
8	72036854775805
9	72036854775806
10	72036854775807
select cidx, CBIGINT from datatypetestm where CBIGINT+CTINYINT < 0;
cidx	CBIGINT
1	-72036854775806
2	-72036854775805
3	-72036854775804
4	-72036854775803
5	-72036854775802
select cidx, CBIGINT from datatypetestm where CBIGINT+CTINYINT > 0;
cidx	CBIGINT
6	72036854775803
7	72036854775804
8	72036854775805
9	72036854775806
10	72036854775807
select cidx, CDECIMAL1 from datatypetestm where CDECIMAL1+CBIGINT = 0;
cidx	CDECIMAL1
11	0
select cidx, CDECIMAL1 from datatypetestm where CDECIMAL1+CBIGINT <> 0;
cidx	CDECIMAL1
1	-9
2	-8
3	-7
4	-6
5	-5
6	5
7	6
8	7
9	8
10	9
select cidx, CDECIMAL1 from datatypetestm where CDECIMAL1+CBIGINT < 0;
cidx	CDECIMAL1
1	-9
2	-8
3	-7
4	-6
5	-5
select cidx, CDECIMAL1 from datatypetestm where CDECIMAL1+CBIGINT > 0;
cidx	CDECIMAL1
6	5
7	6
8	7
9	8
10	9
select cidx, CDECIMAL1 from datatypetestm where CDECIMAL1+CINTEGER = 0;
cidx	CDECIMAL1
11	0
select cidx, CDECIMAL1 from datatypetestm where CDECIMAL1+CINTEGER <> 0;
cidx	CDECIMAL1
1	-9
2	-8
3	-7
4	-6
5	-5
6	5
7	6
8	7
9	8
10	9
select cidx, CDECIMAL1 from datatypetestm where CDECIMAL1+CINTEGER < 0;
cidx	CDECIMAL1
1	-9
2	-8
3	-7
4	-6
5	-5
select cidx, CDECIMAL1 from datatypetestm where CDECIMAL1+CINTEGER > 0;
cidx	CDECIMAL1
6	5
7	6
8	7
9	8
10	9
select cidx, CDECIMAL1 from datatypetestm where CDECIMAL1+CSMALLINT = 0;
cidx	CDECIMAL1
11	0
select cidx, CDECIMAL1 from datatypetestm where CDECIMAL1+CSMALLINT <> 0;
cidx	CDECIMAL1
1	-9
2	-8
3	-7
4	-6
5	-5
6	5
7	6
8	7
9	8
10	9
select cidx, CDECIMAL1 from datatypetestm where CDECIMAL1+CSMALLINT < 0;
cidx	CDECIMAL1
1	-9
2	-8
3	-7
4	-6
5	-5
select cidx, CDECIMAL1 from datatypetestm where CDECIMAL1+CSMALLINT > 0;
cidx	CDECIMAL1
6	5
7	6
8	7
9	8
10	9
select cidx, CDECIMAL1 from datatypetestm where CDECIMAL1+CTINYINT = 0;
cidx	CDECIMAL1
11	0
select cidx, CDECIMAL1 from datatypetestm where CDECIMAL1+CTINYINT <> 0;
cidx	CDECIMAL1
1	-9
2	-8
3	-7
4	-6
5	-5
6	5
7	6
8	7
9	8
10	9
select cidx, CDECIMAL1 from datatypetestm where CDECIMAL1+CTINYINT < 0;
cidx	CDECIMAL1
1	-9
2	-8
3	-7
4	-6
5	-5
select cidx, CDECIMAL1 from datatypetestm where CDECIMAL1+CTINYINT > 0;
cidx	CDECIMAL1
6	5
7	6
8	7
9	8
10	9
select cidx, CDECIMAL4 from datatypetestm where CDECIMAL4+CBIGINT = 0;
cidx	CDECIMAL4
11	0
select cidx, CDECIMAL4 from datatypetestm where CDECIMAL4+CBIGINT <> 0;
cidx	CDECIMAL4
1	-999
2	-998
3	-997
4	-996
5	-995
6	995
7	996
8	997
9	998
10	999
select cidx, CDECIMAL4 from datatypetestm where CDECIMAL4+CBIGINT < 0;
cidx	CDECIMAL4
1	-999
2	-998
3	-997
4	-996
5	-995
select cidx, CDECIMAL4 from datatypetestm where CDECIMAL4+CBIGINT > 0;
cidx	CDECIMAL4
6	995
7	996
8	997
9	998
10	999
select cidx, CDECIMAL4 from datatypetestm where CDECIMAL4+CINTEGER = 0;
cidx	CDECIMAL4
11	0
select cidx, CDECIMAL4 from datatypetestm where CDECIMAL4+CINTEGER <> 0;
cidx	CDECIMAL4
1	-999
2	-998
3	-997
4	-996
5	-995
6	995
7	996
8	997
9	998
10	999
select cidx, CDECIMAL4 from datatypetestm where CDECIMAL4+CINTEGER < 0;
cidx	CDECIMAL4
1	-999
2	-998
3	-997
4	-996
5	-995
select cidx, CDECIMAL4 from datatypetestm where CDECIMAL4+CINTEGER > 0;
cidx	CDECIMAL4
6	995
7	996
8	997
9	998
10	999
select cidx, CDECIMAL4 from datatypetestm where CDECIMAL4+CSMALLINT = 0;
cidx	CDECIMAL4
11	0
select cidx, CDECIMAL4 from datatypetestm where CDECIMAL4+CSMALLINT <> 0;
cidx	CDECIMAL4
1	-999
2	-998
3	-997
4	-996
5	-995
6	995
7	996
8	997
9	998
10	999
select cidx, CDECIMAL4 from datatypetestm where CDECIMAL4+CSMALLINT < 0;
cidx	CDECIMAL4
1	-999
2	-998
3	-997
4	-996
5	-995
select cidx, CDECIMAL4 from datatypetestm where CDECIMAL4+CSMALLINT > 0;
cidx	CDECIMAL4
6	995
7	996
8	997
9	998
10	999
select cidx, CDECIMAL4 from datatypetestm where CDECIMAL4+CTINYINT = 0;
cidx	CDECIMAL4
11	0
select cidx, CDECIMAL4 from datatypetestm where CDECIMAL4+CTINYINT <> 0;
cidx	CDECIMAL4
1	-999
2	-998
3	-997
4	-996
5	-995
6	995
7	996
8	997
9	998
10	999
select cidx, CDECIMAL4 from datatypetestm where CDECIMAL4+CTINYINT < 0;
cidx	CDECIMAL4
1	-999
2	-998
3	-997
4	-996
5	-995
select cidx, CDECIMAL4 from datatypetestm where CDECIMAL4+CTINYINT > 0;
cidx	CDECIMAL4
6	995
7	996
8	997
9	998
10	999
select cidx, CDECIMAL4_2 from datatypetestm where CDECIMAL4_2+CBIGINT = 0;
cidx	CDECIMAL4_2
11	0.00
select cidx, CDECIMAL4_2 from datatypetestm where CDECIMAL4_2+CBIGINT <> 0;
cidx	CDECIMAL4_2
1	-9.99
2	-9.98
3	-9.97
4	-9.96
5	-9.95
6	9.95
7	9.96
8	9.97
9	9.98
10	9.99
select cidx, CDECIMAL4_2 from datatypetestm where CDECIMAL4_2+CBIGINT < 0;
cidx	CDECIMAL4_2
1	-9.99
2	-9.98
3	-9.97
4	-9.96
5	-9.95
select cidx, CDECIMAL4_2 from datatypetestm where CDECIMAL4_2+CBIGINT > 0;
cidx	CDECIMAL4_2
6	9.95
7	9.96
8	9.97
9	9.98
10	9.99
select cidx, CDECIMAL4_2 from datatypetestm where CDECIMAL4_2+CINTEGER = 0;
cidx	CDECIMAL4_2
11	0.00
select cidx, CDECIMAL4_2 from datatypetestm where CDECIMAL4_2+CINTEGER <> 0;
cidx	CDECIMAL4_2
1	-9.99
2	-9.98
3	-9.97
4	-9.96
5	-9.95
6	9.95
7	9.96
8	9.97
9	9.98
10	9.99
select cidx, CDECIMAL4_2 from datatypetestm where CDECIMAL4_2+CINTEGER < 0;
cidx	CDECIMAL4_2
1	-9.99
2	-9.98
3	-9.97
4	-9.96
5	-9.95
select cidx, CDECIMAL4_2 from datatypetestm where CDECIMAL4_2+CINTEGER > 0;
cidx	CDECIMAL4_2
6	9.95
7	9.96
8	9.97
9	9.98
10	9.99
select cidx, CDECIMAL4_2 from datatypetestm where CDECIMAL4_2+CSMALLINT = 0;
cidx	CDECIMAL4_2
11	0.00
select cidx, CDECIMAL4_2 from datatypetestm where CDECIMAL4_2+CSMALLINT <> 0;
cidx	CDECIMAL4_2
1	-9.99
2	-9.98
3	-9.97
4	-9.96
5	-9.95
6	9.95
7	9.96
8	9.97
9	9.98
10	9.99
select cidx, CDECIMAL4_2 from datatypetestm where CDECIMAL4_2+CSMALLINT < 0;
cidx	CDECIMAL4_2
1	-9.99
2	-9.98
3	-9.97
4	-9.96
5	-9.95
select cidx, CDECIMAL4_2 from datatypetestm where CDECIMAL4_2+CSMALLINT > 0;
cidx	CDECIMAL4_2
6	9.95
7	9.96
8	9.97
9	9.98
10	9.99
select cidx, CDECIMAL4_2 from datatypetestm where CDECIMAL4_2+CTINYINT = 0;
cidx	CDECIMAL4_2
11	0.00
select cidx, CDECIMAL4_2 from datatypetestm where CDECIMAL4_2+CTINYINT <> 0;
cidx	CDECIMAL4_2
1	-9.99
2	-9.98
3	-9.97
4	-9.96
5	-9.95
6	9.95
7	9.96
8	9.97
9	9.98
10	9.99
select cidx, CDECIMAL4_2 from datatypetestm where CDECIMAL4_2+CTINYINT < 0;
cidx	CDECIMAL4_2
1	-9.99
2	-9.98
3	-9.97
4	-9.96
5	-9.95
select cidx, CDECIMAL4_2 from datatypetestm where CDECIMAL4_2+CTINYINT > 0;
cidx	CDECIMAL4_2
6	9.95
7	9.96
8	9.97
9	9.98
10	9.99
select cidx, CDECIMAL5 from datatypetestm where CDECIMAL5+CBIGINT = 0;
cidx	CDECIMAL5
11	0
select cidx, CDECIMAL5 from datatypetestm where CDECIMAL5+CBIGINT <> 0;
cidx	CDECIMAL5
1	-999
2	-998
3	-997
4	-996
5	-995
6	995
7	996
8	997
9	998
10	999
select cidx, CDECIMAL5 from datatypetestm where CDECIMAL5+CBIGINT < 0;
cidx	CDECIMAL5
1	-999
2	-998
3	-997
4	-996
5	-995
select cidx, CDECIMAL5 from datatypetestm where CDECIMAL5+CBIGINT > 0;
cidx	CDECIMAL5
6	995
7	996
8	997
9	998
10	999
select cidx, CDECIMAL5 from datatypetestm where CDECIMAL5+CINTEGER = 0;
cidx	CDECIMAL5
11	0
select cidx, CDECIMAL5 from datatypetestm where CDECIMAL5+CINTEGER <> 0;
cidx	CDECIMAL5
1	-999
2	-998
3	-997
4	-996
5	-995
6	995
7	996
8	997
9	998
10	999
select cidx, CDECIMAL5 from datatypetestm where CDECIMAL5+CINTEGER < 0;
cidx	CDECIMAL5
1	-999
2	-998
3	-997
4	-996
5	-995
select cidx, CDECIMAL5 from datatypetestm where CDECIMAL5+CINTEGER > 0;
cidx	CDECIMAL5
6	995
7	996
8	997
9	998
10	999
select cidx, CDECIMAL5 from datatypetestm where CDECIMAL5+CSMALLINT = 0;
cidx	CDECIMAL5
11	0
select cidx, CDECIMAL5 from datatypetestm where CDECIMAL5+CSMALLINT <> 0;
cidx	CDECIMAL5
1	-999
2	-998
3	-997
4	-996
5	-995
6	995
7	996
8	997
9	998
10	999
select cidx, CDECIMAL5 from datatypetestm where CDECIMAL5+CSMALLINT < 0;
cidx	CDECIMAL5
1	-999
2	-998
3	-997
4	-996
5	-995
select cidx, CDECIMAL5 from datatypetestm where CDECIMAL5+CSMALLINT > 0;
cidx	CDECIMAL5
6	995
7	996
8	997
9	998
10	999
select cidx, CDECIMAL5 from datatypetestm where CDECIMAL5+CTINYINT = 0;
cidx	CDECIMAL5
11	0
select cidx, CDECIMAL5 from datatypetestm where CDECIMAL5+CTINYINT <> 0;
cidx	CDECIMAL5
1	-999
2	-998
3	-997
4	-996
5	-995
6	995
7	996
8	997
9	998
10	999
select cidx, CDECIMAL5 from datatypetestm where CDECIMAL5+CTINYINT < 0;
cidx	CDECIMAL5
1	-999
2	-998
3	-997
4	-996
5	-995
select cidx, CDECIMAL5 from datatypetestm where CDECIMAL5+CTINYINT > 0;
cidx	CDECIMAL5
6	995
7	996
8	997
9	998
10	999
select cidx, CDECIMAL9 from datatypetestm where CDECIMAL9+CBIGINT = 0;
cidx	CDECIMAL9
11	0
select cidx, CDECIMAL9 from datatypetestm where CDECIMAL9+CBIGINT <> 0;
cidx	CDECIMAL9
1	-999999
2	-999998
3	-999997
4	-999996
5	-999995
6	999995
7	999996
8	999997
9	999998
10	999999
select cidx, CDECIMAL9 from datatypetestm where CDECIMAL9+CBIGINT < 0;
cidx	CDECIMAL9
1	-999999
2	-999998
3	-999997
4	-999996
5	-999995
select cidx, CDECIMAL9 from datatypetestm where CDECIMAL9+CBIGINT > 0;
cidx	CDECIMAL9
6	999995
7	999996
8	999997
9	999998
10	999999
select cidx, CDECIMAL9 from datatypetestm where CDECIMAL9+CINTEGER = 0;
cidx	CDECIMAL9
11	0
select cidx, CDECIMAL9 from datatypetestm where CDECIMAL9+CINTEGER <> 0;
cidx	CDECIMAL9
1	-999999
2	-999998
3	-999997
4	-999996
5	-999995
6	999995
7	999996
8	999997
9	999998
10	999999
select cidx, CDECIMAL9 from datatypetestm where CDECIMAL9+CINTEGER < 0;
cidx	CDECIMAL9
1	-999999
2	-999998
3	-999997
4	-999996
5	-999995
select cidx, CDECIMAL9 from datatypetestm where CDECIMAL9+CINTEGER > 0;
cidx	CDECIMAL9
6	999995
7	999996
8	999997
9	999998
10	999999
select cidx, CDECIMAL9 from datatypetestm where CDECIMAL9+CSMALLINT = 0;
cidx	CDECIMAL9
11	0
select cidx, CDECIMAL9 from datatypetestm where CDECIMAL9+CSMALLINT <> 0;
cidx	CDECIMAL9
1	-999999
2	-999998
3	-999997
4	-999996
5	-999995
6	999995
7	999996
8	999997
9	999998
10	999999
select cidx, CDECIMAL9 from datatypetestm where CDECIMAL9+CSMALLINT < 0;
cidx	CDECIMAL9
1	-999999
2	-999998
3	-999997
4	-999996
5	-999995
select cidx, CDECIMAL9 from datatypetestm where CDECIMAL9+CSMALLINT > 0;
cidx	CDECIMAL9
6	999995
7	999996
8	999997
9	999998
10	999999
select cidx, CDECIMAL9 from datatypetestm where CDECIMAL9+CTINYINT = 0;
cidx	CDECIMAL9
11	0
select cidx, CDECIMAL9 from datatypetestm where CDECIMAL9+CTINYINT <> 0;
cidx	CDECIMAL9
1	-999999
2	-999998
3	-999997
4	-999996
5	-999995
6	999995
7	999996
8	999997
9	999998
10	999999
select cidx, CDECIMAL9 from datatypetestm where CDECIMAL9+CTINYINT < 0;
cidx	CDECIMAL9
1	-999999
2	-999998
3	-999997
4	-999996
5	-999995
select cidx, CDECIMAL9 from datatypetestm where CDECIMAL9+CTINYINT > 0;
cidx	CDECIMAL9
6	999995
7	999996
8	999997
9	999998
10	999999
select cidx, CDECIMAL9_2 from datatypetestm where CDECIMAL9_2+CBIGINT = 0;
cidx	CDECIMAL9_2
11	0.00
select cidx, CDECIMAL9_2 from datatypetestm where CDECIMAL9_2+CBIGINT <> 0;
cidx	CDECIMAL9_2
1	-9999.99
2	-9999.98
3	-9999.97
4	-9999.96
5	-9999.95
6	9999.95
7	9999.96
8	9999.97
9	9999.98
10	9999.99
select cidx, CDECIMAL9_2 from datatypetestm where CDECIMAL9_2+CBIGINT < 0;
cidx	CDECIMAL9_2
1	-9999.99
2	-9999.98
3	-9999.97
4	-9999.96
5	-9999.95
select cidx, CDECIMAL9_2 from datatypetestm where CDECIMAL9_2+CBIGINT > 0;
cidx	CDECIMAL9_2
6	9999.95
7	9999.96
8	9999.97
9	9999.98
10	9999.99
select cidx, CDECIMAL9_2 from datatypetestm where CDECIMAL9_2+CINTEGER = 0;
cidx	CDECIMAL9_2
11	0.00
select cidx, CDECIMAL9_2 from datatypetestm where CDECIMAL9_2+CINTEGER <> 0;
cidx	CDECIMAL9_2
1	-9999.99
2	-9999.98
3	-9999.97
4	-9999.96
5	-9999.95
6	9999.95
7	9999.96
8	9999.97
9	9999.98
10	9999.99
select cidx, CDECIMAL9_2 from datatypetestm where CDECIMAL9_2+CINTEGER < 0;
cidx	CDECIMAL9_2
1	-9999.99
2	-9999.98
3	-9999.97
4	-9999.96
5	-9999.95
select cidx, CDECIMAL9_2 from datatypetestm where CDECIMAL9_2+CINTEGER > 0;
cidx	CDECIMAL9_2
6	9999.95
7	9999.96
8	9999.97
9	9999.98
10	9999.99
select cidx, CDECIMAL9_2 from datatypetestm where CDECIMAL9_2+CSMALLINT = 0;
cidx	CDECIMAL9_2
11	0.00
select cidx, CDECIMAL9_2 from datatypetestm where CDECIMAL9_2+CSMALLINT <> 0;
cidx	CDECIMAL9_2
1	-9999.99
2	-9999.98
3	-9999.97
4	-9999.96
5	-9999.95
6	9999.95
7	9999.96
8	9999.97
9	9999.98
10	9999.99
select cidx, CDECIMAL9_2 from datatypetestm where CDECIMAL9_2+CSMALLINT < 0;
cidx	CDECIMAL9_2
1	-9999.99
2	-9999.98
3	-9999.97
4	-9999.96
5	-9999.95
select cidx, CDECIMAL9_2 from datatypetestm where CDECIMAL9_2+CSMALLINT > 0;
cidx	CDECIMAL9_2
6	9999.95
7	9999.96
8	9999.97
9	9999.98
10	9999.99
select cidx, CDECIMAL9_2 from datatypetestm where CDECIMAL9_2+CTINYINT = 0;
cidx	CDECIMAL9_2
11	0.00
select cidx, CDECIMAL9_2 from datatypetestm where CDECIMAL9_2+CTINYINT <> 0;
cidx	CDECIMAL9_2
1	-9999.99
2	-9999.98
3	-9999.97
4	-9999.96
5	-9999.95
6	9999.95
7	9999.96
8	9999.97
9	9999.98
10	9999.99
select cidx, CDECIMAL9_2 from datatypetestm where CDECIMAL9_2+CTINYINT < 0;
cidx	CDECIMAL9_2
1	-9999.99
2	-9999.98
3	-9999.97
4	-9999.96
5	-9999.95
select cidx, CDECIMAL9_2 from datatypetestm where CDECIMAL9_2+CTINYINT > 0;
cidx	CDECIMAL9_2
6	9999.95
7	9999.96
8	9999.97
9	9999.98
10	9999.99
select cidx, CDECIMAL10 from datatypetestm where CDECIMAL10+CBIGINT = 0;
cidx	CDECIMAL10
11	0
select cidx, CDECIMAL10 from datatypetestm where CDECIMAL10+CBIGINT <> 0;
cidx	CDECIMAL10
1	-9999999
2	-9999998
3	-9999997
4	-9999996
5	-9999995
6	9999995
7	9999996
8	9999997
9	9999998
10	9999999
select cidx, CDECIMAL10 from datatypetestm where CDECIMAL10+CBIGINT < 0;
cidx	CDECIMAL10
1	-9999999
2	-9999998
3	-9999997
4	-9999996
5	-9999995
select cidx, CDECIMAL10 from datatypetestm where CDECIMAL10+CBIGINT > 0;
cidx	CDECIMAL10
6	9999995
7	9999996
8	9999997
9	9999998
10	9999999
select cidx, CDECIMAL10 from datatypetestm where CDECIMAL10+CINTEGER = 0;
cidx	CDECIMAL10
11	0
select cidx, CDECIMAL10 from datatypetestm where CDECIMAL10+CINTEGER <> 0;
cidx	CDECIMAL10
1	-9999999
2	-9999998
3	-9999997
4	-9999996
5	-9999995
6	9999995
7	9999996
8	9999997
9	9999998
10	9999999
select cidx, CDECIMAL10 from datatypetestm where CDECIMAL10+CINTEGER < 0;
cidx	CDECIMAL10
1	-9999999
2	-9999998
3	-9999997
4	-9999996
5	-9999995
select cidx, CDECIMAL10 from datatypetestm where CDECIMAL10+CINTEGER > 0;
cidx	CDECIMAL10
6	9999995
7	9999996
8	9999997
9	9999998
10	9999999
select cidx, CDECIMAL10 from datatypetestm where CDECIMAL10+CSMALLINT = 0;
cidx	CDECIMAL10
11	0
select cidx, CDECIMAL10 from datatypetestm where CDECIMAL10+CSMALLINT <> 0;
cidx	CDECIMAL10
1	-9999999
2	-9999998
3	-9999997
4	-9999996
5	-9999995
6	9999995
7	9999996
8	9999997
9	9999998
10	9999999
select cidx, CDECIMAL10 from datatypetestm where CDECIMAL10+CSMALLINT < 0;
cidx	CDECIMAL10
1	-9999999
2	-9999998
3	-9999997
4	-9999996
5	-9999995
select cidx, CDECIMAL10 from datatypetestm where CDECIMAL10+CSMALLINT > 0;
cidx	CDECIMAL10
6	9999995
7	9999996
8	9999997
9	9999998
10	9999999
select cidx, CDECIMAL10 from datatypetestm where CDECIMAL10+CTINYINT = 0;
cidx	CDECIMAL10
11	0
select cidx, CDECIMAL10 from datatypetestm where CDECIMAL10+CTINYINT <> 0;
cidx	CDECIMAL10
1	-9999999
2	-9999998
3	-9999997
4	-9999996
5	-9999995
6	9999995
7	9999996
8	9999997
9	9999998
10	9999999
select cidx, CDECIMAL10 from datatypetestm where CDECIMAL10+CTINYINT < 0;
cidx	CDECIMAL10
1	-9999999
2	-9999998
3	-9999997
4	-9999996
5	-9999995
select cidx, CDECIMAL10 from datatypetestm where CDECIMAL10+CTINYINT > 0;
cidx	CDECIMAL10
6	9999995
7	9999996
8	9999997
9	9999998
10	9999999
select cidx, CDECIMAL18 from datatypetestm where CDECIMAL18+CBIGINT = 0;
cidx	CDECIMAL18
11	0
select cidx, CDECIMAL18 from datatypetestm where CDECIMAL18+CBIGINT <> 0;
cidx	CDECIMAL18
1	-9999999999999
2	-9999999999998
3	-9999999999997
4	-9999999999996
5	-9999999999995
6	9999999999995
7	9999999999996
8	9999999999997
9	9999999999998
10	9999999999999
select cidx, CDECIMAL18 from datatypetestm where CDECIMAL18+CBIGINT < 0;
cidx	CDECIMAL18
1	-9999999999999
2	-9999999999998
3	-9999999999997
4	-9999999999996
5	-9999999999995
select cidx, CDECIMAL18 from datatypetestm where CDECIMAL18+CBIGINT > 0;
cidx	CDECIMAL18
6	9999999999995
7	9999999999996
8	9999999999997
9	9999999999998
10	9999999999999
select cidx, CDECIMAL18 from datatypetestm where CDECIMAL18+CINTEGER = 0;
cidx	CDECIMAL18
11	0
select cidx, CDECIMAL18 from datatypetestm where CDECIMAL18+CINTEGER <> 0;
cidx	CDECIMAL18
1	-9999999999999
2	-9999999999998
3	-9999999999997
4	-9999999999996
5	-9999999999995
6	9999999999995
7	9999999999996
8	9999999999997
9	9999999999998
10	9999999999999
select cidx, CDECIMAL18 from datatypetestm where CDECIMAL18+CINTEGER < 0;
cidx	CDECIMAL18
1	-9999999999999
2	-9999999999998
3	-9999999999997
4	-9999999999996
5	-9999999999995
select cidx, CDECIMAL18 from datatypetestm where CDECIMAL18+CINTEGER > 0;
cidx	CDECIMAL18
6	9999999999995
7	9999999999996
8	9999999999997
9	9999999999998
10	9999999999999
select cidx, CDECIMAL18 from datatypetestm where CDECIMAL18+CSMALLINT = 0;
cidx	CDECIMAL18
11	0
select cidx, CDECIMAL18 from datatypetestm where CDECIMAL18+CSMALLINT <> 0;
cidx	CDECIMAL18
1	-9999999999999
2	-9999999999998
3	-9999999999997
4	-9999999999996
5	-9999999999995
6	9999999999995
7	9999999999996
8	9999999999997
9	9999999999998
10	9999999999999
select cidx, CDECIMAL18 from datatypetestm where CDECIMAL18+CSMALLINT < 0;
cidx	CDECIMAL18
1	-9999999999999
2	-9999999999998
3	-9999999999997
4	-9999999999996
5	-9999999999995
select cidx, CDECIMAL18 from datatypetestm where CDECIMAL18+CSMALLINT > 0;
cidx	CDECIMAL18
6	9999999999995
7	9999999999996
8	9999999999997
9	9999999999998
10	9999999999999
select cidx, CDECIMAL18 from datatypetestm where CDECIMAL18+CTINYINT = 0;
cidx	CDECIMAL18
11	0
select cidx, CDECIMAL18 from datatypetestm where CDECIMAL18+CTINYINT <> 0;
cidx	CDECIMAL18
1	-9999999999999
2	-9999999999998
3	-9999999999997
4	-9999999999996
5	-9999999999995
6	9999999999995
7	9999999999996
8	9999999999997
9	9999999999998
10	9999999999999
select cidx, CDECIMAL18 from datatypetestm where CDECIMAL18+CTINYINT < 0;
cidx	CDECIMAL18
1	-9999999999999
2	-9999999999998
3	-9999999999997
4	-9999999999996
5	-9999999999995
select cidx, CDECIMAL18 from datatypetestm where CDECIMAL18+CTINYINT > 0;
cidx	CDECIMAL18
6	9999999999995
7	9999999999996
8	9999999999997
9	9999999999998
10	9999999999999
select cidx, CDECIMAL18_2 from datatypetestm where CDECIMAL18_2+CBIGINT = 0;
cidx	CDECIMAL18_2
11	0.00
select cidx, CDECIMAL18_2 from datatypetestm where CDECIMAL18_2+CBIGINT <> 0;
cidx	CDECIMAL18_2
1	-99999999999.99
2	-99999999999.98
3	-99999999999.97
4	-99999999999.96
5	-99999999999.95
6	99999999999.95
7	99999999999.96
8	99999999999.97
9	99999999999.98
10	99999999999.99
select cidx, CDECIMAL18_2 from datatypetestm where CDECIMAL18_2+CBIGINT < 0;
cidx	CDECIMAL18_2
1	-99999999999.99
2	-99999999999.98
3	-99999999999.97
4	-99999999999.96
5	-99999999999.95
select cidx, CDECIMAL18_2 from datatypetestm where CDECIMAL18_2+CBIGINT > 0;
cidx	CDECIMAL18_2
6	99999999999.95
7	99999999999.96
8	99999999999.97
9	99999999999.98
10	99999999999.99
select cidx, CDECIMAL18_2 from datatypetestm where CDECIMAL18_2+CINTEGER = 0;
cidx	CDECIMAL18_2
11	0.00
select cidx, CDECIMAL18_2 from datatypetestm where CDECIMAL18_2+CINTEGER <> 0;
cidx	CDECIMAL18_2
1	-99999999999.99
2	-99999999999.98
3	-99999999999.97
4	-99999999999.96
5	-99999999999.95
6	99999999999.95
7	99999999999.96
8	99999999999.97
9	99999999999.98
10	99999999999.99
select cidx, CDECIMAL18_2 from datatypetestm where CDECIMAL18_2+CINTEGER < 0;
cidx	CDECIMAL18_2
1	-99999999999.99
2	-99999999999.98
3	-99999999999.97
4	-99999999999.96
5	-99999999999.95
select cidx, CDECIMAL18_2 from datatypetestm where CDECIMAL18_2+CINTEGER > 0;
cidx	CDECIMAL18_2
6	99999999999.95
7	99999999999.96
8	99999999999.97
9	99999999999.98
10	99999999999.99
select cidx, CDECIMAL18_2 from datatypetestm where CDECIMAL18_2+CSMALLINT = 0;
cidx	CDECIMAL18_2
11	0.00
select cidx, CDECIMAL18_2 from datatypetestm where CDECIMAL18_2+CSMALLINT <> 0;
cidx	CDECIMAL18_2
1	-99999999999.99
2	-99999999999.98
3	-99999999999.97
4	-99999999999.96
5	-99999999999.95
6	99999999999.95
7	99999999999.96
8	99999999999.97
9	99999999999.98
10	99999999999.99
select cidx, CDECIMAL18_2 from datatypetestm where CDECIMAL18_2+CSMALLINT < 0;
cidx	CDECIMAL18_2
1	-99999999999.99
2	-99999999999.98
3	-99999999999.97
4	-99999999999.96
5	-99999999999.95
select cidx, CDECIMAL18_2 from datatypetestm where CDECIMAL18_2+CSMALLINT > 0;
cidx	CDECIMAL18_2
6	99999999999.95
7	99999999999.96
8	99999999999.97
9	99999999999.98
10	99999999999.99
select cidx, CDECIMAL18_2 from datatypetestm where CDECIMAL18_2+CTINYINT = 0;
cidx	CDECIMAL18_2
11	0.00
select cidx, CDECIMAL18_2 from datatypetestm where CDECIMAL18_2+CTINYINT <> 0;
cidx	CDECIMAL18_2
1	-99999999999.99
2	-99999999999.98
3	-99999999999.97
4	-99999999999.96
5	-99999999999.95
6	99999999999.95
7	99999999999.96
8	99999999999.97
9	99999999999.98
10	99999999999.99
select cidx, CDECIMAL18_2 from datatypetestm where CDECIMAL18_2+CTINYINT < 0;
cidx	CDECIMAL18_2
1	-99999999999.99
2	-99999999999.98
3	-99999999999.97
4	-99999999999.96
5	-99999999999.95
select cidx, CDECIMAL18_2 from datatypetestm where CDECIMAL18_2+CTINYINT > 0;
cidx	CDECIMAL18_2
6	99999999999.95
7	99999999999.96
8	99999999999.97
9	99999999999.98
10	99999999999.99
select cidx, CINTEGER from datatypetestm where CINTEGER+CBIGINT = 0;
cidx	CINTEGER
11	0
select cidx, CINTEGER from datatypetestm where CINTEGER+CBIGINT <> 0;
cidx	CINTEGER
1	-7483646
2	-7483645
3	-7483644
4	-7483643
5	-7483642
6	7483643
7	7483644
8	7483645
9	7483646
10	7483647
select cidx, CINTEGER from datatypetestm where CINTEGER+CBIGINT < 0;
cidx	CINTEGER
1	-7483646
2	-7483645
3	-7483644
4	-7483643
5	-7483642
select cidx, CINTEGER from datatypetestm where CINTEGER+CBIGINT > 0;
cidx	CINTEGER
6	7483643
7	7483644
8	7483645
9	7483646
10	7483647
select cidx, CINTEGER from datatypetestm where CINTEGER+CINTEGER = 0;
cidx	CINTEGER
11	0
select cidx, CINTEGER from datatypetestm where CINTEGER+CINTEGER <> 0;
cidx	CINTEGER
1	-7483646
2	-7483645
3	-7483644
4	-7483643
5	-7483642
6	7483643
7	7483644
8	7483645
9	7483646
10	7483647
select cidx, CINTEGER from datatypetestm where CINTEGER+CINTEGER < 0;
cidx	CINTEGER
1	-7483646
2	-7483645
3	-7483644
4	-7483643
5	-7483642
select cidx, CINTEGER from datatypetestm where CINTEGER+CINTEGER > 0;
cidx	CINTEGER
6	7483643
7	7483644
8	7483645
9	7483646
10	7483647
select cidx, CINTEGER from datatypetestm where CINTEGER+CSMALLINT = 0;
cidx	CINTEGER
11	0
select cidx, CINTEGER from datatypetestm where CINTEGER+CSMALLINT <> 0;
cidx	CINTEGER
1	-7483646
2	-7483645
3	-7483644
4	-7483643
5	-7483642
6	7483643
7	7483644
8	7483645
9	7483646
10	7483647
select cidx, CINTEGER from datatypetestm where CINTEGER+CSMALLINT < 0;
cidx	CINTEGER
1	-7483646
2	-7483645
3	-7483644
4	-7483643
5	-7483642
select cidx, CINTEGER from datatypetestm where CINTEGER+CSMALLINT > 0;
cidx	CINTEGER
6	7483643
7	7483644
8	7483645
9	7483646
10	7483647
select cidx, CINTEGER from datatypetestm where CINTEGER+CTINYINT = 0;
cidx	CINTEGER
11	0
select cidx, CINTEGER from datatypetestm where CINTEGER+CTINYINT <> 0;
cidx	CINTEGER
1	-7483646
2	-7483645
3	-7483644
4	-7483643
5	-7483642
6	7483643
7	7483644
8	7483645
9	7483646
10	7483647
select cidx, CINTEGER from datatypetestm where CINTEGER+CTINYINT < 0;
cidx	CINTEGER
1	-7483646
2	-7483645
3	-7483644
4	-7483643
5	-7483642
select cidx, CINTEGER from datatypetestm where CINTEGER+CTINYINT > 0;
cidx	CINTEGER
6	7483643
7	7483644
8	7483645
9	7483646
10	7483647
select cidx, CSMALLINT from datatypetestm where CSMALLINT+CBIGINT = 0;
cidx	CSMALLINT
11	0
select cidx, CSMALLINT from datatypetestm where CSMALLINT+CBIGINT <> 0;
cidx	CSMALLINT
1	-766
2	-765
3	-764
4	-763
5	-762
6	763
7	764
8	765
9	766
10	767
select cidx, CSMALLINT from datatypetestm where CSMALLINT+CBIGINT < 0;
cidx	CSMALLINT
1	-766
2	-765
3	-764
4	-763
5	-762
select cidx, CSMALLINT from datatypetestm where CSMALLINT+CBIGINT > 0;
cidx	CSMALLINT
6	763
7	764
8	765
9	766
10	767
select cidx, CSMALLINT from datatypetestm where CSMALLINT+CINTEGER = 0;
cidx	CSMALLINT
11	0
select cidx, CSMALLINT from datatypetestm where CSMALLINT+CINTEGER <> 0;
cidx	CSMALLINT
1	-766
2	-765
3	-764
4	-763
5	-762
6	763
7	764
8	765
9	766
10	767
select cidx, CSMALLINT from datatypetestm where CSMALLINT+CINTEGER < 0;
cidx	CSMALLINT
1	-766
2	-765
3	-764
4	-763
5	-762
select cidx, CSMALLINT from datatypetestm where CSMALLINT+CINTEGER > 0;
cidx	CSMALLINT
6	763
7	764
8	765
9	766
10	767
select cidx, CSMALLINT from datatypetestm where CSMALLINT+CSMALLINT = 0;
cidx	CSMALLINT
11	0
select cidx, CSMALLINT from datatypetestm where CSMALLINT+CSMALLINT <> 0;
cidx	CSMALLINT
1	-766
2	-765
3	-764
4	-763
5	-762
6	763
7	764
8	765
9	766
10	767
select cidx, CSMALLINT from datatypetestm where CSMALLINT+CSMALLINT < 0;
cidx	CSMALLINT
1	-766
2	-765
3	-764
4	-763
5	-762
select cidx, CSMALLINT from datatypetestm where CSMALLINT+CSMALLINT > 0;
cidx	CSMALLINT
6	763
7	764
8	765
9	766
10	767
select cidx, CSMALLINT from datatypetestm where CSMALLINT+CTINYINT = 0;
cidx	CSMALLINT
11	0
select cidx, CSMALLINT from datatypetestm where CSMALLINT+CTINYINT <> 0;
cidx	CSMALLINT
1	-766
2	-765
3	-764
4	-763
5	-762
6	763
7	764
8	765
9	766
10	767
select cidx, CSMALLINT from datatypetestm where CSMALLINT+CTINYINT < 0;
cidx	CSMALLINT
1	-766
2	-765
3	-764
4	-763
5	-762
select cidx, CSMALLINT from datatypetestm where CSMALLINT+CTINYINT > 0;
cidx	CSMALLINT
6	763
7	764
8	765
9	766
10	767
select cidx, CTINYINT from datatypetestm where CTINYINT+CBIGINT = 0;
cidx	CTINYINT
11	0
select cidx, CTINYINT from datatypetestm where CTINYINT+CBIGINT <> 0;
cidx	CTINYINT
1	-26
2	-25
3	-24
4	-23
5	-22
6	23
7	24
8	25
9	26
10	27
select cidx, CTINYINT from datatypetestm where CTINYINT+CBIGINT < 0;
cidx	CTINYINT
1	-26
2	-25
3	-24
4	-23
5	-22
select cidx, CTINYINT from datatypetestm where CTINYINT+CBIGINT > 0;
cidx	CTINYINT
6	23
7	24
8	25
9	26
10	27
select cidx, CTINYINT from datatypetestm where CTINYINT+CINTEGER = 0;
cidx	CTINYINT
11	0
select cidx, CTINYINT from datatypetestm where CTINYINT+CINTEGER <> 0;
cidx	CTINYINT
1	-26
2	-25
3	-24
4	-23
5	-22
6	23
7	24
8	25
9	26
10	27
select cidx, CTINYINT from datatypetestm where CTINYINT+CINTEGER < 0;
cidx	CTINYINT
1	-26
2	-25
3	-24
4	-23
5	-22
select cidx, CTINYINT from datatypetestm where CTINYINT+CINTEGER > 0;
cidx	CTINYINT
6	23
7	24
8	25
9	26
10	27
select cidx, CTINYINT from datatypetestm where CTINYINT+CSMALLINT = 0;
cidx	CTINYINT
11	0
select cidx, CTINYINT from datatypetestm where CTINYINT+CSMALLINT <> 0;
cidx	CTINYINT
1	-26
2	-25
3	-24
4	-23
5	-22
6	23
7	24
8	25
9	26
10	27
select cidx, CTINYINT from datatypetestm where CTINYINT+CSMALLINT < 0;
cidx	CTINYINT
1	-26
2	-25
3	-24
4	-23
5	-22
select cidx, CTINYINT from datatypetestm where CTINYINT+CSMALLINT > 0;
cidx	CTINYINT
6	23
7	24
8	25
9	26
10	27
select cidx, CTINYINT from datatypetestm where CTINYINT+CTINYINT = 0;
cidx	CTINYINT
11	0
select cidx, CTINYINT from datatypetestm where CTINYINT+CTINYINT <> 0;
cidx	CTINYINT
1	-26
2	-25
3	-24
4	-23
5	-22
6	23
7	24
8	25
9	26
10	27
select cidx, CTINYINT from datatypetestm where CTINYINT+CTINYINT < 0;
cidx	CTINYINT
1	-26
2	-25
3	-24
4	-23
5	-22
select cidx, CTINYINT from datatypetestm where CTINYINT+CTINYINT > 0;
cidx	CTINYINT
6	23
7	24
8	25
9	26
10	27
