USE tpch1;
select cidx, 5+2 from datatypetestm;
cidx	5+2
1	7
2	7
3	7
4	7
5	7
6	7
7	7
8	7
9	7
10	7
11	7
select cidx, 5-2 from datatypetestm;
cidx	5-2
1	3
2	3
3	3
4	3
5	3
6	3
7	3
8	3
9	3
10	3
11	3
select cidx, 5*2 from datatypetestm;
cidx	5*2
1	10
2	10
3	10
4	10
5	10
6	10
7	10
8	10
9	10
10	10
11	10
select cidx, 5/2 from datatypetestm;
cidx	5/2
1	2.5000
2	2.5000
3	2.5000
4	2.5000
5	2.5000
6	2.5000
7	2.5000
8	2.5000
9	2.5000
10	2.5000
11	2.5000
select cidx, 5+2.4 from datatypetestm;
cidx	5+2.4
1	7.4
2	7.4
3	7.4
4	7.4
5	7.4
6	7.4
7	7.4
8	7.4
9	7.4
10	7.4
11	7.4
select cidx, 5-2.4 from datatypetestm;
cidx	5-2.4
1	2.6
2	2.6
3	2.6
4	2.6
5	2.6
6	2.6
7	2.6
8	2.6
9	2.6
10	2.6
11	2.6
select cidx, 5*2.4 from datatypetestm;
cidx	5*2.4
1	12.0
2	12.0
3	12.0
4	12.0
5	12.0
6	12.0
7	12.0
8	12.0
9	12.0
10	12.0
11	12.0
select cidx, 5/2.4 from datatypetestm;
cidx	5/2.4
1	2.0833
2	2.0833
3	2.0833
4	2.0833
5	2.0833
6	2.0833
7	2.0833
8	2.0833
9	2.0833
10	2.0833
11	2.0833
select cidx, 2.4+5 from datatypetestm;
cidx	2.4+5
1	7.4
2	7.4
3	7.4
4	7.4
5	7.4
6	7.4
7	7.4
8	7.4
9	7.4
10	7.4
11	7.4
select cidx, 2.4-5 from datatypetestm;
cidx	2.4-5
1	-2.6
2	-2.6
3	-2.6
4	-2.6
5	-2.6
6	-2.6
7	-2.6
8	-2.6
9	-2.6
10	-2.6
11	-2.6
select cidx, 2.4*5 from datatypetestm;
cidx	2.4*5
1	12.0
2	12.0
3	12.0
4	12.0
5	12.0
6	12.0
7	12.0
8	12.0
9	12.0
10	12.0
11	12.0
select cidx, 2.4/5 from datatypetestm;
cidx	2.4/5
1	0.48000
2	0.48000
3	0.48000
4	0.48000
5	0.48000
6	0.48000
7	0.48000
8	0.48000
9	0.48000
10	0.48000
11	0.48000
