USE tpch1;
select cidx, CBIGINT-CDECIMAL1 from datatypetestm;
cidx	CBIGINT-CDECIMAL1
1	-72036854775797
2	-72036854775797
3	-72036854775797
4	-72036854775797
5	-72036854775797
6	72036854775798
7	72036854775798
8	72036854775798
9	72036854775798
10	72036854775798
11	0
select cidx, CBIGINT-CDECIMAL4 from datatypetestm;
cidx	CBIGINT-CDECIMAL4
1	-72036854774807
2	-72036854774807
3	-72036854774807
4	-72036854774807
5	-72036854774807
6	72036854774808
7	72036854774808
8	72036854774808
9	72036854774808
10	72036854774808
11	0
select cidx, CBIGINT-CDECIMAL4_2 from datatypetestm;
cidx	CBIGINT-CDECIMAL4_2
1	-72036854775796.01
2	-72036854775795.02
3	-72036854775794.03
4	-72036854775793.04
5	-72036854775792.05
6	72036854775793.05
7	72036854775794.04
8	72036854775795.03
9	72036854775796.02
10	72036854775797.01
11	0.00
select cidx, CBIGINT-CDECIMAL5 from datatypetestm;
cidx	CBIGINT-CDECIMAL5
1	-72036854774807
2	-72036854774807
3	-72036854774807
4	-72036854774807
5	-72036854774807
6	72036854774808
7	72036854774808
8	72036854774808
9	72036854774808
10	72036854774808
11	0
select cidx, CBIGINT-CDECIMAL9 from datatypetestm;
cidx	CBIGINT-CDECIMAL9
1	-72036853775807
2	-72036853775807
3	-72036853775807
4	-72036853775807
5	-72036853775807
6	72036853775808
7	72036853775808
8	72036853775808
9	72036853775808
10	72036853775808
11	0
select cidx, CBIGINT-CDECIMAL9_2 from datatypetestm;
cidx	CBIGINT-CDECIMAL9_2
1	-72036854765806.01
2	-72036854765805.02
3	-72036854765804.03
4	-72036854765803.04
5	-72036854765802.05
6	72036854765803.05
7	72036854765804.04
8	72036854765805.03
9	72036854765806.02
10	72036854765807.01
11	0.00
select cidx, CBIGINT-CDECIMAL10 from datatypetestm;
cidx	CBIGINT-CDECIMAL10
1	-72036844775807
2	-72036844775807
3	-72036844775807
4	-72036844775807
5	-72036844775807
6	72036844775808
7	72036844775808
8	72036844775808
9	72036844775808
10	72036844775808
11	0
select cidx, CBIGINT-CDECIMAL18 from datatypetestm;
cidx	CBIGINT-CDECIMAL18
1	-62036854775807
2	-62036854775807
3	-62036854775807
4	-62036854775807
5	-62036854775807
6	62036854775808
7	62036854775808
8	62036854775808
9	62036854775808
10	62036854775808
11	0
select cidx, CBIGINT-CDECIMAL18_2 from datatypetestm;
cidx	CBIGINT-CDECIMAL18_2
1	-71936854775806.01
2	-71936854775805.02
3	-71936854775804.03
4	-71936854775803.04
5	-71936854775802.05
6	71936854775803.05
7	71936854775804.04
8	71936854775805.03
9	71936854775806.02
10	71936854775807.01
11	0.00
select cidx, CDECIMAL1-CDECIMAL4 from datatypetestm;
cidx	CDECIMAL1-CDECIMAL4
1	990
2	990
3	990
4	990
5	990
6	-990
7	-990
8	-990
9	-990
10	-990
11	0
select cidx, CDECIMAL1-CDECIMAL4_2 from datatypetestm;
cidx	CDECIMAL1-CDECIMAL4_2
1	0.99
2	1.98
3	2.97
4	3.96
5	4.95
6	-4.95
7	-3.96
8	-2.97
9	-1.98
10	-0.99
11	0.00
select cidx, CDECIMAL1-CDECIMAL5 from datatypetestm;
cidx	CDECIMAL1-CDECIMAL5
1	990
2	990
3	990
4	990
5	990
6	-990
7	-990
8	-990
9	-990
10	-990
11	0
select cidx, CDECIMAL1-CDECIMAL9 from datatypetestm;
cidx	CDECIMAL1-CDECIMAL9
1	999990
2	999990
3	999990
4	999990
5	999990
6	-999990
7	-999990
8	-999990
9	-999990
10	-999990
11	0
select cidx, CDECIMAL1-CDECIMAL9_2 from datatypetestm;
cidx	CDECIMAL1-CDECIMAL9_2
1	9990.99
2	9991.98
3	9992.97
4	9993.96
5	9994.95
6	-9994.95
7	-9993.96
8	-9992.97
9	-9991.98
10	-9990.99
11	0.00
select cidx, CDECIMAL1-CDECIMAL10 from datatypetestm;
cidx	CDECIMAL1-CDECIMAL10
1	9999990
2	9999990
3	9999990
4	9999990
5	9999990
6	-9999990
7	-9999990
8	-9999990
9	-9999990
10	-9999990
11	0
select cidx, CDECIMAL1-CDECIMAL18 from datatypetestm;
cidx	CDECIMAL1-CDECIMAL18
1	9999999999990
2	9999999999990
3	9999999999990
4	9999999999990
5	9999999999990
6	-9999999999990
7	-9999999999990
8	-9999999999990
9	-9999999999990
10	-9999999999990
11	0
select cidx, CDECIMAL1-CDECIMAL18_2 from datatypetestm;
cidx	CDECIMAL1-CDECIMAL18_2
1	99999999990.99
2	99999999991.98
3	99999999992.97
4	99999999993.96
5	99999999994.95
6	-99999999994.95
7	-99999999993.96
8	-99999999992.97
9	-99999999991.98
10	-99999999990.99
11	0.00
select cidx, CDECIMAL4-CDECIMAL1 from datatypetestm;
cidx	CDECIMAL4-CDECIMAL1
1	-990
2	-990
3	-990
4	-990
5	-990
6	990
7	990
8	990
9	990
10	990
11	0
select cidx, CDECIMAL4-CDECIMAL4_2 from datatypetestm;
cidx	CDECIMAL4-CDECIMAL4_2
1	-989.01
2	-988.02
3	-987.03
4	-986.04
5	-985.05
6	985.05
7	986.04
8	987.03
9	988.02
10	989.01
11	0.00
select cidx, CDECIMAL4-CDECIMAL5 from datatypetestm;
cidx	CDECIMAL4-CDECIMAL5
1	0
2	0
3	0
4	0
5	0
6	0
7	0
8	0
9	0
10	0
11	0
select cidx, CDECIMAL4-CDECIMAL9 from datatypetestm;
cidx	CDECIMAL4-CDECIMAL9
1	999000
2	999000
3	999000
4	999000
5	999000
6	-999000
7	-999000
8	-999000
9	-999000
10	-999000
11	0
select cidx, CDECIMAL4-CDECIMAL9_2 from datatypetestm;
cidx	CDECIMAL4-CDECIMAL9_2
1	9000.99
2	9001.98
3	9002.97
4	9003.96
5	9004.95
6	-9004.95
7	-9003.96
8	-9002.97
9	-9001.98
10	-9000.99
11	0.00
select cidx, CDECIMAL4-CDECIMAL10 from datatypetestm;
cidx	CDECIMAL4-CDECIMAL10
1	9999000
2	9999000
3	9999000
4	9999000
5	9999000
6	-9999000
7	-9999000
8	-9999000
9	-9999000
10	-9999000
11	0
select cidx, CDECIMAL4-CDECIMAL18 from datatypetestm;
cidx	CDECIMAL4-CDECIMAL18
1	9999999999000
2	9999999999000
3	9999999999000
4	9999999999000
5	9999999999000
6	-9999999999000
7	-9999999999000
8	-9999999999000
9	-9999999999000
10	-9999999999000
11	0
select cidx, CDECIMAL4-CDECIMAL18_2 from datatypetestm;
cidx	CDECIMAL4-CDECIMAL18_2
1	99999999000.99
2	99999999001.98
3	99999999002.97
4	99999999003.96
5	99999999004.95
6	-99999999004.95
7	-99999999003.96
8	-99999999002.97
9	-99999999001.98
10	-99999999000.99
11	0.00
select cidx, CDECIMAL4_2-CDECIMAL1 from datatypetestm;
cidx	CDECIMAL4_2-CDECIMAL1
1	-0.99
2	-1.98
3	-2.97
4	-3.96
5	-4.95
6	4.95
7	3.96
8	2.97
9	1.98
10	0.99
11	0.00
select cidx, CDECIMAL4_2-CDECIMAL4 from datatypetestm;
cidx	CDECIMAL4_2-CDECIMAL4
1	989.01
2	988.02
3	987.03
4	986.04
5	985.05
6	-985.05
7	-986.04
8	-987.03
9	-988.02
10	-989.01
11	0.00
select cidx, CDECIMAL4_2-CDECIMAL5 from datatypetestm;
cidx	CDECIMAL4_2-CDECIMAL5
1	989.01
2	988.02
3	987.03
4	986.04
5	985.05
6	-985.05
7	-986.04
8	-987.03
9	-988.02
10	-989.01
11	0.00
select cidx, CDECIMAL4_2-CDECIMAL9 from datatypetestm;
cidx	CDECIMAL4_2-CDECIMAL9
1	999989.01
2	999988.02
3	999987.03
4	999986.04
5	999985.05
6	-999985.05
7	-999986.04
8	-999987.03
9	-999988.02
10	-999989.01
11	0.00
select cidx, CDECIMAL4_2-CDECIMAL9_2 from datatypetestm;
cidx	CDECIMAL4_2-CDECIMAL9_2
1	9990.00
2	9990.00
3	9990.00
4	9990.00
5	9990.00
6	-9990.00
7	-9990.00
8	-9990.00
9	-9990.00
10	-9990.00
11	0.00
select cidx, CDECIMAL4_2-CDECIMAL10 from datatypetestm;
cidx	CDECIMAL4_2-CDECIMAL10
1	9999989.01
2	9999988.02
3	9999987.03
4	9999986.04
5	9999985.05
6	-9999985.05
7	-9999986.04
8	-9999987.03
9	-9999988.02
10	-9999989.01
11	0.00
select cidx, CDECIMAL4_2-CDECIMAL18 from datatypetestm;
cidx	CDECIMAL4_2-CDECIMAL18
1	9999999999989.01
2	9999999999988.02
3	9999999999987.03
4	9999999999986.04
5	9999999999985.05
6	-9999999999985.05
7	-9999999999986.04
8	-9999999999987.03
9	-9999999999988.02
10	-9999999999989.01
11	0.00
select cidx, CDECIMAL4_2-CDECIMAL18_2 from datatypetestm;
cidx	CDECIMAL4_2-CDECIMAL18_2
1	99999999990.00
2	99999999990.00
3	99999999990.00
4	99999999990.00
5	99999999990.00
6	-99999999990.00
7	-99999999990.00
8	-99999999990.00
9	-99999999990.00
10	-99999999990.00
11	0.00
select cidx, CDECIMAL5-CDECIMAL1 from datatypetestm;
cidx	CDECIMAL5-CDECIMAL1
1	-990
2	-990
3	-990
4	-990
5	-990
6	990
7	990
8	990
9	990
10	990
11	0
select cidx, CDECIMAL5-CDECIMAL4 from datatypetestm;
cidx	CDECIMAL5-CDECIMAL4
1	0
2	0
3	0
4	0
5	0
6	0
7	0
8	0
9	0
10	0
11	0
select cidx, CDECIMAL5-CDECIMAL4_2 from datatypetestm;
cidx	CDECIMAL5-CDECIMAL4_2
1	-989.01
2	-988.02
3	-987.03
4	-986.04
5	-985.05
6	985.05
7	986.04
8	987.03
9	988.02
10	989.01
11	0.00
select cidx, CDECIMAL5-CDECIMAL9 from datatypetestm;
cidx	CDECIMAL5-CDECIMAL9
1	999000
2	999000
3	999000
4	999000
5	999000
6	-999000
7	-999000
8	-999000
9	-999000
10	-999000
11	0
select cidx, CDECIMAL5-CDECIMAL9_2 from datatypetestm;
cidx	CDECIMAL5-CDECIMAL9_2
1	9000.99
2	9001.98
3	9002.97
4	9003.96
5	9004.95
6	-9004.95
7	-9003.96
8	-9002.97
9	-9001.98
10	-9000.99
11	0.00
select cidx, CDECIMAL5-CDECIMAL10 from datatypetestm;
cidx	CDECIMAL5-CDECIMAL10
1	9999000
2	9999000
3	9999000
4	9999000
5	9999000
6	-9999000
7	-9999000
8	-9999000
9	-9999000
10	-9999000
11	0
select cidx, CDECIMAL5-CDECIMAL18 from datatypetestm;
cidx	CDECIMAL5-CDECIMAL18
1	9999999999000
2	9999999999000
3	9999999999000
4	9999999999000
5	9999999999000
6	-9999999999000
7	-9999999999000
8	-9999999999000
9	-9999999999000
10	-9999999999000
11	0
select cidx, CDECIMAL5-CDECIMAL18_2 from datatypetestm;
cidx	CDECIMAL5-CDECIMAL18_2
1	99999999000.99
2	99999999001.98
3	99999999002.97
4	99999999003.96
5	99999999004.95
6	-99999999004.95
7	-99999999003.96
8	-99999999002.97
9	-99999999001.98
10	-99999999000.99
11	0.00
select cidx, CDECIMAL9-CDECIMAL1 from datatypetestm;
cidx	CDECIMAL9-CDECIMAL1
1	-999990
2	-999990
3	-999990
4	-999990
5	-999990
6	999990
7	999990
8	999990
9	999990
10	999990
11	0
select cidx, CDECIMAL9-CDECIMAL4 from datatypetestm;
cidx	CDECIMAL9-CDECIMAL4
1	-999000
2	-999000
3	-999000
4	-999000
5	-999000
6	999000
7	999000
8	999000
9	999000
10	999000
11	0
select cidx, CDECIMAL9-CDECIMAL4_2 from datatypetestm;
cidx	CDECIMAL9-CDECIMAL4_2
1	-999989.01
2	-999988.02
3	-999987.03
4	-999986.04
5	-999985.05
6	999985.05
7	999986.04
8	999987.03
9	999988.02
10	999989.01
11	0.00
select cidx, CDECIMAL9-CDECIMAL5 from datatypetestm;
cidx	CDECIMAL9-CDECIMAL5
1	-999000
2	-999000
3	-999000
4	-999000
5	-999000
6	999000
7	999000
8	999000
9	999000
10	999000
11	0
select cidx, CDECIMAL9-CDECIMAL9_2 from datatypetestm;
cidx	CDECIMAL9-CDECIMAL9_2
1	-989999.01
2	-989998.02
3	-989997.03
4	-989996.04
5	-989995.05
6	989995.05
7	989996.04
8	989997.03
9	989998.02
10	989999.01
11	0.00
select cidx, CDECIMAL9-CDECIMAL10 from datatypetestm;
cidx	CDECIMAL9-CDECIMAL10
1	9000000
2	9000000
3	9000000
4	9000000
5	9000000
6	-9000000
7	-9000000
8	-9000000
9	-9000000
10	-9000000
11	0
select cidx, CDECIMAL9-CDECIMAL18 from datatypetestm;
cidx	CDECIMAL9-CDECIMAL18
1	9999999000000
2	9999999000000
3	9999999000000
4	9999999000000
5	9999999000000
6	-9999999000000
7	-9999999000000
8	-9999999000000
9	-9999999000000
10	-9999999000000
11	0
select cidx, CDECIMAL9-CDECIMAL18_2 from datatypetestm;
cidx	CDECIMAL9-CDECIMAL18_2
1	99999000000.99
2	99999000001.98
3	99999000002.97
4	99999000003.96
5	99999000004.95
6	-99999000004.95
7	-99999000003.96
8	-99999000002.97
9	-99999000001.98
10	-99999000000.99
11	0.00
select cidx, CDECIMAL9_2-CDECIMAL1 from datatypetestm;
cidx	CDECIMAL9_2-CDECIMAL1
1	-9990.99
2	-9991.98
3	-9992.97
4	-9993.96
5	-9994.95
6	9994.95
7	9993.96
8	9992.97
9	9991.98
10	9990.99
11	0.00
select cidx, CDECIMAL9_2-CDECIMAL4 from datatypetestm;
cidx	CDECIMAL9_2-CDECIMAL4
1	-9000.99
2	-9001.98
3	-9002.97
4	-9003.96
5	-9004.95
6	9004.95
7	9003.96
8	9002.97
9	9001.98
10	9000.99
11	0.00
select cidx, CDECIMAL9_2-CDECIMAL4_2 from datatypetestm;
cidx	CDECIMAL9_2-CDECIMAL4_2
1	-9990.00
2	-9990.00
3	-9990.00
4	-9990.00
5	-9990.00
6	9990.00
7	9990.00
8	9990.00
9	9990.00
10	9990.00
11	0.00
select cidx, CDECIMAL9_2-CDECIMAL5 from datatypetestm;
cidx	CDECIMAL9_2-CDECIMAL5
1	-9000.99
2	-9001.98
3	-9002.97
4	-9003.96
5	-9004.95
6	9004.95
7	9003.96
8	9002.97
9	9001.98
10	9000.99
11	0.00
select cidx, CDECIMAL9_2-CDECIMAL9 from datatypetestm;
cidx	CDECIMAL9_2-CDECIMAL9
1	989999.01
2	989998.02
3	989997.03
4	989996.04
5	989995.05
6	-989995.05
7	-989996.04
8	-989997.03
9	-989998.02
10	-989999.01
11	0.00
select cidx, CDECIMAL9_2-CDECIMAL10 from datatypetestm;
cidx	CDECIMAL9_2-CDECIMAL10
1	9989999.01
2	9989998.02
3	9989997.03
4	9989996.04
5	9989995.05
6	-9989995.05
7	-9989996.04
8	-9989997.03
9	-9989998.02
10	-9989999.01
11	0.00
select cidx, CDECIMAL9_2-CDECIMAL18 from datatypetestm;
cidx	CDECIMAL9_2-CDECIMAL18
1	9999999989999.01
2	9999999989998.02
3	9999999989997.03
4	9999999989996.04
5	9999999989995.05
6	-9999999989995.05
7	-9999999989996.04
8	-9999999989997.03
9	-9999999989998.02
10	-9999999989999.01
11	0.00
select cidx, CDECIMAL9_2-CDECIMAL18_2 from datatypetestm;
cidx	CDECIMAL9_2-CDECIMAL18_2
1	99999990000.00
2	99999990000.00
3	99999990000.00
4	99999990000.00
5	99999990000.00
6	-99999990000.00
7	-99999990000.00
8	-99999990000.00
9	-99999990000.00
10	-99999990000.00
11	0.00
select cidx, CDECIMAL10-CDECIMAL1 from datatypetestm;
cidx	CDECIMAL10-CDECIMAL1
1	-9999990
2	-9999990
3	-9999990
4	-9999990
5	-9999990
6	9999990
7	9999990
8	9999990
9	9999990
10	9999990
11	0
select cidx, CDECIMAL10-CDECIMAL4 from datatypetestm;
cidx	CDECIMAL10-CDECIMAL4
1	-9999000
2	-9999000
3	-9999000
4	-9999000
5	-9999000
6	9999000
7	9999000
8	9999000
9	9999000
10	9999000
11	0
select cidx, CDECIMAL10-CDECIMAL4_2 from datatypetestm;
cidx	CDECIMAL10-CDECIMAL4_2
1	-9999989.01
2	-9999988.02
3	-9999987.03
4	-9999986.04
5	-9999985.05
6	9999985.05
7	9999986.04
8	9999987.03
9	9999988.02
10	9999989.01
11	0.00
select cidx, CDECIMAL10-CDECIMAL5 from datatypetestm;
cidx	CDECIMAL10-CDECIMAL5
1	-9999000
2	-9999000
3	-9999000
4	-9999000
5	-9999000
6	9999000
7	9999000
8	9999000
9	9999000
10	9999000
11	0
select cidx, CDECIMAL10-CDECIMAL9 from datatypetestm;
cidx	CDECIMAL10-CDECIMAL9
1	-9000000
2	-9000000
3	-9000000
4	-9000000
5	-9000000
6	9000000
7	9000000
8	9000000
9	9000000
10	9000000
11	0
select cidx, CDECIMAL10-CDECIMAL9_2 from datatypetestm;
cidx	CDECIMAL10-CDECIMAL9_2
1	-9989999.01
2	-9989998.02
3	-9989997.03
4	-9989996.04
5	-9989995.05
6	9989995.05
7	9989996.04
8	9989997.03
9	9989998.02
10	9989999.01
11	0.00
select cidx, CDECIMAL10-CDECIMAL18 from datatypetestm;
cidx	CDECIMAL10-CDECIMAL18
1	9999990000000
2	9999990000000
3	9999990000000
4	9999990000000
5	9999990000000
6	-9999990000000
7	-9999990000000
8	-9999990000000
9	-9999990000000
10	-9999990000000
11	0
select cidx, CDECIMAL10-CDECIMAL18_2 from datatypetestm;
cidx	CDECIMAL10-CDECIMAL18_2
1	99990000000.99
2	99990000001.98
3	99990000002.97
4	99990000003.96
5	99990000004.95
6	-99990000004.95
7	-99990000003.96
8	-99990000002.97
9	-99990000001.98
10	-99990000000.99
11	0.00
select cidx, CDECIMAL18-CDECIMAL1 from datatypetestm;
cidx	CDECIMAL18-CDECIMAL1
1	-9999999999990
2	-9999999999990
3	-9999999999990
4	-9999999999990
5	-9999999999990
6	9999999999990
7	9999999999990
8	9999999999990
9	9999999999990
10	9999999999990
11	0
select cidx, CDECIMAL18-CDECIMAL4 from datatypetestm;
cidx	CDECIMAL18-CDECIMAL4
1	-9999999999000
2	-9999999999000
3	-9999999999000
4	-9999999999000
5	-9999999999000
6	9999999999000
7	9999999999000
8	9999999999000
9	9999999999000
10	9999999999000
11	0
select cidx, CDECIMAL18-CDECIMAL4_2 from datatypetestm;
cidx	CDECIMAL18-CDECIMAL4_2
1	-9999999999989.01
2	-9999999999988.02
3	-9999999999987.03
4	-9999999999986.04
5	-9999999999985.05
6	9999999999985.05
7	9999999999986.04
8	9999999999987.03
9	9999999999988.02
10	9999999999989.01
11	0.00
select cidx, CDECIMAL18-CDECIMAL5 from datatypetestm;
cidx	CDECIMAL18-CDECIMAL5
1	-9999999999000
2	-9999999999000
3	-9999999999000
4	-9999999999000
5	-9999999999000
6	9999999999000
7	9999999999000
8	9999999999000
9	9999999999000
10	9999999999000
11	0
select cidx, CDECIMAL18-CDECIMAL9 from datatypetestm;
cidx	CDECIMAL18-CDECIMAL9
1	-9999999000000
2	-9999999000000
3	-9999999000000
4	-9999999000000
5	-9999999000000
6	9999999000000
7	9999999000000
8	9999999000000
9	9999999000000
10	9999999000000
11	0
select cidx, CDECIMAL18-CDECIMAL9_2 from datatypetestm;
cidx	CDECIMAL18-CDECIMAL9_2
1	-9999999989999.01
2	-9999999989998.02
3	-9999999989997.03
4	-9999999989996.04
5	-9999999989995.05
6	9999999989995.05
7	9999999989996.04
8	9999999989997.03
9	9999999989998.02
10	9999999989999.01
11	0.00
select cidx, CDECIMAL18-CDECIMAL10 from datatypetestm;
cidx	CDECIMAL18-CDECIMAL10
1	-9999990000000
2	-9999990000000
3	-9999990000000
4	-9999990000000
5	-9999990000000
6	9999990000000
7	9999990000000
8	9999990000000
9	9999990000000
10	9999990000000
11	0
select cidx, CDECIMAL18-CDECIMAL18_2 from datatypetestm;
cidx	CDECIMAL18-CDECIMAL18_2
1	-9899999999999.01
2	-9899999999998.02
3	-9899999999997.03
4	-9899999999996.04
5	-9899999999995.05
6	9899999999995.05
7	9899999999996.04
8	9899999999997.03
9	9899999999998.02
10	9899999999999.01
11	0.00
select cidx, CDECIMAL18_2-CDECIMAL1 from datatypetestm;
cidx	CDECIMAL18_2-CDECIMAL1
1	-99999999990.99
2	-99999999991.98
3	-99999999992.97
4	-99999999993.96
5	-99999999994.95
6	99999999994.95
7	99999999993.96
8	99999999992.97
9	99999999991.98
10	99999999990.99
11	0.00
select cidx, CDECIMAL18_2-CDECIMAL4 from datatypetestm;
cidx	CDECIMAL18_2-CDECIMAL4
1	-99999999000.99
2	-99999999001.98
3	-99999999002.97
4	-99999999003.96
5	-99999999004.95
6	99999999004.95
7	99999999003.96
8	99999999002.97
9	99999999001.98
10	99999999000.99
11	0.00
select cidx, CDECIMAL18_2-CDECIMAL4_2 from datatypetestm;
cidx	CDECIMAL18_2-CDECIMAL4_2
1	-99999999990.00
2	-99999999990.00
3	-99999999990.00
4	-99999999990.00
5	-99999999990.00
6	99999999990.00
7	99999999990.00
8	99999999990.00
9	99999999990.00
10	99999999990.00
11	0.00
select cidx, CDECIMAL18_2-CDECIMAL5 from datatypetestm;
cidx	CDECIMAL18_2-CDECIMAL5
1	-99999999000.99
2	-99999999001.98
3	-99999999002.97
4	-99999999003.96
5	-99999999004.95
6	99999999004.95
7	99999999003.96
8	99999999002.97
9	99999999001.98
10	99999999000.99
11	0.00
select cidx, CDECIMAL18_2-CDECIMAL9 from datatypetestm;
cidx	CDECIMAL18_2-CDECIMAL9
1	-99999000000.99
2	-99999000001.98
3	-99999000002.97
4	-99999000003.96
5	-99999000004.95
6	99999000004.95
7	99999000003.96
8	99999000002.97
9	99999000001.98
10	99999000000.99
11	0.00
select cidx, CDECIMAL18_2-CDECIMAL9_2 from datatypetestm;
cidx	CDECIMAL18_2-CDECIMAL9_2
1	-99999990000.00
2	-99999990000.00
3	-99999990000.00
4	-99999990000.00
5	-99999990000.00
6	99999990000.00
7	99999990000.00
8	99999990000.00
9	99999990000.00
10	99999990000.00
11	0.00
select cidx, CDECIMAL18_2-CDECIMAL10 from datatypetestm;
cidx	CDECIMAL18_2-CDECIMAL10
1	-99990000000.99
2	-99990000001.98
3	-99990000002.97
4	-99990000003.96
5	-99990000004.95
6	99990000004.95
7	99990000003.96
8	99990000002.97
9	99990000001.98
10	99990000000.99
11	0.00
select cidx, CDECIMAL18_2-CDECIMAL18 from datatypetestm;
cidx	CDECIMAL18_2-CDECIMAL18
1	9899999999999.01
2	9899999999998.02
3	9899999999997.03
4	9899999999996.04
5	9899999999995.05
6	-9899999999995.05
7	-9899999999996.04
8	-9899999999997.03
9	-9899999999998.02
10	-9899999999999.01
11	0.00
select cidx, CINTEGER-CDECIMAL1 from datatypetestm;
cidx	CINTEGER-CDECIMAL1
1	-7483637
2	-7483637
3	-7483637
4	-7483637
5	-7483637
6	7483638
7	7483638
8	7483638
9	7483638
10	7483638
11	0
select cidx, CINTEGER-CDECIMAL4 from datatypetestm;
cidx	CINTEGER-CDECIMAL4
1	-7482647
2	-7482647
3	-7482647
4	-7482647
5	-7482647
6	7482648
7	7482648
8	7482648
9	7482648
10	7482648
11	0
select cidx, CINTEGER-CDECIMAL4_2 from datatypetestm;
cidx	CINTEGER-CDECIMAL4_2
1	-7483636.01
2	-7483635.02
3	-7483634.03
4	-7483633.04
5	-7483632.05
6	7483633.05
7	7483634.04
8	7483635.03
9	7483636.02
10	7483637.01
11	0.00
select cidx, CINTEGER-CDECIMAL5 from datatypetestm;
cidx	CINTEGER-CDECIMAL5
1	-7482647
2	-7482647
3	-7482647
4	-7482647
5	-7482647
6	7482648
7	7482648
8	7482648
9	7482648
10	7482648
11	0
select cidx, CINTEGER-CDECIMAL9 from datatypetestm;
cidx	CINTEGER-CDECIMAL9
1	-6483647
2	-6483647
3	-6483647
4	-6483647
5	-6483647
6	6483648
7	6483648
8	6483648
9	6483648
10	6483648
11	0
select cidx, CINTEGER-CDECIMAL9_2 from datatypetestm;
cidx	CINTEGER-CDECIMAL9_2
1	-7473646.01
2	-7473645.02
3	-7473644.03
4	-7473643.04
5	-7473642.05
6	7473643.05
7	7473644.04
8	7473645.03
9	7473646.02
10	7473647.01
11	0.00
select cidx, CINTEGER-CDECIMAL10 from datatypetestm;
cidx	CINTEGER-CDECIMAL10
1	2516353
2	2516353
3	2516353
4	2516353
5	2516353
6	-2516352
7	-2516352
8	-2516352
9	-2516352
10	-2516352
11	0
select cidx, CINTEGER-CDECIMAL18 from datatypetestm;
cidx	CINTEGER-CDECIMAL18
1	9999992516353
2	9999992516353
3	9999992516353
4	9999992516353
5	9999992516353
6	-9999992516352
7	-9999992516352
8	-9999992516352
9	-9999992516352
10	-9999992516352
11	0
select cidx, CINTEGER-CDECIMAL18_2 from datatypetestm;
cidx	CINTEGER-CDECIMAL18_2
1	99992516353.99
2	99992516354.98
3	99992516355.97
4	99992516356.96
5	99992516357.95
6	-99992516356.95
7	-99992516355.96
8	-99992516354.97
9	-99992516353.98
10	-99992516352.99
11	0.00
select cidx, CSMALLINT-CDECIMAL1 from datatypetestm;
cidx	CSMALLINT-CDECIMAL1
1	-757
2	-757
3	-757
4	-757
5	-757
6	758
7	758
8	758
9	758
10	758
11	0
select cidx, CSMALLINT-CDECIMAL4 from datatypetestm;
cidx	CSMALLINT-CDECIMAL4
1	233
2	233
3	233
4	233
5	233
6	-232
7	-232
8	-232
9	-232
10	-232
11	0
select cidx, CSMALLINT-CDECIMAL4_2 from datatypetestm;
cidx	CSMALLINT-CDECIMAL4_2
1	-756.01
2	-755.02
3	-754.03
4	-753.04
5	-752.05
6	753.05
7	754.04
8	755.03
9	756.02
10	757.01
11	0.00
select cidx, CSMALLINT-CDECIMAL5 from datatypetestm;
cidx	CSMALLINT-CDECIMAL5
1	233
2	233
3	233
4	233
5	233
6	-232
7	-232
8	-232
9	-232
10	-232
11	0
select cidx, CSMALLINT-CDECIMAL9 from datatypetestm;
cidx	CSMALLINT-CDECIMAL9
1	999233
2	999233
3	999233
4	999233
5	999233
6	-999232
7	-999232
8	-999232
9	-999232
10	-999232
11	0
select cidx, CSMALLINT-CDECIMAL9_2 from datatypetestm;
cidx	CSMALLINT-CDECIMAL9_2
1	9233.99
2	9234.98
3	9235.97
4	9236.96
5	9237.95
6	-9236.95
7	-9235.96
8	-9234.97
9	-9233.98
10	-9232.99
11	0.00
select cidx, CSMALLINT-CDECIMAL10 from datatypetestm;
cidx	CSMALLINT-CDECIMAL10
1	9999233
2	9999233
3	9999233
4	9999233
5	9999233
6	-9999232
7	-9999232
8	-9999232
9	-9999232
10	-9999232
11	0
select cidx, CSMALLINT-CDECIMAL18 from datatypetestm;
cidx	CSMALLINT-CDECIMAL18
1	9999999999233
2	9999999999233
3	9999999999233
4	9999999999233
5	9999999999233
6	-9999999999232
7	-9999999999232
8	-9999999999232
9	-9999999999232
10	-9999999999232
11	0
select cidx, CSMALLINT-CDECIMAL18_2 from datatypetestm;
cidx	CSMALLINT-CDECIMAL18_2
1	99999999233.99
2	99999999234.98
3	99999999235.97
4	99999999236.96
5	99999999237.95
6	-99999999236.95
7	-99999999235.96
8	-99999999234.97
9	-99999999233.98
10	-99999999232.99
11	0.00
select cidx, CTINYINT-CDECIMAL1 from datatypetestm;
cidx	CTINYINT-CDECIMAL1
1	-17
2	-17
3	-17
4	-17
5	-17
6	18
7	18
8	18
9	18
10	18
11	0
select cidx, CTINYINT-CDECIMAL4 from datatypetestm;
cidx	CTINYINT-CDECIMAL4
1	973
2	973
3	973
4	973
5	973
6	-972
7	-972
8	-972
9	-972
10	-972
11	0
select cidx, CTINYINT-CDECIMAL4_2 from datatypetestm;
cidx	CTINYINT-CDECIMAL4_2
1	-16.01
2	-15.02
3	-14.03
4	-13.04
5	-12.05
6	13.05
7	14.04
8	15.03
9	16.02
10	17.01
11	0.00
select cidx, CTINYINT-CDECIMAL5 from datatypetestm;
cidx	CTINYINT-CDECIMAL5
1	973
2	973
3	973
4	973
5	973
6	-972
7	-972
8	-972
9	-972
10	-972
11	0
select cidx, CTINYINT-CDECIMAL9 from datatypetestm;
cidx	CTINYINT-CDECIMAL9
1	999973
2	999973
3	999973
4	999973
5	999973
6	-999972
7	-999972
8	-999972
9	-999972
10	-999972
11	0
select cidx, CTINYINT-CDECIMAL9_2 from datatypetestm;
cidx	CTINYINT-CDECIMAL9_2
1	9973.99
2	9974.98
3	9975.97
4	9976.96
5	9977.95
6	-9976.95
7	-9975.96
8	-9974.97
9	-9973.98
10	-9972.99
11	0.00
select cidx, CTINYINT-CDECIMAL10 from datatypetestm;
cidx	CTINYINT-CDECIMAL10
1	9999973
2	9999973
3	9999973
4	9999973
5	9999973
6	-9999972
7	-9999972
8	-9999972
9	-9999972
10	-9999972
11	0
select cidx, CTINYINT-CDECIMAL18 from datatypetestm;
cidx	CTINYINT-CDECIMAL18
1	9999999999973
2	9999999999973
3	9999999999973
4	9999999999973
5	9999999999973
6	-9999999999972
7	-9999999999972
8	-9999999999972
9	-9999999999972
10	-9999999999972
11	0
select cidx, CTINYINT-CDECIMAL18_2 from datatypetestm;
cidx	CTINYINT-CDECIMAL18_2
1	99999999973.99
2	99999999974.98
3	99999999975.97
4	99999999976.96
5	99999999977.95
6	-99999999976.95
7	-99999999975.96
8	-99999999974.97
9	-99999999973.98
10	-99999999972.99
11	0.00
select cidx, CBIGINT from datatypetestm where CBIGINT-CDECIMAL1 = 0;
cidx	CBIGINT
11	0
select cidx, CBIGINT from datatypetestm where CBIGINT-CDECIMAL1 <> 0;
cidx	CBIGINT
1	-72036854775806
2	-72036854775805
3	-72036854775804
4	-72036854775803
5	-72036854775802
6	72036854775803
7	72036854775804
8	72036854775805
9	72036854775806
10	72036854775807
select cidx, CBIGINT from datatypetestm where CBIGINT-CDECIMAL1 < 0;
cidx	CBIGINT
1	-72036854775806
2	-72036854775805
3	-72036854775804
4	-72036854775803
5	-72036854775802
select cidx, CBIGINT from datatypetestm where CBIGINT-CDECIMAL1 > 0;
cidx	CBIGINT
6	72036854775803
7	72036854775804
8	72036854775805
9	72036854775806
10	72036854775807
select cidx, CBIGINT from datatypetestm where CBIGINT-CDECIMAL4 = 0;
cidx	CBIGINT
11	0
select cidx, CBIGINT from datatypetestm where CBIGINT-CDECIMAL4 <> 0;
cidx	CBIGINT
1	-72036854775806
2	-72036854775805
3	-72036854775804
4	-72036854775803
5	-72036854775802
6	72036854775803
7	72036854775804
8	72036854775805
9	72036854775806
10	72036854775807
select cidx, CBIGINT from datatypetestm where CBIGINT-CDECIMAL4 < 0;
cidx	CBIGINT
1	-72036854775806
2	-72036854775805
3	-72036854775804
4	-72036854775803
5	-72036854775802
select cidx, CBIGINT from datatypetestm where CBIGINT-CDECIMAL4 > 0;
cidx	CBIGINT
6	72036854775803
7	72036854775804
8	72036854775805
9	72036854775806
10	72036854775807
select cidx, CBIGINT from datatypetestm where CBIGINT-CDECIMAL4_2 = 0;
cidx	CBIGINT
11	0
select cidx, CBIGINT from datatypetestm where CBIGINT-CDECIMAL4_2 <> 0;
cidx	CBIGINT
1	-72036854775806
2	-72036854775805
3	-72036854775804
4	-72036854775803
5	-72036854775802
6	72036854775803
7	72036854775804
8	72036854775805
9	72036854775806
10	72036854775807
select cidx, CBIGINT from datatypetestm where CBIGINT-CDECIMAL4_2 < 0;
cidx	CBIGINT
1	-72036854775806
2	-72036854775805
3	-72036854775804
4	-72036854775803
5	-72036854775802
select cidx, CBIGINT from datatypetestm where CBIGINT-CDECIMAL4_2 > 0;
cidx	CBIGINT
6	72036854775803
7	72036854775804
8	72036854775805
9	72036854775806
10	72036854775807
select cidx, CBIGINT from datatypetestm where CBIGINT-CDECIMAL5 = 0;
cidx	CBIGINT
11	0
select cidx, CBIGINT from datatypetestm where CBIGINT-CDECIMAL5 <> 0;
cidx	CBIGINT
1	-72036854775806
2	-72036854775805
3	-72036854775804
4	-72036854775803
5	-72036854775802
6	72036854775803
7	72036854775804
8	72036854775805
9	72036854775806
10	72036854775807
select cidx, CBIGINT from datatypetestm where CBIGINT-CDECIMAL5 < 0;
cidx	CBIGINT
1	-72036854775806
2	-72036854775805
3	-72036854775804
4	-72036854775803
5	-72036854775802
select cidx, CBIGINT from datatypetestm where CBIGINT-CDECIMAL5 > 0;
cidx	CBIGINT
6	72036854775803
7	72036854775804
8	72036854775805
9	72036854775806
10	72036854775807
select cidx, CBIGINT from datatypetestm where CBIGINT-CDECIMAL9 = 0;
cidx	CBIGINT
11	0
select cidx, CBIGINT from datatypetestm where CBIGINT-CDECIMAL9 <> 0;
cidx	CBIGINT
1	-72036854775806
2	-72036854775805
3	-72036854775804
4	-72036854775803
5	-72036854775802
6	72036854775803
7	72036854775804
8	72036854775805
9	72036854775806
10	72036854775807
select cidx, CBIGINT from datatypetestm where CBIGINT-CDECIMAL9 < 0;
cidx	CBIGINT
1	-72036854775806
2	-72036854775805
3	-72036854775804
4	-72036854775803
5	-72036854775802
select cidx, CBIGINT from datatypetestm where CBIGINT-CDECIMAL9 > 0;
cidx	CBIGINT
6	72036854775803
7	72036854775804
8	72036854775805
9	72036854775806
10	72036854775807
select cidx, CBIGINT from datatypetestm where CBIGINT-CDECIMAL9_2 = 0;
cidx	CBIGINT
11	0
select cidx, CBIGINT from datatypetestm where CBIGINT-CDECIMAL9_2 <> 0;
cidx	CBIGINT
1	-72036854775806
2	-72036854775805
3	-72036854775804
4	-72036854775803
5	-72036854775802
6	72036854775803
7	72036854775804
8	72036854775805
9	72036854775806
10	72036854775807
select cidx, CBIGINT from datatypetestm where CBIGINT-CDECIMAL9_2 < 0;
cidx	CBIGINT
1	-72036854775806
2	-72036854775805
3	-72036854775804
4	-72036854775803
5	-72036854775802
select cidx, CBIGINT from datatypetestm where CBIGINT-CDECIMAL9_2 > 0;
cidx	CBIGINT
6	72036854775803
7	72036854775804
8	72036854775805
9	72036854775806
10	72036854775807
select cidx, CBIGINT from datatypetestm where CBIGINT-CDECIMAL10 = 0;
cidx	CBIGINT
11	0
select cidx, CBIGINT from datatypetestm where CBIGINT-CDECIMAL10 <> 0;
cidx	CBIGINT
1	-72036854775806
2	-72036854775805
3	-72036854775804
4	-72036854775803
5	-72036854775802
6	72036854775803
7	72036854775804
8	72036854775805
9	72036854775806
10	72036854775807
select cidx, CBIGINT from datatypetestm where CBIGINT-CDECIMAL10 < 0;
cidx	CBIGINT
1	-72036854775806
2	-72036854775805
3	-72036854775804
4	-72036854775803
5	-72036854775802
select cidx, CBIGINT from datatypetestm where CBIGINT-CDECIMAL10 > 0;
cidx	CBIGINT
6	72036854775803
7	72036854775804
8	72036854775805
9	72036854775806
10	72036854775807
select cidx, CBIGINT from datatypetestm where CBIGINT-CDECIMAL18 = 0;
cidx	CBIGINT
11	0
select cidx, CBIGINT from datatypetestm where CBIGINT-CDECIMAL18 <> 0;
cidx	CBIGINT
1	-72036854775806
2	-72036854775805
3	-72036854775804
4	-72036854775803
5	-72036854775802
6	72036854775803
7	72036854775804
8	72036854775805
9	72036854775806
10	72036854775807
select cidx, CBIGINT from datatypetestm where CBIGINT-CDECIMAL18 < 0;
cidx	CBIGINT
1	-72036854775806
2	-72036854775805
3	-72036854775804
4	-72036854775803
5	-72036854775802
select cidx, CBIGINT from datatypetestm where CBIGINT-CDECIMAL18 > 0;
cidx	CBIGINT
6	72036854775803
7	72036854775804
8	72036854775805
9	72036854775806
10	72036854775807
select cidx, CBIGINT from datatypetestm where CBIGINT-CDECIMAL18_2 = 0;
cidx	CBIGINT
11	0
select cidx, CBIGINT from datatypetestm where CBIGINT-CDECIMAL18_2 <> 0;
cidx	CBIGINT
1	-72036854775806
2	-72036854775805
3	-72036854775804
4	-72036854775803
5	-72036854775802
6	72036854775803
7	72036854775804
8	72036854775805
9	72036854775806
10	72036854775807
select cidx, CBIGINT from datatypetestm where CBIGINT-CDECIMAL18_2 < 0;
cidx	CBIGINT
1	-72036854775806
2	-72036854775805
3	-72036854775804
4	-72036854775803
5	-72036854775802
select cidx, CBIGINT from datatypetestm where CBIGINT-CDECIMAL18_2 > 0;
cidx	CBIGINT
6	72036854775803
7	72036854775804
8	72036854775805
9	72036854775806
10	72036854775807
select cidx, CDECIMAL1 from datatypetestm where CDECIMAL1-CDECIMAL1 = 0;
cidx	CDECIMAL1
1	-9
2	-8
3	-7
4	-6
5	-5
6	5
7	6
8	7
9	8
10	9
11	0
select cidx, CDECIMAL1 from datatypetestm where CDECIMAL1-CDECIMAL1 <> 0;
cidx	CDECIMAL1
select cidx, CDECIMAL1 from datatypetestm where CDECIMAL1-CDECIMAL1 < 0;
cidx	CDECIMAL1
select cidx, CDECIMAL1 from datatypetestm where CDECIMAL1-CDECIMAL1 > 0;
cidx	CDECIMAL1
select cidx, CDECIMAL1 from datatypetestm where CDECIMAL1-CDECIMAL4 = 0;
cidx	CDECIMAL1
11	0
select cidx, CDECIMAL1 from datatypetestm where CDECIMAL1-CDECIMAL4 <> 0;
cidx	CDECIMAL1
1	-9
2	-8
3	-7
4	-6
5	-5
6	5
7	6
8	7
9	8
10	9
select cidx, CDECIMAL1 from datatypetestm where CDECIMAL1-CDECIMAL4 < 0;
cidx	CDECIMAL1
6	5
7	6
8	7
9	8
10	9
select cidx, CDECIMAL1 from datatypetestm where CDECIMAL1-CDECIMAL4 > 0;
cidx	CDECIMAL1
1	-9
2	-8
3	-7
4	-6
5	-5
select cidx, CDECIMAL1 from datatypetestm where CDECIMAL1-CDECIMAL4_2 = 0;
cidx	CDECIMAL1
11	0
select cidx, CDECIMAL1 from datatypetestm where CDECIMAL1-CDECIMAL4_2 <> 0;
cidx	CDECIMAL1
1	-9
2	-8
3	-7
4	-6
5	-5
6	5
7	6
8	7
9	8
10	9
select cidx, CDECIMAL1 from datatypetestm where CDECIMAL1-CDECIMAL4_2 < 0;
cidx	CDECIMAL1
6	5
7	6
8	7
9	8
10	9
select cidx, CDECIMAL1 from datatypetestm where CDECIMAL1-CDECIMAL4_2 > 0;
cidx	CDECIMAL1
1	-9
2	-8
3	-7
4	-6
5	-5
select cidx, CDECIMAL1 from datatypetestm where CDECIMAL1-CDECIMAL5 = 0;
cidx	CDECIMAL1
11	0
select cidx, CDECIMAL1 from datatypetestm where CDECIMAL1-CDECIMAL5 <> 0;
cidx	CDECIMAL1
1	-9
2	-8
3	-7
4	-6
5	-5
6	5
7	6
8	7
9	8
10	9
select cidx, CDECIMAL1 from datatypetestm where CDECIMAL1-CDECIMAL5 < 0;
cidx	CDECIMAL1
6	5
7	6
8	7
9	8
10	9
select cidx, CDECIMAL1 from datatypetestm where CDECIMAL1-CDECIMAL5 > 0;
cidx	CDECIMAL1
1	-9
2	-8
3	-7
4	-6
5	-5
select cidx, CDECIMAL1 from datatypetestm where CDECIMAL1-CDECIMAL9 = 0;
cidx	CDECIMAL1
11	0
select cidx, CDECIMAL1 from datatypetestm where CDECIMAL1-CDECIMAL9 <> 0;
cidx	CDECIMAL1
1	-9
2	-8
3	-7
4	-6
5	-5
6	5
7	6
8	7
9	8
10	9
select cidx, CDECIMAL1 from datatypetestm where CDECIMAL1-CDECIMAL9 < 0;
cidx	CDECIMAL1
6	5
7	6
8	7
9	8
10	9
select cidx, CDECIMAL1 from datatypetestm where CDECIMAL1-CDECIMAL9 > 0;
cidx	CDECIMAL1
1	-9
2	-8
3	-7
4	-6
5	-5
select cidx, CDECIMAL1 from datatypetestm where CDECIMAL1-CDECIMAL9_2 = 0;
cidx	CDECIMAL1
11	0
select cidx, CDECIMAL1 from datatypetestm where CDECIMAL1-CDECIMAL9_2 <> 0;
cidx	CDECIMAL1
1	-9
2	-8
3	-7
4	-6
5	-5
6	5
7	6
8	7
9	8
10	9
select cidx, CDECIMAL1 from datatypetestm where CDECIMAL1-CDECIMAL9_2 < 0;
cidx	CDECIMAL1
6	5
7	6
8	7
9	8
10	9
select cidx, CDECIMAL1 from datatypetestm where CDECIMAL1-CDECIMAL9_2 > 0;
cidx	CDECIMAL1
1	-9
2	-8
3	-7
4	-6
5	-5
select cidx, CDECIMAL1 from datatypetestm where CDECIMAL1-CDECIMAL10 = 0;
cidx	CDECIMAL1
11	0
select cidx, CDECIMAL1 from datatypetestm where CDECIMAL1-CDECIMAL10 <> 0;
cidx	CDECIMAL1
1	-9
2	-8
3	-7
4	-6
5	-5
6	5
7	6
8	7
9	8
10	9
select cidx, CDECIMAL1 from datatypetestm where CDECIMAL1-CDECIMAL10 < 0;
cidx	CDECIMAL1
6	5
7	6
8	7
9	8
10	9
select cidx, CDECIMAL1 from datatypetestm where CDECIMAL1-CDECIMAL10 > 0;
cidx	CDECIMAL1
1	-9
2	-8
3	-7
4	-6
5	-5
select cidx, CDECIMAL1 from datatypetestm where CDECIMAL1-CDECIMAL18 = 0;
cidx	CDECIMAL1
11	0
select cidx, CDECIMAL1 from datatypetestm where CDECIMAL1-CDECIMAL18 <> 0;
cidx	CDECIMAL1
1	-9
2	-8
3	-7
4	-6
5	-5
6	5
7	6
8	7
9	8
10	9
select cidx, CDECIMAL1 from datatypetestm where CDECIMAL1-CDECIMAL18 < 0;
cidx	CDECIMAL1
6	5
7	6
8	7
9	8
10	9
select cidx, CDECIMAL1 from datatypetestm where CDECIMAL1-CDECIMAL18 > 0;
cidx	CDECIMAL1
1	-9
2	-8
3	-7
4	-6
5	-5
select cidx, CDECIMAL1 from datatypetestm where CDECIMAL1-CDECIMAL18_2 = 0;
cidx	CDECIMAL1
11	0
select cidx, CDECIMAL1 from datatypetestm where CDECIMAL1-CDECIMAL18_2 <> 0;
cidx	CDECIMAL1
1	-9
2	-8
3	-7
4	-6
5	-5
6	5
7	6
8	7
9	8
10	9
select cidx, CDECIMAL1 from datatypetestm where CDECIMAL1-CDECIMAL18_2 < 0;
cidx	CDECIMAL1
6	5
7	6
8	7
9	8
10	9
select cidx, CDECIMAL1 from datatypetestm where CDECIMAL1-CDECIMAL18_2 > 0;
cidx	CDECIMAL1
1	-9
2	-8
3	-7
4	-6
5	-5
select cidx, CDECIMAL4 from datatypetestm where CDECIMAL4-CDECIMAL1 = 0;
cidx	CDECIMAL4
11	0
select cidx, CDECIMAL4 from datatypetestm where CDECIMAL4-CDECIMAL1 <> 0;
cidx	CDECIMAL4
1	-999
2	-998
3	-997
4	-996
5	-995
6	995
7	996
8	997
9	998
10	999
select cidx, CDECIMAL4 from datatypetestm where CDECIMAL4-CDECIMAL1 < 0;
cidx	CDECIMAL4
1	-999
2	-998
3	-997
4	-996
5	-995
select cidx, CDECIMAL4 from datatypetestm where CDECIMAL4-CDECIMAL1 > 0;
cidx	CDECIMAL4
6	995
7	996
8	997
9	998
10	999
select cidx, CDECIMAL4 from datatypetestm where CDECIMAL4-CDECIMAL4 = 0;
cidx	CDECIMAL4
1	-999
2	-998
3	-997
4	-996
5	-995
6	995
7	996
8	997
9	998
10	999
11	0
select cidx, CDECIMAL4 from datatypetestm where CDECIMAL4-CDECIMAL4 <> 0;
cidx	CDECIMAL4
select cidx, CDECIMAL4 from datatypetestm where CDECIMAL4-CDECIMAL4 < 0;
cidx	CDECIMAL4
select cidx, CDECIMAL4 from datatypetestm where CDECIMAL4-CDECIMAL4 > 0;
cidx	CDECIMAL4
select cidx, CDECIMAL4 from datatypetestm where CDECIMAL4-CDECIMAL4_2 = 0;
cidx	CDECIMAL4
11	0
select cidx, CDECIMAL4 from datatypetestm where CDECIMAL4-CDECIMAL4_2 <> 0;
cidx	CDECIMAL4
1	-999
2	-998
3	-997
4	-996
5	-995
6	995
7	996
8	997
9	998
10	999
select cidx, CDECIMAL4 from datatypetestm where CDECIMAL4-CDECIMAL4_2 < 0;
cidx	CDECIMAL4
1	-999
2	-998
3	-997
4	-996
5	-995
select cidx, CDECIMAL4 from datatypetestm where CDECIMAL4-CDECIMAL4_2 > 0;
cidx	CDECIMAL4
6	995
7	996
8	997
9	998
10	999
select cidx, CDECIMAL4 from datatypetestm where CDECIMAL4-CDECIMAL5 = 0;
cidx	CDECIMAL4
1	-999
2	-998
3	-997
4	-996
5	-995
6	995
7	996
8	997
9	998
10	999
11	0
select cidx, CDECIMAL4 from datatypetestm where CDECIMAL4-CDECIMAL5 <> 0;
cidx	CDECIMAL4
select cidx, CDECIMAL4 from datatypetestm where CDECIMAL4-CDECIMAL5 < 0;
cidx	CDECIMAL4
select cidx, CDECIMAL4 from datatypetestm where CDECIMAL4-CDECIMAL5 > 0;
cidx	CDECIMAL4
select cidx, CDECIMAL4 from datatypetestm where CDECIMAL4-CDECIMAL9 = 0;
cidx	CDECIMAL4
11	0
select cidx, CDECIMAL4 from datatypetestm where CDECIMAL4-CDECIMAL9 <> 0;
cidx	CDECIMAL4
1	-999
2	-998
3	-997
4	-996
5	-995
6	995
7	996
8	997
9	998
10	999
select cidx, CDECIMAL4 from datatypetestm where CDECIMAL4-CDECIMAL9 < 0;
cidx	CDECIMAL4
6	995
7	996
8	997
9	998
10	999
select cidx, CDECIMAL4 from datatypetestm where CDECIMAL4-CDECIMAL9 > 0;
cidx	CDECIMAL4
1	-999
2	-998
3	-997
4	-996
5	-995
select cidx, CDECIMAL4 from datatypetestm where CDECIMAL4-CDECIMAL9_2 = 0;
cidx	CDECIMAL4
11	0
select cidx, CDECIMAL4 from datatypetestm where CDECIMAL4-CDECIMAL9_2 <> 0;
cidx	CDECIMAL4
1	-999
2	-998
3	-997
4	-996
5	-995
6	995
7	996
8	997
9	998
10	999
select cidx, CDECIMAL4 from datatypetestm where CDECIMAL4-CDECIMAL9_2 < 0;
cidx	CDECIMAL4
6	995
7	996
8	997
9	998
10	999
select cidx, CDECIMAL4 from datatypetestm where CDECIMAL4-CDECIMAL9_2 > 0;
cidx	CDECIMAL4
1	-999
2	-998
3	-997
4	-996
5	-995
select cidx, CDECIMAL4 from datatypetestm where CDECIMAL4-CDECIMAL10 = 0;
cidx	CDECIMAL4
11	0
select cidx, CDECIMAL4 from datatypetestm where CDECIMAL4-CDECIMAL10 <> 0;
cidx	CDECIMAL4
1	-999
2	-998
3	-997
4	-996
5	-995
6	995
7	996
8	997
9	998
10	999
select cidx, CDECIMAL4 from datatypetestm where CDECIMAL4-CDECIMAL10 < 0;
cidx	CDECIMAL4
6	995
7	996
8	997
9	998
10	999
select cidx, CDECIMAL4 from datatypetestm where CDECIMAL4-CDECIMAL10 > 0;
cidx	CDECIMAL4
1	-999
2	-998
3	-997
4	-996
5	-995
select cidx, CDECIMAL4 from datatypetestm where CDECIMAL4-CDECIMAL18 = 0;
cidx	CDECIMAL4
11	0
select cidx, CDECIMAL4 from datatypetestm where CDECIMAL4-CDECIMAL18 <> 0;
cidx	CDECIMAL4
1	-999
2	-998
3	-997
4	-996
5	-995
6	995
7	996
8	997
9	998
10	999
select cidx, CDECIMAL4 from datatypetestm where CDECIMAL4-CDECIMAL18 < 0;
cidx	CDECIMAL4
6	995
7	996
8	997
9	998
10	999
select cidx, CDECIMAL4 from datatypetestm where CDECIMAL4-CDECIMAL18 > 0;
cidx	CDECIMAL4
1	-999
2	-998
3	-997
4	-996
5	-995
select cidx, CDECIMAL4 from datatypetestm where CDECIMAL4-CDECIMAL18_2 = 0;
cidx	CDECIMAL4
11	0
select cidx, CDECIMAL4 from datatypetestm where CDECIMAL4-CDECIMAL18_2 <> 0;
cidx	CDECIMAL4
1	-999
2	-998
3	-997
4	-996
5	-995
6	995
7	996
8	997
9	998
10	999
select cidx, CDECIMAL4 from datatypetestm where CDECIMAL4-CDECIMAL18_2 < 0;
cidx	CDECIMAL4
6	995
7	996
8	997
9	998
10	999
select cidx, CDECIMAL4 from datatypetestm where CDECIMAL4-CDECIMAL18_2 > 0;
cidx	CDECIMAL4
1	-999
2	-998
3	-997
4	-996
5	-995
select cidx, CDECIMAL4_2 from datatypetestm where CDECIMAL4_2-CDECIMAL1 = 0;
cidx	CDECIMAL4_2
11	0.00
select cidx, CDECIMAL4_2 from datatypetestm where CDECIMAL4_2-CDECIMAL1 <> 0;
cidx	CDECIMAL4_2
1	-9.99
2	-9.98
3	-9.97
4	-9.96
5	-9.95
6	9.95
7	9.96
8	9.97
9	9.98
10	9.99
select cidx, CDECIMAL4_2 from datatypetestm where CDECIMAL4_2-CDECIMAL1 < 0;
cidx	CDECIMAL4_2
1	-9.99
2	-9.98
3	-9.97
4	-9.96
5	-9.95
select cidx, CDECIMAL4_2 from datatypetestm where CDECIMAL4_2-CDECIMAL1 > 0;
cidx	CDECIMAL4_2
6	9.95
7	9.96
8	9.97
9	9.98
10	9.99
select cidx, CDECIMAL4_2 from datatypetestm where CDECIMAL4_2-CDECIMAL4 = 0;
cidx	CDECIMAL4_2
11	0.00
select cidx, CDECIMAL4_2 from datatypetestm where CDECIMAL4_2-CDECIMAL4 <> 0;
cidx	CDECIMAL4_2
1	-9.99
2	-9.98
3	-9.97
4	-9.96
5	-9.95
6	9.95
7	9.96
8	9.97
9	9.98
10	9.99
select cidx, CDECIMAL4_2 from datatypetestm where CDECIMAL4_2-CDECIMAL4 < 0;
cidx	CDECIMAL4_2
6	9.95
7	9.96
8	9.97
9	9.98
10	9.99
select cidx, CDECIMAL4_2 from datatypetestm where CDECIMAL4_2-CDECIMAL4 > 0;
cidx	CDECIMAL4_2
1	-9.99
2	-9.98
3	-9.97
4	-9.96
5	-9.95
select cidx, CDECIMAL4_2 from datatypetestm where CDECIMAL4_2-CDECIMAL4_2 = 0;
cidx	CDECIMAL4_2
1	-9.99
2	-9.98
3	-9.97
4	-9.96
5	-9.95
6	9.95
7	9.96
8	9.97
9	9.98
10	9.99
11	0.00
select cidx, CDECIMAL4_2 from datatypetestm where CDECIMAL4_2-CDECIMAL4_2 <> 0;
cidx	CDECIMAL4_2
select cidx, CDECIMAL4_2 from datatypetestm where CDECIMAL4_2-CDECIMAL4_2 < 0;
cidx	CDECIMAL4_2
select cidx, CDECIMAL4_2 from datatypetestm where CDECIMAL4_2-CDECIMAL4_2 > 0;
cidx	CDECIMAL4_2
select cidx, CDECIMAL4_2 from datatypetestm where CDECIMAL4_2-CDECIMAL5 = 0;
cidx	CDECIMAL4_2
11	0.00
select cidx, CDECIMAL4_2 from datatypetestm where CDECIMAL4_2-CDECIMAL5 <> 0;
cidx	CDECIMAL4_2
1	-9.99
2	-9.98
3	-9.97
4	-9.96
5	-9.95
6	9.95
7	9.96
8	9.97
9	9.98
10	9.99
select cidx, CDECIMAL4_2 from datatypetestm where CDECIMAL4_2-CDECIMAL5 < 0;
cidx	CDECIMAL4_2
6	9.95
7	9.96
8	9.97
9	9.98
10	9.99
select cidx, CDECIMAL4_2 from datatypetestm where CDECIMAL4_2-CDECIMAL5 > 0;
cidx	CDECIMAL4_2
1	-9.99
2	-9.98
3	-9.97
4	-9.96
5	-9.95
select cidx, CDECIMAL4_2 from datatypetestm where CDECIMAL4_2-CDECIMAL9 = 0;
cidx	CDECIMAL4_2
11	0.00
select cidx, CDECIMAL4_2 from datatypetestm where CDECIMAL4_2-CDECIMAL9 <> 0;
cidx	CDECIMAL4_2
1	-9.99
2	-9.98
3	-9.97
4	-9.96
5	-9.95
6	9.95
7	9.96
8	9.97
9	9.98
10	9.99
select cidx, CDECIMAL4_2 from datatypetestm where CDECIMAL4_2-CDECIMAL9 < 0;
cidx	CDECIMAL4_2
6	9.95
7	9.96
8	9.97
9	9.98
10	9.99
select cidx, CDECIMAL4_2 from datatypetestm where CDECIMAL4_2-CDECIMAL9 > 0;
cidx	CDECIMAL4_2
1	-9.99
2	-9.98
3	-9.97
4	-9.96
5	-9.95
select cidx, CDECIMAL4_2 from datatypetestm where CDECIMAL4_2-CDECIMAL9_2 = 0;
cidx	CDECIMAL4_2
11	0.00
select cidx, CDECIMAL4_2 from datatypetestm where CDECIMAL4_2-CDECIMAL9_2 <> 0;
cidx	CDECIMAL4_2
1	-9.99
2	-9.98
3	-9.97
4	-9.96
5	-9.95
6	9.95
7	9.96
8	9.97
9	9.98
10	9.99
select cidx, CDECIMAL4_2 from datatypetestm where CDECIMAL4_2-CDECIMAL9_2 < 0;
cidx	CDECIMAL4_2
6	9.95
7	9.96
8	9.97
9	9.98
10	9.99
select cidx, CDECIMAL4_2 from datatypetestm where CDECIMAL4_2-CDECIMAL9_2 > 0;
cidx	CDECIMAL4_2
1	-9.99
2	-9.98
3	-9.97
4	-9.96
5	-9.95
select cidx, CDECIMAL4_2 from datatypetestm where CDECIMAL4_2-CDECIMAL10 = 0;
cidx	CDECIMAL4_2
11	0.00
select cidx, CDECIMAL4_2 from datatypetestm where CDECIMAL4_2-CDECIMAL10 <> 0;
cidx	CDECIMAL4_2
1	-9.99
2	-9.98
3	-9.97
4	-9.96
5	-9.95
6	9.95
7	9.96
8	9.97
9	9.98
10	9.99
select cidx, CDECIMAL4_2 from datatypetestm where CDECIMAL4_2-CDECIMAL10 < 0;
cidx	CDECIMAL4_2
6	9.95
7	9.96
8	9.97
9	9.98
10	9.99
select cidx, CDECIMAL4_2 from datatypetestm where CDECIMAL4_2-CDECIMAL10 > 0;
cidx	CDECIMAL4_2
1	-9.99
2	-9.98
3	-9.97
4	-9.96
5	-9.95
select cidx, CDECIMAL4_2 from datatypetestm where CDECIMAL4_2-CDECIMAL18 = 0;
cidx	CDECIMAL4_2
11	0.00
select cidx, CDECIMAL4_2 from datatypetestm where CDECIMAL4_2-CDECIMAL18 <> 0;
cidx	CDECIMAL4_2
1	-9.99
2	-9.98
3	-9.97
4	-9.96
5	-9.95
6	9.95
7	9.96
8	9.97
9	9.98
10	9.99
select cidx, CDECIMAL4_2 from datatypetestm where CDECIMAL4_2-CDECIMAL18 < 0;
cidx	CDECIMAL4_2
6	9.95
7	9.96
8	9.97
9	9.98
10	9.99
select cidx, CDECIMAL4_2 from datatypetestm where CDECIMAL4_2-CDECIMAL18 > 0;
cidx	CDECIMAL4_2
1	-9.99
2	-9.98
3	-9.97
4	-9.96
5	-9.95
select cidx, CDECIMAL4_2 from datatypetestm where CDECIMAL4_2-CDECIMAL18_2 = 0;
cidx	CDECIMAL4_2
11	0.00
select cidx, CDECIMAL4_2 from datatypetestm where CDECIMAL4_2-CDECIMAL18_2 <> 0;
cidx	CDECIMAL4_2
1	-9.99
2	-9.98
3	-9.97
4	-9.96
5	-9.95
6	9.95
7	9.96
8	9.97
9	9.98
10	9.99
select cidx, CDECIMAL4_2 from datatypetestm where CDECIMAL4_2-CDECIMAL18_2 < 0;
cidx	CDECIMAL4_2
6	9.95
7	9.96
8	9.97
9	9.98
10	9.99
select cidx, CDECIMAL4_2 from datatypetestm where CDECIMAL4_2-CDECIMAL18_2 > 0;
cidx	CDECIMAL4_2
1	-9.99
2	-9.98
3	-9.97
4	-9.96
5	-9.95
select cidx, CDECIMAL5 from datatypetestm where CDECIMAL5-CDECIMAL1 = 0;
cidx	CDECIMAL5
11	0
select cidx, CDECIMAL5 from datatypetestm where CDECIMAL5-CDECIMAL1 <> 0;
cidx	CDECIMAL5
1	-999
2	-998
3	-997
4	-996
5	-995
6	995
7	996
8	997
9	998
10	999
select cidx, CDECIMAL5 from datatypetestm where CDECIMAL5-CDECIMAL1 < 0;
cidx	CDECIMAL5
1	-999
2	-998
3	-997
4	-996
5	-995
select cidx, CDECIMAL5 from datatypetestm where CDECIMAL5-CDECIMAL1 > 0;
cidx	CDECIMAL5
6	995
7	996
8	997
9	998
10	999
select cidx, CDECIMAL5 from datatypetestm where CDECIMAL5-CDECIMAL4 = 0;
cidx	CDECIMAL5
1	-999
2	-998
3	-997
4	-996
5	-995
6	995
7	996
8	997
9	998
10	999
11	0
select cidx, CDECIMAL5 from datatypetestm where CDECIMAL5-CDECIMAL4 <> 0;
cidx	CDECIMAL5
select cidx, CDECIMAL5 from datatypetestm where CDECIMAL5-CDECIMAL4 < 0;
cidx	CDECIMAL5
select cidx, CDECIMAL5 from datatypetestm where CDECIMAL5-CDECIMAL4 > 0;
cidx	CDECIMAL5
select cidx, CDECIMAL5 from datatypetestm where CDECIMAL5-CDECIMAL4_2 = 0;
cidx	CDECIMAL5
11	0
select cidx, CDECIMAL5 from datatypetestm where CDECIMAL5-CDECIMAL4_2 <> 0;
cidx	CDECIMAL5
1	-999
2	-998
3	-997
4	-996
5	-995
6	995
7	996
8	997
9	998
10	999
select cidx, CDECIMAL5 from datatypetestm where CDECIMAL5-CDECIMAL4_2 < 0;
cidx	CDECIMAL5
1	-999
2	-998
3	-997
4	-996
5	-995
select cidx, CDECIMAL5 from datatypetestm where CDECIMAL5-CDECIMAL4_2 > 0;
cidx	CDECIMAL5
6	995
7	996
8	997
9	998
10	999
select cidx, CDECIMAL5 from datatypetestm where CDECIMAL5-CDECIMAL5 = 0;
cidx	CDECIMAL5
1	-999
2	-998
3	-997
4	-996
5	-995
6	995
7	996
8	997
9	998
10	999
11	0
select cidx, CDECIMAL5 from datatypetestm where CDECIMAL5-CDECIMAL5 <> 0;
cidx	CDECIMAL5
select cidx, CDECIMAL5 from datatypetestm where CDECIMAL5-CDECIMAL5 < 0;
cidx	CDECIMAL5
select cidx, CDECIMAL5 from datatypetestm where CDECIMAL5-CDECIMAL5 > 0;
cidx	CDECIMAL5
select cidx, CDECIMAL5 from datatypetestm where CDECIMAL5-CDECIMAL9 = 0;
cidx	CDECIMAL5
11	0
select cidx, CDECIMAL5 from datatypetestm where CDECIMAL5-CDECIMAL9 <> 0;
cidx	CDECIMAL5
1	-999
2	-998
3	-997
4	-996
5	-995
6	995
7	996
8	997
9	998
10	999
select cidx, CDECIMAL5 from datatypetestm where CDECIMAL5-CDECIMAL9 < 0;
cidx	CDECIMAL5
6	995
7	996
8	997
9	998
10	999
select cidx, CDECIMAL5 from datatypetestm where CDECIMAL5-CDECIMAL9 > 0;
cidx	CDECIMAL5
1	-999
2	-998
3	-997
4	-996
5	-995
select cidx, CDECIMAL5 from datatypetestm where CDECIMAL5-CDECIMAL9_2 = 0;
cidx	CDECIMAL5
11	0
select cidx, CDECIMAL5 from datatypetestm where CDECIMAL5-CDECIMAL9_2 <> 0;
cidx	CDECIMAL5
1	-999
2	-998
3	-997
4	-996
5	-995
6	995
7	996
8	997
9	998
10	999
select cidx, CDECIMAL5 from datatypetestm where CDECIMAL5-CDECIMAL9_2 < 0;
cidx	CDECIMAL5
6	995
7	996
8	997
9	998
10	999
select cidx, CDECIMAL5 from datatypetestm where CDECIMAL5-CDECIMAL9_2 > 0;
cidx	CDECIMAL5
1	-999
2	-998
3	-997
4	-996
5	-995
select cidx, CDECIMAL5 from datatypetestm where CDECIMAL5-CDECIMAL10 = 0;
cidx	CDECIMAL5
11	0
select cidx, CDECIMAL5 from datatypetestm where CDECIMAL5-CDECIMAL10 <> 0;
cidx	CDECIMAL5
1	-999
2	-998
3	-997
4	-996
5	-995
6	995
7	996
8	997
9	998
10	999
select cidx, CDECIMAL5 from datatypetestm where CDECIMAL5-CDECIMAL10 < 0;
cidx	CDECIMAL5
6	995
7	996
8	997
9	998
10	999
select cidx, CDECIMAL5 from datatypetestm where CDECIMAL5-CDECIMAL10 > 0;
cidx	CDECIMAL5
1	-999
2	-998
3	-997
4	-996
5	-995
select cidx, CDECIMAL5 from datatypetestm where CDECIMAL5-CDECIMAL18 = 0;
cidx	CDECIMAL5
11	0
select cidx, CDECIMAL5 from datatypetestm where CDECIMAL5-CDECIMAL18 <> 0;
cidx	CDECIMAL5
1	-999
2	-998
3	-997
4	-996
5	-995
6	995
7	996
8	997
9	998
10	999
select cidx, CDECIMAL5 from datatypetestm where CDECIMAL5-CDECIMAL18 < 0;
cidx	CDECIMAL5
6	995
7	996
8	997
9	998
10	999
select cidx, CDECIMAL5 from datatypetestm where CDECIMAL5-CDECIMAL18 > 0;
cidx	CDECIMAL5
1	-999
2	-998
3	-997
4	-996
5	-995
select cidx, CDECIMAL5 from datatypetestm where CDECIMAL5-CDECIMAL18_2 = 0;
cidx	CDECIMAL5
11	0
select cidx, CDECIMAL5 from datatypetestm where CDECIMAL5-CDECIMAL18_2 <> 0;
cidx	CDECIMAL5
1	-999
2	-998
3	-997
4	-996
5	-995
6	995
7	996
8	997
9	998
10	999
select cidx, CDECIMAL5 from datatypetestm where CDECIMAL5-CDECIMAL18_2 < 0;
cidx	CDECIMAL5
6	995
7	996
8	997
9	998
10	999
select cidx, CDECIMAL5 from datatypetestm where CDECIMAL5-CDECIMAL18_2 > 0;
cidx	CDECIMAL5
1	-999
2	-998
3	-997
4	-996
5	-995
select cidx, CDECIMAL9 from datatypetestm where CDECIMAL9-CDECIMAL1 = 0;
cidx	CDECIMAL9
11	0
select cidx, CDECIMAL9 from datatypetestm where CDECIMAL9-CDECIMAL1 <> 0;
cidx	CDECIMAL9
1	-999999
2	-999998
3	-999997
4	-999996
5	-999995
6	999995
7	999996
8	999997
9	999998
10	999999
select cidx, CDECIMAL9 from datatypetestm where CDECIMAL9-CDECIMAL1 < 0;
cidx	CDECIMAL9
1	-999999
2	-999998
3	-999997
4	-999996
5	-999995
select cidx, CDECIMAL9 from datatypetestm where CDECIMAL9-CDECIMAL1 > 0;
cidx	CDECIMAL9
6	999995
7	999996
8	999997
9	999998
10	999999
select cidx, CDECIMAL9 from datatypetestm where CDECIMAL9-CDECIMAL4 = 0;
cidx	CDECIMAL9
11	0
select cidx, CDECIMAL9 from datatypetestm where CDECIMAL9-CDECIMAL4 <> 0;
cidx	CDECIMAL9
1	-999999
2	-999998
3	-999997
4	-999996
5	-999995
6	999995
7	999996
8	999997
9	999998
10	999999
select cidx, CDECIMAL9 from datatypetestm where CDECIMAL9-CDECIMAL4 < 0;
cidx	CDECIMAL9
1	-999999
2	-999998
3	-999997
4	-999996
5	-999995
select cidx, CDECIMAL9 from datatypetestm where CDECIMAL9-CDECIMAL4 > 0;
cidx	CDECIMAL9
6	999995
7	999996
8	999997
9	999998
10	999999
select cidx, CDECIMAL9 from datatypetestm where CDECIMAL9-CDECIMAL4_2 = 0;
cidx	CDECIMAL9
11	0
select cidx, CDECIMAL9 from datatypetestm where CDECIMAL9-CDECIMAL4_2 <> 0;
cidx	CDECIMAL9
1	-999999
2	-999998
3	-999997
4	-999996
5	-999995
6	999995
7	999996
8	999997
9	999998
10	999999
select cidx, CDECIMAL9 from datatypetestm where CDECIMAL9-CDECIMAL4_2 < 0;
cidx	CDECIMAL9
1	-999999
2	-999998
3	-999997
4	-999996
5	-999995
select cidx, CDECIMAL9 from datatypetestm where CDECIMAL9-CDECIMAL4_2 > 0;
cidx	CDECIMAL9
6	999995
7	999996
8	999997
9	999998
10	999999
select cidx, CDECIMAL9 from datatypetestm where CDECIMAL9-CDECIMAL5 = 0;
cidx	CDECIMAL9
11	0
select cidx, CDECIMAL9 from datatypetestm where CDECIMAL9-CDECIMAL5 <> 0;
cidx	CDECIMAL9
1	-999999
2	-999998
3	-999997
4	-999996
5	-999995
6	999995
7	999996
8	999997
9	999998
10	999999
select cidx, CDECIMAL9 from datatypetestm where CDECIMAL9-CDECIMAL5 < 0;
cidx	CDECIMAL9
1	-999999
2	-999998
3	-999997
4	-999996
5	-999995
select cidx, CDECIMAL9 from datatypetestm where CDECIMAL9-CDECIMAL5 > 0;
cidx	CDECIMAL9
6	999995
7	999996
8	999997
9	999998
10	999999
select cidx, CDECIMAL9 from datatypetestm where CDECIMAL9-CDECIMAL9 = 0;
cidx	CDECIMAL9
1	-999999
2	-999998
3	-999997
4	-999996
5	-999995
6	999995
7	999996
8	999997
9	999998
10	999999
11	0
select cidx, CDECIMAL9 from datatypetestm where CDECIMAL9-CDECIMAL9 <> 0;
cidx	CDECIMAL9
select cidx, CDECIMAL9 from datatypetestm where CDECIMAL9-CDECIMAL9 < 0;
cidx	CDECIMAL9
select cidx, CDECIMAL9 from datatypetestm where CDECIMAL9-CDECIMAL9 > 0;
cidx	CDECIMAL9
select cidx, CDECIMAL9 from datatypetestm where CDECIMAL9-CDECIMAL9_2 = 0;
cidx	CDECIMAL9
11	0
select cidx, CDECIMAL9 from datatypetestm where CDECIMAL9-CDECIMAL9_2 <> 0;
cidx	CDECIMAL9
1	-999999
2	-999998
3	-999997
4	-999996
5	-999995
6	999995
7	999996
8	999997
9	999998
10	999999
select cidx, CDECIMAL9 from datatypetestm where CDECIMAL9-CDECIMAL9_2 < 0;
cidx	CDECIMAL9
1	-999999
2	-999998
3	-999997
4	-999996
5	-999995
select cidx, CDECIMAL9 from datatypetestm where CDECIMAL9-CDECIMAL9_2 > 0;
cidx	CDECIMAL9
6	999995
7	999996
8	999997
9	999998
10	999999
select cidx, CDECIMAL9 from datatypetestm where CDECIMAL9-CDECIMAL10 = 0;
cidx	CDECIMAL9
11	0
select cidx, CDECIMAL9 from datatypetestm where CDECIMAL9-CDECIMAL10 <> 0;
cidx	CDECIMAL9
1	-999999
2	-999998
3	-999997
4	-999996
5	-999995
6	999995
7	999996
8	999997
9	999998
10	999999
select cidx, CDECIMAL9 from datatypetestm where CDECIMAL9-CDECIMAL10 < 0;
cidx	CDECIMAL9
6	999995
7	999996
8	999997
9	999998
10	999999
select cidx, CDECIMAL9 from datatypetestm where CDECIMAL9-CDECIMAL10 > 0;
cidx	CDECIMAL9
1	-999999
2	-999998
3	-999997
4	-999996
5	-999995
select cidx, CDECIMAL9 from datatypetestm where CDECIMAL9-CDECIMAL18 = 0;
cidx	CDECIMAL9
11	0
select cidx, CDECIMAL9 from datatypetestm where CDECIMAL9-CDECIMAL18 <> 0;
cidx	CDECIMAL9
1	-999999
2	-999998
3	-999997
4	-999996
5	-999995
6	999995
7	999996
8	999997
9	999998
10	999999
select cidx, CDECIMAL9 from datatypetestm where CDECIMAL9-CDECIMAL18 < 0;
cidx	CDECIMAL9
6	999995
7	999996
8	999997
9	999998
10	999999
select cidx, CDECIMAL9 from datatypetestm where CDECIMAL9-CDECIMAL18 > 0;
cidx	CDECIMAL9
1	-999999
2	-999998
3	-999997
4	-999996
5	-999995
select cidx, CDECIMAL9 from datatypetestm where CDECIMAL9-CDECIMAL18_2 = 0;
cidx	CDECIMAL9
11	0
select cidx, CDECIMAL9 from datatypetestm where CDECIMAL9-CDECIMAL18_2 <> 0;
cidx	CDECIMAL9
1	-999999
2	-999998
3	-999997
4	-999996
5	-999995
6	999995
7	999996
8	999997
9	999998
10	999999
select cidx, CDECIMAL9 from datatypetestm where CDECIMAL9-CDECIMAL18_2 < 0;
cidx	CDECIMAL9
6	999995
7	999996
8	999997
9	999998
10	999999
select cidx, CDECIMAL9 from datatypetestm where CDECIMAL9-CDECIMAL18_2 > 0;
cidx	CDECIMAL9
1	-999999
2	-999998
3	-999997
4	-999996
5	-999995
select cidx, CDECIMAL9_2 from datatypetestm where CDECIMAL9_2-CDECIMAL1 = 0;
cidx	CDECIMAL9_2
11	0.00
select cidx, CDECIMAL9_2 from datatypetestm where CDECIMAL9_2-CDECIMAL1 <> 0;
cidx	CDECIMAL9_2
1	-9999.99
2	-9999.98
3	-9999.97
4	-9999.96
5	-9999.95
6	9999.95
7	9999.96
8	9999.97
9	9999.98
10	9999.99
select cidx, CDECIMAL9_2 from datatypetestm where CDECIMAL9_2-CDECIMAL1 < 0;
cidx	CDECIMAL9_2
1	-9999.99
2	-9999.98
3	-9999.97
4	-9999.96
5	-9999.95
select cidx, CDECIMAL9_2 from datatypetestm where CDECIMAL9_2-CDECIMAL1 > 0;
cidx	CDECIMAL9_2
6	9999.95
7	9999.96
8	9999.97
9	9999.98
10	9999.99
select cidx, CDECIMAL9_2 from datatypetestm where CDECIMAL9_2-CDECIMAL4 = 0;
cidx	CDECIMAL9_2
11	0.00
select cidx, CDECIMAL9_2 from datatypetestm where CDECIMAL9_2-CDECIMAL4 <> 0;
cidx	CDECIMAL9_2
1	-9999.99
2	-9999.98
3	-9999.97
4	-9999.96
5	-9999.95
6	9999.95
7	9999.96
8	9999.97
9	9999.98
10	9999.99
select cidx, CDECIMAL9_2 from datatypetestm where CDECIMAL9_2-CDECIMAL4 < 0;
cidx	CDECIMAL9_2
1	-9999.99
2	-9999.98
3	-9999.97
4	-9999.96
5	-9999.95
select cidx, CDECIMAL9_2 from datatypetestm where CDECIMAL9_2-CDECIMAL4 > 0;
cidx	CDECIMAL9_2
6	9999.95
7	9999.96
8	9999.97
9	9999.98
10	9999.99
select cidx, CDECIMAL9_2 from datatypetestm where CDECIMAL9_2-CDECIMAL4_2 = 0;
cidx	CDECIMAL9_2
11	0.00
select cidx, CDECIMAL9_2 from datatypetestm where CDECIMAL9_2-CDECIMAL4_2 <> 0;
cidx	CDECIMAL9_2
1	-9999.99
2	-9999.98
3	-9999.97
4	-9999.96
5	-9999.95
6	9999.95
7	9999.96
8	9999.97
9	9999.98
10	9999.99
select cidx, CDECIMAL9_2 from datatypetestm where CDECIMAL9_2-CDECIMAL4_2 < 0;
cidx	CDECIMAL9_2
1	-9999.99
2	-9999.98
3	-9999.97
4	-9999.96
5	-9999.95
select cidx, CDECIMAL9_2 from datatypetestm where CDECIMAL9_2-CDECIMAL4_2 > 0;
cidx	CDECIMAL9_2
6	9999.95
7	9999.96
8	9999.97
9	9999.98
10	9999.99
select cidx, CDECIMAL9_2 from datatypetestm where CDECIMAL9_2-CDECIMAL5 = 0;
cidx	CDECIMAL9_2
11	0.00
select cidx, CDECIMAL9_2 from datatypetestm where CDECIMAL9_2-CDECIMAL5 <> 0;
cidx	CDECIMAL9_2
1	-9999.99
2	-9999.98
3	-9999.97
4	-9999.96
5	-9999.95
6	9999.95
7	9999.96
8	9999.97
9	9999.98
10	9999.99
select cidx, CDECIMAL9_2 from datatypetestm where CDECIMAL9_2-CDECIMAL5 < 0;
cidx	CDECIMAL9_2
1	-9999.99
2	-9999.98
3	-9999.97
4	-9999.96
5	-9999.95
select cidx, CDECIMAL9_2 from datatypetestm where CDECIMAL9_2-CDECIMAL5 > 0;
cidx	CDECIMAL9_2
6	9999.95
7	9999.96
8	9999.97
9	9999.98
10	9999.99
select cidx, CDECIMAL9_2 from datatypetestm where CDECIMAL9_2-CDECIMAL9 = 0;
cidx	CDECIMAL9_2
11	0.00
select cidx, CDECIMAL9_2 from datatypetestm where CDECIMAL9_2-CDECIMAL9 <> 0;
cidx	CDECIMAL9_2
1	-9999.99
2	-9999.98
3	-9999.97
4	-9999.96
5	-9999.95
6	9999.95
7	9999.96
8	9999.97
9	9999.98
10	9999.99
select cidx, CDECIMAL9_2 from datatypetestm where CDECIMAL9_2-CDECIMAL9 < 0;
cidx	CDECIMAL9_2
6	9999.95
7	9999.96
8	9999.97
9	9999.98
10	9999.99
select cidx, CDECIMAL9_2 from datatypetestm where CDECIMAL9_2-CDECIMAL9 > 0;
cidx	CDECIMAL9_2
1	-9999.99
2	-9999.98
3	-9999.97
4	-9999.96
5	-9999.95
select cidx, CDECIMAL9_2 from datatypetestm where CDECIMAL9_2-CDECIMAL9_2 = 0;
cidx	CDECIMAL9_2
1	-9999.99
2	-9999.98
3	-9999.97
4	-9999.96
5	-9999.95
6	9999.95
7	9999.96
8	9999.97
9	9999.98
10	9999.99
11	0.00
select cidx, CDECIMAL9_2 from datatypetestm where CDECIMAL9_2-CDECIMAL9_2 <> 0;
cidx	CDECIMAL9_2
select cidx, CDECIMAL9_2 from datatypetestm where CDECIMAL9_2-CDECIMAL9_2 < 0;
cidx	CDECIMAL9_2
select cidx, CDECIMAL9_2 from datatypetestm where CDECIMAL9_2-CDECIMAL9_2 > 0;
cidx	CDECIMAL9_2
select cidx, CDECIMAL9_2 from datatypetestm where CDECIMAL9_2-CDECIMAL10 = 0;
cidx	CDECIMAL9_2
11	0.00
select cidx, CDECIMAL9_2 from datatypetestm where CDECIMAL9_2-CDECIMAL10 <> 0;
cidx	CDECIMAL9_2
1	-9999.99
2	-9999.98
3	-9999.97
4	-9999.96
5	-9999.95
6	9999.95
7	9999.96
8	9999.97
9	9999.98
10	9999.99
select cidx, CDECIMAL9_2 from datatypetestm where CDECIMAL9_2-CDECIMAL10 < 0;
cidx	CDECIMAL9_2
6	9999.95
7	9999.96
8	9999.97
9	9999.98
10	9999.99
select cidx, CDECIMAL9_2 from datatypetestm where CDECIMAL9_2-CDECIMAL10 > 0;
cidx	CDECIMAL9_2
1	-9999.99
2	-9999.98
3	-9999.97
4	-9999.96
5	-9999.95
select cidx, CDECIMAL9_2 from datatypetestm where CDECIMAL9_2-CDECIMAL18 = 0;
cidx	CDECIMAL9_2
11	0.00
select cidx, CDECIMAL9_2 from datatypetestm where CDECIMAL9_2-CDECIMAL18 <> 0;
cidx	CDECIMAL9_2
1	-9999.99
2	-9999.98
3	-9999.97
4	-9999.96
5	-9999.95
6	9999.95
7	9999.96
8	9999.97
9	9999.98
10	9999.99
select cidx, CDECIMAL9_2 from datatypetestm where CDECIMAL9_2-CDECIMAL18 < 0;
cidx	CDECIMAL9_2
6	9999.95
7	9999.96
8	9999.97
9	9999.98
10	9999.99
select cidx, CDECIMAL9_2 from datatypetestm where CDECIMAL9_2-CDECIMAL18 > 0;
cidx	CDECIMAL9_2
1	-9999.99
2	-9999.98
3	-9999.97
4	-9999.96
5	-9999.95
select cidx, CDECIMAL9_2 from datatypetestm where CDECIMAL9_2-CDECIMAL18_2 = 0;
cidx	CDECIMAL9_2
11	0.00
select cidx, CDECIMAL9_2 from datatypetestm where CDECIMAL9_2-CDECIMAL18_2 <> 0;
cidx	CDECIMAL9_2
1	-9999.99
2	-9999.98
3	-9999.97
4	-9999.96
5	-9999.95
6	9999.95
7	9999.96
8	9999.97
9	9999.98
10	9999.99
select cidx, CDECIMAL9_2 from datatypetestm where CDECIMAL9_2-CDECIMAL18_2 < 0;
cidx	CDECIMAL9_2
6	9999.95
7	9999.96
8	9999.97
9	9999.98
10	9999.99
select cidx, CDECIMAL9_2 from datatypetestm where CDECIMAL9_2-CDECIMAL18_2 > 0;
cidx	CDECIMAL9_2
1	-9999.99
2	-9999.98
3	-9999.97
4	-9999.96
5	-9999.95
select cidx, CDECIMAL10 from datatypetestm where CDECIMAL10-CDECIMAL1 = 0;
cidx	CDECIMAL10
11	0
select cidx, CDECIMAL10 from datatypetestm where CDECIMAL10-CDECIMAL1 <> 0;
cidx	CDECIMAL10
1	-9999999
2	-9999998
3	-9999997
4	-9999996
5	-9999995
6	9999995
7	9999996
8	9999997
9	9999998
10	9999999
select cidx, CDECIMAL10 from datatypetestm where CDECIMAL10-CDECIMAL1 < 0;
cidx	CDECIMAL10
1	-9999999
2	-9999998
3	-9999997
4	-9999996
5	-9999995
select cidx, CDECIMAL10 from datatypetestm where CDECIMAL10-CDECIMAL1 > 0;
cidx	CDECIMAL10
6	9999995
7	9999996
8	9999997
9	9999998
10	9999999
select cidx, CDECIMAL10 from datatypetestm where CDECIMAL10-CDECIMAL4 = 0;
cidx	CDECIMAL10
11	0
select cidx, CDECIMAL10 from datatypetestm where CDECIMAL10-CDECIMAL4 <> 0;
cidx	CDECIMAL10
1	-9999999
2	-9999998
3	-9999997
4	-9999996
5	-9999995
6	9999995
7	9999996
8	9999997
9	9999998
10	9999999
select cidx, CDECIMAL10 from datatypetestm where CDECIMAL10-CDECIMAL4 < 0;
cidx	CDECIMAL10
1	-9999999
2	-9999998
3	-9999997
4	-9999996
5	-9999995
select cidx, CDECIMAL10 from datatypetestm where CDECIMAL10-CDECIMAL4 > 0;
cidx	CDECIMAL10
6	9999995
7	9999996
8	9999997
9	9999998
10	9999999
select cidx, CDECIMAL10 from datatypetestm where CDECIMAL10-CDECIMAL4_2 = 0;
cidx	CDECIMAL10
11	0
select cidx, CDECIMAL10 from datatypetestm where CDECIMAL10-CDECIMAL4_2 <> 0;
cidx	CDECIMAL10
1	-9999999
2	-9999998
3	-9999997
4	-9999996
5	-9999995
6	9999995
7	9999996
8	9999997
9	9999998
10	9999999
select cidx, CDECIMAL10 from datatypetestm where CDECIMAL10-CDECIMAL4_2 < 0;
cidx	CDECIMAL10
1	-9999999
2	-9999998
3	-9999997
4	-9999996
5	-9999995
select cidx, CDECIMAL10 from datatypetestm where CDECIMAL10-CDECIMAL4_2 > 0;
cidx	CDECIMAL10
6	9999995
7	9999996
8	9999997
9	9999998
10	9999999
select cidx, CDECIMAL10 from datatypetestm where CDECIMAL10-CDECIMAL5 = 0;
cidx	CDECIMAL10
11	0
select cidx, CDECIMAL10 from datatypetestm where CDECIMAL10-CDECIMAL5 <> 0;
cidx	CDECIMAL10
1	-9999999
2	-9999998
3	-9999997
4	-9999996
5	-9999995
6	9999995
7	9999996
8	9999997
9	9999998
10	9999999
select cidx, CDECIMAL10 from datatypetestm where CDECIMAL10-CDECIMAL5 < 0;
cidx	CDECIMAL10
1	-9999999
2	-9999998
3	-9999997
4	-9999996
5	-9999995
select cidx, CDECIMAL10 from datatypetestm where CDECIMAL10-CDECIMAL5 > 0;
cidx	CDECIMAL10
6	9999995
7	9999996
8	9999997
9	9999998
10	9999999
select cidx, CDECIMAL10 from datatypetestm where CDECIMAL10-CDECIMAL9 = 0;
cidx	CDECIMAL10
11	0
select cidx, CDECIMAL10 from datatypetestm where CDECIMAL10-CDECIMAL9 <> 0;
cidx	CDECIMAL10
1	-9999999
2	-9999998
3	-9999997
4	-9999996
5	-9999995
6	9999995
7	9999996
8	9999997
9	9999998
10	9999999
select cidx, CDECIMAL10 from datatypetestm where CDECIMAL10-CDECIMAL9 < 0;
cidx	CDECIMAL10
1	-9999999
2	-9999998
3	-9999997
4	-9999996
5	-9999995
select cidx, CDECIMAL10 from datatypetestm where CDECIMAL10-CDECIMAL9 > 0;
cidx	CDECIMAL10
6	9999995
7	9999996
8	9999997
9	9999998
10	9999999
select cidx, CDECIMAL10 from datatypetestm where CDECIMAL10-CDECIMAL9_2 = 0;
cidx	CDECIMAL10
11	0
select cidx, CDECIMAL10 from datatypetestm where CDECIMAL10-CDECIMAL9_2 <> 0;
cidx	CDECIMAL10
1	-9999999
2	-9999998
3	-9999997
4	-9999996
5	-9999995
6	9999995
7	9999996
8	9999997
9	9999998
10	9999999
select cidx, CDECIMAL10 from datatypetestm where CDECIMAL10-CDECIMAL9_2 < 0;
cidx	CDECIMAL10
1	-9999999
2	-9999998
3	-9999997
4	-9999996
5	-9999995
select cidx, CDECIMAL10 from datatypetestm where CDECIMAL10-CDECIMAL9_2 > 0;
cidx	CDECIMAL10
6	9999995
7	9999996
8	9999997
9	9999998
10	9999999
select cidx, CDECIMAL10 from datatypetestm where CDECIMAL10-CDECIMAL10 = 0;
cidx	CDECIMAL10
1	-9999999
2	-9999998
3	-9999997
4	-9999996
5	-9999995
6	9999995
7	9999996
8	9999997
9	9999998
10	9999999
11	0
select cidx, CDECIMAL10 from datatypetestm where CDECIMAL10-CDECIMAL10 <> 0;
cidx	CDECIMAL10
select cidx, CDECIMAL10 from datatypetestm where CDECIMAL10-CDECIMAL10 < 0;
cidx	CDECIMAL10
select cidx, CDECIMAL10 from datatypetestm where CDECIMAL10-CDECIMAL10 > 0;
cidx	CDECIMAL10
select cidx, CDECIMAL10 from datatypetestm where CDECIMAL10-CDECIMAL18 = 0;
cidx	CDECIMAL10
11	0
select cidx, CDECIMAL10 from datatypetestm where CDECIMAL10-CDECIMAL18 <> 0;
cidx	CDECIMAL10
1	-9999999
2	-9999998
3	-9999997
4	-9999996
5	-9999995
6	9999995
7	9999996
8	9999997
9	9999998
10	9999999
select cidx, CDECIMAL10 from datatypetestm where CDECIMAL10-CDECIMAL18 < 0;
cidx	CDECIMAL10
6	9999995
7	9999996
8	9999997
9	9999998
10	9999999
select cidx, CDECIMAL10 from datatypetestm where CDECIMAL10-CDECIMAL18 > 0;
cidx	CDECIMAL10
1	-9999999
2	-9999998
3	-9999997
4	-9999996
5	-9999995
select cidx, CDECIMAL10 from datatypetestm where CDECIMAL10-CDECIMAL18_2 = 0;
cidx	CDECIMAL10
11	0
select cidx, CDECIMAL10 from datatypetestm where CDECIMAL10-CDECIMAL18_2 <> 0;
cidx	CDECIMAL10
1	-9999999
2	-9999998
3	-9999997
4	-9999996
5	-9999995
6	9999995
7	9999996
8	9999997
9	9999998
10	9999999
select cidx, CDECIMAL10 from datatypetestm where CDECIMAL10-CDECIMAL18_2 < 0;
cidx	CDECIMAL10
6	9999995
7	9999996
8	9999997
9	9999998
10	9999999
select cidx, CDECIMAL10 from datatypetestm where CDECIMAL10-CDECIMAL18_2 > 0;
cidx	CDECIMAL10
1	-9999999
2	-9999998
3	-9999997
4	-9999996
5	-9999995
select cidx, CDECIMAL18 from datatypetestm where CDECIMAL18-CDECIMAL1 = 0;
cidx	CDECIMAL18
11	0
select cidx, CDECIMAL18 from datatypetestm where CDECIMAL18-CDECIMAL1 <> 0;
cidx	CDECIMAL18
1	-9999999999999
2	-9999999999998
3	-9999999999997
4	-9999999999996
5	-9999999999995
6	9999999999995
7	9999999999996
8	9999999999997
9	9999999999998
10	9999999999999
select cidx, CDECIMAL18 from datatypetestm where CDECIMAL18-CDECIMAL1 < 0;
cidx	CDECIMAL18
1	-9999999999999
2	-9999999999998
3	-9999999999997
4	-9999999999996
5	-9999999999995
select cidx, CDECIMAL18 from datatypetestm where CDECIMAL18-CDECIMAL1 > 0;
cidx	CDECIMAL18
6	9999999999995
7	9999999999996
8	9999999999997
9	9999999999998
10	9999999999999
select cidx, CDECIMAL18 from datatypetestm where CDECIMAL18-CDECIMAL4 = 0;
cidx	CDECIMAL18
11	0
select cidx, CDECIMAL18 from datatypetestm where CDECIMAL18-CDECIMAL4 <> 0;
cidx	CDECIMAL18
1	-9999999999999
2	-9999999999998
3	-9999999999997
4	-9999999999996
5	-9999999999995
6	9999999999995
7	9999999999996
8	9999999999997
9	9999999999998
10	9999999999999
select cidx, CDECIMAL18 from datatypetestm where CDECIMAL18-CDECIMAL4 < 0;
cidx	CDECIMAL18
1	-9999999999999
2	-9999999999998
3	-9999999999997
4	-9999999999996
5	-9999999999995
select cidx, CDECIMAL18 from datatypetestm where CDECIMAL18-CDECIMAL4 > 0;
cidx	CDECIMAL18
6	9999999999995
7	9999999999996
8	9999999999997
9	9999999999998
10	9999999999999
select cidx, CDECIMAL18 from datatypetestm where CDECIMAL18-CDECIMAL4_2 = 0;
cidx	CDECIMAL18
11	0
select cidx, CDECIMAL18 from datatypetestm where CDECIMAL18-CDECIMAL4_2 <> 0;
cidx	CDECIMAL18
1	-9999999999999
2	-9999999999998
3	-9999999999997
4	-9999999999996
5	-9999999999995
6	9999999999995
7	9999999999996
8	9999999999997
9	9999999999998
10	9999999999999
select cidx, CDECIMAL18 from datatypetestm where CDECIMAL18-CDECIMAL4_2 < 0;
cidx	CDECIMAL18
1	-9999999999999
2	-9999999999998
3	-9999999999997
4	-9999999999996
5	-9999999999995
select cidx, CDECIMAL18 from datatypetestm where CDECIMAL18-CDECIMAL4_2 > 0;
cidx	CDECIMAL18
6	9999999999995
7	9999999999996
8	9999999999997
9	9999999999998
10	9999999999999
select cidx, CDECIMAL18 from datatypetestm where CDECIMAL18-CDECIMAL5 = 0;
cidx	CDECIMAL18
11	0
select cidx, CDECIMAL18 from datatypetestm where CDECIMAL18-CDECIMAL5 <> 0;
cidx	CDECIMAL18
1	-9999999999999
2	-9999999999998
3	-9999999999997
4	-9999999999996
5	-9999999999995
6	9999999999995
7	9999999999996
8	9999999999997
9	9999999999998
10	9999999999999
select cidx, CDECIMAL18 from datatypetestm where CDECIMAL18-CDECIMAL5 < 0;
cidx	CDECIMAL18
1	-9999999999999
2	-9999999999998
3	-9999999999997
4	-9999999999996
5	-9999999999995
select cidx, CDECIMAL18 from datatypetestm where CDECIMAL18-CDECIMAL5 > 0;
cidx	CDECIMAL18
6	9999999999995
7	9999999999996
8	9999999999997
9	9999999999998
10	9999999999999
select cidx, CDECIMAL18 from datatypetestm where CDECIMAL18-CDECIMAL9 = 0;
cidx	CDECIMAL18
11	0
select cidx, CDECIMAL18 from datatypetestm where CDECIMAL18-CDECIMAL9 <> 0;
cidx	CDECIMAL18
1	-9999999999999
2	-9999999999998
3	-9999999999997
4	-9999999999996
5	-9999999999995
6	9999999999995
7	9999999999996
8	9999999999997
9	9999999999998
10	9999999999999
select cidx, CDECIMAL18 from datatypetestm where CDECIMAL18-CDECIMAL9 < 0;
cidx	CDECIMAL18
1	-9999999999999
2	-9999999999998
3	-9999999999997
4	-9999999999996
5	-9999999999995
select cidx, CDECIMAL18 from datatypetestm where CDECIMAL18-CDECIMAL9 > 0;
cidx	CDECIMAL18
6	9999999999995
7	9999999999996
8	9999999999997
9	9999999999998
10	9999999999999
select cidx, CDECIMAL18 from datatypetestm where CDECIMAL18-CDECIMAL9_2 = 0;
cidx	CDECIMAL18
11	0
select cidx, CDECIMAL18 from datatypetestm where CDECIMAL18-CDECIMAL9_2 <> 0;
cidx	CDECIMAL18
1	-9999999999999
2	-9999999999998
3	-9999999999997
4	-9999999999996
5	-9999999999995
6	9999999999995
7	9999999999996
8	9999999999997
9	9999999999998
10	9999999999999
select cidx, CDECIMAL18 from datatypetestm where CDECIMAL18-CDECIMAL9_2 < 0;
cidx	CDECIMAL18
1	-9999999999999
2	-9999999999998
3	-9999999999997
4	-9999999999996
5	-9999999999995
select cidx, CDECIMAL18 from datatypetestm where CDECIMAL18-CDECIMAL9_2 > 0;
cidx	CDECIMAL18
6	9999999999995
7	9999999999996
8	9999999999997
9	9999999999998
10	9999999999999
select cidx, CDECIMAL18 from datatypetestm where CDECIMAL18-CDECIMAL10 = 0;
cidx	CDECIMAL18
11	0
select cidx, CDECIMAL18 from datatypetestm where CDECIMAL18-CDECIMAL10 <> 0;
cidx	CDECIMAL18
1	-9999999999999
2	-9999999999998
3	-9999999999997
4	-9999999999996
5	-9999999999995
6	9999999999995
7	9999999999996
8	9999999999997
9	9999999999998
10	9999999999999
select cidx, CDECIMAL18 from datatypetestm where CDECIMAL18-CDECIMAL10 < 0;
cidx	CDECIMAL18
1	-9999999999999
2	-9999999999998
3	-9999999999997
4	-9999999999996
5	-9999999999995
select cidx, CDECIMAL18 from datatypetestm where CDECIMAL18-CDECIMAL10 > 0;
cidx	CDECIMAL18
6	9999999999995
7	9999999999996
8	9999999999997
9	9999999999998
10	9999999999999
select cidx, CDECIMAL18 from datatypetestm where CDECIMAL18-CDECIMAL18 = 0;
cidx	CDECIMAL18
1	-9999999999999
2	-9999999999998
3	-9999999999997
4	-9999999999996
5	-9999999999995
6	9999999999995
7	9999999999996
8	9999999999997
9	9999999999998
10	9999999999999
11	0
select cidx, CDECIMAL18 from datatypetestm where CDECIMAL18-CDECIMAL18 <> 0;
cidx	CDECIMAL18
select cidx, CDECIMAL18 from datatypetestm where CDECIMAL18-CDECIMAL18 < 0;
cidx	CDECIMAL18
select cidx, CDECIMAL18 from datatypetestm where CDECIMAL18-CDECIMAL18 > 0;
cidx	CDECIMAL18
select cidx, CDECIMAL18 from datatypetestm where CDECIMAL18-CDECIMAL18_2 = 0;
cidx	CDECIMAL18
11	0
select cidx, CDECIMAL18 from datatypetestm where CDECIMAL18-CDECIMAL18_2 <> 0;
cidx	CDECIMAL18
1	-9999999999999
2	-9999999999998
3	-9999999999997
4	-9999999999996
5	-9999999999995
6	9999999999995
7	9999999999996
8	9999999999997
9	9999999999998
10	9999999999999
select cidx, CDECIMAL18 from datatypetestm where CDECIMAL18-CDECIMAL18_2 < 0;
cidx	CDECIMAL18
1	-9999999999999
2	-9999999999998
3	-9999999999997
4	-9999999999996
5	-9999999999995
select cidx, CDECIMAL18 from datatypetestm where CDECIMAL18-CDECIMAL18_2 > 0;
cidx	CDECIMAL18
6	9999999999995
7	9999999999996
8	9999999999997
9	9999999999998
10	9999999999999
select cidx, CDECIMAL18_2 from datatypetestm where CDECIMAL18_2-CDECIMAL1 = 0;
cidx	CDECIMAL18_2
11	0.00
select cidx, CDECIMAL18_2 from datatypetestm where CDECIMAL18_2-CDECIMAL1 <> 0;
cidx	CDECIMAL18_2
1	-99999999999.99
2	-99999999999.98
3	-99999999999.97
4	-99999999999.96
5	-99999999999.95
6	99999999999.95
7	99999999999.96
8	99999999999.97
9	99999999999.98
10	99999999999.99
select cidx, CDECIMAL18_2 from datatypetestm where CDECIMAL18_2-CDECIMAL1 < 0;
cidx	CDECIMAL18_2
1	-99999999999.99
2	-99999999999.98
3	-99999999999.97
4	-99999999999.96
5	-99999999999.95
select cidx, CDECIMAL18_2 from datatypetestm where CDECIMAL18_2-CDECIMAL1 > 0;
cidx	CDECIMAL18_2
6	99999999999.95
7	99999999999.96
8	99999999999.97
9	99999999999.98
10	99999999999.99
select cidx, CDECIMAL18_2 from datatypetestm where CDECIMAL18_2-CDECIMAL4 = 0;
cidx	CDECIMAL18_2
11	0.00
select cidx, CDECIMAL18_2 from datatypetestm where CDECIMAL18_2-CDECIMAL4 <> 0;
cidx	CDECIMAL18_2
1	-99999999999.99
2	-99999999999.98
3	-99999999999.97
4	-99999999999.96
5	-99999999999.95
6	99999999999.95
7	99999999999.96
8	99999999999.97
9	99999999999.98
10	99999999999.99
select cidx, CDECIMAL18_2 from datatypetestm where CDECIMAL18_2-CDECIMAL4 < 0;
cidx	CDECIMAL18_2
1	-99999999999.99
2	-99999999999.98
3	-99999999999.97
4	-99999999999.96
5	-99999999999.95
select cidx, CDECIMAL18_2 from datatypetestm where CDECIMAL18_2-CDECIMAL4 > 0;
cidx	CDECIMAL18_2
6	99999999999.95
7	99999999999.96
8	99999999999.97
9	99999999999.98
10	99999999999.99
select cidx, CDECIMAL18_2 from datatypetestm where CDECIMAL18_2-CDECIMAL4_2 = 0;
cidx	CDECIMAL18_2
11	0.00
select cidx, CDECIMAL18_2 from datatypetestm where CDECIMAL18_2-CDECIMAL4_2 <> 0;
cidx	CDECIMAL18_2
1	-99999999999.99
2	-99999999999.98
3	-99999999999.97
4	-99999999999.96
5	-99999999999.95
6	99999999999.95
7	99999999999.96
8	99999999999.97
9	99999999999.98
10	99999999999.99
select cidx, CDECIMAL18_2 from datatypetestm where CDECIMAL18_2-CDECIMAL4_2 < 0;
cidx	CDECIMAL18_2
1	-99999999999.99
2	-99999999999.98
3	-99999999999.97
4	-99999999999.96
5	-99999999999.95
select cidx, CDECIMAL18_2 from datatypetestm where CDECIMAL18_2-CDECIMAL4_2 > 0;
cidx	CDECIMAL18_2
6	99999999999.95
7	99999999999.96
8	99999999999.97
9	99999999999.98
10	99999999999.99
select cidx, CDECIMAL18_2 from datatypetestm where CDECIMAL18_2-CDECIMAL5 = 0;
cidx	CDECIMAL18_2
11	0.00
select cidx, CDECIMAL18_2 from datatypetestm where CDECIMAL18_2-CDECIMAL5 <> 0;
cidx	CDECIMAL18_2
1	-99999999999.99
2	-99999999999.98
3	-99999999999.97
4	-99999999999.96
5	-99999999999.95
6	99999999999.95
7	99999999999.96
8	99999999999.97
9	99999999999.98
10	99999999999.99
select cidx, CDECIMAL18_2 from datatypetestm where CDECIMAL18_2-CDECIMAL5 < 0;
cidx	CDECIMAL18_2
1	-99999999999.99
2	-99999999999.98
3	-99999999999.97
4	-99999999999.96
5	-99999999999.95
select cidx, CDECIMAL18_2 from datatypetestm where CDECIMAL18_2-CDECIMAL5 > 0;
cidx	CDECIMAL18_2
6	99999999999.95
7	99999999999.96
8	99999999999.97
9	99999999999.98
10	99999999999.99
select cidx, CDECIMAL18_2 from datatypetestm where CDECIMAL18_2-CDECIMAL9 = 0;
cidx	CDECIMAL18_2
11	0.00
select cidx, CDECIMAL18_2 from datatypetestm where CDECIMAL18_2-CDECIMAL9 <> 0;
cidx	CDECIMAL18_2
1	-99999999999.99
2	-99999999999.98
3	-99999999999.97
4	-99999999999.96
5	-99999999999.95
6	99999999999.95
7	99999999999.96
8	99999999999.97
9	99999999999.98
10	99999999999.99
select cidx, CDECIMAL18_2 from datatypetestm where CDECIMAL18_2-CDECIMAL9 < 0;
cidx	CDECIMAL18_2
1	-99999999999.99
2	-99999999999.98
3	-99999999999.97
4	-99999999999.96
5	-99999999999.95
select cidx, CDECIMAL18_2 from datatypetestm where CDECIMAL18_2-CDECIMAL9 > 0;
cidx	CDECIMAL18_2
6	99999999999.95
7	99999999999.96
8	99999999999.97
9	99999999999.98
10	99999999999.99
select cidx, CDECIMAL18_2 from datatypetestm where CDECIMAL18_2-CDECIMAL9_2 = 0;
cidx	CDECIMAL18_2
11	0.00
select cidx, CDECIMAL18_2 from datatypetestm where CDECIMAL18_2-CDECIMAL9_2 <> 0;
cidx	CDECIMAL18_2
1	-99999999999.99
2	-99999999999.98
3	-99999999999.97
4	-99999999999.96
5	-99999999999.95
6	99999999999.95
7	99999999999.96
8	99999999999.97
9	99999999999.98
10	99999999999.99
select cidx, CDECIMAL18_2 from datatypetestm where CDECIMAL18_2-CDECIMAL9_2 < 0;
cidx	CDECIMAL18_2
1	-99999999999.99
2	-99999999999.98
3	-99999999999.97
4	-99999999999.96
5	-99999999999.95
select cidx, CDECIMAL18_2 from datatypetestm where CDECIMAL18_2-CDECIMAL9_2 > 0;
cidx	CDECIMAL18_2
6	99999999999.95
7	99999999999.96
8	99999999999.97
9	99999999999.98
10	99999999999.99
select cidx, CDECIMAL18_2 from datatypetestm where CDECIMAL18_2-CDECIMAL10 = 0;
cidx	CDECIMAL18_2
11	0.00
select cidx, CDECIMAL18_2 from datatypetestm where CDECIMAL18_2-CDECIMAL10 <> 0;
cidx	CDECIMAL18_2
1	-99999999999.99
2	-99999999999.98
3	-99999999999.97
4	-99999999999.96
5	-99999999999.95
6	99999999999.95
7	99999999999.96
8	99999999999.97
9	99999999999.98
10	99999999999.99
select cidx, CDECIMAL18_2 from datatypetestm where CDECIMAL18_2-CDECIMAL10 < 0;
cidx	CDECIMAL18_2
1	-99999999999.99
2	-99999999999.98
3	-99999999999.97
4	-99999999999.96
5	-99999999999.95
select cidx, CDECIMAL18_2 from datatypetestm where CDECIMAL18_2-CDECIMAL10 > 0;
cidx	CDECIMAL18_2
6	99999999999.95
7	99999999999.96
8	99999999999.97
9	99999999999.98
10	99999999999.99
select cidx, CDECIMAL18_2 from datatypetestm where CDECIMAL18_2-CDECIMAL18 = 0;
cidx	CDECIMAL18_2
11	0.00
select cidx, CDECIMAL18_2 from datatypetestm where CDECIMAL18_2-CDECIMAL18 <> 0;
cidx	CDECIMAL18_2
1	-99999999999.99
2	-99999999999.98
3	-99999999999.97
4	-99999999999.96
5	-99999999999.95
6	99999999999.95
7	99999999999.96
8	99999999999.97
9	99999999999.98
10	99999999999.99
select cidx, CDECIMAL18_2 from datatypetestm where CDECIMAL18_2-CDECIMAL18 < 0;
cidx	CDECIMAL18_2
6	99999999999.95
7	99999999999.96
8	99999999999.97
9	99999999999.98
10	99999999999.99
select cidx, CDECIMAL18_2 from datatypetestm where CDECIMAL18_2-CDECIMAL18 > 0;
cidx	CDECIMAL18_2
1	-99999999999.99
2	-99999999999.98
3	-99999999999.97
4	-99999999999.96
5	-99999999999.95
select cidx, CDECIMAL18_2 from datatypetestm where CDECIMAL18_2-CDECIMAL18_2 = 0;
cidx	CDECIMAL18_2
1	-99999999999.99
2	-99999999999.98
3	-99999999999.97
4	-99999999999.96
5	-99999999999.95
6	99999999999.95
7	99999999999.96
8	99999999999.97
9	99999999999.98
10	99999999999.99
11	0.00
select cidx, CDECIMAL18_2 from datatypetestm where CDECIMAL18_2-CDECIMAL18_2 <> 0;
cidx	CDECIMAL18_2
select cidx, CDECIMAL18_2 from datatypetestm where CDECIMAL18_2-CDECIMAL18_2 < 0;
cidx	CDECIMAL18_2
select cidx, CDECIMAL18_2 from datatypetestm where CDECIMAL18_2-CDECIMAL18_2 > 0;
cidx	CDECIMAL18_2
select cidx, CINTEGER from datatypetestm where CINTEGER-CDECIMAL1 = 0;
cidx	CINTEGER
11	0
select cidx, CINTEGER from datatypetestm where CINTEGER-CDECIMAL1 <> 0;
cidx	CINTEGER
1	-7483646
2	-7483645
3	-7483644
4	-7483643
5	-7483642
6	7483643
7	7483644
8	7483645
9	7483646
10	7483647
select cidx, CINTEGER from datatypetestm where CINTEGER-CDECIMAL1 < 0;
cidx	CINTEGER
1	-7483646
2	-7483645
3	-7483644
4	-7483643
5	-7483642
select cidx, CINTEGER from datatypetestm where CINTEGER-CDECIMAL1 > 0;
cidx	CINTEGER
6	7483643
7	7483644
8	7483645
9	7483646
10	7483647
select cidx, CINTEGER from datatypetestm where CINTEGER-CDECIMAL4 = 0;
cidx	CINTEGER
11	0
select cidx, CINTEGER from datatypetestm where CINTEGER-CDECIMAL4 <> 0;
cidx	CINTEGER
1	-7483646
2	-7483645
3	-7483644
4	-7483643
5	-7483642
6	7483643
7	7483644
8	7483645
9	7483646
10	7483647
select cidx, CINTEGER from datatypetestm where CINTEGER-CDECIMAL4 < 0;
cidx	CINTEGER
1	-7483646
2	-7483645
3	-7483644
4	-7483643
5	-7483642
select cidx, CINTEGER from datatypetestm where CINTEGER-CDECIMAL4 > 0;
cidx	CINTEGER
6	7483643
7	7483644
8	7483645
9	7483646
10	7483647
select cidx, CINTEGER from datatypetestm where CINTEGER-CDECIMAL4_2 = 0;
cidx	CINTEGER
11	0
select cidx, CINTEGER from datatypetestm where CINTEGER-CDECIMAL4_2 <> 0;
cidx	CINTEGER
1	-7483646
2	-7483645
3	-7483644
4	-7483643
5	-7483642
6	7483643
7	7483644
8	7483645
9	7483646
10	7483647
select cidx, CINTEGER from datatypetestm where CINTEGER-CDECIMAL4_2 < 0;
cidx	CINTEGER
1	-7483646
2	-7483645
3	-7483644
4	-7483643
5	-7483642
select cidx, CINTEGER from datatypetestm where CINTEGER-CDECIMAL4_2 > 0;
cidx	CINTEGER
6	7483643
7	7483644
8	7483645
9	7483646
10	7483647
select cidx, CINTEGER from datatypetestm where CINTEGER-CDECIMAL5 = 0;
cidx	CINTEGER
11	0
select cidx, CINTEGER from datatypetestm where CINTEGER-CDECIMAL5 <> 0;
cidx	CINTEGER
1	-7483646
2	-7483645
3	-7483644
4	-7483643
5	-7483642
6	7483643
7	7483644
8	7483645
9	7483646
10	7483647
select cidx, CINTEGER from datatypetestm where CINTEGER-CDECIMAL5 < 0;
cidx	CINTEGER
1	-7483646
2	-7483645
3	-7483644
4	-7483643
5	-7483642
select cidx, CINTEGER from datatypetestm where CINTEGER-CDECIMAL5 > 0;
cidx	CINTEGER
6	7483643
7	7483644
8	7483645
9	7483646
10	7483647
select cidx, CINTEGER from datatypetestm where CINTEGER-CDECIMAL9 = 0;
cidx	CINTEGER
11	0
select cidx, CINTEGER from datatypetestm where CINTEGER-CDECIMAL9 <> 0;
cidx	CINTEGER
1	-7483646
2	-7483645
3	-7483644
4	-7483643
5	-7483642
6	7483643
7	7483644
8	7483645
9	7483646
10	7483647
select cidx, CINTEGER from datatypetestm where CINTEGER-CDECIMAL9 < 0;
cidx	CINTEGER
1	-7483646
2	-7483645
3	-7483644
4	-7483643
5	-7483642
select cidx, CINTEGER from datatypetestm where CINTEGER-CDECIMAL9 > 0;
cidx	CINTEGER
6	7483643
7	7483644
8	7483645
9	7483646
10	7483647
select cidx, CINTEGER from datatypetestm where CINTEGER-CDECIMAL9_2 = 0;
cidx	CINTEGER
11	0
select cidx, CINTEGER from datatypetestm where CINTEGER-CDECIMAL9_2 <> 0;
cidx	CINTEGER
1	-7483646
2	-7483645
3	-7483644
4	-7483643
5	-7483642
6	7483643
7	7483644
8	7483645
9	7483646
10	7483647
select cidx, CINTEGER from datatypetestm where CINTEGER-CDECIMAL9_2 < 0;
cidx	CINTEGER
1	-7483646
2	-7483645
3	-7483644
4	-7483643
5	-7483642
select cidx, CINTEGER from datatypetestm where CINTEGER-CDECIMAL9_2 > 0;
cidx	CINTEGER
6	7483643
7	7483644
8	7483645
9	7483646
10	7483647
select cidx, CINTEGER from datatypetestm where CINTEGER-CDECIMAL10 = 0;
cidx	CINTEGER
11	0
select cidx, CINTEGER from datatypetestm where CINTEGER-CDECIMAL10 <> 0;
cidx	CINTEGER
1	-7483646
2	-7483645
3	-7483644
4	-7483643
5	-7483642
6	7483643
7	7483644
8	7483645
9	7483646
10	7483647
select cidx, CINTEGER from datatypetestm where CINTEGER-CDECIMAL10 < 0;
cidx	CINTEGER
6	7483643
7	7483644
8	7483645
9	7483646
10	7483647
select cidx, CINTEGER from datatypetestm where CINTEGER-CDECIMAL10 > 0;
cidx	CINTEGER
1	-7483646
2	-7483645
3	-7483644
4	-7483643
5	-7483642
select cidx, CINTEGER from datatypetestm where CINTEGER-CDECIMAL18 = 0;
cidx	CINTEGER
11	0
select cidx, CINTEGER from datatypetestm where CINTEGER-CDECIMAL18 <> 0;
cidx	CINTEGER
1	-7483646
2	-7483645
3	-7483644
4	-7483643
5	-7483642
6	7483643
7	7483644
8	7483645
9	7483646
10	7483647
select cidx, CINTEGER from datatypetestm where CINTEGER-CDECIMAL18 < 0;
cidx	CINTEGER
6	7483643
7	7483644
8	7483645
9	7483646
10	7483647
select cidx, CINTEGER from datatypetestm where CINTEGER-CDECIMAL18 > 0;
cidx	CINTEGER
1	-7483646
2	-7483645
3	-7483644
4	-7483643
5	-7483642
select cidx, CINTEGER from datatypetestm where CINTEGER-CDECIMAL18_2 = 0;
cidx	CINTEGER
11	0
select cidx, CINTEGER from datatypetestm where CINTEGER-CDECIMAL18_2 <> 0;
cidx	CINTEGER
1	-7483646
2	-7483645
3	-7483644
4	-7483643
5	-7483642
6	7483643
7	7483644
8	7483645
9	7483646
10	7483647
select cidx, CINTEGER from datatypetestm where CINTEGER-CDECIMAL18_2 < 0;
cidx	CINTEGER
6	7483643
7	7483644
8	7483645
9	7483646
10	7483647
select cidx, CINTEGER from datatypetestm where CINTEGER-CDECIMAL18_2 > 0;
cidx	CINTEGER
1	-7483646
2	-7483645
3	-7483644
4	-7483643
5	-7483642
select cidx, CSMALLINT from datatypetestm where CSMALLINT-CDECIMAL1 = 0;
cidx	CSMALLINT
11	0
select cidx, CSMALLINT from datatypetestm where CSMALLINT-CDECIMAL1 <> 0;
cidx	CSMALLINT
1	-766
2	-765
3	-764
4	-763
5	-762
6	763
7	764
8	765
9	766
10	767
select cidx, CSMALLINT from datatypetestm where CSMALLINT-CDECIMAL1 < 0;
cidx	CSMALLINT
1	-766
2	-765
3	-764
4	-763
5	-762
select cidx, CSMALLINT from datatypetestm where CSMALLINT-CDECIMAL1 > 0;
cidx	CSMALLINT
6	763
7	764
8	765
9	766
10	767
select cidx, CSMALLINT from datatypetestm where CSMALLINT-CDECIMAL4 = 0;
cidx	CSMALLINT
11	0
select cidx, CSMALLINT from datatypetestm where CSMALLINT-CDECIMAL4 <> 0;
cidx	CSMALLINT
1	-766
2	-765
3	-764
4	-763
5	-762
6	763
7	764
8	765
9	766
10	767
select cidx, CSMALLINT from datatypetestm where CSMALLINT-CDECIMAL4 < 0;
cidx	CSMALLINT
6	763
7	764
8	765
9	766
10	767
select cidx, CSMALLINT from datatypetestm where CSMALLINT-CDECIMAL4 > 0;
cidx	CSMALLINT
1	-766
2	-765
3	-764
4	-763
5	-762
select cidx, CSMALLINT from datatypetestm where CSMALLINT-CDECIMAL4_2 = 0;
cidx	CSMALLINT
11	0
select cidx, CSMALLINT from datatypetestm where CSMALLINT-CDECIMAL4_2 <> 0;
cidx	CSMALLINT
1	-766
2	-765
3	-764
4	-763
5	-762
6	763
7	764
8	765
9	766
10	767
select cidx, CSMALLINT from datatypetestm where CSMALLINT-CDECIMAL4_2 < 0;
cidx	CSMALLINT
1	-766
2	-765
3	-764
4	-763
5	-762
select cidx, CSMALLINT from datatypetestm where CSMALLINT-CDECIMAL4_2 > 0;
cidx	CSMALLINT
6	763
7	764
8	765
9	766
10	767
select cidx, CSMALLINT from datatypetestm where CSMALLINT-CDECIMAL5 = 0;
cidx	CSMALLINT
11	0
select cidx, CSMALLINT from datatypetestm where CSMALLINT-CDECIMAL5 <> 0;
cidx	CSMALLINT
1	-766
2	-765
3	-764
4	-763
5	-762
6	763
7	764
8	765
9	766
10	767
select cidx, CSMALLINT from datatypetestm where CSMALLINT-CDECIMAL5 < 0;
cidx	CSMALLINT
6	763
7	764
8	765
9	766
10	767
select cidx, CSMALLINT from datatypetestm where CSMALLINT-CDECIMAL5 > 0;
cidx	CSMALLINT
1	-766
2	-765
3	-764
4	-763
5	-762
select cidx, CSMALLINT from datatypetestm where CSMALLINT-CDECIMAL9 = 0;
cidx	CSMALLINT
11	0
select cidx, CSMALLINT from datatypetestm where CSMALLINT-CDECIMAL9 <> 0;
cidx	CSMALLINT
1	-766
2	-765
3	-764
4	-763
5	-762
6	763
7	764
8	765
9	766
10	767
select cidx, CSMALLINT from datatypetestm where CSMALLINT-CDECIMAL9 < 0;
cidx	CSMALLINT
6	763
7	764
8	765
9	766
10	767
select cidx, CSMALLINT from datatypetestm where CSMALLINT-CDECIMAL9 > 0;
cidx	CSMALLINT
1	-766
2	-765
3	-764
4	-763
5	-762
select cidx, CSMALLINT from datatypetestm where CSMALLINT-CDECIMAL9_2 = 0;
cidx	CSMALLINT
11	0
select cidx, CSMALLINT from datatypetestm where CSMALLINT-CDECIMAL9_2 <> 0;
cidx	CSMALLINT
1	-766
2	-765
3	-764
4	-763
5	-762
6	763
7	764
8	765
9	766
10	767
select cidx, CSMALLINT from datatypetestm where CSMALLINT-CDECIMAL9_2 < 0;
cidx	CSMALLINT
6	763
7	764
8	765
9	766
10	767
select cidx, CSMALLINT from datatypetestm where CSMALLINT-CDECIMAL9_2 > 0;
cidx	CSMALLINT
1	-766
2	-765
3	-764
4	-763
5	-762
select cidx, CSMALLINT from datatypetestm where CSMALLINT-CDECIMAL10 = 0;
cidx	CSMALLINT
11	0
select cidx, CSMALLINT from datatypetestm where CSMALLINT-CDECIMAL10 <> 0;
cidx	CSMALLINT
1	-766
2	-765
3	-764
4	-763
5	-762
6	763
7	764
8	765
9	766
10	767
select cidx, CSMALLINT from datatypetestm where CSMALLINT-CDECIMAL10 < 0;
cidx	CSMALLINT
6	763
7	764
8	765
9	766
10	767
select cidx, CSMALLINT from datatypetestm where CSMALLINT-CDECIMAL10 > 0;
cidx	CSMALLINT
1	-766
2	-765
3	-764
4	-763
5	-762
select cidx, CSMALLINT from datatypetestm where CSMALLINT-CDECIMAL18 = 0;
cidx	CSMALLINT
11	0
select cidx, CSMALLINT from datatypetestm where CSMALLINT-CDECIMAL18 <> 0;
cidx	CSMALLINT
1	-766
2	-765
3	-764
4	-763
5	-762
6	763
7	764
8	765
9	766
10	767
select cidx, CSMALLINT from datatypetestm where CSMALLINT-CDECIMAL18 < 0;
cidx	CSMALLINT
6	763
7	764
8	765
9	766
10	767
select cidx, CSMALLINT from datatypetestm where CSMALLINT-CDECIMAL18 > 0;
cidx	CSMALLINT
1	-766
2	-765
3	-764
4	-763
5	-762
select cidx, CSMALLINT from datatypetestm where CSMALLINT-CDECIMAL18_2 = 0;
cidx	CSMALLINT
11	0
select cidx, CSMALLINT from datatypetestm where CSMALLINT-CDECIMAL18_2 <> 0;
cidx	CSMALLINT
1	-766
2	-765
3	-764
4	-763
5	-762
6	763
7	764
8	765
9	766
10	767
select cidx, CSMALLINT from datatypetestm where CSMALLINT-CDECIMAL18_2 < 0;
cidx	CSMALLINT
6	763
7	764
8	765
9	766
10	767
select cidx, CSMALLINT from datatypetestm where CSMALLINT-CDECIMAL18_2 > 0;
cidx	CSMALLINT
1	-766
2	-765
3	-764
4	-763
5	-762
select cidx, CTINYINT from datatypetestm where CTINYINT-CDECIMAL1 = 0;
cidx	CTINYINT
11	0
select cidx, CTINYINT from datatypetestm where CTINYINT-CDECIMAL1 <> 0;
cidx	CTINYINT
1	-26
2	-25
3	-24
4	-23
5	-22
6	23
7	24
8	25
9	26
10	27
select cidx, CTINYINT from datatypetestm where CTINYINT-CDECIMAL1 < 0;
cidx	CTINYINT
1	-26
2	-25
3	-24
4	-23
5	-22
select cidx, CTINYINT from datatypetestm where CTINYINT-CDECIMAL1 > 0;
cidx	CTINYINT
6	23
7	24
8	25
9	26
10	27
select cidx, CTINYINT from datatypetestm where CTINYINT-CDECIMAL4 = 0;
cidx	CTINYINT
11	0
select cidx, CTINYINT from datatypetestm where CTINYINT-CDECIMAL4 <> 0;
cidx	CTINYINT
1	-26
2	-25
3	-24
4	-23
5	-22
6	23
7	24
8	25
9	26
10	27
select cidx, CTINYINT from datatypetestm where CTINYINT-CDECIMAL4 < 0;
cidx	CTINYINT
6	23
7	24
8	25
9	26
10	27
select cidx, CTINYINT from datatypetestm where CTINYINT-CDECIMAL4 > 0;
cidx	CTINYINT
1	-26
2	-25
3	-24
4	-23
5	-22
select cidx, CTINYINT from datatypetestm where CTINYINT-CDECIMAL4_2 = 0;
cidx	CTINYINT
11	0
select cidx, CTINYINT from datatypetestm where CTINYINT-CDECIMAL4_2 <> 0;
cidx	CTINYINT
1	-26
2	-25
3	-24
4	-23
5	-22
6	23
7	24
8	25
9	26
10	27
select cidx, CTINYINT from datatypetestm where CTINYINT-CDECIMAL4_2 < 0;
cidx	CTINYINT
1	-26
2	-25
3	-24
4	-23
5	-22
select cidx, CTINYINT from datatypetestm where CTINYINT-CDECIMAL4_2 > 0;
cidx	CTINYINT
6	23
7	24
8	25
9	26
10	27
select cidx, CTINYINT from datatypetestm where CTINYINT-CDECIMAL5 = 0;
cidx	CTINYINT
11	0
select cidx, CTINYINT from datatypetestm where CTINYINT-CDECIMAL5 <> 0;
cidx	CTINYINT
1	-26
2	-25
3	-24
4	-23
5	-22
6	23
7	24
8	25
9	26
10	27
select cidx, CTINYINT from datatypetestm where CTINYINT-CDECIMAL5 < 0;
cidx	CTINYINT
6	23
7	24
8	25
9	26
10	27
select cidx, CTINYINT from datatypetestm where CTINYINT-CDECIMAL5 > 0;
cidx	CTINYINT
1	-26
2	-25
3	-24
4	-23
5	-22
select cidx, CTINYINT from datatypetestm where CTINYINT-CDECIMAL9 = 0;
cidx	CTINYINT
11	0
select cidx, CTINYINT from datatypetestm where CTINYINT-CDECIMAL9 <> 0;
cidx	CTINYINT
1	-26
2	-25
3	-24
4	-23
5	-22
6	23
7	24
8	25
9	26
10	27
select cidx, CTINYINT from datatypetestm where CTINYINT-CDECIMAL9 < 0;
cidx	CTINYINT
6	23
7	24
8	25
9	26
10	27
select cidx, CTINYINT from datatypetestm where CTINYINT-CDECIMAL9 > 0;
cidx	CTINYINT
1	-26
2	-25
3	-24
4	-23
5	-22
select cidx, CTINYINT from datatypetestm where CTINYINT-CDECIMAL9_2 = 0;
cidx	CTINYINT
11	0
select cidx, CTINYINT from datatypetestm where CTINYINT-CDECIMAL9_2 <> 0;
cidx	CTINYINT
1	-26
2	-25
3	-24
4	-23
5	-22
6	23
7	24
8	25
9	26
10	27
select cidx, CTINYINT from datatypetestm where CTINYINT-CDECIMAL9_2 < 0;
cidx	CTINYINT
6	23
7	24
8	25
9	26
10	27
select cidx, CTINYINT from datatypetestm where CTINYINT-CDECIMAL9_2 > 0;
cidx	CTINYINT
1	-26
2	-25
3	-24
4	-23
5	-22
select cidx, CTINYINT from datatypetestm where CTINYINT-CDECIMAL10 = 0;
cidx	CTINYINT
11	0
select cidx, CTINYINT from datatypetestm where CTINYINT-CDECIMAL10 <> 0;
cidx	CTINYINT
1	-26
2	-25
3	-24
4	-23
5	-22
6	23
7	24
8	25
9	26
10	27
select cidx, CTINYINT from datatypetestm where CTINYINT-CDECIMAL10 < 0;
cidx	CTINYINT
6	23
7	24
8	25
9	26
10	27
select cidx, CTINYINT from datatypetestm where CTINYINT-CDECIMAL10 > 0;
cidx	CTINYINT
1	-26
2	-25
3	-24
4	-23
5	-22
select cidx, CTINYINT from datatypetestm where CTINYINT-CDECIMAL18 = 0;
cidx	CTINYINT
11	0
select cidx, CTINYINT from datatypetestm where CTINYINT-CDECIMAL18 <> 0;
cidx	CTINYINT
1	-26
2	-25
3	-24
4	-23
5	-22
6	23
7	24
8	25
9	26
10	27
select cidx, CTINYINT from datatypetestm where CTINYINT-CDECIMAL18 < 0;
cidx	CTINYINT
6	23
7	24
8	25
9	26
10	27
select cidx, CTINYINT from datatypetestm where CTINYINT-CDECIMAL18 > 0;
cidx	CTINYINT
1	-26
2	-25
3	-24
4	-23
5	-22
select cidx, CTINYINT from datatypetestm where CTINYINT-CDECIMAL18_2 = 0;
cidx	CTINYINT
11	0
select cidx, CTINYINT from datatypetestm where CTINYINT-CDECIMAL18_2 <> 0;
cidx	CTINYINT
1	-26
2	-25
3	-24
4	-23
5	-22
6	23
7	24
8	25
9	26
10	27
select cidx, CTINYINT from datatypetestm where CTINYINT-CDECIMAL18_2 < 0;
cidx	CTINYINT
6	23
7	24
8	25
9	26
10	27
select cidx, CTINYINT from datatypetestm where CTINYINT-CDECIMAL18_2 > 0;
cidx	CTINYINT
1	-26
2	-25
3	-24
4	-23
5	-22
