USE tpch1;
select cidx, CBIGINT-CINTEGER from datatypetestm;
cidx	CBIGINT-CINTEGER
1	-72036847292160
2	-72036847292160
3	-72036847292160
4	-72036847292160
5	-72036847292160
6	72036847292160
7	72036847292160
8	72036847292160
9	72036847292160
10	72036847292160
11	0
select cidx, CBIGINT-CSMALLINT from datatypetestm;
cidx	CBIGINT-CSMALLINT
1	-72036854775040
2	-72036854775040
3	-72036854775040
4	-72036854775040
5	-72036854775040
6	72036854775040
7	72036854775040
8	72036854775040
9	72036854775040
10	72036854775040
11	0
select cidx, CBIGINT-CTINYINT from datatypetestm;
cidx	CBIGINT-CTINYINT
1	-72036854775780
2	-72036854775780
3	-72036854775780
4	-72036854775780
5	-72036854775780
6	72036854775780
7	72036854775780
8	72036854775780
9	72036854775780
10	72036854775780
11	0
select cidx, CDECIMAL1-CBIGINT from datatypetestm;
cidx	CDECIMAL1-CBIGINT
1	72036854775797
2	72036854775797
3	72036854775797
4	72036854775797
5	72036854775797
6	-72036854775798
7	-72036854775798
8	-72036854775798
9	-72036854775798
10	-72036854775798
11	0
select cidx, CDECIMAL1-CINTEGER from datatypetestm;
cidx	CDECIMAL1-CINTEGER
1	7483637
2	7483637
3	7483637
4	7483637
5	7483637
6	-7483638
7	-7483638
8	-7483638
9	-7483638
10	-7483638
11	0
select cidx, CDECIMAL1-CSMALLINT from datatypetestm;
cidx	CDECIMAL1-CSMALLINT
1	757
2	757
3	757
4	757
5	757
6	-758
7	-758
8	-758
9	-758
10	-758
11	0
select cidx, CDECIMAL1-CTINYINT from datatypetestm;
cidx	CDECIMAL1-CTINYINT
1	17
2	17
3	17
4	17
5	17
6	-18
7	-18
8	-18
9	-18
10	-18
11	0
select cidx, CDECIMAL4-CBIGINT from datatypetestm;
cidx	CDECIMAL4-CBIGINT
1	72036854774807
2	72036854774807
3	72036854774807
4	72036854774807
5	72036854774807
6	-72036854774808
7	-72036854774808
8	-72036854774808
9	-72036854774808
10	-72036854774808
11	0
select cidx, CDECIMAL4-CINTEGER from datatypetestm;
cidx	CDECIMAL4-CINTEGER
1	7482647
2	7482647
3	7482647
4	7482647
5	7482647
6	-7482648
7	-7482648
8	-7482648
9	-7482648
10	-7482648
11	0
select cidx, CDECIMAL4-CSMALLINT from datatypetestm;
cidx	CDECIMAL4-CSMALLINT
1	-233
2	-233
3	-233
4	-233
5	-233
6	232
7	232
8	232
9	232
10	232
11	0
select cidx, CDECIMAL4-CTINYINT from datatypetestm;
cidx	CDECIMAL4-CTINYINT
1	-973
2	-973
3	-973
4	-973
5	-973
6	972
7	972
8	972
9	972
10	972
11	0
select cidx, CDECIMAL4_2-CBIGINT from datatypetestm;
cidx	CDECIMAL4_2-CBIGINT
1	72036854775796.01
2	72036854775795.02
3	72036854775794.03
4	72036854775793.04
5	72036854775792.05
6	-72036854775793.05
7	-72036854775794.04
8	-72036854775795.03
9	-72036854775796.02
10	-72036854775797.01
11	0.00
select cidx, CDECIMAL4_2-CINTEGER from datatypetestm;
cidx	CDECIMAL4_2-CINTEGER
1	7483636.01
2	7483635.02
3	7483634.03
4	7483633.04
5	7483632.05
6	-7483633.05
7	-7483634.04
8	-7483635.03
9	-7483636.02
10	-7483637.01
11	0.00
select cidx, CDECIMAL4_2-CSMALLINT from datatypetestm;
cidx	CDECIMAL4_2-CSMALLINT
1	756.01
2	755.02
3	754.03
4	753.04
5	752.05
6	-753.05
7	-754.04
8	-755.03
9	-756.02
10	-757.01
11	0.00
select cidx, CDECIMAL4_2-CTINYINT from datatypetestm;
cidx	CDECIMAL4_2-CTINYINT
1	16.01
2	15.02
3	14.03
4	13.04
5	12.05
6	-13.05
7	-14.04
8	-15.03
9	-16.02
10	-17.01
11	0.00
select cidx, CDECIMAL5-CBIGINT from datatypetestm;
cidx	CDECIMAL5-CBIGINT
1	72036854774807
2	72036854774807
3	72036854774807
4	72036854774807
5	72036854774807
6	-72036854774808
7	-72036854774808
8	-72036854774808
9	-72036854774808
10	-72036854774808
11	0
select cidx, CDECIMAL5-CINTEGER from datatypetestm;
cidx	CDECIMAL5-CINTEGER
1	7482647
2	7482647
3	7482647
4	7482647
5	7482647
6	-7482648
7	-7482648
8	-7482648
9	-7482648
10	-7482648
11	0
select cidx, CDECIMAL5-CSMALLINT from datatypetestm;
cidx	CDECIMAL5-CSMALLINT
1	-233
2	-233
3	-233
4	-233
5	-233
6	232
7	232
8	232
9	232
10	232
11	0
select cidx, CDECIMAL5-CTINYINT from datatypetestm;
cidx	CDECIMAL5-CTINYINT
1	-973
2	-973
3	-973
4	-973
5	-973
6	972
7	972
8	972
9	972
10	972
11	0
select cidx, CDECIMAL9-CBIGINT from datatypetestm;
cidx	CDECIMAL9-CBIGINT
1	72036853775807
2	72036853775807
3	72036853775807
4	72036853775807
5	72036853775807
6	-72036853775808
7	-72036853775808
8	-72036853775808
9	-72036853775808
10	-72036853775808
11	0
select cidx, CDECIMAL9-CINTEGER from datatypetestm;
cidx	CDECIMAL9-CINTEGER
1	6483647
2	6483647
3	6483647
4	6483647
5	6483647
6	-6483648
7	-6483648
8	-6483648
9	-6483648
10	-6483648
11	0
select cidx, CDECIMAL9-CSMALLINT from datatypetestm;
cidx	CDECIMAL9-CSMALLINT
1	-999233
2	-999233
3	-999233
4	-999233
5	-999233
6	999232
7	999232
8	999232
9	999232
10	999232
11	0
select cidx, CDECIMAL9-CTINYINT from datatypetestm;
cidx	CDECIMAL9-CTINYINT
1	-999973
2	-999973
3	-999973
4	-999973
5	-999973
6	999972
7	999972
8	999972
9	999972
10	999972
11	0
select cidx, CDECIMAL9_2-CBIGINT from datatypetestm;
cidx	CDECIMAL9_2-CBIGINT
1	72036854765806.01
2	72036854765805.02
3	72036854765804.03
4	72036854765803.04
5	72036854765802.05
6	-72036854765803.05
7	-72036854765804.04
8	-72036854765805.03
9	-72036854765806.02
10	-72036854765807.01
11	0.00
select cidx, CDECIMAL9_2-CINTEGER from datatypetestm;
cidx	CDECIMAL9_2-CINTEGER
1	7473646.01
2	7473645.02
3	7473644.03
4	7473643.04
5	7473642.05
6	-7473643.05
7	-7473644.04
8	-7473645.03
9	-7473646.02
10	-7473647.01
11	0.00
select cidx, CDECIMAL9_2-CSMALLINT from datatypetestm;
cidx	CDECIMAL9_2-CSMALLINT
1	-9233.99
2	-9234.98
3	-9235.97
4	-9236.96
5	-9237.95
6	9236.95
7	9235.96
8	9234.97
9	9233.98
10	9232.99
11	0.00
select cidx, CDECIMAL9_2-CTINYINT from datatypetestm;
cidx	CDECIMAL9_2-CTINYINT
1	-9973.99
2	-9974.98
3	-9975.97
4	-9976.96
5	-9977.95
6	9976.95
7	9975.96
8	9974.97
9	9973.98
10	9972.99
11	0.00
select cidx, CDECIMAL10-CBIGINT from datatypetestm;
cidx	CDECIMAL10-CBIGINT
1	72036844775807
2	72036844775807
3	72036844775807
4	72036844775807
5	72036844775807
6	-72036844775808
7	-72036844775808
8	-72036844775808
9	-72036844775808
10	-72036844775808
11	0
select cidx, CDECIMAL10-CINTEGER from datatypetestm;
cidx	CDECIMAL10-CINTEGER
1	-2516353
2	-2516353
3	-2516353
4	-2516353
5	-2516353
6	2516352
7	2516352
8	2516352
9	2516352
10	2516352
11	0
select cidx, CDECIMAL10-CSMALLINT from datatypetestm;
cidx	CDECIMAL10-CSMALLINT
1	-9999233
2	-9999233
3	-9999233
4	-9999233
5	-9999233
6	9999232
7	9999232
8	9999232
9	9999232
10	9999232
11	0
select cidx, CDECIMAL10-CTINYINT from datatypetestm;
cidx	CDECIMAL10-CTINYINT
1	-9999973
2	-9999973
3	-9999973
4	-9999973
5	-9999973
6	9999972
7	9999972
8	9999972
9	9999972
10	9999972
11	0
select cidx, CDECIMAL18-CBIGINT from datatypetestm;
cidx	CDECIMAL18-CBIGINT
1	62036854775807
2	62036854775807
3	62036854775807
4	62036854775807
5	62036854775807
6	-62036854775808
7	-62036854775808
8	-62036854775808
9	-62036854775808
10	-62036854775808
11	0
select cidx, CDECIMAL18-CINTEGER from datatypetestm;
cidx	CDECIMAL18-CINTEGER
1	-9999992516353
2	-9999992516353
3	-9999992516353
4	-9999992516353
5	-9999992516353
6	9999992516352
7	9999992516352
8	9999992516352
9	9999992516352
10	9999992516352
11	0
select cidx, CDECIMAL18-CSMALLINT from datatypetestm;
cidx	CDECIMAL18-CSMALLINT
1	-9999999999233
2	-9999999999233
3	-9999999999233
4	-9999999999233
5	-9999999999233
6	9999999999232
7	9999999999232
8	9999999999232
9	9999999999232
10	9999999999232
11	0
select cidx, CDECIMAL18-CTINYINT from datatypetestm;
cidx	CDECIMAL18-CTINYINT
1	-9999999999973
2	-9999999999973
3	-9999999999973
4	-9999999999973
5	-9999999999973
6	9999999999972
7	9999999999972
8	9999999999972
9	9999999999972
10	9999999999972
11	0
select cidx, CDECIMAL18_2-CBIGINT from datatypetestm;
cidx	CDECIMAL18_2-CBIGINT
1	71936854775806.01
2	71936854775805.02
3	71936854775804.03
4	71936854775803.04
5	71936854775802.05
6	-71936854775803.05
7	-71936854775804.04
8	-71936854775805.03
9	-71936854775806.02
10	-71936854775807.01
11	0.00
select cidx, CDECIMAL18_2-CINTEGER from datatypetestm;
cidx	CDECIMAL18_2-CINTEGER
1	-99992516353.99
2	-99992516354.98
3	-99992516355.97
4	-99992516356.96
5	-99992516357.95
6	99992516356.95
7	99992516355.96
8	99992516354.97
9	99992516353.98
10	99992516352.99
11	0.00
select cidx, CDECIMAL18_2-CSMALLINT from datatypetestm;
cidx	CDECIMAL18_2-CSMALLINT
1	-99999999233.99
2	-99999999234.98
3	-99999999235.97
4	-99999999236.96
5	-99999999237.95
6	99999999236.95
7	99999999235.96
8	99999999234.97
9	99999999233.98
10	99999999232.99
11	0.00
select cidx, CDECIMAL18_2-CTINYINT from datatypetestm;
cidx	CDECIMAL18_2-CTINYINT
1	-99999999973.99
2	-99999999974.98
3	-99999999975.97
4	-99999999976.96
5	-99999999977.95
6	99999999976.95
7	99999999975.96
8	99999999974.97
9	99999999973.98
10	99999999972.99
11	0.00
select cidx, CINTEGER-CBIGINT from datatypetestm;
cidx	CINTEGER-CBIGINT
1	72036847292160
2	72036847292160
3	72036847292160
4	72036847292160
5	72036847292160
6	-72036847292160
7	-72036847292160
8	-72036847292160
9	-72036847292160
10	-72036847292160
11	0
select cidx, CINTEGER-CSMALLINT from datatypetestm;
cidx	CINTEGER-CSMALLINT
1	-7482880
2	-7482880
3	-7482880
4	-7482880
5	-7482880
6	7482880
7	7482880
8	7482880
9	7482880
10	7482880
11	0
select cidx, CINTEGER-CTINYINT from datatypetestm;
cidx	CINTEGER-CTINYINT
1	-7483620
2	-7483620
3	-7483620
4	-7483620
5	-7483620
6	7483620
7	7483620
8	7483620
9	7483620
10	7483620
11	0
select cidx, CSMALLINT-CBIGINT from datatypetestm;
cidx	CSMALLINT-CBIGINT
1	72036854775040
2	72036854775040
3	72036854775040
4	72036854775040
5	72036854775040
6	-72036854775040
7	-72036854775040
8	-72036854775040
9	-72036854775040
10	-72036854775040
11	0
select cidx, CSMALLINT-CINTEGER from datatypetestm;
cidx	CSMALLINT-CINTEGER
1	7482880
2	7482880
3	7482880
4	7482880
5	7482880
6	-7482880
7	-7482880
8	-7482880
9	-7482880
10	-7482880
11	0
select cidx, CSMALLINT-CTINYINT from datatypetestm;
cidx	CSMALLINT-CTINYINT
1	-740
2	-740
3	-740
4	-740
5	-740
6	740
7	740
8	740
9	740
10	740
11	0
select cidx, CTINYINT-CBIGINT from datatypetestm;
cidx	CTINYINT-CBIGINT
1	72036854775780
2	72036854775780
3	72036854775780
4	72036854775780
5	72036854775780
6	-72036854775780
7	-72036854775780
8	-72036854775780
9	-72036854775780
10	-72036854775780
11	0
select cidx, CTINYINT-CINTEGER from datatypetestm;
cidx	CTINYINT-CINTEGER
1	7483620
2	7483620
3	7483620
4	7483620
5	7483620
6	-7483620
7	-7483620
8	-7483620
9	-7483620
10	-7483620
11	0
select cidx, CTINYINT-CSMALLINT from datatypetestm;
cidx	CTINYINT-CSMALLINT
1	740
2	740
3	740
4	740
5	740
6	-740
7	-740
8	-740
9	-740
10	-740
11	0
select cidx, CBIGINT from datatypetestm where CBIGINT-CBIGINT = 0;
cidx	CBIGINT
1	-72036854775806
2	-72036854775805
3	-72036854775804
4	-72036854775803
5	-72036854775802
6	72036854775803
7	72036854775804
8	72036854775805
9	72036854775806
10	72036854775807
11	0
select cidx, CBIGINT from datatypetestm where CBIGINT-CBIGINT <> 0;
cidx	CBIGINT
select cidx, CBIGINT from datatypetestm where CBIGINT-CBIGINT < 0;
cidx	CBIGINT
select cidx, CBIGINT from datatypetestm where CBIGINT-CBIGINT > 0;
cidx	CBIGINT
select cidx, CBIGINT from datatypetestm where CBIGINT-CINTEGER = 0;
cidx	CBIGINT
11	0
select cidx, CBIGINT from datatypetestm where CBIGINT-CINTEGER <> 0;
cidx	CBIGINT
1	-72036854775806
2	-72036854775805
3	-72036854775804
4	-72036854775803
5	-72036854775802
6	72036854775803
7	72036854775804
8	72036854775805
9	72036854775806
10	72036854775807
select cidx, CBIGINT from datatypetestm where CBIGINT-CINTEGER < 0;
cidx	CBIGINT
1	-72036854775806
2	-72036854775805
3	-72036854775804
4	-72036854775803
5	-72036854775802
select cidx, CBIGINT from datatypetestm where CBIGINT-CINTEGER > 0;
cidx	CBIGINT
6	72036854775803
7	72036854775804
8	72036854775805
9	72036854775806
10	72036854775807
select cidx, CBIGINT from datatypetestm where CBIGINT-CSMALLINT = 0;
cidx	CBIGINT
11	0
select cidx, CBIGINT from datatypetestm where CBIGINT-CSMALLINT <> 0;
cidx	CBIGINT
1	-72036854775806
2	-72036854775805
3	-72036854775804
4	-72036854775803
5	-72036854775802
6	72036854775803
7	72036854775804
8	72036854775805
9	72036854775806
10	72036854775807
select cidx, CBIGINT from datatypetestm where CBIGINT-CSMALLINT < 0;
cidx	CBIGINT
1	-72036854775806
2	-72036854775805
3	-72036854775804
4	-72036854775803
5	-72036854775802
select cidx, CBIGINT from datatypetestm where CBIGINT-CSMALLINT > 0;
cidx	CBIGINT
6	72036854775803
7	72036854775804
8	72036854775805
9	72036854775806
10	72036854775807
select cidx, CBIGINT from datatypetestm where CBIGINT-CTINYINT = 0;
cidx	CBIGINT
11	0
select cidx, CBIGINT from datatypetestm where CBIGINT-CTINYINT <> 0;
cidx	CBIGINT
1	-72036854775806
2	-72036854775805
3	-72036854775804
4	-72036854775803
5	-72036854775802
6	72036854775803
7	72036854775804
8	72036854775805
9	72036854775806
10	72036854775807
select cidx, CBIGINT from datatypetestm where CBIGINT-CTINYINT < 0;
cidx	CBIGINT
1	-72036854775806
2	-72036854775805
3	-72036854775804
4	-72036854775803
5	-72036854775802
select cidx, CBIGINT from datatypetestm where CBIGINT-CTINYINT > 0;
cidx	CBIGINT
6	72036854775803
7	72036854775804
8	72036854775805
9	72036854775806
10	72036854775807
select cidx, CDECIMAL1 from datatypetestm where CDECIMAL1-CBIGINT = 0;
cidx	CDECIMAL1
11	0
select cidx, CDECIMAL1 from datatypetestm where CDECIMAL1-CBIGINT <> 0;
cidx	CDECIMAL1
1	-9
2	-8
3	-7
4	-6
5	-5
6	5
7	6
8	7
9	8
10	9
select cidx, CDECIMAL1 from datatypetestm where CDECIMAL1-CBIGINT < 0;
cidx	CDECIMAL1
6	5
7	6
8	7
9	8
10	9
select cidx, CDECIMAL1 from datatypetestm where CDECIMAL1-CBIGINT > 0;
cidx	CDECIMAL1
1	-9
2	-8
3	-7
4	-6
5	-5
select cidx, CDECIMAL1 from datatypetestm where CDECIMAL1-CINTEGER = 0;
cidx	CDECIMAL1
11	0
select cidx, CDECIMAL1 from datatypetestm where CDECIMAL1-CINTEGER <> 0;
cidx	CDECIMAL1
1	-9
2	-8
3	-7
4	-6
5	-5
6	5
7	6
8	7
9	8
10	9
select cidx, CDECIMAL1 from datatypetestm where CDECIMAL1-CINTEGER < 0;
cidx	CDECIMAL1
6	5
7	6
8	7
9	8
10	9
select cidx, CDECIMAL1 from datatypetestm where CDECIMAL1-CINTEGER > 0;
cidx	CDECIMAL1
1	-9
2	-8
3	-7
4	-6
5	-5
select cidx, CDECIMAL1 from datatypetestm where CDECIMAL1-CSMALLINT = 0;
cidx	CDECIMAL1
11	0
select cidx, CDECIMAL1 from datatypetestm where CDECIMAL1-CSMALLINT <> 0;
cidx	CDECIMAL1
1	-9
2	-8
3	-7
4	-6
5	-5
6	5
7	6
8	7
9	8
10	9
select cidx, CDECIMAL1 from datatypetestm where CDECIMAL1-CSMALLINT < 0;
cidx	CDECIMAL1
6	5
7	6
8	7
9	8
10	9
select cidx, CDECIMAL1 from datatypetestm where CDECIMAL1-CSMALLINT > 0;
cidx	CDECIMAL1
1	-9
2	-8
3	-7
4	-6
5	-5
select cidx, CDECIMAL1 from datatypetestm where CDECIMAL1-CTINYINT = 0;
cidx	CDECIMAL1
11	0
select cidx, CDECIMAL1 from datatypetestm where CDECIMAL1-CTINYINT <> 0;
cidx	CDECIMAL1
1	-9
2	-8
3	-7
4	-6
5	-5
6	5
7	6
8	7
9	8
10	9
select cidx, CDECIMAL1 from datatypetestm where CDECIMAL1-CTINYINT < 0;
cidx	CDECIMAL1
6	5
7	6
8	7
9	8
10	9
select cidx, CDECIMAL1 from datatypetestm where CDECIMAL1-CTINYINT > 0;
cidx	CDECIMAL1
1	-9
2	-8
3	-7
4	-6
5	-5
select cidx, CDECIMAL4 from datatypetestm where CDECIMAL4-CBIGINT = 0;
cidx	CDECIMAL4
11	0
select cidx, CDECIMAL4 from datatypetestm where CDECIMAL4-CBIGINT <> 0;
cidx	CDECIMAL4
1	-999
2	-998
3	-997
4	-996
5	-995
6	995
7	996
8	997
9	998
10	999
select cidx, CDECIMAL4 from datatypetestm where CDECIMAL4-CBIGINT < 0;
cidx	CDECIMAL4
6	995
7	996
8	997
9	998
10	999
select cidx, CDECIMAL4 from datatypetestm where CDECIMAL4-CBIGINT > 0;
cidx	CDECIMAL4
1	-999
2	-998
3	-997
4	-996
5	-995
select cidx, CDECIMAL4 from datatypetestm where CDECIMAL4-CINTEGER = 0;
cidx	CDECIMAL4
11	0
select cidx, CDECIMAL4 from datatypetestm where CDECIMAL4-CINTEGER <> 0;
cidx	CDECIMAL4
1	-999
2	-998
3	-997
4	-996
5	-995
6	995
7	996
8	997
9	998
10	999
select cidx, CDECIMAL4 from datatypetestm where CDECIMAL4-CINTEGER < 0;
cidx	CDECIMAL4
6	995
7	996
8	997
9	998
10	999
select cidx, CDECIMAL4 from datatypetestm where CDECIMAL4-CINTEGER > 0;
cidx	CDECIMAL4
1	-999
2	-998
3	-997
4	-996
5	-995
select cidx, CDECIMAL4 from datatypetestm where CDECIMAL4-CSMALLINT = 0;
cidx	CDECIMAL4
11	0
select cidx, CDECIMAL4 from datatypetestm where CDECIMAL4-CSMALLINT <> 0;
cidx	CDECIMAL4
1	-999
2	-998
3	-997
4	-996
5	-995
6	995
7	996
8	997
9	998
10	999
select cidx, CDECIMAL4 from datatypetestm where CDECIMAL4-CSMALLINT < 0;
cidx	CDECIMAL4
1	-999
2	-998
3	-997
4	-996
5	-995
select cidx, CDECIMAL4 from datatypetestm where CDECIMAL4-CSMALLINT > 0;
cidx	CDECIMAL4
6	995
7	996
8	997
9	998
10	999
select cidx, CDECIMAL4 from datatypetestm where CDECIMAL4-CTINYINT = 0;
cidx	CDECIMAL4
11	0
select cidx, CDECIMAL4 from datatypetestm where CDECIMAL4-CTINYINT <> 0;
cidx	CDECIMAL4
1	-999
2	-998
3	-997
4	-996
5	-995
6	995
7	996
8	997
9	998
10	999
select cidx, CDECIMAL4 from datatypetestm where CDECIMAL4-CTINYINT < 0;
cidx	CDECIMAL4
1	-999
2	-998
3	-997
4	-996
5	-995
select cidx, CDECIMAL4 from datatypetestm where CDECIMAL4-CTINYINT > 0;
cidx	CDECIMAL4
6	995
7	996
8	997
9	998
10	999
select cidx, CDECIMAL4_2 from datatypetestm where CDECIMAL4_2-CBIGINT = 0;
cidx	CDECIMAL4_2
11	0.00
select cidx, CDECIMAL4_2 from datatypetestm where CDECIMAL4_2-CBIGINT <> 0;
cidx	CDECIMAL4_2
1	-9.99
2	-9.98
3	-9.97
4	-9.96
5	-9.95
6	9.95
7	9.96
8	9.97
9	9.98
10	9.99
select cidx, CDECIMAL4_2 from datatypetestm where CDECIMAL4_2-CBIGINT < 0;
cidx	CDECIMAL4_2
6	9.95
7	9.96
8	9.97
9	9.98
10	9.99
select cidx, CDECIMAL4_2 from datatypetestm where CDECIMAL4_2-CBIGINT > 0;
cidx	CDECIMAL4_2
1	-9.99
2	-9.98
3	-9.97
4	-9.96
5	-9.95
select cidx, CDECIMAL4_2 from datatypetestm where CDECIMAL4_2-CINTEGER = 0;
cidx	CDECIMAL4_2
11	0.00
select cidx, CDECIMAL4_2 from datatypetestm where CDECIMAL4_2-CINTEGER <> 0;
cidx	CDECIMAL4_2
1	-9.99
2	-9.98
3	-9.97
4	-9.96
5	-9.95
6	9.95
7	9.96
8	9.97
9	9.98
10	9.99
select cidx, CDECIMAL4_2 from datatypetestm where CDECIMAL4_2-CINTEGER < 0;
cidx	CDECIMAL4_2
6	9.95
7	9.96
8	9.97
9	9.98
10	9.99
select cidx, CDECIMAL4_2 from datatypetestm where CDECIMAL4_2-CINTEGER > 0;
cidx	CDECIMAL4_2
1	-9.99
2	-9.98
3	-9.97
4	-9.96
5	-9.95
select cidx, CDECIMAL4_2 from datatypetestm where CDECIMAL4_2-CSMALLINT = 0;
cidx	CDECIMAL4_2
11	0.00
select cidx, CDECIMAL4_2 from datatypetestm where CDECIMAL4_2-CSMALLINT <> 0;
cidx	CDECIMAL4_2
1	-9.99
2	-9.98
3	-9.97
4	-9.96
5	-9.95
6	9.95
7	9.96
8	9.97
9	9.98
10	9.99
select cidx, CDECIMAL4_2 from datatypetestm where CDECIMAL4_2-CSMALLINT < 0;
cidx	CDECIMAL4_2
6	9.95
7	9.96
8	9.97
9	9.98
10	9.99
select cidx, CDECIMAL4_2 from datatypetestm where CDECIMAL4_2-CSMALLINT > 0;
cidx	CDECIMAL4_2
1	-9.99
2	-9.98
3	-9.97
4	-9.96
5	-9.95
select cidx, CDECIMAL4_2 from datatypetestm where CDECIMAL4_2-CTINYINT = 0;
cidx	CDECIMAL4_2
11	0.00
select cidx, CDECIMAL4_2 from datatypetestm where CDECIMAL4_2-CTINYINT <> 0;
cidx	CDECIMAL4_2
1	-9.99
2	-9.98
3	-9.97
4	-9.96
5	-9.95
6	9.95
7	9.96
8	9.97
9	9.98
10	9.99
select cidx, CDECIMAL4_2 from datatypetestm where CDECIMAL4_2-CTINYINT < 0;
cidx	CDECIMAL4_2
6	9.95
7	9.96
8	9.97
9	9.98
10	9.99
select cidx, CDECIMAL4_2 from datatypetestm where CDECIMAL4_2-CTINYINT > 0;
cidx	CDECIMAL4_2
1	-9.99
2	-9.98
3	-9.97
4	-9.96
5	-9.95
select cidx, CDECIMAL5 from datatypetestm where CDECIMAL5-CBIGINT = 0;
cidx	CDECIMAL5
11	0
select cidx, CDECIMAL5 from datatypetestm where CDECIMAL5-CBIGINT <> 0;
cidx	CDECIMAL5
1	-999
2	-998
3	-997
4	-996
5	-995
6	995
7	996
8	997
9	998
10	999
select cidx, CDECIMAL5 from datatypetestm where CDECIMAL5-CBIGINT < 0;
cidx	CDECIMAL5
6	995
7	996
8	997
9	998
10	999
select cidx, CDECIMAL5 from datatypetestm where CDECIMAL5-CBIGINT > 0;
cidx	CDECIMAL5
1	-999
2	-998
3	-997
4	-996
5	-995
select cidx, CDECIMAL5 from datatypetestm where CDECIMAL5-CINTEGER = 0;
cidx	CDECIMAL5
11	0
select cidx, CDECIMAL5 from datatypetestm where CDECIMAL5-CINTEGER <> 0;
cidx	CDECIMAL5
1	-999
2	-998
3	-997
4	-996
5	-995
6	995
7	996
8	997
9	998
10	999
select cidx, CDECIMAL5 from datatypetestm where CDECIMAL5-CINTEGER < 0;
cidx	CDECIMAL5
6	995
7	996
8	997
9	998
10	999
select cidx, CDECIMAL5 from datatypetestm where CDECIMAL5-CINTEGER > 0;
cidx	CDECIMAL5
1	-999
2	-998
3	-997
4	-996
5	-995
select cidx, CDECIMAL5 from datatypetestm where CDECIMAL5-CSMALLINT = 0;
cidx	CDECIMAL5
11	0
select cidx, CDECIMAL5 from datatypetestm where CDECIMAL5-CSMALLINT <> 0;
cidx	CDECIMAL5
1	-999
2	-998
3	-997
4	-996
5	-995
6	995
7	996
8	997
9	998
10	999
select cidx, CDECIMAL5 from datatypetestm where CDECIMAL5-CSMALLINT < 0;
cidx	CDECIMAL5
1	-999
2	-998
3	-997
4	-996
5	-995
select cidx, CDECIMAL5 from datatypetestm where CDECIMAL5-CSMALLINT > 0;
cidx	CDECIMAL5
6	995
7	996
8	997
9	998
10	999
select cidx, CDECIMAL5 from datatypetestm where CDECIMAL5-CTINYINT = 0;
cidx	CDECIMAL5
11	0
select cidx, CDECIMAL5 from datatypetestm where CDECIMAL5-CTINYINT <> 0;
cidx	CDECIMAL5
1	-999
2	-998
3	-997
4	-996
5	-995
6	995
7	996
8	997
9	998
10	999
select cidx, CDECIMAL5 from datatypetestm where CDECIMAL5-CTINYINT < 0;
cidx	CDECIMAL5
1	-999
2	-998
3	-997
4	-996
5	-995
select cidx, CDECIMAL5 from datatypetestm where CDECIMAL5-CTINYINT > 0;
cidx	CDECIMAL5
6	995
7	996
8	997
9	998
10	999
select cidx, CDECIMAL9 from datatypetestm where CDECIMAL9-CBIGINT = 0;
cidx	CDECIMAL9
11	0
select cidx, CDECIMAL9 from datatypetestm where CDECIMAL9-CBIGINT <> 0;
cidx	CDECIMAL9
1	-999999
2	-999998
3	-999997
4	-999996
5	-999995
6	999995
7	999996
8	999997
9	999998
10	999999
select cidx, CDECIMAL9 from datatypetestm where CDECIMAL9-CBIGINT < 0;
cidx	CDECIMAL9
6	999995
7	999996
8	999997
9	999998
10	999999
select cidx, CDECIMAL9 from datatypetestm where CDECIMAL9-CBIGINT > 0;
cidx	CDECIMAL9
1	-999999
2	-999998
3	-999997
4	-999996
5	-999995
select cidx, CDECIMAL9 from datatypetestm where CDECIMAL9-CINTEGER = 0;
cidx	CDECIMAL9
11	0
select cidx, CDECIMAL9 from datatypetestm where CDECIMAL9-CINTEGER <> 0;
cidx	CDECIMAL9
1	-999999
2	-999998
3	-999997
4	-999996
5	-999995
6	999995
7	999996
8	999997
9	999998
10	999999
select cidx, CDECIMAL9 from datatypetestm where CDECIMAL9-CINTEGER < 0;
cidx	CDECIMAL9
6	999995
7	999996
8	999997
9	999998
10	999999
select cidx, CDECIMAL9 from datatypetestm where CDECIMAL9-CINTEGER > 0;
cidx	CDECIMAL9
1	-999999
2	-999998
3	-999997
4	-999996
5	-999995
select cidx, CDECIMAL9 from datatypetestm where CDECIMAL9-CSMALLINT = 0;
cidx	CDECIMAL9
11	0
select cidx, CDECIMAL9 from datatypetestm where CDECIMAL9-CSMALLINT <> 0;
cidx	CDECIMAL9
1	-999999
2	-999998
3	-999997
4	-999996
5	-999995
6	999995
7	999996
8	999997
9	999998
10	999999
select cidx, CDECIMAL9 from datatypetestm where CDECIMAL9-CSMALLINT < 0;
cidx	CDECIMAL9
1	-999999
2	-999998
3	-999997
4	-999996
5	-999995
select cidx, CDECIMAL9 from datatypetestm where CDECIMAL9-CSMALLINT > 0;
cidx	CDECIMAL9
6	999995
7	999996
8	999997
9	999998
10	999999
select cidx, CDECIMAL9 from datatypetestm where CDECIMAL9-CTINYINT = 0;
cidx	CDECIMAL9
11	0
select cidx, CDECIMAL9 from datatypetestm where CDECIMAL9-CTINYINT <> 0;
cidx	CDECIMAL9
1	-999999
2	-999998
3	-999997
4	-999996
5	-999995
6	999995
7	999996
8	999997
9	999998
10	999999
select cidx, CDECIMAL9 from datatypetestm where CDECIMAL9-CTINYINT < 0;
cidx	CDECIMAL9
1	-999999
2	-999998
3	-999997
4	-999996
5	-999995
select cidx, CDECIMAL9 from datatypetestm where CDECIMAL9-CTINYINT > 0;
cidx	CDECIMAL9
6	999995
7	999996
8	999997
9	999998
10	999999
select cidx, CDECIMAL9_2 from datatypetestm where CDECIMAL9_2-CBIGINT = 0;
cidx	CDECIMAL9_2
11	0.00
select cidx, CDECIMAL9_2 from datatypetestm where CDECIMAL9_2-CBIGINT <> 0;
cidx	CDECIMAL9_2
1	-9999.99
2	-9999.98
3	-9999.97
4	-9999.96
5	-9999.95
6	9999.95
7	9999.96
8	9999.97
9	9999.98
10	9999.99
select cidx, CDECIMAL9_2 from datatypetestm where CDECIMAL9_2-CBIGINT < 0;
cidx	CDECIMAL9_2
6	9999.95
7	9999.96
8	9999.97
9	9999.98
10	9999.99
select cidx, CDECIMAL9_2 from datatypetestm where CDECIMAL9_2-CBIGINT > 0;
cidx	CDECIMAL9_2
1	-9999.99
2	-9999.98
3	-9999.97
4	-9999.96
5	-9999.95
select cidx, CDECIMAL9_2 from datatypetestm where CDECIMAL9_2-CINTEGER = 0;
cidx	CDECIMAL9_2
11	0.00
select cidx, CDECIMAL9_2 from datatypetestm where CDECIMAL9_2-CINTEGER <> 0;
cidx	CDECIMAL9_2
1	-9999.99
2	-9999.98
3	-9999.97
4	-9999.96
5	-9999.95
6	9999.95
7	9999.96
8	9999.97
9	9999.98
10	9999.99
select cidx, CDECIMAL9_2 from datatypetestm where CDECIMAL9_2-CINTEGER < 0;
cidx	CDECIMAL9_2
6	9999.95
7	9999.96
8	9999.97
9	9999.98
10	9999.99
select cidx, CDECIMAL9_2 from datatypetestm where CDECIMAL9_2-CINTEGER > 0;
cidx	CDECIMAL9_2
1	-9999.99
2	-9999.98
3	-9999.97
4	-9999.96
5	-9999.95
select cidx, CDECIMAL9_2 from datatypetestm where CDECIMAL9_2-CSMALLINT = 0;
cidx	CDECIMAL9_2
11	0.00
select cidx, CDECIMAL9_2 from datatypetestm where CDECIMAL9_2-CSMALLINT <> 0;
cidx	CDECIMAL9_2
1	-9999.99
2	-9999.98
3	-9999.97
4	-9999.96
5	-9999.95
6	9999.95
7	9999.96
8	9999.97
9	9999.98
10	9999.99
select cidx, CDECIMAL9_2 from datatypetestm where CDECIMAL9_2-CSMALLINT < 0;
cidx	CDECIMAL9_2
1	-9999.99
2	-9999.98
3	-9999.97
4	-9999.96
5	-9999.95
select cidx, CDECIMAL9_2 from datatypetestm where CDECIMAL9_2-CSMALLINT > 0;
cidx	CDECIMAL9_2
6	9999.95
7	9999.96
8	9999.97
9	9999.98
10	9999.99
select cidx, CDECIMAL9_2 from datatypetestm where CDECIMAL9_2-CTINYINT = 0;
cidx	CDECIMAL9_2
11	0.00
select cidx, CDECIMAL9_2 from datatypetestm where CDECIMAL9_2-CTINYINT <> 0;
cidx	CDECIMAL9_2
1	-9999.99
2	-9999.98
3	-9999.97
4	-9999.96
5	-9999.95
6	9999.95
7	9999.96
8	9999.97
9	9999.98
10	9999.99
select cidx, CDECIMAL9_2 from datatypetestm where CDECIMAL9_2-CTINYINT < 0;
cidx	CDECIMAL9_2
1	-9999.99
2	-9999.98
3	-9999.97
4	-9999.96
5	-9999.95
select cidx, CDECIMAL9_2 from datatypetestm where CDECIMAL9_2-CTINYINT > 0;
cidx	CDECIMAL9_2
6	9999.95
7	9999.96
8	9999.97
9	9999.98
10	9999.99
select cidx, CDECIMAL10 from datatypetestm where CDECIMAL10-CBIGINT = 0;
cidx	CDECIMAL10
11	0
select cidx, CDECIMAL10 from datatypetestm where CDECIMAL10-CBIGINT <> 0;
cidx	CDECIMAL10
1	-9999999
2	-9999998
3	-9999997
4	-9999996
5	-9999995
6	9999995
7	9999996
8	9999997
9	9999998
10	9999999
select cidx, CDECIMAL10 from datatypetestm where CDECIMAL10-CBIGINT < 0;
cidx	CDECIMAL10
6	9999995
7	9999996
8	9999997
9	9999998
10	9999999
select cidx, CDECIMAL10 from datatypetestm where CDECIMAL10-CBIGINT > 0;
cidx	CDECIMAL10
1	-9999999
2	-9999998
3	-9999997
4	-9999996
5	-9999995
select cidx, CDECIMAL10 from datatypetestm where CDECIMAL10-CINTEGER = 0;
cidx	CDECIMAL10
11	0
select cidx, CDECIMAL10 from datatypetestm where CDECIMAL10-CINTEGER <> 0;
cidx	CDECIMAL10
1	-9999999
2	-9999998
3	-9999997
4	-9999996
5	-9999995
6	9999995
7	9999996
8	9999997
9	9999998
10	9999999
select cidx, CDECIMAL10 from datatypetestm where CDECIMAL10-CINTEGER < 0;
cidx	CDECIMAL10
1	-9999999
2	-9999998
3	-9999997
4	-9999996
5	-9999995
select cidx, CDECIMAL10 from datatypetestm where CDECIMAL10-CINTEGER > 0;
cidx	CDECIMAL10
6	9999995
7	9999996
8	9999997
9	9999998
10	9999999
select cidx, CDECIMAL10 from datatypetestm where CDECIMAL10-CSMALLINT = 0;
cidx	CDECIMAL10
11	0
select cidx, CDECIMAL10 from datatypetestm where CDECIMAL10-CSMALLINT <> 0;
cidx	CDECIMAL10
1	-9999999
2	-9999998
3	-9999997
4	-9999996
5	-9999995
6	9999995
7	9999996
8	9999997
9	9999998
10	9999999
select cidx, CDECIMAL10 from datatypetestm where CDECIMAL10-CSMALLINT < 0;
cidx	CDECIMAL10
1	-9999999
2	-9999998
3	-9999997
4	-9999996
5	-9999995
select cidx, CDECIMAL10 from datatypetestm where CDECIMAL10-CSMALLINT > 0;
cidx	CDECIMAL10
6	9999995
7	9999996
8	9999997
9	9999998
10	9999999
select cidx, CDECIMAL10 from datatypetestm where CDECIMAL10-CTINYINT = 0;
cidx	CDECIMAL10
11	0
select cidx, CDECIMAL10 from datatypetestm where CDECIMAL10-CTINYINT <> 0;
cidx	CDECIMAL10
1	-9999999
2	-9999998
3	-9999997
4	-9999996
5	-9999995
6	9999995
7	9999996
8	9999997
9	9999998
10	9999999
select cidx, CDECIMAL10 from datatypetestm where CDECIMAL10-CTINYINT < 0;
cidx	CDECIMAL10
1	-9999999
2	-9999998
3	-9999997
4	-9999996
5	-9999995
select cidx, CDECIMAL10 from datatypetestm where CDECIMAL10-CTINYINT > 0;
cidx	CDECIMAL10
6	9999995
7	9999996
8	9999997
9	9999998
10	9999999
select cidx, CDECIMAL18 from datatypetestm where CDECIMAL18-CBIGINT = 0;
cidx	CDECIMAL18
11	0
select cidx, CDECIMAL18 from datatypetestm where CDECIMAL18-CBIGINT <> 0;
cidx	CDECIMAL18
1	-9999999999999
2	-9999999999998
3	-9999999999997
4	-9999999999996
5	-9999999999995
6	9999999999995
7	9999999999996
8	9999999999997
9	9999999999998
10	9999999999999
select cidx, CDECIMAL18 from datatypetestm where CDECIMAL18-CBIGINT < 0;
cidx	CDECIMAL18
6	9999999999995
7	9999999999996
8	9999999999997
9	9999999999998
10	9999999999999
select cidx, CDECIMAL18 from datatypetestm where CDECIMAL18-CBIGINT > 0;
cidx	CDECIMAL18
1	-9999999999999
2	-9999999999998
3	-9999999999997
4	-9999999999996
5	-9999999999995
select cidx, CDECIMAL18 from datatypetestm where CDECIMAL18-CINTEGER = 0;
cidx	CDECIMAL18
11	0
select cidx, CDECIMAL18 from datatypetestm where CDECIMAL18-CINTEGER <> 0;
cidx	CDECIMAL18
1	-9999999999999
2	-9999999999998
3	-9999999999997
4	-9999999999996
5	-9999999999995
6	9999999999995
7	9999999999996
8	9999999999997
9	9999999999998
10	9999999999999
select cidx, CDECIMAL18 from datatypetestm where CDECIMAL18-CINTEGER < 0;
cidx	CDECIMAL18
1	-9999999999999
2	-9999999999998
3	-9999999999997
4	-9999999999996
5	-9999999999995
select cidx, CDECIMAL18 from datatypetestm where CDECIMAL18-CINTEGER > 0;
cidx	CDECIMAL18
6	9999999999995
7	9999999999996
8	9999999999997
9	9999999999998
10	9999999999999
select cidx, CDECIMAL18 from datatypetestm where CDECIMAL18-CSMALLINT = 0;
cidx	CDECIMAL18
11	0
select cidx, CDECIMAL18 from datatypetestm where CDECIMAL18-CSMALLINT <> 0;
cidx	CDECIMAL18
1	-9999999999999
2	-9999999999998
3	-9999999999997
4	-9999999999996
5	-9999999999995
6	9999999999995
7	9999999999996
8	9999999999997
9	9999999999998
10	9999999999999
select cidx, CDECIMAL18 from datatypetestm where CDECIMAL18-CSMALLINT < 0;
cidx	CDECIMAL18
1	-9999999999999
2	-9999999999998
3	-9999999999997
4	-9999999999996
5	-9999999999995
select cidx, CDECIMAL18 from datatypetestm where CDECIMAL18-CSMALLINT > 0;
cidx	CDECIMAL18
6	9999999999995
7	9999999999996
8	9999999999997
9	9999999999998
10	9999999999999
select cidx, CDECIMAL18 from datatypetestm where CDECIMAL18-CTINYINT = 0;
cidx	CDECIMAL18
11	0
select cidx, CDECIMAL18 from datatypetestm where CDECIMAL18-CTINYINT <> 0;
cidx	CDECIMAL18
1	-9999999999999
2	-9999999999998
3	-9999999999997
4	-9999999999996
5	-9999999999995
6	9999999999995
7	9999999999996
8	9999999999997
9	9999999999998
10	9999999999999
select cidx, CDECIMAL18 from datatypetestm where CDECIMAL18-CTINYINT < 0;
cidx	CDECIMAL18
1	-9999999999999
2	-9999999999998
3	-9999999999997
4	-9999999999996
5	-9999999999995
select cidx, CDECIMAL18 from datatypetestm where CDECIMAL18-CTINYINT > 0;
cidx	CDECIMAL18
6	9999999999995
7	9999999999996
8	9999999999997
9	9999999999998
10	9999999999999
select cidx, CDECIMAL18_2 from datatypetestm where CDECIMAL18_2-CBIGINT = 0;
cidx	CDECIMAL18_2
11	0.00
select cidx, CDECIMAL18_2 from datatypetestm where CDECIMAL18_2-CBIGINT <> 0;
cidx	CDECIMAL18_2
1	-99999999999.99
2	-99999999999.98
3	-99999999999.97
4	-99999999999.96
5	-99999999999.95
6	99999999999.95
7	99999999999.96
8	99999999999.97
9	99999999999.98
10	99999999999.99
select cidx, CDECIMAL18_2 from datatypetestm where CDECIMAL18_2-CBIGINT < 0;
cidx	CDECIMAL18_2
6	99999999999.95
7	99999999999.96
8	99999999999.97
9	99999999999.98
10	99999999999.99
select cidx, CDECIMAL18_2 from datatypetestm where CDECIMAL18_2-CBIGINT > 0;
cidx	CDECIMAL18_2
1	-99999999999.99
2	-99999999999.98
3	-99999999999.97
4	-99999999999.96
5	-99999999999.95
select cidx, CDECIMAL18_2 from datatypetestm where CDECIMAL18_2-CINTEGER = 0;
cidx	CDECIMAL18_2
11	0.00
select cidx, CDECIMAL18_2 from datatypetestm where CDECIMAL18_2-CINTEGER <> 0;
cidx	CDECIMAL18_2
1	-99999999999.99
2	-99999999999.98
3	-99999999999.97
4	-99999999999.96
5	-99999999999.95
6	99999999999.95
7	99999999999.96
8	99999999999.97
9	99999999999.98
10	99999999999.99
select cidx, CDECIMAL18_2 from datatypetestm where CDECIMAL18_2-CINTEGER < 0;
cidx	CDECIMAL18_2
1	-99999999999.99
2	-99999999999.98
3	-99999999999.97
4	-99999999999.96
5	-99999999999.95
select cidx, CDECIMAL18_2 from datatypetestm where CDECIMAL18_2-CINTEGER > 0;
cidx	CDECIMAL18_2
6	99999999999.95
7	99999999999.96
8	99999999999.97
9	99999999999.98
10	99999999999.99
select cidx, CDECIMAL18_2 from datatypetestm where CDECIMAL18_2-CSMALLINT = 0;
cidx	CDECIMAL18_2
11	0.00
select cidx, CDECIMAL18_2 from datatypetestm where CDECIMAL18_2-CSMALLINT <> 0;
cidx	CDECIMAL18_2
1	-99999999999.99
2	-99999999999.98
3	-99999999999.97
4	-99999999999.96
5	-99999999999.95
6	99999999999.95
7	99999999999.96
8	99999999999.97
9	99999999999.98
10	99999999999.99
select cidx, CDECIMAL18_2 from datatypetestm where CDECIMAL18_2-CSMALLINT < 0;
cidx	CDECIMAL18_2
1	-99999999999.99
2	-99999999999.98
3	-99999999999.97
4	-99999999999.96
5	-99999999999.95
select cidx, CDECIMAL18_2 from datatypetestm where CDECIMAL18_2-CSMALLINT > 0;
cidx	CDECIMAL18_2
6	99999999999.95
7	99999999999.96
8	99999999999.97
9	99999999999.98
10	99999999999.99
select cidx, CDECIMAL18_2 from datatypetestm where CDECIMAL18_2-CTINYINT = 0;
cidx	CDECIMAL18_2
11	0.00
select cidx, CDECIMAL18_2 from datatypetestm where CDECIMAL18_2-CTINYINT <> 0;
cidx	CDECIMAL18_2
1	-99999999999.99
2	-99999999999.98
3	-99999999999.97
4	-99999999999.96
5	-99999999999.95
6	99999999999.95
7	99999999999.96
8	99999999999.97
9	99999999999.98
10	99999999999.99
select cidx, CDECIMAL18_2 from datatypetestm where CDECIMAL18_2-CTINYINT < 0;
cidx	CDECIMAL18_2
1	-99999999999.99
2	-99999999999.98
3	-99999999999.97
4	-99999999999.96
5	-99999999999.95
select cidx, CDECIMAL18_2 from datatypetestm where CDECIMAL18_2-CTINYINT > 0;
cidx	CDECIMAL18_2
6	99999999999.95
7	99999999999.96
8	99999999999.97
9	99999999999.98
10	99999999999.99
select cidx, CINTEGER from datatypetestm where CINTEGER-CBIGINT = 0;
cidx	CINTEGER
11	0
select cidx, CINTEGER from datatypetestm where CINTEGER-CBIGINT <> 0;
cidx	CINTEGER
1	-7483646
2	-7483645
3	-7483644
4	-7483643
5	-7483642
6	7483643
7	7483644
8	7483645
9	7483646
10	7483647
select cidx, CINTEGER from datatypetestm where CINTEGER-CBIGINT < 0;
cidx	CINTEGER
6	7483643
7	7483644
8	7483645
9	7483646
10	7483647
select cidx, CINTEGER from datatypetestm where CINTEGER-CBIGINT > 0;
cidx	CINTEGER
1	-7483646
2	-7483645
3	-7483644
4	-7483643
5	-7483642
select cidx, CINTEGER from datatypetestm where CINTEGER-CINTEGER = 0;
cidx	CINTEGER
1	-7483646
2	-7483645
3	-7483644
4	-7483643
5	-7483642
6	7483643
7	7483644
8	7483645
9	7483646
10	7483647
11	0
select cidx, CINTEGER from datatypetestm where CINTEGER-CINTEGER <> 0;
cidx	CINTEGER
select cidx, CINTEGER from datatypetestm where CINTEGER-CINTEGER < 0;
cidx	CINTEGER
select cidx, CINTEGER from datatypetestm where CINTEGER-CINTEGER > 0;
cidx	CINTEGER
select cidx, CINTEGER from datatypetestm where CINTEGER-CSMALLINT = 0;
cidx	CINTEGER
11	0
select cidx, CINTEGER from datatypetestm where CINTEGER-CSMALLINT <> 0;
cidx	CINTEGER
1	-7483646
2	-7483645
3	-7483644
4	-7483643
5	-7483642
6	7483643
7	7483644
8	7483645
9	7483646
10	7483647
select cidx, CINTEGER from datatypetestm where CINTEGER-CSMALLINT < 0;
cidx	CINTEGER
1	-7483646
2	-7483645
3	-7483644
4	-7483643
5	-7483642
select cidx, CINTEGER from datatypetestm where CINTEGER-CSMALLINT > 0;
cidx	CINTEGER
6	7483643
7	7483644
8	7483645
9	7483646
10	7483647
select cidx, CINTEGER from datatypetestm where CINTEGER-CTINYINT = 0;
cidx	CINTEGER
11	0
select cidx, CINTEGER from datatypetestm where CINTEGER-CTINYINT <> 0;
cidx	CINTEGER
1	-7483646
2	-7483645
3	-7483644
4	-7483643
5	-7483642
6	7483643
7	7483644
8	7483645
9	7483646
10	7483647
select cidx, CINTEGER from datatypetestm where CINTEGER-CTINYINT < 0;
cidx	CINTEGER
1	-7483646
2	-7483645
3	-7483644
4	-7483643
5	-7483642
select cidx, CINTEGER from datatypetestm where CINTEGER-CTINYINT > 0;
cidx	CINTEGER
6	7483643
7	7483644
8	7483645
9	7483646
10	7483647
select cidx, CSMALLINT from datatypetestm where CSMALLINT-CBIGINT = 0;
cidx	CSMALLINT
11	0
select cidx, CSMALLINT from datatypetestm where CSMALLINT-CBIGINT <> 0;
cidx	CSMALLINT
1	-766
2	-765
3	-764
4	-763
5	-762
6	763
7	764
8	765
9	766
10	767
select cidx, CSMALLINT from datatypetestm where CSMALLINT-CBIGINT < 0;
cidx	CSMALLINT
6	763
7	764
8	765
9	766
10	767
select cidx, CSMALLINT from datatypetestm where CSMALLINT-CBIGINT > 0;
cidx	CSMALLINT
1	-766
2	-765
3	-764
4	-763
5	-762
select cidx, CSMALLINT from datatypetestm where CSMALLINT-CINTEGER = 0;
cidx	CSMALLINT
11	0
select cidx, CSMALLINT from datatypetestm where CSMALLINT-CINTEGER <> 0;
cidx	CSMALLINT
1	-766
2	-765
3	-764
4	-763
5	-762
6	763
7	764
8	765
9	766
10	767
select cidx, CSMALLINT from datatypetestm where CSMALLINT-CINTEGER < 0;
cidx	CSMALLINT
6	763
7	764
8	765
9	766
10	767
select cidx, CSMALLINT from datatypetestm where CSMALLINT-CINTEGER > 0;
cidx	CSMALLINT
1	-766
2	-765
3	-764
4	-763
5	-762
select cidx, CSMALLINT from datatypetestm where CSMALLINT-CSMALLINT = 0;
cidx	CSMALLINT
1	-766
2	-765
3	-764
4	-763
5	-762
6	763
7	764
8	765
9	766
10	767
11	0
select cidx, CSMALLINT from datatypetestm where CSMALLINT-CSMALLINT <> 0;
cidx	CSMALLINT
select cidx, CSMALLINT from datatypetestm where CSMALLINT-CSMALLINT < 0;
cidx	CSMALLINT
select cidx, CSMALLINT from datatypetestm where CSMALLINT-CSMALLINT > 0;
cidx	CSMALLINT
select cidx, CSMALLINT from datatypetestm where CSMALLINT-CTINYINT = 0;
cidx	CSMALLINT
11	0
select cidx, CSMALLINT from datatypetestm where CSMALLINT-CTINYINT <> 0;
cidx	CSMALLINT
1	-766
2	-765
3	-764
4	-763
5	-762
6	763
7	764
8	765
9	766
10	767
select cidx, CSMALLINT from datatypetestm where CSMALLINT-CTINYINT < 0;
cidx	CSMALLINT
1	-766
2	-765
3	-764
4	-763
5	-762
select cidx, CSMALLINT from datatypetestm where CSMALLINT-CTINYINT > 0;
cidx	CSMALLINT
6	763
7	764
8	765
9	766
10	767
select cidx, CTINYINT from datatypetestm where CTINYINT-CBIGINT = 0;
cidx	CTINYINT
11	0
select cidx, CTINYINT from datatypetestm where CTINYINT-CBIGINT <> 0;
cidx	CTINYINT
1	-26
2	-25
3	-24
4	-23
5	-22
6	23
7	24
8	25
9	26
10	27
select cidx, CTINYINT from datatypetestm where CTINYINT-CBIGINT < 0;
cidx	CTINYINT
6	23
7	24
8	25
9	26
10	27
select cidx, CTINYINT from datatypetestm where CTINYINT-CBIGINT > 0;
cidx	CTINYINT
1	-26
2	-25
3	-24
4	-23
5	-22
select cidx, CTINYINT from datatypetestm where CTINYINT-CINTEGER = 0;
cidx	CTINYINT
11	0
select cidx, CTINYINT from datatypetestm where CTINYINT-CINTEGER <> 0;
cidx	CTINYINT
1	-26
2	-25
3	-24
4	-23
5	-22
6	23
7	24
8	25
9	26
10	27
select cidx, CTINYINT from datatypetestm where CTINYINT-CINTEGER < 0;
cidx	CTINYINT
6	23
7	24
8	25
9	26
10	27
select cidx, CTINYINT from datatypetestm where CTINYINT-CINTEGER > 0;
cidx	CTINYINT
1	-26
2	-25
3	-24
4	-23
5	-22
select cidx, CTINYINT from datatypetestm where CTINYINT-CSMALLINT = 0;
cidx	CTINYINT
11	0
select cidx, CTINYINT from datatypetestm where CTINYINT-CSMALLINT <> 0;
cidx	CTINYINT
1	-26
2	-25
3	-24
4	-23
5	-22
6	23
7	24
8	25
9	26
10	27
select cidx, CTINYINT from datatypetestm where CTINYINT-CSMALLINT < 0;
cidx	CTINYINT
6	23
7	24
8	25
9	26
10	27
select cidx, CTINYINT from datatypetestm where CTINYINT-CSMALLINT > 0;
cidx	CTINYINT
1	-26
2	-25
3	-24
4	-23
5	-22
select cidx, CTINYINT from datatypetestm where CTINYINT-CTINYINT = 0;
cidx	CTINYINT
1	-26
2	-25
3	-24
4	-23
5	-22
6	23
7	24
8	25
9	26
10	27
11	0
select cidx, CTINYINT from datatypetestm where CTINYINT-CTINYINT <> 0;
cidx	CTINYINT
select cidx, CTINYINT from datatypetestm where CTINYINT-CTINYINT < 0;
cidx	CTINYINT
select cidx, CTINYINT from datatypetestm where CTINYINT-CTINYINT > 0;
cidx	CTINYINT
