USE tpch1;
select cidx, CBIGINT+5+2 from datatypetestm;
cidx	CBIGINT+5+2
1	-72036854775799
2	-72036854775798
3	-72036854775797
4	-72036854775796
5	-72036854775795
6	72036854775810
7	72036854775811
8	72036854775812
9	72036854775813
10	72036854775814
11	7
select cidx, CBIGINT+5-2 from datatypetestm;
cidx	CBIGINT+5-2
1	-72036854775803
2	-72036854775802
3	-72036854775801
4	-72036854775800
5	-72036854775799
6	72036854775806
7	72036854775807
8	72036854775808
9	72036854775809
10	72036854775810
11	3
select cidx, CBIGINT+5*2 from datatypetestm;
cidx	CBIGINT+5*2
1	-72036854775796
2	-72036854775795
3	-72036854775794
4	-72036854775793
5	-72036854775792
6	72036854775813
7	72036854775814
8	72036854775815
9	72036854775816
10	72036854775817
11	10
select cidx, CBIGINT+5/2 from datatypetestm;
cidx	CBIGINT+5/2
1	-72036854775803.5000
2	-72036854775802.5000
3	-72036854775801.5000
4	-72036854775800.5000
5	-72036854775799.5000
6	72036854775805.5000
7	72036854775806.5000
8	72036854775807.5000
9	72036854775808.5000
10	72036854775809.5000
11	2.5000
select cidx, CBIGINT+5+2.4 from datatypetestm;
cidx	CBIGINT+5+2.4
1	-72036854775798.6
2	-72036854775797.6
3	-72036854775796.6
4	-72036854775795.6
5	-72036854775794.6
6	72036854775810.4
7	72036854775811.4
8	72036854775812.4
9	72036854775813.4
10	72036854775814.4
11	7.4
select cidx, CBIGINT+5-2.4 from datatypetestm;
cidx	CBIGINT+5-2.4
1	-72036854775803.4
2	-72036854775802.4
3	-72036854775801.4
4	-72036854775800.4
5	-72036854775799.4
6	72036854775805.6
7	72036854775806.6
8	72036854775807.6
9	72036854775808.6
10	72036854775809.6
11	2.6
select cidx, CBIGINT+5*2.4 from datatypetestm;
cidx	CBIGINT+5*2.4
1	-72036854775794.0
2	-72036854775793.0
3	-72036854775792.0
4	-72036854775791.0
5	-72036854775790.0
6	72036854775815.0
7	72036854775816.0
8	72036854775817.0
9	72036854775818.0
10	72036854775819.0
11	12.0
select cidx, CBIGINT+5/2.4 from datatypetestm;
cidx	CBIGINT+5/2.4
1	-72036854775803.9167
2	-72036854775802.9167
3	-72036854775801.9167
4	-72036854775800.9167
5	-72036854775799.9167
6	72036854775805.0833
7	72036854775806.0833
8	72036854775807.0833
9	72036854775808.0833
10	72036854775809.0833
11	2.0833
select cidx, CBIGINT+2.4+5 from datatypetestm;
cidx	CBIGINT+2.4+5
1	-72036854775798.6
2	-72036854775797.6
3	-72036854775796.6
4	-72036854775795.6
5	-72036854775794.6
6	72036854775810.4
7	72036854775811.4
8	72036854775812.4
9	72036854775813.4
10	72036854775814.4
11	7.4
select cidx, CBIGINT+2.4-5 from datatypetestm;
cidx	CBIGINT+2.4-5
1	-72036854775808.6
2	-72036854775807.6
3	-72036854775806.6
4	-72036854775805.6
5	-72036854775804.6
6	72036854775800.4
7	72036854775801.4
8	72036854775802.4
9	72036854775803.4
10	72036854775804.4
11	-2.6
select cidx, CBIGINT+2.4*5 from datatypetestm;
cidx	CBIGINT+2.4*5
1	-72036854775794.0
2	-72036854775793.0
3	-72036854775792.0
4	-72036854775791.0
5	-72036854775790.0
6	72036854775815.0
7	72036854775816.0
8	72036854775817.0
9	72036854775818.0
10	72036854775819.0
11	12.0
select cidx, CBIGINT+2.4/5 from datatypetestm;
cidx	CBIGINT+2.4/5
1	-72036854775805.52000
2	-72036854775804.52000
3	-72036854775803.52000
4	-72036854775802.52000
5	-72036854775801.52000
6	72036854775803.48000
7	72036854775804.48000
8	72036854775805.48000
9	72036854775806.48000
10	72036854775807.48000
11	0.48000
select cidx, CDECIMAL1+5+2 from datatypetestm;
cidx	CDECIMAL1+5+2
1	-2
2	-1
3	0
4	1
5	2
6	12
7	13
8	14
9	15
10	16
11	7
select cidx, CDECIMAL1+5-2 from datatypetestm;
cidx	CDECIMAL1+5-2
1	-6
2	-5
3	-4
4	-3
5	-2
6	8
7	9
8	10
9	11
10	12
11	3
select cidx, CDECIMAL1+5*2 from datatypetestm;
cidx	CDECIMAL1+5*2
1	1
2	2
3	3
4	4
5	5
6	15
7	16
8	17
9	18
10	19
11	10
select cidx, CDECIMAL1+5/2 from datatypetestm;
cidx	CDECIMAL1+5/2
1	-6.5000
2	-5.5000
3	-4.5000
4	-3.5000
5	-2.5000
6	7.5000
7	8.5000
8	9.5000
9	10.5000
10	11.5000
11	2.5000
select cidx, CDECIMAL1+5+2.4 from datatypetestm;
cidx	CDECIMAL1+5+2.4
1	-1.6
2	-0.6
3	0.4
4	1.4
5	2.4
6	12.4
7	13.4
8	14.4
9	15.4
10	16.4
11	7.4
select cidx, CDECIMAL1+5-2.4 from datatypetestm;
cidx	CDECIMAL1+5-2.4
1	-6.4
2	-5.4
3	-4.4
4	-3.4
5	-2.4
6	7.6
7	8.6
8	9.6
9	10.6
10	11.6
11	2.6
select cidx, CDECIMAL1+5*2.4 from datatypetestm;
cidx	CDECIMAL1+5*2.4
1	3.0
2	4.0
3	5.0
4	6.0
5	7.0
6	17.0
7	18.0
8	19.0
9	20.0
10	21.0
11	12.0
select cidx, CDECIMAL1+5/2.4 from datatypetestm;
cidx	CDECIMAL1+5/2.4
1	-6.9167
2	-5.9167
3	-4.9167
4	-3.9167
5	-2.9167
6	7.0833
7	8.0833
8	9.0833
9	10.0833
10	11.0833
11	2.0833
select cidx, CDECIMAL1+2.4+5 from datatypetestm;
cidx	CDECIMAL1+2.4+5
1	-1.6
2	-0.6
3	0.4
4	1.4
5	2.4
6	12.4
7	13.4
8	14.4
9	15.4
10	16.4
11	7.4
select cidx, CDECIMAL1+2.4-5 from datatypetestm;
cidx	CDECIMAL1+2.4-5
1	-11.6
2	-10.6
3	-9.6
4	-8.6
5	-7.6
6	2.4
7	3.4
8	4.4
9	5.4
10	6.4
11	-2.6
select cidx, CDECIMAL1+2.4*5 from datatypetestm;
cidx	CDECIMAL1+2.4*5
1	3.0
2	4.0
3	5.0
4	6.0
5	7.0
6	17.0
7	18.0
8	19.0
9	20.0
10	21.0
11	12.0
select cidx, CDECIMAL1+2.4/5 from datatypetestm;
cidx	CDECIMAL1+2.4/5
1	-8.52000
2	-7.52000
3	-6.52000
4	-5.52000
5	-4.52000
6	5.48000
7	6.48000
8	7.48000
9	8.48000
10	9.48000
11	0.48000
select cidx, CDECIMAL4+5+2 from datatypetestm;
cidx	CDECIMAL4+5+2
1	-992
2	-991
3	-990
4	-989
5	-988
6	1002
7	1003
8	1004
9	1005
10	1006
11	7
select cidx, CDECIMAL4+5-2 from datatypetestm;
cidx	CDECIMAL4+5-2
1	-996
2	-995
3	-994
4	-993
5	-992
6	998
7	999
8	1000
9	1001
10	1002
11	3
select cidx, CDECIMAL4+5*2 from datatypetestm;
cidx	CDECIMAL4+5*2
1	-989
2	-988
3	-987
4	-986
5	-985
6	1005
7	1006
8	1007
9	1008
10	1009
11	10
select cidx, CDECIMAL4+5/2 from datatypetestm;
cidx	CDECIMAL4+5/2
1	-996.5000
2	-995.5000
3	-994.5000
4	-993.5000
5	-992.5000
6	997.5000
7	998.5000
8	999.5000
9	1000.5000
10	1001.5000
11	2.5000
select cidx, CDECIMAL4+5+2.4 from datatypetestm;
cidx	CDECIMAL4+5+2.4
1	-991.6
2	-990.6
3	-989.6
4	-988.6
5	-987.6
6	1002.4
7	1003.4
8	1004.4
9	1005.4
10	1006.4
11	7.4
select cidx, CDECIMAL4+5-2.4 from datatypetestm;
cidx	CDECIMAL4+5-2.4
1	-996.4
2	-995.4
3	-994.4
4	-993.4
5	-992.4
6	997.6
7	998.6
8	999.6
9	1000.6
10	1001.6
11	2.6
select cidx, CDECIMAL4+5*2.4 from datatypetestm;
cidx	CDECIMAL4+5*2.4
1	-987.0
2	-986.0
3	-985.0
4	-984.0
5	-983.0
6	1007.0
7	1008.0
8	1009.0
9	1010.0
10	1011.0
11	12.0
select cidx, CDECIMAL4+5/2.4 from datatypetestm;
cidx	CDECIMAL4+5/2.4
1	-996.9167
2	-995.9167
3	-994.9167
4	-993.9167
5	-992.9167
6	997.0833
7	998.0833
8	999.0833
9	1000.0833
10	1001.0833
11	2.0833
select cidx, CDECIMAL4+2.4+5 from datatypetestm;
cidx	CDECIMAL4+2.4+5
1	-991.6
2	-990.6
3	-989.6
4	-988.6
5	-987.6
6	1002.4
7	1003.4
8	1004.4
9	1005.4
10	1006.4
11	7.4
select cidx, CDECIMAL4+2.4-5 from datatypetestm;
cidx	CDECIMAL4+2.4-5
1	-1001.6
2	-1000.6
3	-999.6
4	-998.6
5	-997.6
6	992.4
7	993.4
8	994.4
9	995.4
10	996.4
11	-2.6
select cidx, CDECIMAL4+2.4*5 from datatypetestm;
cidx	CDECIMAL4+2.4*5
1	-987.0
2	-986.0
3	-985.0
4	-984.0
5	-983.0
6	1007.0
7	1008.0
8	1009.0
9	1010.0
10	1011.0
11	12.0
select cidx, CDECIMAL4+2.4/5 from datatypetestm;
cidx	CDECIMAL4+2.4/5
1	-998.52000
2	-997.52000
3	-996.52000
4	-995.52000
5	-994.52000
6	995.48000
7	996.48000
8	997.48000
9	998.48000
10	999.48000
11	0.48000
select cidx, CDECIMAL4_2+5+2 from datatypetestm;
cidx	CDECIMAL4_2+5+2
1	-2.99
2	-2.98
3	-2.97
4	-2.96
5	-2.95
6	16.95
7	16.96
8	16.97
9	16.98
10	16.99
11	7.00
select cidx, CDECIMAL4_2+5-2 from datatypetestm;
cidx	CDECIMAL4_2+5-2
1	-6.99
2	-6.98
3	-6.97
4	-6.96
5	-6.95
6	12.95
7	12.96
8	12.97
9	12.98
10	12.99
11	3.00
select cidx, CDECIMAL4_2+5*2 from datatypetestm;
cidx	CDECIMAL4_2+5*2
1	0.01
2	0.02
3	0.03
4	0.04
5	0.05
6	19.95
7	19.96
8	19.97
9	19.98
10	19.99
11	10.00
select cidx, CDECIMAL4_2+5/2 from datatypetestm;
cidx	CDECIMAL4_2+5/2
1	-7.4900
2	-7.4800
3	-7.4700
4	-7.4600
5	-7.4500
6	12.4500
7	12.4600
8	12.4700
9	12.4800
10	12.4900
11	2.5000
select cidx, CDECIMAL4_2+5+2.4 from datatypetestm;
cidx	CDECIMAL4_2+5+2.4
1	-2.59
2	-2.58
3	-2.57
4	-2.56
5	-2.55
6	17.35
7	17.36
8	17.37
9	17.38
10	17.39
11	7.40
select cidx, CDECIMAL4_2+5-2.4 from datatypetestm;
cidx	CDECIMAL4_2+5-2.4
1	-7.39
2	-7.38
3	-7.37
4	-7.36
5	-7.35
6	12.55
7	12.56
8	12.57
9	12.58
10	12.59
11	2.60
select cidx, CDECIMAL4_2+5*2.4 from datatypetestm;
cidx	CDECIMAL4_2+5*2.4
1	2.01
2	2.02
3	2.03
4	2.04
5	2.05
6	21.95
7	21.96
8	21.97
9	21.98
10	21.99
11	12.00
select cidx, CDECIMAL4_2+5/2.4 from datatypetestm;
cidx	CDECIMAL4_2+5/2.4
1	-7.9067
2	-7.8967
3	-7.8867
4	-7.8767
5	-7.8667
6	12.0333
7	12.0433
8	12.0533
9	12.0633
10	12.0733
11	2.0833
select cidx, CDECIMAL4_2+2.4+5 from datatypetestm;
cidx	CDECIMAL4_2+2.4+5
1	-2.59
2	-2.58
3	-2.57
4	-2.56
5	-2.55
6	17.35
7	17.36
8	17.37
9	17.38
10	17.39
11	7.40
select cidx, CDECIMAL4_2+2.4-5 from datatypetestm;
cidx	CDECIMAL4_2+2.4-5
1	-12.59
2	-12.58
3	-12.57
4	-12.56
5	-12.55
6	7.35
7	7.36
8	7.37
9	7.38
10	7.39
11	-2.60
select cidx, CDECIMAL4_2+2.4*5 from datatypetestm;
cidx	CDECIMAL4_2+2.4*5
1	2.01
2	2.02
3	2.03
4	2.04
5	2.05
6	21.95
7	21.96
8	21.97
9	21.98
10	21.99
11	12.00
select cidx, CDECIMAL4_2+2.4/5 from datatypetestm;
cidx	CDECIMAL4_2+2.4/5
1	-9.51000
2	-9.50000
3	-9.49000
4	-9.48000
5	-9.47000
6	10.43000
7	10.44000
8	10.45000
9	10.46000
10	10.47000
11	0.48000
select cidx, CDECIMAL5+5+2 from datatypetestm;
cidx	CDECIMAL5+5+2
1	-992
2	-991
3	-990
4	-989
5	-988
6	1002
7	1003
8	1004
9	1005
10	1006
11	7
select cidx, CDECIMAL5+5-2 from datatypetestm;
cidx	CDECIMAL5+5-2
1	-996
2	-995
3	-994
4	-993
5	-992
6	998
7	999
8	1000
9	1001
10	1002
11	3
select cidx, CDECIMAL5+5*2 from datatypetestm;
cidx	CDECIMAL5+5*2
1	-989
2	-988
3	-987
4	-986
5	-985
6	1005
7	1006
8	1007
9	1008
10	1009
11	10
select cidx, CDECIMAL5+5/2 from datatypetestm;
cidx	CDECIMAL5+5/2
1	-996.5000
2	-995.5000
3	-994.5000
4	-993.5000
5	-992.5000
6	997.5000
7	998.5000
8	999.5000
9	1000.5000
10	1001.5000
11	2.5000
select cidx, CDECIMAL5+5+2.4 from datatypetestm;
cidx	CDECIMAL5+5+2.4
1	-991.6
2	-990.6
3	-989.6
4	-988.6
5	-987.6
6	1002.4
7	1003.4
8	1004.4
9	1005.4
10	1006.4
11	7.4
select cidx, CDECIMAL5+5-2.4 from datatypetestm;
cidx	CDECIMAL5+5-2.4
1	-996.4
2	-995.4
3	-994.4
4	-993.4
5	-992.4
6	997.6
7	998.6
8	999.6
9	1000.6
10	1001.6
11	2.6
select cidx, CDECIMAL5+5*2.4 from datatypetestm;
cidx	CDECIMAL5+5*2.4
1	-987.0
2	-986.0
3	-985.0
4	-984.0
5	-983.0
6	1007.0
7	1008.0
8	1009.0
9	1010.0
10	1011.0
11	12.0
select cidx, CDECIMAL5+5/2.4 from datatypetestm;
cidx	CDECIMAL5+5/2.4
1	-996.9167
2	-995.9167
3	-994.9167
4	-993.9167
5	-992.9167
6	997.0833
7	998.0833
8	999.0833
9	1000.0833
10	1001.0833
11	2.0833
select cidx, CDECIMAL5+2.4+5 from datatypetestm;
cidx	CDECIMAL5+2.4+5
1	-991.6
2	-990.6
3	-989.6
4	-988.6
5	-987.6
6	1002.4
7	1003.4
8	1004.4
9	1005.4
10	1006.4
11	7.4
select cidx, CDECIMAL5+2.4-5 from datatypetestm;
cidx	CDECIMAL5+2.4-5
1	-1001.6
2	-1000.6
3	-999.6
4	-998.6
5	-997.6
6	992.4
7	993.4
8	994.4
9	995.4
10	996.4
11	-2.6
select cidx, CDECIMAL5+2.4*5 from datatypetestm;
cidx	CDECIMAL5+2.4*5
1	-987.0
2	-986.0
3	-985.0
4	-984.0
5	-983.0
6	1007.0
7	1008.0
8	1009.0
9	1010.0
10	1011.0
11	12.0
select cidx, CDECIMAL5+2.4/5 from datatypetestm;
cidx	CDECIMAL5+2.4/5
1	-998.52000
2	-997.52000
3	-996.52000
4	-995.52000
5	-994.52000
6	995.48000
7	996.48000
8	997.48000
9	998.48000
10	999.48000
11	0.48000
select cidx, CDECIMAL9+5+2 from datatypetestm;
cidx	CDECIMAL9+5+2
1	-999992
2	-999991
3	-999990
4	-999989
5	-999988
6	1000002
7	1000003
8	1000004
9	1000005
10	1000006
11	7
select cidx, CDECIMAL9+5-2 from datatypetestm;
cidx	CDECIMAL9+5-2
1	-999996
2	-999995
3	-999994
4	-999993
5	-999992
6	999998
7	999999
8	1000000
9	1000001
10	1000002
11	3
select cidx, CDECIMAL9+5*2 from datatypetestm;
cidx	CDECIMAL9+5*2
1	-999989
2	-999988
3	-999987
4	-999986
5	-999985
6	1000005
7	1000006
8	1000007
9	1000008
10	1000009
11	10
select cidx, CDECIMAL9+5/2 from datatypetestm;
cidx	CDECIMAL9+5/2
1	-999996.5000
2	-999995.5000
3	-999994.5000
4	-999993.5000
5	-999992.5000
6	999997.5000
7	999998.5000
8	999999.5000
9	1000000.5000
10	1000001.5000
11	2.5000
select cidx, CDECIMAL9+5+2.4 from datatypetestm;
cidx	CDECIMAL9+5+2.4
1	-999991.6
2	-999990.6
3	-999989.6
4	-999988.6
5	-999987.6
6	1000002.4
7	1000003.4
8	1000004.4
9	1000005.4
10	1000006.4
11	7.4
select cidx, CDECIMAL9+5-2.4 from datatypetestm;
cidx	CDECIMAL9+5-2.4
1	-999996.4
2	-999995.4
3	-999994.4
4	-999993.4
5	-999992.4
6	999997.6
7	999998.6
8	999999.6
9	1000000.6
10	1000001.6
11	2.6
select cidx, CDECIMAL9+5*2.4 from datatypetestm;
cidx	CDECIMAL9+5*2.4
1	-999987.0
2	-999986.0
3	-999985.0
4	-999984.0
5	-999983.0
6	1000007.0
7	1000008.0
8	1000009.0
9	1000010.0
10	1000011.0
11	12.0
select cidx, CDECIMAL9+5/2.4 from datatypetestm;
cidx	CDECIMAL9+5/2.4
1	-999996.9167
2	-999995.9167
3	-999994.9167
4	-999993.9167
5	-999992.9167
6	999997.0833
7	999998.0833
8	999999.0833
9	1000000.0833
10	1000001.0833
11	2.0833
select cidx, CDECIMAL9+2.4+5 from datatypetestm;
cidx	CDECIMAL9+2.4+5
1	-999991.6
2	-999990.6
3	-999989.6
4	-999988.6
5	-999987.6
6	1000002.4
7	1000003.4
8	1000004.4
9	1000005.4
10	1000006.4
11	7.4
select cidx, CDECIMAL9+2.4-5 from datatypetestm;
cidx	CDECIMAL9+2.4-5
1	-1000001.6
2	-1000000.6
3	-999999.6
4	-999998.6
5	-999997.6
6	999992.4
7	999993.4
8	999994.4
9	999995.4
10	999996.4
11	-2.6
select cidx, CDECIMAL9+2.4*5 from datatypetestm;
cidx	CDECIMAL9+2.4*5
1	-999987.0
2	-999986.0
3	-999985.0
4	-999984.0
5	-999983.0
6	1000007.0
7	1000008.0
8	1000009.0
9	1000010.0
10	1000011.0
11	12.0
select cidx, CDECIMAL9+2.4/5 from datatypetestm;
cidx	CDECIMAL9+2.4/5
1	-999998.52000
2	-999997.52000
3	-999996.52000
4	-999995.52000
5	-999994.52000
6	999995.48000
7	999996.48000
8	999997.48000
9	999998.48000
10	999999.48000
11	0.48000
select cidx, CDECIMAL9_2+5+2 from datatypetestm;
cidx	CDECIMAL9_2+5+2
1	-9992.99
2	-9992.98
3	-9992.97
4	-9992.96
5	-9992.95
6	10006.95
7	10006.96
8	10006.97
9	10006.98
10	10006.99
11	7.00
select cidx, CDECIMAL9_2+5-2 from datatypetestm;
cidx	CDECIMAL9_2+5-2
1	-9996.99
2	-9996.98
3	-9996.97
4	-9996.96
5	-9996.95
6	10002.95
7	10002.96
8	10002.97
9	10002.98
10	10002.99
11	3.00
select cidx, CDECIMAL9_2+5*2 from datatypetestm;
cidx	CDECIMAL9_2+5*2
1	-9989.99
2	-9989.98
3	-9989.97
4	-9989.96
5	-9989.95
6	10009.95
7	10009.96
8	10009.97
9	10009.98
10	10009.99
11	10.00
select cidx, CDECIMAL9_2+5/2 from datatypetestm;
cidx	CDECIMAL9_2+5/2
1	-9997.4900
2	-9997.4800
3	-9997.4700
4	-9997.4600
5	-9997.4500
6	10002.4500
7	10002.4600
8	10002.4700
9	10002.4800
10	10002.4900
11	2.5000
select cidx, CDECIMAL9_2+5+2.4 from datatypetestm;
cidx	CDECIMAL9_2+5+2.4
1	-9992.59
2	-9992.58
3	-9992.57
4	-9992.56
5	-9992.55
6	10007.35
7	10007.36
8	10007.37
9	10007.38
10	10007.39
11	7.40
select cidx, CDECIMAL9_2+5-2.4 from datatypetestm;
cidx	CDECIMAL9_2+5-2.4
1	-9997.39
2	-9997.38
3	-9997.37
4	-9997.36
5	-9997.35
6	10002.55
7	10002.56
8	10002.57
9	10002.58
10	10002.59
11	2.60
select cidx, CDECIMAL9_2+5*2.4 from datatypetestm;
cidx	CDECIMAL9_2+5*2.4
1	-9987.99
2	-9987.98
3	-9987.97
4	-9987.96
5	-9987.95
6	10011.95
7	10011.96
8	10011.97
9	10011.98
10	10011.99
11	12.00
select cidx, CDECIMAL9_2+5/2.4 from datatypetestm;
cidx	CDECIMAL9_2+5/2.4
1	-9997.9067
2	-9997.8967
3	-9997.8867
4	-9997.8767
5	-9997.8667
6	10002.0333
7	10002.0433
8	10002.0533
9	10002.0633
10	10002.0733
11	2.0833
select cidx, CDECIMAL9_2+2.4+5 from datatypetestm;
cidx	CDECIMAL9_2+2.4+5
1	-9992.59
2	-9992.58
3	-9992.57
4	-9992.56
5	-9992.55
6	10007.35
7	10007.36
8	10007.37
9	10007.38
10	10007.39
11	7.40
select cidx, CDECIMAL9_2+2.4-5 from datatypetestm;
cidx	CDECIMAL9_2+2.4-5
1	-10002.59
2	-10002.58
3	-10002.57
4	-10002.56
5	-10002.55
6	9997.35
7	9997.36
8	9997.37
9	9997.38
10	9997.39
11	-2.60
select cidx, CDECIMAL9_2+2.4*5 from datatypetestm;
cidx	CDECIMAL9_2+2.4*5
1	-9987.99
2	-9987.98
3	-9987.97
4	-9987.96
5	-9987.95
6	10011.95
7	10011.96
8	10011.97
9	10011.98
10	10011.99
11	12.00
select cidx, CDECIMAL9_2+2.4/5 from datatypetestm;
cidx	CDECIMAL9_2+2.4/5
1	-9999.51000
2	-9999.50000
3	-9999.49000
4	-9999.48000
5	-9999.47000
6	10000.43000
7	10000.44000
8	10000.45000
9	10000.46000
10	10000.47000
11	0.48000
select cidx, CDECIMAL10+5+2 from datatypetestm;
cidx	CDECIMAL10+5+2
1	-9999992
2	-9999991
3	-9999990
4	-9999989
5	-9999988
6	10000002
7	10000003
8	10000004
9	10000005
10	10000006
11	7
select cidx, CDECIMAL10+5-2 from datatypetestm;
cidx	CDECIMAL10+5-2
1	-9999996
2	-9999995
3	-9999994
4	-9999993
5	-9999992
6	9999998
7	9999999
8	10000000
9	10000001
10	10000002
11	3
select cidx, CDECIMAL10+5*2 from datatypetestm;
cidx	CDECIMAL10+5*2
1	-9999989
2	-9999988
3	-9999987
4	-9999986
5	-9999985
6	10000005
7	10000006
8	10000007
9	10000008
10	10000009
11	10
select cidx, CDECIMAL10+5/2 from datatypetestm;
cidx	CDECIMAL10+5/2
1	-9999996.5000
2	-9999995.5000
3	-9999994.5000
4	-9999993.5000
5	-9999992.5000
6	9999997.5000
7	9999998.5000
8	9999999.5000
9	10000000.5000
10	10000001.5000
11	2.5000
select cidx, CDECIMAL10+5+2.4 from datatypetestm;
cidx	CDECIMAL10+5+2.4
1	-9999991.6
2	-9999990.6
3	-9999989.6
4	-9999988.6
5	-9999987.6
6	10000002.4
7	10000003.4
8	10000004.4
9	10000005.4
10	10000006.4
11	7.4
select cidx, CDECIMAL10+5-2.4 from datatypetestm;
cidx	CDECIMAL10+5-2.4
1	-9999996.4
2	-9999995.4
3	-9999994.4
4	-9999993.4
5	-9999992.4
6	9999997.6
7	9999998.6
8	9999999.6
9	10000000.6
10	10000001.6
11	2.6
select cidx, CDECIMAL10+5*2.4 from datatypetestm;
cidx	CDECIMAL10+5*2.4
1	-9999987.0
2	-9999986.0
3	-9999985.0
4	-9999984.0
5	-9999983.0
6	10000007.0
7	10000008.0
8	10000009.0
9	10000010.0
10	10000011.0
11	12.0
select cidx, CDECIMAL10+5/2.4 from datatypetestm;
cidx	CDECIMAL10+5/2.4
1	-9999996.9167
2	-9999995.9167
3	-9999994.9167
4	-9999993.9167
5	-9999992.9167
6	9999997.0833
7	9999998.0833
8	9999999.0833
9	10000000.0833
10	10000001.0833
11	2.0833
select cidx, CDECIMAL10+2.4+5 from datatypetestm;
cidx	CDECIMAL10+2.4+5
1	-9999991.6
2	-9999990.6
3	-9999989.6
4	-9999988.6
5	-9999987.6
6	10000002.4
7	10000003.4
8	10000004.4
9	10000005.4
10	10000006.4
11	7.4
select cidx, CDECIMAL10+2.4-5 from datatypetestm;
cidx	CDECIMAL10+2.4-5
1	-10000001.6
2	-10000000.6
3	-9999999.6
4	-9999998.6
5	-9999997.6
6	9999992.4
7	9999993.4
8	9999994.4
9	9999995.4
10	9999996.4
11	-2.6
select cidx, CDECIMAL10+2.4*5 from datatypetestm;
cidx	CDECIMAL10+2.4*5
1	-9999987.0
2	-9999986.0
3	-9999985.0
4	-9999984.0
5	-9999983.0
6	10000007.0
7	10000008.0
8	10000009.0
9	10000010.0
10	10000011.0
11	12.0
select cidx, CDECIMAL10+2.4/5 from datatypetestm;
cidx	CDECIMAL10+2.4/5
1	-9999998.52000
2	-9999997.52000
3	-9999996.52000
4	-9999995.52000
5	-9999994.52000
6	9999995.48000
7	9999996.48000
8	9999997.48000
9	9999998.48000
10	9999999.48000
11	0.48000
select cidx, CDECIMAL18+5+2 from datatypetestm;
cidx	CDECIMAL18+5+2
1	-9999999999992
2	-9999999999991
3	-9999999999990
4	-9999999999989
5	-9999999999988
6	10000000000002
7	10000000000003
8	10000000000004
9	10000000000005
10	10000000000006
11	7
select cidx, CDECIMAL18+5-2 from datatypetestm;
cidx	CDECIMAL18+5-2
1	-9999999999996
2	-9999999999995
3	-9999999999994
4	-9999999999993
5	-9999999999992
6	9999999999998
7	9999999999999
8	10000000000000
9	10000000000001
10	10000000000002
11	3
select cidx, CDECIMAL18+5*2 from datatypetestm;
cidx	CDECIMAL18+5*2
1	-9999999999989
2	-9999999999988
3	-9999999999987
4	-9999999999986
5	-9999999999985
6	10000000000005
7	10000000000006
8	10000000000007
9	10000000000008
10	10000000000009
11	10
select cidx, CDECIMAL18+5/2 from datatypetestm;
cidx	CDECIMAL18+5/2
1	-9999999999996.5000
2	-9999999999995.5000
3	-9999999999994.5000
4	-9999999999993.5000
5	-9999999999992.5000
6	9999999999997.5000
7	9999999999998.5000
8	9999999999999.5000
9	10000000000000.5000
10	10000000000001.5000
11	2.5000
select cidx, CDECIMAL18+5+2.4 from datatypetestm;
cidx	CDECIMAL18+5+2.4
1	-9999999999991.6
2	-9999999999990.6
3	-9999999999989.6
4	-9999999999988.6
5	-9999999999987.6
6	10000000000002.4
7	10000000000003.4
8	10000000000004.4
9	10000000000005.4
10	10000000000006.4
11	7.4
select cidx, CDECIMAL18+5-2.4 from datatypetestm;
cidx	CDECIMAL18+5-2.4
1	-9999999999996.4
2	-9999999999995.4
3	-9999999999994.4
4	-9999999999993.4
5	-9999999999992.4
6	9999999999997.6
7	9999999999998.6
8	9999999999999.6
9	10000000000000.6
10	10000000000001.6
11	2.6
select cidx, CDECIMAL18+5*2.4 from datatypetestm;
cidx	CDECIMAL18+5*2.4
1	-9999999999987.0
2	-9999999999986.0
3	-9999999999985.0
4	-9999999999984.0
5	-9999999999983.0
6	10000000000007.0
7	10000000000008.0
8	10000000000009.0
9	10000000000010.0
10	10000000000011.0
11	12.0
select cidx, CDECIMAL18+5/2.4 from datatypetestm;
cidx	CDECIMAL18+5/2.4
1	-9999999999996.9167
2	-9999999999995.9167
3	-9999999999994.9167
4	-9999999999993.9167
5	-9999999999992.9167
6	9999999999997.0833
7	9999999999998.0833
8	9999999999999.0833
9	10000000000000.0833
10	10000000000001.0833
11	2.0833
select cidx, CDECIMAL18+2.4+5 from datatypetestm;
cidx	CDECIMAL18+2.4+5
1	-9999999999991.6
2	-9999999999990.6
3	-9999999999989.6
4	-9999999999988.6
5	-9999999999987.6
6	10000000000002.4
7	10000000000003.4
8	10000000000004.4
9	10000000000005.4
10	10000000000006.4
11	7.4
select cidx, CDECIMAL18+2.4-5 from datatypetestm;
cidx	CDECIMAL18+2.4-5
1	-10000000000001.6
2	-10000000000000.6
3	-9999999999999.6
4	-9999999999998.6
5	-9999999999997.6
6	9999999999992.4
7	9999999999993.4
8	9999999999994.4
9	9999999999995.4
10	9999999999996.4
11	-2.6
select cidx, CDECIMAL18+2.4*5 from datatypetestm;
cidx	CDECIMAL18+2.4*5
1	-9999999999987.0
2	-9999999999986.0
3	-9999999999985.0
4	-9999999999984.0
5	-9999999999983.0
6	10000000000007.0
7	10000000000008.0
8	10000000000009.0
9	10000000000010.0
10	10000000000011.0
11	12.0
select cidx, CDECIMAL18+2.4/5 from datatypetestm;
cidx	CDECIMAL18+2.4/5
1	-9999999999998.52000
2	-9999999999997.52000
3	-9999999999996.52000
4	-9999999999995.52000
5	-9999999999994.52000
6	9999999999995.48000
7	9999999999996.48000
8	9999999999997.48000
9	9999999999998.48000
10	9999999999999.48000
11	0.48000
select cidx, CDECIMAL18_2+5+2 from datatypetestm;
cidx	CDECIMAL18_2+5+2
1	-99999999992.99
2	-99999999992.98
3	-99999999992.97
4	-99999999992.96
5	-99999999992.95
6	100000000006.95
7	100000000006.96
8	100000000006.97
9	100000000006.98
10	100000000006.99
11	7.00
select cidx, CDECIMAL18_2+5-2 from datatypetestm;
cidx	CDECIMAL18_2+5-2
1	-99999999996.99
2	-99999999996.98
3	-99999999996.97
4	-99999999996.96
5	-99999999996.95
6	100000000002.95
7	100000000002.96
8	100000000002.97
9	100000000002.98
10	100000000002.99
11	3.00
select cidx, CDECIMAL18_2+5*2 from datatypetestm;
cidx	CDECIMAL18_2+5*2
1	-99999999989.99
2	-99999999989.98
3	-99999999989.97
4	-99999999989.96
5	-99999999989.95
6	100000000009.95
7	100000000009.96
8	100000000009.97
9	100000000009.98
10	100000000009.99
11	10.00
select cidx, CDECIMAL18_2+5/2 from datatypetestm;
cidx	CDECIMAL18_2+5/2
1	-99999999997.4900
2	-99999999997.4800
3	-99999999997.4700
4	-99999999997.4600
5	-99999999997.4500
6	100000000002.4500
7	100000000002.4600
8	100000000002.4700
9	100000000002.4800
10	100000000002.4900
11	2.5000
select cidx, CDECIMAL18_2+5+2.4 from datatypetestm;
cidx	CDECIMAL18_2+5+2.4
1	-99999999992.59
2	-99999999992.58
3	-99999999992.57
4	-99999999992.56
5	-99999999992.55
6	100000000007.35
7	100000000007.36
8	100000000007.37
9	100000000007.38
10	100000000007.39
11	7.40
select cidx, CDECIMAL18_2+5-2.4 from datatypetestm;
cidx	CDECIMAL18_2+5-2.4
1	-99999999997.39
2	-99999999997.38
3	-99999999997.37
4	-99999999997.36
5	-99999999997.35
6	100000000002.55
7	100000000002.56
8	100000000002.57
9	100000000002.58
10	100000000002.59
11	2.60
select cidx, CDECIMAL18_2+5*2.4 from datatypetestm;
cidx	CDECIMAL18_2+5*2.4
1	-99999999987.99
2	-99999999987.98
3	-99999999987.97
4	-99999999987.96
5	-99999999987.95
6	100000000011.95
7	100000000011.96
8	100000000011.97
9	100000000011.98
10	100000000011.99
11	12.00
select cidx, CDECIMAL18_2+5/2.4 from datatypetestm;
cidx	CDECIMAL18_2+5/2.4
1	-99999999997.9067
2	-99999999997.8967
3	-99999999997.8867
4	-99999999997.8767
5	-99999999997.8667
6	100000000002.0333
7	100000000002.0433
8	100000000002.0533
9	100000000002.0633
10	100000000002.0733
11	2.0833
select cidx, CDECIMAL18_2+2.4+5 from datatypetestm;
cidx	CDECIMAL18_2+2.4+5
1	-99999999992.59
2	-99999999992.58
3	-99999999992.57
4	-99999999992.56
5	-99999999992.55
6	100000000007.35
7	100000000007.36
8	100000000007.37
9	100000000007.38
10	100000000007.39
11	7.40
select cidx, CDECIMAL18_2+2.4-5 from datatypetestm;
cidx	CDECIMAL18_2+2.4-5
1	-100000000002.59
2	-100000000002.58
3	-100000000002.57
4	-100000000002.56
5	-100000000002.55
6	99999999997.35
7	99999999997.36
8	99999999997.37
9	99999999997.38
10	99999999997.39
11	-2.60
select cidx, CDECIMAL18_2+2.4*5 from datatypetestm;
cidx	CDECIMAL18_2+2.4*5
1	-99999999987.99
2	-99999999987.98
3	-99999999987.97
4	-99999999987.96
5	-99999999987.95
6	100000000011.95
7	100000000011.96
8	100000000011.97
9	100000000011.98
10	100000000011.99
11	12.00
select cidx, CDECIMAL18_2+2.4/5 from datatypetestm;
cidx	CDECIMAL18_2+2.4/5
1	-99999999999.51000
2	-99999999999.50000
3	-99999999999.49000
4	-99999999999.48000
5	-99999999999.47000
6	100000000000.43000
7	100000000000.44000
8	100000000000.45000
9	100000000000.46000
10	100000000000.47000
11	0.48000
select cidx, CINTEGER+5+2 from datatypetestm;
cidx	CINTEGER+5+2
1	-7483639
2	-7483638
3	-7483637
4	-7483636
5	-7483635
6	7483650
7	7483651
8	7483652
9	7483653
10	7483654
11	7
select cidx, CINTEGER+5-2 from datatypetestm;
cidx	CINTEGER+5-2
1	-7483643
2	-7483642
3	-7483641
4	-7483640
5	-7483639
6	7483646
7	7483647
8	7483648
9	7483649
10	7483650
11	3
select cidx, CINTEGER+5*2 from datatypetestm;
cidx	CINTEGER+5*2
1	-7483636
2	-7483635
3	-7483634
4	-7483633
5	-7483632
6	7483653
7	7483654
8	7483655
9	7483656
10	7483657
11	10
select cidx, CINTEGER+5/2 from datatypetestm;
cidx	CINTEGER+5/2
1	-7483643.5000
2	-7483642.5000
3	-7483641.5000
4	-7483640.5000
5	-7483639.5000
6	7483645.5000
7	7483646.5000
8	7483647.5000
9	7483648.5000
10	7483649.5000
11	2.5000
select cidx, CINTEGER+5+2.4 from datatypetestm;
cidx	CINTEGER+5+2.4
1	-7483638.6
2	-7483637.6
3	-7483636.6
4	-7483635.6
5	-7483634.6
6	7483650.4
7	7483651.4
8	7483652.4
9	7483653.4
10	7483654.4
11	7.4
select cidx, CINTEGER+5-2.4 from datatypetestm;
cidx	CINTEGER+5-2.4
1	-7483643.4
2	-7483642.4
3	-7483641.4
4	-7483640.4
5	-7483639.4
6	7483645.6
7	7483646.6
8	7483647.6
9	7483648.6
10	7483649.6
11	2.6
select cidx, CINTEGER+5*2.4 from datatypetestm;
cidx	CINTEGER+5*2.4
1	-7483634.0
2	-7483633.0
3	-7483632.0
4	-7483631.0
5	-7483630.0
6	7483655.0
7	7483656.0
8	7483657.0
9	7483658.0
10	7483659.0
11	12.0
select cidx, CINTEGER+5/2.4 from datatypetestm;
cidx	CINTEGER+5/2.4
1	-7483643.9167
2	-7483642.9167
3	-7483641.9167
4	-7483640.9167
5	-7483639.9167
6	7483645.0833
7	7483646.0833
8	7483647.0833
9	7483648.0833
10	7483649.0833
11	2.0833
select cidx, CINTEGER+2.4+5 from datatypetestm;
cidx	CINTEGER+2.4+5
1	-7483638.6
2	-7483637.6
3	-7483636.6
4	-7483635.6
5	-7483634.6
6	7483650.4
7	7483651.4
8	7483652.4
9	7483653.4
10	7483654.4
11	7.4
select cidx, CINTEGER+2.4-5 from datatypetestm;
cidx	CINTEGER+2.4-5
1	-7483648.6
2	-7483647.6
3	-7483646.6
4	-7483645.6
5	-7483644.6
6	7483640.4
7	7483641.4
8	7483642.4
9	7483643.4
10	7483644.4
11	-2.6
select cidx, CINTEGER+2.4*5 from datatypetestm;
cidx	CINTEGER+2.4*5
1	-7483634.0
2	-7483633.0
3	-7483632.0
4	-7483631.0
5	-7483630.0
6	7483655.0
7	7483656.0
8	7483657.0
9	7483658.0
10	7483659.0
11	12.0
select cidx, CINTEGER+2.4/5 from datatypetestm;
cidx	CINTEGER+2.4/5
1	-7483645.52000
2	-7483644.52000
3	-7483643.52000
4	-7483642.52000
5	-7483641.52000
6	7483643.48000
7	7483644.48000
8	7483645.48000
9	7483646.48000
10	7483647.48000
11	0.48000
select cidx, CSMALLINT+5+2 from datatypetestm;
cidx	CSMALLINT+5+2
1	-759
2	-758
3	-757
4	-756
5	-755
6	770
7	771
8	772
9	773
10	774
11	7
select cidx, CSMALLINT+5-2 from datatypetestm;
cidx	CSMALLINT+5-2
1	-763
2	-762
3	-761
4	-760
5	-759
6	766
7	767
8	768
9	769
10	770
11	3
select cidx, CSMALLINT+5*2 from datatypetestm;
cidx	CSMALLINT+5*2
1	-756
2	-755
3	-754
4	-753
5	-752
6	773
7	774
8	775
9	776
10	777
11	10
select cidx, CSMALLINT+5/2 from datatypetestm;
cidx	CSMALLINT+5/2
1	-763.5000
2	-762.5000
3	-761.5000
4	-760.5000
5	-759.5000
6	765.5000
7	766.5000
8	767.5000
9	768.5000
10	769.5000
11	2.5000
select cidx, CSMALLINT+5+2.4 from datatypetestm;
cidx	CSMALLINT+5+2.4
1	-758.6
2	-757.6
3	-756.6
4	-755.6
5	-754.6
6	770.4
7	771.4
8	772.4
9	773.4
10	774.4
11	7.4
select cidx, CSMALLINT+5-2.4 from datatypetestm;
cidx	CSMALLINT+5-2.4
1	-763.4
2	-762.4
3	-761.4
4	-760.4
5	-759.4
6	765.6
7	766.6
8	767.6
9	768.6
10	769.6
11	2.6
select cidx, CSMALLINT+5*2.4 from datatypetestm;
cidx	CSMALLINT+5*2.4
1	-754.0
2	-753.0
3	-752.0
4	-751.0
5	-750.0
6	775.0
7	776.0
8	777.0
9	778.0
10	779.0
11	12.0
select cidx, CSMALLINT+5/2.4 from datatypetestm;
cidx	CSMALLINT+5/2.4
1	-763.9167
2	-762.9167
3	-761.9167
4	-760.9167
5	-759.9167
6	765.0833
7	766.0833
8	767.0833
9	768.0833
10	769.0833
11	2.0833
select cidx, CSMALLINT+2.4+5 from datatypetestm;
cidx	CSMALLINT+2.4+5
1	-758.6
2	-757.6
3	-756.6
4	-755.6
5	-754.6
6	770.4
7	771.4
8	772.4
9	773.4
10	774.4
11	7.4
select cidx, CSMALLINT+2.4-5 from datatypetestm;
cidx	CSMALLINT+2.4-5
1	-768.6
2	-767.6
3	-766.6
4	-765.6
5	-764.6
6	760.4
7	761.4
8	762.4
9	763.4
10	764.4
11	-2.6
select cidx, CSMALLINT+2.4*5 from datatypetestm;
cidx	CSMALLINT+2.4*5
1	-754.0
2	-753.0
3	-752.0
4	-751.0
5	-750.0
6	775.0
7	776.0
8	777.0
9	778.0
10	779.0
11	12.0
select cidx, CSMALLINT+2.4/5 from datatypetestm;
cidx	CSMALLINT+2.4/5
1	-765.52000
2	-764.52000
3	-763.52000
4	-762.52000
5	-761.52000
6	763.48000
7	764.48000
8	765.48000
9	766.48000
10	767.48000
11	0.48000
select cidx, CTINYINT+5+2 from datatypetestm;
cidx	CTINYINT+5+2
1	-19
2	-18
3	-17
4	-16
5	-15
6	30
7	31
8	32
9	33
10	34
11	7
select cidx, CTINYINT+5-2 from datatypetestm;
cidx	CTINYINT+5-2
1	-23
2	-22
3	-21
4	-20
5	-19
6	26
7	27
8	28
9	29
10	30
11	3
select cidx, CTINYINT+5*2 from datatypetestm;
cidx	CTINYINT+5*2
1	-16
2	-15
3	-14
4	-13
5	-12
6	33
7	34
8	35
9	36
10	37
11	10
select cidx, CTINYINT+5/2 from datatypetestm;
cidx	CTINYINT+5/2
1	-23.5000
2	-22.5000
3	-21.5000
4	-20.5000
5	-19.5000
6	25.5000
7	26.5000
8	27.5000
9	28.5000
10	29.5000
11	2.5000
select cidx, CTINYINT+5+2.4 from datatypetestm;
cidx	CTINYINT+5+2.4
1	-18.6
2	-17.6
3	-16.6
4	-15.6
5	-14.6
6	30.4
7	31.4
8	32.4
9	33.4
10	34.4
11	7.4
select cidx, CTINYINT+5-2.4 from datatypetestm;
cidx	CTINYINT+5-2.4
1	-23.4
2	-22.4
3	-21.4
4	-20.4
5	-19.4
6	25.6
7	26.6
8	27.6
9	28.6
10	29.6
11	2.6
select cidx, CTINYINT+5*2.4 from datatypetestm;
cidx	CTINYINT+5*2.4
1	-14.0
2	-13.0
3	-12.0
4	-11.0
5	-10.0
6	35.0
7	36.0
8	37.0
9	38.0
10	39.0
11	12.0
select cidx, CTINYINT+5/2.4 from datatypetestm;
cidx	CTINYINT+5/2.4
1	-23.9167
2	-22.9167
3	-21.9167
4	-20.9167
5	-19.9167
6	25.0833
7	26.0833
8	27.0833
9	28.0833
10	29.0833
11	2.0833
select cidx, CTINYINT+2.4+5 from datatypetestm;
cidx	CTINYINT+2.4+5
1	-18.6
2	-17.6
3	-16.6
4	-15.6
5	-14.6
6	30.4
7	31.4
8	32.4
9	33.4
10	34.4
11	7.4
select cidx, CTINYINT+2.4-5 from datatypetestm;
cidx	CTINYINT+2.4-5
1	-28.6
2	-27.6
3	-26.6
4	-25.6
5	-24.6
6	20.4
7	21.4
8	22.4
9	23.4
10	24.4
11	-2.6
select cidx, CTINYINT+2.4*5 from datatypetestm;
cidx	CTINYINT+2.4*5
1	-14.0
2	-13.0
3	-12.0
4	-11.0
5	-10.0
6	35.0
7	36.0
8	37.0
9	38.0
10	39.0
11	12.0
select cidx, CTINYINT+2.4/5 from datatypetestm;
cidx	CTINYINT+2.4/5
1	-25.52000
2	-24.52000
3	-23.52000
4	-22.52000
5	-21.52000
6	23.48000
7	24.48000
8	25.48000
9	26.48000
10	27.48000
11	0.48000
select cidx, CBIGINT from datatypetestm where CBIGINT+5+2 = 0;
cidx	CBIGINT
select cidx, CBIGINT from datatypetestm where CBIGINT+5+2 <> 0;
cidx	CBIGINT
1	-72036854775806
2	-72036854775805
3	-72036854775804
4	-72036854775803
5	-72036854775802
6	72036854775803
7	72036854775804
8	72036854775805
9	72036854775806
10	72036854775807
11	0
select cidx, CBIGINT from datatypetestm where CBIGINT+5+2 < 0;
cidx	CBIGINT
1	-72036854775806
2	-72036854775805
3	-72036854775804
4	-72036854775803
5	-72036854775802
select cidx, CBIGINT from datatypetestm where CBIGINT+5+2 > 0;
cidx	CBIGINT
6	72036854775803
7	72036854775804
8	72036854775805
9	72036854775806
10	72036854775807
11	0
select cidx, CBIGINT from datatypetestm where CBIGINT+5-2 = 0;
cidx	CBIGINT
select cidx, CBIGINT from datatypetestm where CBIGINT+5-2 <> 0;
cidx	CBIGINT
1	-72036854775806
2	-72036854775805
3	-72036854775804
4	-72036854775803
5	-72036854775802
6	72036854775803
7	72036854775804
8	72036854775805
9	72036854775806
10	72036854775807
11	0
select cidx, CBIGINT from datatypetestm where CBIGINT+5-2 < 0;
cidx	CBIGINT
1	-72036854775806
2	-72036854775805
3	-72036854775804
4	-72036854775803
5	-72036854775802
select cidx, CBIGINT from datatypetestm where CBIGINT+5-2 > 0;
cidx	CBIGINT
6	72036854775803
7	72036854775804
8	72036854775805
9	72036854775806
10	72036854775807
11	0
select cidx, CBIGINT from datatypetestm where CBIGINT+5*2 = 0;
cidx	CBIGINT
select cidx, CBIGINT from datatypetestm where CBIGINT+5*2 <> 0;
cidx	CBIGINT
1	-72036854775806
2	-72036854775805
3	-72036854775804
4	-72036854775803
5	-72036854775802
6	72036854775803
7	72036854775804
8	72036854775805
9	72036854775806
10	72036854775807
11	0
select cidx, CBIGINT from datatypetestm where CBIGINT+5*2 < 0;
cidx	CBIGINT
1	-72036854775806
2	-72036854775805
3	-72036854775804
4	-72036854775803
5	-72036854775802
select cidx, CBIGINT from datatypetestm where CBIGINT+5*2 > 0;
cidx	CBIGINT
6	72036854775803
7	72036854775804
8	72036854775805
9	72036854775806
10	72036854775807
11	0
select cidx, CBIGINT from datatypetestm where CBIGINT+5/2 = 0;
cidx	CBIGINT
select cidx, CBIGINT from datatypetestm where CBIGINT+5/2 <> 0;
cidx	CBIGINT
1	-72036854775806
2	-72036854775805
3	-72036854775804
4	-72036854775803
5	-72036854775802
6	72036854775803
7	72036854775804
8	72036854775805
9	72036854775806
10	72036854775807
11	0
select cidx, CBIGINT from datatypetestm where CBIGINT+5/2 < 0;
cidx	CBIGINT
1	-72036854775806
2	-72036854775805
3	-72036854775804
4	-72036854775803
5	-72036854775802
select cidx, CBIGINT from datatypetestm where CBIGINT+5/2 > 0;
cidx	CBIGINT
6	72036854775803
7	72036854775804
8	72036854775805
9	72036854775806
10	72036854775807
11	0
select cidx, CBIGINT from datatypetestm where CBIGINT+5+2.4 = 0;
cidx	CBIGINT
select cidx, CBIGINT from datatypetestm where CBIGINT+5+2.4 <> 0;
cidx	CBIGINT
1	-72036854775806
2	-72036854775805
3	-72036854775804
4	-72036854775803
5	-72036854775802
6	72036854775803
7	72036854775804
8	72036854775805
9	72036854775806
10	72036854775807
11	0
select cidx, CBIGINT from datatypetestm where CBIGINT+5+2.4 < 0;
cidx	CBIGINT
1	-72036854775806
2	-72036854775805
3	-72036854775804
4	-72036854775803
5	-72036854775802
select cidx, CBIGINT from datatypetestm where CBIGINT+5+2.4 > 0;
cidx	CBIGINT
6	72036854775803
7	72036854775804
8	72036854775805
9	72036854775806
10	72036854775807
11	0
select cidx, CBIGINT from datatypetestm where CBIGINT+5-2.4 = 0;
cidx	CBIGINT
select cidx, CBIGINT from datatypetestm where CBIGINT+5-2.4 <> 0;
cidx	CBIGINT
1	-72036854775806
2	-72036854775805
3	-72036854775804
4	-72036854775803
5	-72036854775802
6	72036854775803
7	72036854775804
8	72036854775805
9	72036854775806
10	72036854775807
11	0
select cidx, CBIGINT from datatypetestm where CBIGINT+5-2.4 < 0;
cidx	CBIGINT
1	-72036854775806
2	-72036854775805
3	-72036854775804
4	-72036854775803
5	-72036854775802
select cidx, CBIGINT from datatypetestm where CBIGINT+5-2.4 > 0;
cidx	CBIGINT
6	72036854775803
7	72036854775804
8	72036854775805
9	72036854775806
10	72036854775807
11	0
select cidx, CBIGINT from datatypetestm where CBIGINT+5*2.4 = 0;
cidx	CBIGINT
select cidx, CBIGINT from datatypetestm where CBIGINT+5*2.4 <> 0;
cidx	CBIGINT
1	-72036854775806
2	-72036854775805
3	-72036854775804
4	-72036854775803
5	-72036854775802
6	72036854775803
7	72036854775804
8	72036854775805
9	72036854775806
10	72036854775807
11	0
select cidx, CBIGINT from datatypetestm where CBIGINT+5*2.4 < 0;
cidx	CBIGINT
1	-72036854775806
2	-72036854775805
3	-72036854775804
4	-72036854775803
5	-72036854775802
select cidx, CBIGINT from datatypetestm where CBIGINT+5*2.4 > 0;
cidx	CBIGINT
6	72036854775803
7	72036854775804
8	72036854775805
9	72036854775806
10	72036854775807
11	0
select cidx, CBIGINT from datatypetestm where CBIGINT+5/2.4 = 0;
cidx	CBIGINT
select cidx, CBIGINT from datatypetestm where CBIGINT+5/2.4 <> 0;
cidx	CBIGINT
1	-72036854775806
2	-72036854775805
3	-72036854775804
4	-72036854775803
5	-72036854775802
6	72036854775803
7	72036854775804
8	72036854775805
9	72036854775806
10	72036854775807
11	0
select cidx, CBIGINT from datatypetestm where CBIGINT+5/2.4 < 0;
cidx	CBIGINT
1	-72036854775806
2	-72036854775805
3	-72036854775804
4	-72036854775803
5	-72036854775802
select cidx, CBIGINT from datatypetestm where CBIGINT+5/2.4 > 0;
cidx	CBIGINT
6	72036854775803
7	72036854775804
8	72036854775805
9	72036854775806
10	72036854775807
11	0
select cidx, CBIGINT from datatypetestm where CBIGINT+2.4+5 = 0;
cidx	CBIGINT
select cidx, CBIGINT from datatypetestm where CBIGINT+2.4+5 <> 0;
cidx	CBIGINT
1	-72036854775806
2	-72036854775805
3	-72036854775804
4	-72036854775803
5	-72036854775802
6	72036854775803
7	72036854775804
8	72036854775805
9	72036854775806
10	72036854775807
11	0
select cidx, CBIGINT from datatypetestm where CBIGINT+2.4+5 < 0;
cidx	CBIGINT
1	-72036854775806
2	-72036854775805
3	-72036854775804
4	-72036854775803
5	-72036854775802
select cidx, CBIGINT from datatypetestm where CBIGINT+2.4+5 > 0;
cidx	CBIGINT
6	72036854775803
7	72036854775804
8	72036854775805
9	72036854775806
10	72036854775807
11	0
select cidx, CBIGINT from datatypetestm where CBIGINT+2.4-5 = 0;
cidx	CBIGINT
select cidx, CBIGINT from datatypetestm where CBIGINT+2.4-5 <> 0;
cidx	CBIGINT
1	-72036854775806
2	-72036854775805
3	-72036854775804
4	-72036854775803
5	-72036854775802
6	72036854775803
7	72036854775804
8	72036854775805
9	72036854775806
10	72036854775807
11	0
select cidx, CBIGINT from datatypetestm where CBIGINT+2.4-5 < 0;
cidx	CBIGINT
1	-72036854775806
2	-72036854775805
3	-72036854775804
4	-72036854775803
5	-72036854775802
11	0
select cidx, CBIGINT from datatypetestm where CBIGINT+2.4-5 > 0;
cidx	CBIGINT
6	72036854775803
7	72036854775804
8	72036854775805
9	72036854775806
10	72036854775807
select cidx, CBIGINT from datatypetestm where CBIGINT+2.4*5 = 0;
cidx	CBIGINT
select cidx, CBIGINT from datatypetestm where CBIGINT+2.4*5 <> 0;
cidx	CBIGINT
1	-72036854775806
2	-72036854775805
3	-72036854775804
4	-72036854775803
5	-72036854775802
6	72036854775803
7	72036854775804
8	72036854775805
9	72036854775806
10	72036854775807
11	0
select cidx, CBIGINT from datatypetestm where CBIGINT+2.4*5 < 0;
cidx	CBIGINT
1	-72036854775806
2	-72036854775805
3	-72036854775804
4	-72036854775803
5	-72036854775802
select cidx, CBIGINT from datatypetestm where CBIGINT+2.4*5 > 0;
cidx	CBIGINT
6	72036854775803
7	72036854775804
8	72036854775805
9	72036854775806
10	72036854775807
11	0
select cidx, CBIGINT from datatypetestm where CBIGINT+2.4/5 = 0;
cidx	CBIGINT
select cidx, CBIGINT from datatypetestm where CBIGINT+2.4/5 <> 0;
cidx	CBIGINT
1	-72036854775806
2	-72036854775805
3	-72036854775804
4	-72036854775803
5	-72036854775802
6	72036854775803
7	72036854775804
8	72036854775805
9	72036854775806
10	72036854775807
11	0
select cidx, CBIGINT from datatypetestm where CBIGINT+2.4/5 < 0;
cidx	CBIGINT
1	-72036854775806
2	-72036854775805
3	-72036854775804
4	-72036854775803
5	-72036854775802
select cidx, CBIGINT from datatypetestm where CBIGINT+2.4/5 > 0;
cidx	CBIGINT
6	72036854775803
7	72036854775804
8	72036854775805
9	72036854775806
10	72036854775807
11	0
select cidx, CDECIMAL1 from datatypetestm where CDECIMAL1+5+2 = 0;
cidx	CDECIMAL1
3	-7
select cidx, CDECIMAL1 from datatypetestm where CDECIMAL1+5+2 <> 0;
cidx	CDECIMAL1
1	-9
2	-8
4	-6
5	-5
6	5
7	6
8	7
9	8
10	9
11	0
select cidx, CDECIMAL1 from datatypetestm where CDECIMAL1+5+2 < 0;
cidx	CDECIMAL1
1	-9
2	-8
select cidx, CDECIMAL1 from datatypetestm where CDECIMAL1+5+2 > 0;
cidx	CDECIMAL1
4	-6
5	-5
6	5
7	6
8	7
9	8
10	9
11	0
select cidx, CDECIMAL1 from datatypetestm where CDECIMAL1+5-2 = 0;
cidx	CDECIMAL1
select cidx, CDECIMAL1 from datatypetestm where CDECIMAL1+5-2 <> 0;
cidx	CDECIMAL1
1	-9
2	-8
3	-7
4	-6
5	-5
6	5
7	6
8	7
9	8
10	9
11	0
select cidx, CDECIMAL1 from datatypetestm where CDECIMAL1+5-2 < 0;
cidx	CDECIMAL1
1	-9
2	-8
3	-7
4	-6
5	-5
select cidx, CDECIMAL1 from datatypetestm where CDECIMAL1+5-2 > 0;
cidx	CDECIMAL1
6	5
7	6
8	7
9	8
10	9
11	0
select cidx, CDECIMAL1 from datatypetestm where CDECIMAL1+5*2 = 0;
cidx	CDECIMAL1
select cidx, CDECIMAL1 from datatypetestm where CDECIMAL1+5*2 <> 0;
cidx	CDECIMAL1
1	-9
2	-8
3	-7
4	-6
5	-5
6	5
7	6
8	7
9	8
10	9
11	0
select cidx, CDECIMAL1 from datatypetestm where CDECIMAL1+5*2 < 0;
cidx	CDECIMAL1
select cidx, CDECIMAL1 from datatypetestm where CDECIMAL1+5*2 > 0;
cidx	CDECIMAL1
1	-9
2	-8
3	-7
4	-6
5	-5
6	5
7	6
8	7
9	8
10	9
11	0
select cidx, CDECIMAL1 from datatypetestm where CDECIMAL1+5/2 = 0;
cidx	CDECIMAL1
select cidx, CDECIMAL1 from datatypetestm where CDECIMAL1+5/2 <> 0;
cidx	CDECIMAL1
1	-9
2	-8
3	-7
4	-6
5	-5
6	5
7	6
8	7
9	8
10	9
11	0
select cidx, CDECIMAL1 from datatypetestm where CDECIMAL1+5/2 < 0;
cidx	CDECIMAL1
1	-9
2	-8
3	-7
4	-6
5	-5
select cidx, CDECIMAL1 from datatypetestm where CDECIMAL1+5/2 > 0;
cidx	CDECIMAL1
6	5
7	6
8	7
9	8
10	9
11	0
select cidx, CDECIMAL1 from datatypetestm where CDECIMAL1+5+2.4 = 0;
cidx	CDECIMAL1
select cidx, CDECIMAL1 from datatypetestm where CDECIMAL1+5+2.4 <> 0;
cidx	CDECIMAL1
1	-9
2	-8
3	-7
4	-6
5	-5
6	5
7	6
8	7
9	8
10	9
11	0
select cidx, CDECIMAL1 from datatypetestm where CDECIMAL1+5+2.4 < 0;
cidx	CDECIMAL1
1	-9
2	-8
select cidx, CDECIMAL1 from datatypetestm where CDECIMAL1+5+2.4 > 0;
cidx	CDECIMAL1
3	-7
4	-6
5	-5
6	5
7	6
8	7
9	8
10	9
11	0
select cidx, CDECIMAL1 from datatypetestm where CDECIMAL1+5-2.4 = 0;
cidx	CDECIMAL1
select cidx, CDECIMAL1 from datatypetestm where CDECIMAL1+5-2.4 <> 0;
cidx	CDECIMAL1
1	-9
2	-8
3	-7
4	-6
5	-5
6	5
7	6
8	7
9	8
10	9
11	0
select cidx, CDECIMAL1 from datatypetestm where CDECIMAL1+5-2.4 < 0;
cidx	CDECIMAL1
1	-9
2	-8
3	-7
4	-6
5	-5
select cidx, CDECIMAL1 from datatypetestm where CDECIMAL1+5-2.4 > 0;
cidx	CDECIMAL1
6	5
7	6
8	7
9	8
10	9
11	0
select cidx, CDECIMAL1 from datatypetestm where CDECIMAL1+5*2.4 = 0;
cidx	CDECIMAL1
select cidx, CDECIMAL1 from datatypetestm where CDECIMAL1+5*2.4 <> 0;
cidx	CDECIMAL1
1	-9
2	-8
3	-7
4	-6
5	-5
6	5
7	6
8	7
9	8
10	9
11	0
select cidx, CDECIMAL1 from datatypetestm where CDECIMAL1+5*2.4 < 0;
cidx	CDECIMAL1
select cidx, CDECIMAL1 from datatypetestm where CDECIMAL1+5*2.4 > 0;
cidx	CDECIMAL1
1	-9
2	-8
3	-7
4	-6
5	-5
6	5
7	6
8	7
9	8
10	9
11	0
select cidx, CDECIMAL1 from datatypetestm where CDECIMAL1+5/2.4 = 0;
cidx	CDECIMAL1
select cidx, CDECIMAL1 from datatypetestm where CDECIMAL1+5/2.4 <> 0;
cidx	CDECIMAL1
1	-9
2	-8
3	-7
4	-6
5	-5
6	5
7	6
8	7
9	8
10	9
11	0
select cidx, CDECIMAL1 from datatypetestm where CDECIMAL1+5/2.4 < 0;
cidx	CDECIMAL1
1	-9
2	-8
3	-7
4	-6
5	-5
select cidx, CDECIMAL1 from datatypetestm where CDECIMAL1+5/2.4 > 0;
cidx	CDECIMAL1
6	5
7	6
8	7
9	8
10	9
11	0
select cidx, CDECIMAL1 from datatypetestm where CDECIMAL1+2.4+5 = 0;
cidx	CDECIMAL1
select cidx, CDECIMAL1 from datatypetestm where CDECIMAL1+2.4+5 <> 0;
cidx	CDECIMAL1
1	-9
2	-8
3	-7
4	-6
5	-5
6	5
7	6
8	7
9	8
10	9
11	0
select cidx, CDECIMAL1 from datatypetestm where CDECIMAL1+2.4+5 < 0;
cidx	CDECIMAL1
1	-9
2	-8
select cidx, CDECIMAL1 from datatypetestm where CDECIMAL1+2.4+5 > 0;
cidx	CDECIMAL1
3	-7
4	-6
5	-5
6	5
7	6
8	7
9	8
10	9
11	0
select cidx, CDECIMAL1 from datatypetestm where CDECIMAL1+2.4-5 = 0;
cidx	CDECIMAL1
select cidx, CDECIMAL1 from datatypetestm where CDECIMAL1+2.4-5 <> 0;
cidx	CDECIMAL1
1	-9
2	-8
3	-7
4	-6
5	-5
6	5
7	6
8	7
9	8
10	9
11	0
select cidx, CDECIMAL1 from datatypetestm where CDECIMAL1+2.4-5 < 0;
cidx	CDECIMAL1
1	-9
2	-8
3	-7
4	-6
5	-5
11	0
select cidx, CDECIMAL1 from datatypetestm where CDECIMAL1+2.4-5 > 0;
cidx	CDECIMAL1
6	5
7	6
8	7
9	8
10	9
select cidx, CDECIMAL1 from datatypetestm where CDECIMAL1+2.4*5 = 0;
cidx	CDECIMAL1
select cidx, CDECIMAL1 from datatypetestm where CDECIMAL1+2.4*5 <> 0;
cidx	CDECIMAL1
1	-9
2	-8
3	-7
4	-6
5	-5
6	5
7	6
8	7
9	8
10	9
11	0
select cidx, CDECIMAL1 from datatypetestm where CDECIMAL1+2.4*5 < 0;
cidx	CDECIMAL1
select cidx, CDECIMAL1 from datatypetestm where CDECIMAL1+2.4*5 > 0;
cidx	CDECIMAL1
1	-9
2	-8
3	-7
4	-6
5	-5
6	5
7	6
8	7
9	8
10	9
11	0
select cidx, CDECIMAL1 from datatypetestm where CDECIMAL1+2.4/5 = 0;
cidx	CDECIMAL1
select cidx, CDECIMAL1 from datatypetestm where CDECIMAL1+2.4/5 <> 0;
cidx	CDECIMAL1
1	-9
2	-8
3	-7
4	-6
5	-5
6	5
7	6
8	7
9	8
10	9
11	0
select cidx, CDECIMAL1 from datatypetestm where CDECIMAL1+2.4/5 < 0;
cidx	CDECIMAL1
1	-9
2	-8
3	-7
4	-6
5	-5
select cidx, CDECIMAL1 from datatypetestm where CDECIMAL1+2.4/5 > 0;
cidx	CDECIMAL1
6	5
7	6
8	7
9	8
10	9
11	0
select cidx, CDECIMAL4 from datatypetestm where CDECIMAL4+5+2 = 0;
cidx	CDECIMAL4
select cidx, CDECIMAL4 from datatypetestm where CDECIMAL4+5+2 <> 0;
cidx	CDECIMAL4
1	-999
2	-998
3	-997
4	-996
5	-995
6	995
7	996
8	997
9	998
10	999
11	0
select cidx, CDECIMAL4 from datatypetestm where CDECIMAL4+5+2 < 0;
cidx	CDECIMAL4
1	-999
2	-998
3	-997
4	-996
5	-995
select cidx, CDECIMAL4 from datatypetestm where CDECIMAL4+5+2 > 0;
cidx	CDECIMAL4
6	995
7	996
8	997
9	998
10	999
11	0
select cidx, CDECIMAL4 from datatypetestm where CDECIMAL4+5-2 = 0;
cidx	CDECIMAL4
select cidx, CDECIMAL4 from datatypetestm where CDECIMAL4+5-2 <> 0;
cidx	CDECIMAL4
1	-999
2	-998
3	-997
4	-996
5	-995
6	995
7	996
8	997
9	998
10	999
11	0
select cidx, CDECIMAL4 from datatypetestm where CDECIMAL4+5-2 < 0;
cidx	CDECIMAL4
1	-999
2	-998
3	-997
4	-996
5	-995
select cidx, CDECIMAL4 from datatypetestm where CDECIMAL4+5-2 > 0;
cidx	CDECIMAL4
6	995
7	996
8	997
9	998
10	999
11	0
select cidx, CDECIMAL4 from datatypetestm where CDECIMAL4+5*2 = 0;
cidx	CDECIMAL4
select cidx, CDECIMAL4 from datatypetestm where CDECIMAL4+5*2 <> 0;
cidx	CDECIMAL4
1	-999
2	-998
3	-997
4	-996
5	-995
6	995
7	996
8	997
9	998
10	999
11	0
select cidx, CDECIMAL4 from datatypetestm where CDECIMAL4+5*2 < 0;
cidx	CDECIMAL4
1	-999
2	-998
3	-997
4	-996
5	-995
select cidx, CDECIMAL4 from datatypetestm where CDECIMAL4+5*2 > 0;
cidx	CDECIMAL4
6	995
7	996
8	997
9	998
10	999
11	0
select cidx, CDECIMAL4 from datatypetestm where CDECIMAL4+5/2 = 0;
cidx	CDECIMAL4
select cidx, CDECIMAL4 from datatypetestm where CDECIMAL4+5/2 <> 0;
cidx	CDECIMAL4
1	-999
2	-998
3	-997
4	-996
5	-995
6	995
7	996
8	997
9	998
10	999
11	0
select cidx, CDECIMAL4 from datatypetestm where CDECIMAL4+5/2 < 0;
cidx	CDECIMAL4
1	-999
2	-998
3	-997
4	-996
5	-995
select cidx, CDECIMAL4 from datatypetestm where CDECIMAL4+5/2 > 0;
cidx	CDECIMAL4
6	995
7	996
8	997
9	998
10	999
11	0
select cidx, CDECIMAL4 from datatypetestm where CDECIMAL4+5+2.4 = 0;
cidx	CDECIMAL4
select cidx, CDECIMAL4 from datatypetestm where CDECIMAL4+5+2.4 <> 0;
cidx	CDECIMAL4
1	-999
2	-998
3	-997
4	-996
5	-995
6	995
7	996
8	997
9	998
10	999
11	0
select cidx, CDECIMAL4 from datatypetestm where CDECIMAL4+5+2.4 < 0;
cidx	CDECIMAL4
1	-999
2	-998
3	-997
4	-996
5	-995
select cidx, CDECIMAL4 from datatypetestm where CDECIMAL4+5+2.4 > 0;
cidx	CDECIMAL4
6	995
7	996
8	997
9	998
10	999
11	0
select cidx, CDECIMAL4 from datatypetestm where CDECIMAL4+5-2.4 = 0;
cidx	CDECIMAL4
select cidx, CDECIMAL4 from datatypetestm where CDECIMAL4+5-2.4 <> 0;
cidx	CDECIMAL4
1	-999
2	-998
3	-997
4	-996
5	-995
6	995
7	996
8	997
9	998
10	999
11	0
select cidx, CDECIMAL4 from datatypetestm where CDECIMAL4+5-2.4 < 0;
cidx	CDECIMAL4
1	-999
2	-998
3	-997
4	-996
5	-995
select cidx, CDECIMAL4 from datatypetestm where CDECIMAL4+5-2.4 > 0;
cidx	CDECIMAL4
6	995
7	996
8	997
9	998
10	999
11	0
select cidx, CDECIMAL4 from datatypetestm where CDECIMAL4+5*2.4 = 0;
cidx	CDECIMAL4
select cidx, CDECIMAL4 from datatypetestm where CDECIMAL4+5*2.4 <> 0;
cidx	CDECIMAL4
1	-999
2	-998
3	-997
4	-996
5	-995
6	995
7	996
8	997
9	998
10	999
11	0
select cidx, CDECIMAL4 from datatypetestm where CDECIMAL4+5*2.4 < 0;
cidx	CDECIMAL4
1	-999
2	-998
3	-997
4	-996
5	-995
select cidx, CDECIMAL4 from datatypetestm where CDECIMAL4+5*2.4 > 0;
cidx	CDECIMAL4
6	995
7	996
8	997
9	998
10	999
11	0
select cidx, CDECIMAL4 from datatypetestm where CDECIMAL4+5/2.4 = 0;
cidx	CDECIMAL4
select cidx, CDECIMAL4 from datatypetestm where CDECIMAL4+5/2.4 <> 0;
cidx	CDECIMAL4
1	-999
2	-998
3	-997
4	-996
5	-995
6	995
7	996
8	997
9	998
10	999
11	0
select cidx, CDECIMAL4 from datatypetestm where CDECIMAL4+5/2.4 < 0;
cidx	CDECIMAL4
1	-999
2	-998
3	-997
4	-996
5	-995
select cidx, CDECIMAL4 from datatypetestm where CDECIMAL4+5/2.4 > 0;
cidx	CDECIMAL4
6	995
7	996
8	997
9	998
10	999
11	0
select cidx, CDECIMAL4 from datatypetestm where CDECIMAL4+2.4+5 = 0;
cidx	CDECIMAL4
select cidx, CDECIMAL4 from datatypetestm where CDECIMAL4+2.4+5 <> 0;
cidx	CDECIMAL4
1	-999
2	-998
3	-997
4	-996
5	-995
6	995
7	996
8	997
9	998
10	999
11	0
select cidx, CDECIMAL4 from datatypetestm where CDECIMAL4+2.4+5 < 0;
cidx	CDECIMAL4
1	-999
2	-998
3	-997
4	-996
5	-995
select cidx, CDECIMAL4 from datatypetestm where CDECIMAL4+2.4+5 > 0;
cidx	CDECIMAL4
6	995
7	996
8	997
9	998
10	999
11	0
select cidx, CDECIMAL4 from datatypetestm where CDECIMAL4+2.4-5 = 0;
cidx	CDECIMAL4
select cidx, CDECIMAL4 from datatypetestm where CDECIMAL4+2.4-5 <> 0;
cidx	CDECIMAL4
1	-999
2	-998
3	-997
4	-996
5	-995
6	995
7	996
8	997
9	998
10	999
11	0
select cidx, CDECIMAL4 from datatypetestm where CDECIMAL4+2.4-5 < 0;
cidx	CDECIMAL4
1	-999
2	-998
3	-997
4	-996
5	-995
11	0
select cidx, CDECIMAL4 from datatypetestm where CDECIMAL4+2.4-5 > 0;
cidx	CDECIMAL4
6	995
7	996
8	997
9	998
10	999
select cidx, CDECIMAL4 from datatypetestm where CDECIMAL4+2.4*5 = 0;
cidx	CDECIMAL4
select cidx, CDECIMAL4 from datatypetestm where CDECIMAL4+2.4*5 <> 0;
cidx	CDECIMAL4
1	-999
2	-998
3	-997
4	-996
5	-995
6	995
7	996
8	997
9	998
10	999
11	0
select cidx, CDECIMAL4 from datatypetestm where CDECIMAL4+2.4*5 < 0;
cidx	CDECIMAL4
1	-999
2	-998
3	-997
4	-996
5	-995
select cidx, CDECIMAL4 from datatypetestm where CDECIMAL4+2.4*5 > 0;
cidx	CDECIMAL4
6	995
7	996
8	997
9	998
10	999
11	0
select cidx, CDECIMAL4 from datatypetestm where CDECIMAL4+2.4/5 = 0;
cidx	CDECIMAL4
select cidx, CDECIMAL4 from datatypetestm where CDECIMAL4+2.4/5 <> 0;
cidx	CDECIMAL4
1	-999
2	-998
3	-997
4	-996
5	-995
6	995
7	996
8	997
9	998
10	999
11	0
select cidx, CDECIMAL4 from datatypetestm where CDECIMAL4+2.4/5 < 0;
cidx	CDECIMAL4
1	-999
2	-998
3	-997
4	-996
5	-995
select cidx, CDECIMAL4 from datatypetestm where CDECIMAL4+2.4/5 > 0;
cidx	CDECIMAL4
6	995
7	996
8	997
9	998
10	999
11	0
select cidx, CDECIMAL4_2 from datatypetestm where CDECIMAL4_2+5+2 = 0;
cidx	CDECIMAL4_2
select cidx, CDECIMAL4_2 from datatypetestm where CDECIMAL4_2+5+2 <> 0;
cidx	CDECIMAL4_2
1	-9.99
2	-9.98
3	-9.97
4	-9.96
5	-9.95
6	9.95
7	9.96
8	9.97
9	9.98
10	9.99
11	0.00
select cidx, CDECIMAL4_2 from datatypetestm where CDECIMAL4_2+5+2 < 0;
cidx	CDECIMAL4_2
1	-9.99
2	-9.98
3	-9.97
4	-9.96
5	-9.95
select cidx, CDECIMAL4_2 from datatypetestm where CDECIMAL4_2+5+2 > 0;
cidx	CDECIMAL4_2
6	9.95
7	9.96
8	9.97
9	9.98
10	9.99
11	0.00
select cidx, CDECIMAL4_2 from datatypetestm where CDECIMAL4_2+5-2 = 0;
cidx	CDECIMAL4_2
select cidx, CDECIMAL4_2 from datatypetestm where CDECIMAL4_2+5-2 <> 0;
cidx	CDECIMAL4_2
1	-9.99
2	-9.98
3	-9.97
4	-9.96
5	-9.95
6	9.95
7	9.96
8	9.97
9	9.98
10	9.99
11	0.00
select cidx, CDECIMAL4_2 from datatypetestm where CDECIMAL4_2+5-2 < 0;
cidx	CDECIMAL4_2
1	-9.99
2	-9.98
3	-9.97
4	-9.96
5	-9.95
select cidx, CDECIMAL4_2 from datatypetestm where CDECIMAL4_2+5-2 > 0;
cidx	CDECIMAL4_2
6	9.95
7	9.96
8	9.97
9	9.98
10	9.99
11	0.00
select cidx, CDECIMAL4_2 from datatypetestm where CDECIMAL4_2+5*2 = 0;
cidx	CDECIMAL4_2
select cidx, CDECIMAL4_2 from datatypetestm where CDECIMAL4_2+5*2 <> 0;
cidx	CDECIMAL4_2
1	-9.99
2	-9.98
3	-9.97
4	-9.96
5	-9.95
6	9.95
7	9.96
8	9.97
9	9.98
10	9.99
11	0.00
select cidx, CDECIMAL4_2 from datatypetestm where CDECIMAL4_2+5*2 < 0;
cidx	CDECIMAL4_2
select cidx, CDECIMAL4_2 from datatypetestm where CDECIMAL4_2+5*2 > 0;
cidx	CDECIMAL4_2
1	-9.99
2	-9.98
3	-9.97
4	-9.96
5	-9.95
6	9.95
7	9.96
8	9.97
9	9.98
10	9.99
11	0.00
select cidx, CDECIMAL4_2 from datatypetestm where CDECIMAL4_2+5/2 = 0;
cidx	CDECIMAL4_2
select cidx, CDECIMAL4_2 from datatypetestm where CDECIMAL4_2+5/2 <> 0;
cidx	CDECIMAL4_2
1	-9.99
2	-9.98
3	-9.97
4	-9.96
5	-9.95
6	9.95
7	9.96
8	9.97
9	9.98
10	9.99
11	0.00
select cidx, CDECIMAL4_2 from datatypetestm where CDECIMAL4_2+5/2 < 0;
cidx	CDECIMAL4_2
1	-9.99
2	-9.98
3	-9.97
4	-9.96
5	-9.95
select cidx, CDECIMAL4_2 from datatypetestm where CDECIMAL4_2+5/2 > 0;
cidx	CDECIMAL4_2
6	9.95
7	9.96
8	9.97
9	9.98
10	9.99
11	0.00
select cidx, CDECIMAL4_2 from datatypetestm where CDECIMAL4_2+5+2.4 = 0;
cidx	CDECIMAL4_2
select cidx, CDECIMAL4_2 from datatypetestm where CDECIMAL4_2+5+2.4 <> 0;
cidx	CDECIMAL4_2
1	-9.99
2	-9.98
3	-9.97
4	-9.96
5	-9.95
6	9.95
7	9.96
8	9.97
9	9.98
10	9.99
11	0.00
select cidx, CDECIMAL4_2 from datatypetestm where CDECIMAL4_2+5+2.4 < 0;
cidx	CDECIMAL4_2
1	-9.99
2	-9.98
3	-9.97
4	-9.96
5	-9.95
select cidx, CDECIMAL4_2 from datatypetestm where CDECIMAL4_2+5+2.4 > 0;
cidx	CDECIMAL4_2
6	9.95
7	9.96
8	9.97
9	9.98
10	9.99
11	0.00
select cidx, CDECIMAL4_2 from datatypetestm where CDECIMAL4_2+5-2.4 = 0;
cidx	CDECIMAL4_2
select cidx, CDECIMAL4_2 from datatypetestm where CDECIMAL4_2+5-2.4 <> 0;
cidx	CDECIMAL4_2
1	-9.99
2	-9.98
3	-9.97
4	-9.96
5	-9.95
6	9.95
7	9.96
8	9.97
9	9.98
10	9.99
11	0.00
select cidx, CDECIMAL4_2 from datatypetestm where CDECIMAL4_2+5-2.4 < 0;
cidx	CDECIMAL4_2
1	-9.99
2	-9.98
3	-9.97
4	-9.96
5	-9.95
select cidx, CDECIMAL4_2 from datatypetestm where CDECIMAL4_2+5-2.4 > 0;
cidx	CDECIMAL4_2
6	9.95
7	9.96
8	9.97
9	9.98
10	9.99
11	0.00
select cidx, CDECIMAL4_2 from datatypetestm where CDECIMAL4_2+5*2.4 = 0;
cidx	CDECIMAL4_2
select cidx, CDECIMAL4_2 from datatypetestm where CDECIMAL4_2+5*2.4 <> 0;
cidx	CDECIMAL4_2
1	-9.99
2	-9.98
3	-9.97
4	-9.96
5	-9.95
6	9.95
7	9.96
8	9.97
9	9.98
10	9.99
11	0.00
select cidx, CDECIMAL4_2 from datatypetestm where CDECIMAL4_2+5*2.4 < 0;
cidx	CDECIMAL4_2
select cidx, CDECIMAL4_2 from datatypetestm where CDECIMAL4_2+5*2.4 > 0;
cidx	CDECIMAL4_2
1	-9.99
2	-9.98
3	-9.97
4	-9.96
5	-9.95
6	9.95
7	9.96
8	9.97
9	9.98
10	9.99
11	0.00
select cidx, CDECIMAL4_2 from datatypetestm where CDECIMAL4_2+5/2.4 = 0;
cidx	CDECIMAL4_2
select cidx, CDECIMAL4_2 from datatypetestm where CDECIMAL4_2+5/2.4 <> 0;
cidx	CDECIMAL4_2
1	-9.99
2	-9.98
3	-9.97
4	-9.96
5	-9.95
6	9.95
7	9.96
8	9.97
9	9.98
10	9.99
11	0.00
select cidx, CDECIMAL4_2 from datatypetestm where CDECIMAL4_2+5/2.4 < 0;
cidx	CDECIMAL4_2
1	-9.99
2	-9.98
3	-9.97
4	-9.96
5	-9.95
select cidx, CDECIMAL4_2 from datatypetestm where CDECIMAL4_2+5/2.4 > 0;
cidx	CDECIMAL4_2
6	9.95
7	9.96
8	9.97
9	9.98
10	9.99
11	0.00
select cidx, CDECIMAL4_2 from datatypetestm where CDECIMAL4_2+2.4+5 = 0;
cidx	CDECIMAL4_2
select cidx, CDECIMAL4_2 from datatypetestm where CDECIMAL4_2+2.4+5 <> 0;
cidx	CDECIMAL4_2
1	-9.99
2	-9.98
3	-9.97
4	-9.96
5	-9.95
6	9.95
7	9.96
8	9.97
9	9.98
10	9.99
11	0.00
select cidx, CDECIMAL4_2 from datatypetestm where CDECIMAL4_2+2.4+5 < 0;
cidx	CDECIMAL4_2
1	-9.99
2	-9.98
3	-9.97
4	-9.96
5	-9.95
select cidx, CDECIMAL4_2 from datatypetestm where CDECIMAL4_2+2.4+5 > 0;
cidx	CDECIMAL4_2
6	9.95
7	9.96
8	9.97
9	9.98
10	9.99
11	0.00
select cidx, CDECIMAL4_2 from datatypetestm where CDECIMAL4_2+2.4-5 = 0;
cidx	CDECIMAL4_2
select cidx, CDECIMAL4_2 from datatypetestm where CDECIMAL4_2+2.4-5 <> 0;
cidx	CDECIMAL4_2
1	-9.99
2	-9.98
3	-9.97
4	-9.96
5	-9.95
6	9.95
7	9.96
8	9.97
9	9.98
10	9.99
11	0.00
select cidx, CDECIMAL4_2 from datatypetestm where CDECIMAL4_2+2.4-5 < 0;
cidx	CDECIMAL4_2
1	-9.99
2	-9.98
3	-9.97
4	-9.96
5	-9.95
11	0.00
select cidx, CDECIMAL4_2 from datatypetestm where CDECIMAL4_2+2.4-5 > 0;
cidx	CDECIMAL4_2
6	9.95
7	9.96
8	9.97
9	9.98
10	9.99
select cidx, CDECIMAL4_2 from datatypetestm where CDECIMAL4_2+2.4*5 = 0;
cidx	CDECIMAL4_2
select cidx, CDECIMAL4_2 from datatypetestm where CDECIMAL4_2+2.4*5 <> 0;
cidx	CDECIMAL4_2
1	-9.99
2	-9.98
3	-9.97
4	-9.96
5	-9.95
6	9.95
7	9.96
8	9.97
9	9.98
10	9.99
11	0.00
select cidx, CDECIMAL4_2 from datatypetestm where CDECIMAL4_2+2.4*5 < 0;
cidx	CDECIMAL4_2
select cidx, CDECIMAL4_2 from datatypetestm where CDECIMAL4_2+2.4*5 > 0;
cidx	CDECIMAL4_2
1	-9.99
2	-9.98
3	-9.97
4	-9.96
5	-9.95
6	9.95
7	9.96
8	9.97
9	9.98
10	9.99
11	0.00
select cidx, CDECIMAL4_2 from datatypetestm where CDECIMAL4_2+2.4/5 = 0;
cidx	CDECIMAL4_2
select cidx, CDECIMAL4_2 from datatypetestm where CDECIMAL4_2+2.4/5 <> 0;
cidx	CDECIMAL4_2
1	-9.99
2	-9.98
3	-9.97
4	-9.96
5	-9.95
6	9.95
7	9.96
8	9.97
9	9.98
10	9.99
11	0.00
select cidx, CDECIMAL4_2 from datatypetestm where CDECIMAL4_2+2.4/5 < 0;
cidx	CDECIMAL4_2
1	-9.99
2	-9.98
3	-9.97
4	-9.96
5	-9.95
select cidx, CDECIMAL4_2 from datatypetestm where CDECIMAL4_2+2.4/5 > 0;
cidx	CDECIMAL4_2
6	9.95
7	9.96
8	9.97
9	9.98
10	9.99
11	0.00
select cidx, CDECIMAL5 from datatypetestm where CDECIMAL5+5+2 = 0;
cidx	CDECIMAL5
select cidx, CDECIMAL5 from datatypetestm where CDECIMAL5+5+2 <> 0;
cidx	CDECIMAL5
1	-999
2	-998
3	-997
4	-996
5	-995
6	995
7	996
8	997
9	998
10	999
11	0
select cidx, CDECIMAL5 from datatypetestm where CDECIMAL5+5+2 < 0;
cidx	CDECIMAL5
1	-999
2	-998
3	-997
4	-996
5	-995
select cidx, CDECIMAL5 from datatypetestm where CDECIMAL5+5+2 > 0;
cidx	CDECIMAL5
6	995
7	996
8	997
9	998
10	999
11	0
select cidx, CDECIMAL5 from datatypetestm where CDECIMAL5+5-2 = 0;
cidx	CDECIMAL5
select cidx, CDECIMAL5 from datatypetestm where CDECIMAL5+5-2 <> 0;
cidx	CDECIMAL5
1	-999
2	-998
3	-997
4	-996
5	-995
6	995
7	996
8	997
9	998
10	999
11	0
select cidx, CDECIMAL5 from datatypetestm where CDECIMAL5+5-2 < 0;
cidx	CDECIMAL5
1	-999
2	-998
3	-997
4	-996
5	-995
select cidx, CDECIMAL5 from datatypetestm where CDECIMAL5+5-2 > 0;
cidx	CDECIMAL5
6	995
7	996
8	997
9	998
10	999
11	0
select cidx, CDECIMAL5 from datatypetestm where CDECIMAL5+5*2 = 0;
cidx	CDECIMAL5
select cidx, CDECIMAL5 from datatypetestm where CDECIMAL5+5*2 <> 0;
cidx	CDECIMAL5
1	-999
2	-998
3	-997
4	-996
5	-995
6	995
7	996
8	997
9	998
10	999
11	0
select cidx, CDECIMAL5 from datatypetestm where CDECIMAL5+5*2 < 0;
cidx	CDECIMAL5
1	-999
2	-998
3	-997
4	-996
5	-995
select cidx, CDECIMAL5 from datatypetestm where CDECIMAL5+5*2 > 0;
cidx	CDECIMAL5
6	995
7	996
8	997
9	998
10	999
11	0
select cidx, CDECIMAL5 from datatypetestm where CDECIMAL5+5/2 = 0;
cidx	CDECIMAL5
select cidx, CDECIMAL5 from datatypetestm where CDECIMAL5+5/2 <> 0;
cidx	CDECIMAL5
1	-999
2	-998
3	-997
4	-996
5	-995
6	995
7	996
8	997
9	998
10	999
11	0
select cidx, CDECIMAL5 from datatypetestm where CDECIMAL5+5/2 < 0;
cidx	CDECIMAL5
1	-999
2	-998
3	-997
4	-996
5	-995
select cidx, CDECIMAL5 from datatypetestm where CDECIMAL5+5/2 > 0;
cidx	CDECIMAL5
6	995
7	996
8	997
9	998
10	999
11	0
select cidx, CDECIMAL5 from datatypetestm where CDECIMAL5+5+2.4 = 0;
cidx	CDECIMAL5
select cidx, CDECIMAL5 from datatypetestm where CDECIMAL5+5+2.4 <> 0;
cidx	CDECIMAL5
1	-999
2	-998
3	-997
4	-996
5	-995
6	995
7	996
8	997
9	998
10	999
11	0
select cidx, CDECIMAL5 from datatypetestm where CDECIMAL5+5+2.4 < 0;
cidx	CDECIMAL5
1	-999
2	-998
3	-997
4	-996
5	-995
select cidx, CDECIMAL5 from datatypetestm where CDECIMAL5+5+2.4 > 0;
cidx	CDECIMAL5
6	995
7	996
8	997
9	998
10	999
11	0
select cidx, CDECIMAL5 from datatypetestm where CDECIMAL5+5-2.4 = 0;
cidx	CDECIMAL5
select cidx, CDECIMAL5 from datatypetestm where CDECIMAL5+5-2.4 <> 0;
cidx	CDECIMAL5
1	-999
2	-998
3	-997
4	-996
5	-995
6	995
7	996
8	997
9	998
10	999
11	0
select cidx, CDECIMAL5 from datatypetestm where CDECIMAL5+5-2.4 < 0;
cidx	CDECIMAL5
1	-999
2	-998
3	-997
4	-996
5	-995
select cidx, CDECIMAL5 from datatypetestm where CDECIMAL5+5-2.4 > 0;
cidx	CDECIMAL5
6	995
7	996
8	997
9	998
10	999
11	0
select cidx, CDECIMAL5 from datatypetestm where CDECIMAL5+5*2.4 = 0;
cidx	CDECIMAL5
select cidx, CDECIMAL5 from datatypetestm where CDECIMAL5+5*2.4 <> 0;
cidx	CDECIMAL5
1	-999
2	-998
3	-997
4	-996
5	-995
6	995
7	996
8	997
9	998
10	999
11	0
select cidx, CDECIMAL5 from datatypetestm where CDECIMAL5+5*2.4 < 0;
cidx	CDECIMAL5
1	-999
2	-998
3	-997
4	-996
5	-995
select cidx, CDECIMAL5 from datatypetestm where CDECIMAL5+5*2.4 > 0;
cidx	CDECIMAL5
6	995
7	996
8	997
9	998
10	999
11	0
select cidx, CDECIMAL5 from datatypetestm where CDECIMAL5+5/2.4 = 0;
cidx	CDECIMAL5
select cidx, CDECIMAL5 from datatypetestm where CDECIMAL5+5/2.4 <> 0;
cidx	CDECIMAL5
1	-999
2	-998
3	-997
4	-996
5	-995
6	995
7	996
8	997
9	998
10	999
11	0
select cidx, CDECIMAL5 from datatypetestm where CDECIMAL5+5/2.4 < 0;
cidx	CDECIMAL5
1	-999
2	-998
3	-997
4	-996
5	-995
select cidx, CDECIMAL5 from datatypetestm where CDECIMAL5+5/2.4 > 0;
cidx	CDECIMAL5
6	995
7	996
8	997
9	998
10	999
11	0
select cidx, CDECIMAL5 from datatypetestm where CDECIMAL5+2.4+5 = 0;
cidx	CDECIMAL5
select cidx, CDECIMAL5 from datatypetestm where CDECIMAL5+2.4+5 <> 0;
cidx	CDECIMAL5
1	-999
2	-998
3	-997
4	-996
5	-995
6	995
7	996
8	997
9	998
10	999
11	0
select cidx, CDECIMAL5 from datatypetestm where CDECIMAL5+2.4+5 < 0;
cidx	CDECIMAL5
1	-999
2	-998
3	-997
4	-996
5	-995
select cidx, CDECIMAL5 from datatypetestm where CDECIMAL5+2.4+5 > 0;
cidx	CDECIMAL5
6	995
7	996
8	997
9	998
10	999
11	0
select cidx, CDECIMAL5 from datatypetestm where CDECIMAL5+2.4-5 = 0;
cidx	CDECIMAL5
select cidx, CDECIMAL5 from datatypetestm where CDECIMAL5+2.4-5 <> 0;
cidx	CDECIMAL5
1	-999
2	-998
3	-997
4	-996
5	-995
6	995
7	996
8	997
9	998
10	999
11	0
select cidx, CDECIMAL5 from datatypetestm where CDECIMAL5+2.4-5 < 0;
cidx	CDECIMAL5
1	-999
2	-998
3	-997
4	-996
5	-995
11	0
select cidx, CDECIMAL5 from datatypetestm where CDECIMAL5+2.4-5 > 0;
cidx	CDECIMAL5
6	995
7	996
8	997
9	998
10	999
select cidx, CDECIMAL5 from datatypetestm where CDECIMAL5+2.4*5 = 0;
cidx	CDECIMAL5
select cidx, CDECIMAL5 from datatypetestm where CDECIMAL5+2.4*5 <> 0;
cidx	CDECIMAL5
1	-999
2	-998
3	-997
4	-996
5	-995
6	995
7	996
8	997
9	998
10	999
11	0
select cidx, CDECIMAL5 from datatypetestm where CDECIMAL5+2.4*5 < 0;
cidx	CDECIMAL5
1	-999
2	-998
3	-997
4	-996
5	-995
select cidx, CDECIMAL5 from datatypetestm where CDECIMAL5+2.4*5 > 0;
cidx	CDECIMAL5
6	995
7	996
8	997
9	998
10	999
11	0
select cidx, CDECIMAL5 from datatypetestm where CDECIMAL5+2.4/5 = 0;
cidx	CDECIMAL5
select cidx, CDECIMAL5 from datatypetestm where CDECIMAL5+2.4/5 <> 0;
cidx	CDECIMAL5
1	-999
2	-998
3	-997
4	-996
5	-995
6	995
7	996
8	997
9	998
10	999
11	0
select cidx, CDECIMAL5 from datatypetestm where CDECIMAL5+2.4/5 < 0;
cidx	CDECIMAL5
1	-999
2	-998
3	-997
4	-996
5	-995
select cidx, CDECIMAL5 from datatypetestm where CDECIMAL5+2.4/5 > 0;
cidx	CDECIMAL5
6	995
7	996
8	997
9	998
10	999
11	0
select cidx, CDECIMAL9 from datatypetestm where CDECIMAL9+5+2 = 0;
cidx	CDECIMAL9
select cidx, CDECIMAL9 from datatypetestm where CDECIMAL9+5+2 <> 0;
cidx	CDECIMAL9
1	-999999
2	-999998
3	-999997
4	-999996
5	-999995
6	999995
7	999996
8	999997
9	999998
10	999999
11	0
select cidx, CDECIMAL9 from datatypetestm where CDECIMAL9+5+2 < 0;
cidx	CDECIMAL9
1	-999999
2	-999998
3	-999997
4	-999996
5	-999995
select cidx, CDECIMAL9 from datatypetestm where CDECIMAL9+5+2 > 0;
cidx	CDECIMAL9
6	999995
7	999996
8	999997
9	999998
10	999999
11	0
select cidx, CDECIMAL9 from datatypetestm where CDECIMAL9+5-2 = 0;
cidx	CDECIMAL9
select cidx, CDECIMAL9 from datatypetestm where CDECIMAL9+5-2 <> 0;
cidx	CDECIMAL9
1	-999999
2	-999998
3	-999997
4	-999996
5	-999995
6	999995
7	999996
8	999997
9	999998
10	999999
11	0
select cidx, CDECIMAL9 from datatypetestm where CDECIMAL9+5-2 < 0;
cidx	CDECIMAL9
1	-999999
2	-999998
3	-999997
4	-999996
5	-999995
select cidx, CDECIMAL9 from datatypetestm where CDECIMAL9+5-2 > 0;
cidx	CDECIMAL9
6	999995
7	999996
8	999997
9	999998
10	999999
11	0
select cidx, CDECIMAL9 from datatypetestm where CDECIMAL9+5*2 = 0;
cidx	CDECIMAL9
select cidx, CDECIMAL9 from datatypetestm where CDECIMAL9+5*2 <> 0;
cidx	CDECIMAL9
1	-999999
2	-999998
3	-999997
4	-999996
5	-999995
6	999995
7	999996
8	999997
9	999998
10	999999
11	0
select cidx, CDECIMAL9 from datatypetestm where CDECIMAL9+5*2 < 0;
cidx	CDECIMAL9
1	-999999
2	-999998
3	-999997
4	-999996
5	-999995
select cidx, CDECIMAL9 from datatypetestm where CDECIMAL9+5*2 > 0;
cidx	CDECIMAL9
6	999995
7	999996
8	999997
9	999998
10	999999
11	0
select cidx, CDECIMAL9 from datatypetestm where CDECIMAL9+5/2 = 0;
cidx	CDECIMAL9
select cidx, CDECIMAL9 from datatypetestm where CDECIMAL9+5/2 <> 0;
cidx	CDECIMAL9
1	-999999
2	-999998
3	-999997
4	-999996
5	-999995
6	999995
7	999996
8	999997
9	999998
10	999999
11	0
select cidx, CDECIMAL9 from datatypetestm where CDECIMAL9+5/2 < 0;
cidx	CDECIMAL9
1	-999999
2	-999998
3	-999997
4	-999996
5	-999995
select cidx, CDECIMAL9 from datatypetestm where CDECIMAL9+5/2 > 0;
cidx	CDECIMAL9
6	999995
7	999996
8	999997
9	999998
10	999999
11	0
select cidx, CDECIMAL9 from datatypetestm where CDECIMAL9+5+2.4 = 0;
cidx	CDECIMAL9
select cidx, CDECIMAL9 from datatypetestm where CDECIMAL9+5+2.4 <> 0;
cidx	CDECIMAL9
1	-999999
2	-999998
3	-999997
4	-999996
5	-999995
6	999995
7	999996
8	999997
9	999998
10	999999
11	0
select cidx, CDECIMAL9 from datatypetestm where CDECIMAL9+5+2.4 < 0;
cidx	CDECIMAL9
1	-999999
2	-999998
3	-999997
4	-999996
5	-999995
select cidx, CDECIMAL9 from datatypetestm where CDECIMAL9+5+2.4 > 0;
cidx	CDECIMAL9
6	999995
7	999996
8	999997
9	999998
10	999999
11	0
select cidx, CDECIMAL9 from datatypetestm where CDECIMAL9+5-2.4 = 0;
cidx	CDECIMAL9
select cidx, CDECIMAL9 from datatypetestm where CDECIMAL9+5-2.4 <> 0;
cidx	CDECIMAL9
1	-999999
2	-999998
3	-999997
4	-999996
5	-999995
6	999995
7	999996
8	999997
9	999998
10	999999
11	0
select cidx, CDECIMAL9 from datatypetestm where CDECIMAL9+5-2.4 < 0;
cidx	CDECIMAL9
1	-999999
2	-999998
3	-999997
4	-999996
5	-999995
select cidx, CDECIMAL9 from datatypetestm where CDECIMAL9+5-2.4 > 0;
cidx	CDECIMAL9
6	999995
7	999996
8	999997
9	999998
10	999999
11	0
select cidx, CDECIMAL9 from datatypetestm where CDECIMAL9+5*2.4 = 0;
cidx	CDECIMAL9
select cidx, CDECIMAL9 from datatypetestm where CDECIMAL9+5*2.4 <> 0;
cidx	CDECIMAL9
1	-999999
2	-999998
3	-999997
4	-999996
5	-999995
6	999995
7	999996
8	999997
9	999998
10	999999
11	0
select cidx, CDECIMAL9 from datatypetestm where CDECIMAL9+5*2.4 < 0;
cidx	CDECIMAL9
1	-999999
2	-999998
3	-999997
4	-999996
5	-999995
select cidx, CDECIMAL9 from datatypetestm where CDECIMAL9+5*2.4 > 0;
cidx	CDECIMAL9
6	999995
7	999996
8	999997
9	999998
10	999999
11	0
select cidx, CDECIMAL9 from datatypetestm where CDECIMAL9+5/2.4 = 0;
cidx	CDECIMAL9
select cidx, CDECIMAL9 from datatypetestm where CDECIMAL9+5/2.4 <> 0;
cidx	CDECIMAL9
1	-999999
2	-999998
3	-999997
4	-999996
5	-999995
6	999995
7	999996
8	999997
9	999998
10	999999
11	0
select cidx, CDECIMAL9 from datatypetestm where CDECIMAL9+5/2.4 < 0;
cidx	CDECIMAL9
1	-999999
2	-999998
3	-999997
4	-999996
5	-999995
select cidx, CDECIMAL9 from datatypetestm where CDECIMAL9+5/2.4 > 0;
cidx	CDECIMAL9
6	999995
7	999996
8	999997
9	999998
10	999999
11	0
select cidx, CDECIMAL9 from datatypetestm where CDECIMAL9+2.4+5 = 0;
cidx	CDECIMAL9
select cidx, CDECIMAL9 from datatypetestm where CDECIMAL9+2.4+5 <> 0;
cidx	CDECIMAL9
1	-999999
2	-999998
3	-999997
4	-999996
5	-999995
6	999995
7	999996
8	999997
9	999998
10	999999
11	0
select cidx, CDECIMAL9 from datatypetestm where CDECIMAL9+2.4+5 < 0;
cidx	CDECIMAL9
1	-999999
2	-999998
3	-999997
4	-999996
5	-999995
select cidx, CDECIMAL9 from datatypetestm where CDECIMAL9+2.4+5 > 0;
cidx	CDECIMAL9
6	999995
7	999996
8	999997
9	999998
10	999999
11	0
select cidx, CDECIMAL9 from datatypetestm where CDECIMAL9+2.4-5 = 0;
cidx	CDECIMAL9
select cidx, CDECIMAL9 from datatypetestm where CDECIMAL9+2.4-5 <> 0;
cidx	CDECIMAL9
1	-999999
2	-999998
3	-999997
4	-999996
5	-999995
6	999995
7	999996
8	999997
9	999998
10	999999
11	0
select cidx, CDECIMAL9 from datatypetestm where CDECIMAL9+2.4-5 < 0;
cidx	CDECIMAL9
1	-999999
2	-999998
3	-999997
4	-999996
5	-999995
11	0
select cidx, CDECIMAL9 from datatypetestm where CDECIMAL9+2.4-5 > 0;
cidx	CDECIMAL9
6	999995
7	999996
8	999997
9	999998
10	999999
select cidx, CDECIMAL9 from datatypetestm where CDECIMAL9+2.4*5 = 0;
cidx	CDECIMAL9
select cidx, CDECIMAL9 from datatypetestm where CDECIMAL9+2.4*5 <> 0;
cidx	CDECIMAL9
1	-999999
2	-999998
3	-999997
4	-999996
5	-999995
6	999995
7	999996
8	999997
9	999998
10	999999
11	0
select cidx, CDECIMAL9 from datatypetestm where CDECIMAL9+2.4*5 < 0;
cidx	CDECIMAL9
1	-999999
2	-999998
3	-999997
4	-999996
5	-999995
select cidx, CDECIMAL9 from datatypetestm where CDECIMAL9+2.4*5 > 0;
cidx	CDECIMAL9
6	999995
7	999996
8	999997
9	999998
10	999999
11	0
select cidx, CDECIMAL9 from datatypetestm where CDECIMAL9+2.4/5 = 0;
cidx	CDECIMAL9
select cidx, CDECIMAL9 from datatypetestm where CDECIMAL9+2.4/5 <> 0;
cidx	CDECIMAL9
1	-999999
2	-999998
3	-999997
4	-999996
5	-999995
6	999995
7	999996
8	999997
9	999998
10	999999
11	0
select cidx, CDECIMAL9 from datatypetestm where CDECIMAL9+2.4/5 < 0;
cidx	CDECIMAL9
1	-999999
2	-999998
3	-999997
4	-999996
5	-999995
select cidx, CDECIMAL9 from datatypetestm where CDECIMAL9+2.4/5 > 0;
cidx	CDECIMAL9
6	999995
7	999996
8	999997
9	999998
10	999999
11	0
select cidx, CDECIMAL9_2 from datatypetestm where CDECIMAL9_2+5+2 = 0;
cidx	CDECIMAL9_2
select cidx, CDECIMAL9_2 from datatypetestm where CDECIMAL9_2+5+2 <> 0;
cidx	CDECIMAL9_2
1	-9999.99
2	-9999.98
3	-9999.97
4	-9999.96
5	-9999.95
6	9999.95
7	9999.96
8	9999.97
9	9999.98
10	9999.99
11	0.00
select cidx, CDECIMAL9_2 from datatypetestm where CDECIMAL9_2+5+2 < 0;
cidx	CDECIMAL9_2
1	-9999.99
2	-9999.98
3	-9999.97
4	-9999.96
5	-9999.95
select cidx, CDECIMAL9_2 from datatypetestm where CDECIMAL9_2+5+2 > 0;
cidx	CDECIMAL9_2
6	9999.95
7	9999.96
8	9999.97
9	9999.98
10	9999.99
11	0.00
select cidx, CDECIMAL9_2 from datatypetestm where CDECIMAL9_2+5-2 = 0;
cidx	CDECIMAL9_2
select cidx, CDECIMAL9_2 from datatypetestm where CDECIMAL9_2+5-2 <> 0;
cidx	CDECIMAL9_2
1	-9999.99
2	-9999.98
3	-9999.97
4	-9999.96
5	-9999.95
6	9999.95
7	9999.96
8	9999.97
9	9999.98
10	9999.99
11	0.00
select cidx, CDECIMAL9_2 from datatypetestm where CDECIMAL9_2+5-2 < 0;
cidx	CDECIMAL9_2
1	-9999.99
2	-9999.98
3	-9999.97
4	-9999.96
5	-9999.95
select cidx, CDECIMAL9_2 from datatypetestm where CDECIMAL9_2+5-2 > 0;
cidx	CDECIMAL9_2
6	9999.95
7	9999.96
8	9999.97
9	9999.98
10	9999.99
11	0.00
select cidx, CDECIMAL9_2 from datatypetestm where CDECIMAL9_2+5*2 = 0;
cidx	CDECIMAL9_2
select cidx, CDECIMAL9_2 from datatypetestm where CDECIMAL9_2+5*2 <> 0;
cidx	CDECIMAL9_2
1	-9999.99
2	-9999.98
3	-9999.97
4	-9999.96
5	-9999.95
6	9999.95
7	9999.96
8	9999.97
9	9999.98
10	9999.99
11	0.00
select cidx, CDECIMAL9_2 from datatypetestm where CDECIMAL9_2+5*2 < 0;
cidx	CDECIMAL9_2
1	-9999.99
2	-9999.98
3	-9999.97
4	-9999.96
5	-9999.95
select cidx, CDECIMAL9_2 from datatypetestm where CDECIMAL9_2+5*2 > 0;
cidx	CDECIMAL9_2
6	9999.95
7	9999.96
8	9999.97
9	9999.98
10	9999.99
11	0.00
select cidx, CDECIMAL9_2 from datatypetestm where CDECIMAL9_2+5/2 = 0;
cidx	CDECIMAL9_2
select cidx, CDECIMAL9_2 from datatypetestm where CDECIMAL9_2+5/2 <> 0;
cidx	CDECIMAL9_2
1	-9999.99
2	-9999.98
3	-9999.97
4	-9999.96
5	-9999.95
6	9999.95
7	9999.96
8	9999.97
9	9999.98
10	9999.99
11	0.00
select cidx, CDECIMAL9_2 from datatypetestm where CDECIMAL9_2+5/2 < 0;
cidx	CDECIMAL9_2
1	-9999.99
2	-9999.98
3	-9999.97
4	-9999.96
5	-9999.95
select cidx, CDECIMAL9_2 from datatypetestm where CDECIMAL9_2+5/2 > 0;
cidx	CDECIMAL9_2
6	9999.95
7	9999.96
8	9999.97
9	9999.98
10	9999.99
11	0.00
select cidx, CDECIMAL9_2 from datatypetestm where CDECIMAL9_2+5+2.4 = 0;
cidx	CDECIMAL9_2
select cidx, CDECIMAL9_2 from datatypetestm where CDECIMAL9_2+5+2.4 <> 0;
cidx	CDECIMAL9_2
1	-9999.99
2	-9999.98
3	-9999.97
4	-9999.96
5	-9999.95
6	9999.95
7	9999.96
8	9999.97
9	9999.98
10	9999.99
11	0.00
select cidx, CDECIMAL9_2 from datatypetestm where CDECIMAL9_2+5+2.4 < 0;
cidx	CDECIMAL9_2
1	-9999.99
2	-9999.98
3	-9999.97
4	-9999.96
5	-9999.95
select cidx, CDECIMAL9_2 from datatypetestm where CDECIMAL9_2+5+2.4 > 0;
cidx	CDECIMAL9_2
6	9999.95
7	9999.96
8	9999.97
9	9999.98
10	9999.99
11	0.00
select cidx, CDECIMAL9_2 from datatypetestm where CDECIMAL9_2+5-2.4 = 0;
cidx	CDECIMAL9_2
select cidx, CDECIMAL9_2 from datatypetestm where CDECIMAL9_2+5-2.4 <> 0;
cidx	CDECIMAL9_2
1	-9999.99
2	-9999.98
3	-9999.97
4	-9999.96
5	-9999.95
6	9999.95
7	9999.96
8	9999.97
9	9999.98
10	9999.99
11	0.00
select cidx, CDECIMAL9_2 from datatypetestm where CDECIMAL9_2+5-2.4 < 0;
cidx	CDECIMAL9_2
1	-9999.99
2	-9999.98
3	-9999.97
4	-9999.96
5	-9999.95
select cidx, CDECIMAL9_2 from datatypetestm where CDECIMAL9_2+5-2.4 > 0;
cidx	CDECIMAL9_2
6	9999.95
7	9999.96
8	9999.97
9	9999.98
10	9999.99
11	0.00
select cidx, CDECIMAL9_2 from datatypetestm where CDECIMAL9_2+5*2.4 = 0;
cidx	CDECIMAL9_2
select cidx, CDECIMAL9_2 from datatypetestm where CDECIMAL9_2+5*2.4 <> 0;
cidx	CDECIMAL9_2
1	-9999.99
2	-9999.98
3	-9999.97
4	-9999.96
5	-9999.95
6	9999.95
7	9999.96
8	9999.97
9	9999.98
10	9999.99
11	0.00
select cidx, CDECIMAL9_2 from datatypetestm where CDECIMAL9_2+5*2.4 < 0;
cidx	CDECIMAL9_2
1	-9999.99
2	-9999.98
3	-9999.97
4	-9999.96
5	-9999.95
select cidx, CDECIMAL9_2 from datatypetestm where CDECIMAL9_2+5*2.4 > 0;
cidx	CDECIMAL9_2
6	9999.95
7	9999.96
8	9999.97
9	9999.98
10	9999.99
11	0.00
select cidx, CDECIMAL9_2 from datatypetestm where CDECIMAL9_2+5/2.4 = 0;
cidx	CDECIMAL9_2
select cidx, CDECIMAL9_2 from datatypetestm where CDECIMAL9_2+5/2.4 <> 0;
cidx	CDECIMAL9_2
1	-9999.99
2	-9999.98
3	-9999.97
4	-9999.96
5	-9999.95
6	9999.95
7	9999.96
8	9999.97
9	9999.98
10	9999.99
11	0.00
select cidx, CDECIMAL9_2 from datatypetestm where CDECIMAL9_2+5/2.4 < 0;
cidx	CDECIMAL9_2
1	-9999.99
2	-9999.98
3	-9999.97
4	-9999.96
5	-9999.95
select cidx, CDECIMAL9_2 from datatypetestm where CDECIMAL9_2+5/2.4 > 0;
cidx	CDECIMAL9_2
6	9999.95
7	9999.96
8	9999.97
9	9999.98
10	9999.99
11	0.00
select cidx, CDECIMAL9_2 from datatypetestm where CDECIMAL9_2+2.4+5 = 0;
cidx	CDECIMAL9_2
select cidx, CDECIMAL9_2 from datatypetestm where CDECIMAL9_2+2.4+5 <> 0;
cidx	CDECIMAL9_2
1	-9999.99
2	-9999.98
3	-9999.97
4	-9999.96
5	-9999.95
6	9999.95
7	9999.96
8	9999.97
9	9999.98
10	9999.99
11	0.00
select cidx, CDECIMAL9_2 from datatypetestm where CDECIMAL9_2+2.4+5 < 0;
cidx	CDECIMAL9_2
1	-9999.99
2	-9999.98
3	-9999.97
4	-9999.96
5	-9999.95
select cidx, CDECIMAL9_2 from datatypetestm where CDECIMAL9_2+2.4+5 > 0;
cidx	CDECIMAL9_2
6	9999.95
7	9999.96
8	9999.97
9	9999.98
10	9999.99
11	0.00
select cidx, CDECIMAL9_2 from datatypetestm where CDECIMAL9_2+2.4-5 = 0;
cidx	CDECIMAL9_2
select cidx, CDECIMAL9_2 from datatypetestm where CDECIMAL9_2+2.4-5 <> 0;
cidx	CDECIMAL9_2
1	-9999.99
2	-9999.98
3	-9999.97
4	-9999.96
5	-9999.95
6	9999.95
7	9999.96
8	9999.97
9	9999.98
10	9999.99
11	0.00
select cidx, CDECIMAL9_2 from datatypetestm where CDECIMAL9_2+2.4-5 < 0;
cidx	CDECIMAL9_2
1	-9999.99
2	-9999.98
3	-9999.97
4	-9999.96
5	-9999.95
11	0.00
select cidx, CDECIMAL9_2 from datatypetestm where CDECIMAL9_2+2.4-5 > 0;
cidx	CDECIMAL9_2
6	9999.95
7	9999.96
8	9999.97
9	9999.98
10	9999.99
select cidx, CDECIMAL9_2 from datatypetestm where CDECIMAL9_2+2.4*5 = 0;
cidx	CDECIMAL9_2
select cidx, CDECIMAL9_2 from datatypetestm where CDECIMAL9_2+2.4*5 <> 0;
cidx	CDECIMAL9_2
1	-9999.99
2	-9999.98
3	-9999.97
4	-9999.96
5	-9999.95
6	9999.95
7	9999.96
8	9999.97
9	9999.98
10	9999.99
11	0.00
select cidx, CDECIMAL9_2 from datatypetestm where CDECIMAL9_2+2.4*5 < 0;
cidx	CDECIMAL9_2
1	-9999.99
2	-9999.98
3	-9999.97
4	-9999.96
5	-9999.95
select cidx, CDECIMAL9_2 from datatypetestm where CDECIMAL9_2+2.4*5 > 0;
cidx	CDECIMAL9_2
6	9999.95
7	9999.96
8	9999.97
9	9999.98
10	9999.99
11	0.00
select cidx, CDECIMAL9_2 from datatypetestm where CDECIMAL9_2+2.4/5 = 0;
cidx	CDECIMAL9_2
select cidx, CDECIMAL9_2 from datatypetestm where CDECIMAL9_2+2.4/5 <> 0;
cidx	CDECIMAL9_2
1	-9999.99
2	-9999.98
3	-9999.97
4	-9999.96
5	-9999.95
6	9999.95
7	9999.96
8	9999.97
9	9999.98
10	9999.99
11	0.00
select cidx, CDECIMAL9_2 from datatypetestm where CDECIMAL9_2+2.4/5 < 0;
cidx	CDECIMAL9_2
1	-9999.99
2	-9999.98
3	-9999.97
4	-9999.96
5	-9999.95
select cidx, CDECIMAL9_2 from datatypetestm where CDECIMAL9_2+2.4/5 > 0;
cidx	CDECIMAL9_2
6	9999.95
7	9999.96
8	9999.97
9	9999.98
10	9999.99
11	0.00
select cidx, CDECIMAL10 from datatypetestm where CDECIMAL10+5+2 = 0;
cidx	CDECIMAL10
select cidx, CDECIMAL10 from datatypetestm where CDECIMAL10+5+2 <> 0;
cidx	CDECIMAL10
1	-9999999
2	-9999998
3	-9999997
4	-9999996
5	-9999995
6	9999995
7	9999996
8	9999997
9	9999998
10	9999999
11	0
select cidx, CDECIMAL10 from datatypetestm where CDECIMAL10+5+2 < 0;
cidx	CDECIMAL10
1	-9999999
2	-9999998
3	-9999997
4	-9999996
5	-9999995
select cidx, CDECIMAL10 from datatypetestm where CDECIMAL10+5+2 > 0;
cidx	CDECIMAL10
6	9999995
7	9999996
8	9999997
9	9999998
10	9999999
11	0
select cidx, CDECIMAL10 from datatypetestm where CDECIMAL10+5-2 = 0;
cidx	CDECIMAL10
select cidx, CDECIMAL10 from datatypetestm where CDECIMAL10+5-2 <> 0;
cidx	CDECIMAL10
1	-9999999
2	-9999998
3	-9999997
4	-9999996
5	-9999995
6	9999995
7	9999996
8	9999997
9	9999998
10	9999999
11	0
select cidx, CDECIMAL10 from datatypetestm where CDECIMAL10+5-2 < 0;
cidx	CDECIMAL10
1	-9999999
2	-9999998
3	-9999997
4	-9999996
5	-9999995
select cidx, CDECIMAL10 from datatypetestm where CDECIMAL10+5-2 > 0;
cidx	CDECIMAL10
6	9999995
7	9999996
8	9999997
9	9999998
10	9999999
11	0
select cidx, CDECIMAL10 from datatypetestm where CDECIMAL10+5*2 = 0;
cidx	CDECIMAL10
select cidx, CDECIMAL10 from datatypetestm where CDECIMAL10+5*2 <> 0;
cidx	CDECIMAL10
1	-9999999
2	-9999998
3	-9999997
4	-9999996
5	-9999995
6	9999995
7	9999996
8	9999997
9	9999998
10	9999999
11	0
select cidx, CDECIMAL10 from datatypetestm where CDECIMAL10+5*2 < 0;
cidx	CDECIMAL10
1	-9999999
2	-9999998
3	-9999997
4	-9999996
5	-9999995
select cidx, CDECIMAL10 from datatypetestm where CDECIMAL10+5*2 > 0;
cidx	CDECIMAL10
6	9999995
7	9999996
8	9999997
9	9999998
10	9999999
11	0
select cidx, CDECIMAL10 from datatypetestm where CDECIMAL10+5/2 = 0;
cidx	CDECIMAL10
select cidx, CDECIMAL10 from datatypetestm where CDECIMAL10+5/2 <> 0;
cidx	CDECIMAL10
1	-9999999
2	-9999998
3	-9999997
4	-9999996
5	-9999995
6	9999995
7	9999996
8	9999997
9	9999998
10	9999999
11	0
select cidx, CDECIMAL10 from datatypetestm where CDECIMAL10+5/2 < 0;
cidx	CDECIMAL10
1	-9999999
2	-9999998
3	-9999997
4	-9999996
5	-9999995
select cidx, CDECIMAL10 from datatypetestm where CDECIMAL10+5/2 > 0;
cidx	CDECIMAL10
6	9999995
7	9999996
8	9999997
9	9999998
10	9999999
11	0
select cidx, CDECIMAL10 from datatypetestm where CDECIMAL10+5+2.4 = 0;
cidx	CDECIMAL10
select cidx, CDECIMAL10 from datatypetestm where CDECIMAL10+5+2.4 <> 0;
cidx	CDECIMAL10
1	-9999999
2	-9999998
3	-9999997
4	-9999996
5	-9999995
6	9999995
7	9999996
8	9999997
9	9999998
10	9999999
11	0
select cidx, CDECIMAL10 from datatypetestm where CDECIMAL10+5+2.4 < 0;
cidx	CDECIMAL10
1	-9999999
2	-9999998
3	-9999997
4	-9999996
5	-9999995
select cidx, CDECIMAL10 from datatypetestm where CDECIMAL10+5+2.4 > 0;
cidx	CDECIMAL10
6	9999995
7	9999996
8	9999997
9	9999998
10	9999999
11	0
select cidx, CDECIMAL10 from datatypetestm where CDECIMAL10+5-2.4 = 0;
cidx	CDECIMAL10
select cidx, CDECIMAL10 from datatypetestm where CDECIMAL10+5-2.4 <> 0;
cidx	CDECIMAL10
1	-9999999
2	-9999998
3	-9999997
4	-9999996
5	-9999995
6	9999995
7	9999996
8	9999997
9	9999998
10	9999999
11	0
select cidx, CDECIMAL10 from datatypetestm where CDECIMAL10+5-2.4 < 0;
cidx	CDECIMAL10
1	-9999999
2	-9999998
3	-9999997
4	-9999996
5	-9999995
select cidx, CDECIMAL10 from datatypetestm where CDECIMAL10+5-2.4 > 0;
cidx	CDECIMAL10
6	9999995
7	9999996
8	9999997
9	9999998
10	9999999
11	0
select cidx, CDECIMAL10 from datatypetestm where CDECIMAL10+5*2.4 = 0;
cidx	CDECIMAL10
select cidx, CDECIMAL10 from datatypetestm where CDECIMAL10+5*2.4 <> 0;
cidx	CDECIMAL10
1	-9999999
2	-9999998
3	-9999997
4	-9999996
5	-9999995
6	9999995
7	9999996
8	9999997
9	9999998
10	9999999
11	0
select cidx, CDECIMAL10 from datatypetestm where CDECIMAL10+5*2.4 < 0;
cidx	CDECIMAL10
1	-9999999
2	-9999998
3	-9999997
4	-9999996
5	-9999995
select cidx, CDECIMAL10 from datatypetestm where CDECIMAL10+5*2.4 > 0;
cidx	CDECIMAL10
6	9999995
7	9999996
8	9999997
9	9999998
10	9999999
11	0
select cidx, CDECIMAL10 from datatypetestm where CDECIMAL10+5/2.4 = 0;
cidx	CDECIMAL10
select cidx, CDECIMAL10 from datatypetestm where CDECIMAL10+5/2.4 <> 0;
cidx	CDECIMAL10
1	-9999999
2	-9999998
3	-9999997
4	-9999996
5	-9999995
6	9999995
7	9999996
8	9999997
9	9999998
10	9999999
11	0
select cidx, CDECIMAL10 from datatypetestm where CDECIMAL10+5/2.4 < 0;
cidx	CDECIMAL10
1	-9999999
2	-9999998
3	-9999997
4	-9999996
5	-9999995
select cidx, CDECIMAL10 from datatypetestm where CDECIMAL10+5/2.4 > 0;
cidx	CDECIMAL10
6	9999995
7	9999996
8	9999997
9	9999998
10	9999999
11	0
select cidx, CDECIMAL10 from datatypetestm where CDECIMAL10+2.4+5 = 0;
cidx	CDECIMAL10
select cidx, CDECIMAL10 from datatypetestm where CDECIMAL10+2.4+5 <> 0;
cidx	CDECIMAL10
1	-9999999
2	-9999998
3	-9999997
4	-9999996
5	-9999995
6	9999995
7	9999996
8	9999997
9	9999998
10	9999999
11	0
select cidx, CDECIMAL10 from datatypetestm where CDECIMAL10+2.4+5 < 0;
cidx	CDECIMAL10
1	-9999999
2	-9999998
3	-9999997
4	-9999996
5	-9999995
select cidx, CDECIMAL10 from datatypetestm where CDECIMAL10+2.4+5 > 0;
cidx	CDECIMAL10
6	9999995
7	9999996
8	9999997
9	9999998
10	9999999
11	0
select cidx, CDECIMAL10 from datatypetestm where CDECIMAL10+2.4-5 = 0;
cidx	CDECIMAL10
select cidx, CDECIMAL10 from datatypetestm where CDECIMAL10+2.4-5 <> 0;
cidx	CDECIMAL10
1	-9999999
2	-9999998
3	-9999997
4	-9999996
5	-9999995
6	9999995
7	9999996
8	9999997
9	9999998
10	9999999
11	0
select cidx, CDECIMAL10 from datatypetestm where CDECIMAL10+2.4-5 < 0;
cidx	CDECIMAL10
1	-9999999
2	-9999998
3	-9999997
4	-9999996
5	-9999995
11	0
select cidx, CDECIMAL10 from datatypetestm where CDECIMAL10+2.4-5 > 0;
cidx	CDECIMAL10
6	9999995
7	9999996
8	9999997
9	9999998
10	9999999
select cidx, CDECIMAL10 from datatypetestm where CDECIMAL10+2.4*5 = 0;
cidx	CDECIMAL10
select cidx, CDECIMAL10 from datatypetestm where CDECIMAL10+2.4*5 <> 0;
cidx	CDECIMAL10
1	-9999999
2	-9999998
3	-9999997
4	-9999996
5	-9999995
6	9999995
7	9999996
8	9999997
9	9999998
10	9999999
11	0
select cidx, CDECIMAL10 from datatypetestm where CDECIMAL10+2.4*5 < 0;
cidx	CDECIMAL10
1	-9999999
2	-9999998
3	-9999997
4	-9999996
5	-9999995
select cidx, CDECIMAL10 from datatypetestm where CDECIMAL10+2.4*5 > 0;
cidx	CDECIMAL10
6	9999995
7	9999996
8	9999997
9	9999998
10	9999999
11	0
select cidx, CDECIMAL10 from datatypetestm where CDECIMAL10+2.4/5 = 0;
cidx	CDECIMAL10
select cidx, CDECIMAL10 from datatypetestm where CDECIMAL10+2.4/5 <> 0;
cidx	CDECIMAL10
1	-9999999
2	-9999998
3	-9999997
4	-9999996
5	-9999995
6	9999995
7	9999996
8	9999997
9	9999998
10	9999999
11	0
select cidx, CDECIMAL10 from datatypetestm where CDECIMAL10+2.4/5 < 0;
cidx	CDECIMAL10
1	-9999999
2	-9999998
3	-9999997
4	-9999996
5	-9999995
select cidx, CDECIMAL10 from datatypetestm where CDECIMAL10+2.4/5 > 0;
cidx	CDECIMAL10
6	9999995
7	9999996
8	9999997
9	9999998
10	9999999
11	0
select cidx, CDECIMAL18 from datatypetestm where CDECIMAL18+5+2 = 0;
cidx	CDECIMAL18
select cidx, CDECIMAL18 from datatypetestm where CDECIMAL18+5+2 <> 0;
cidx	CDECIMAL18
1	-9999999999999
2	-9999999999998
3	-9999999999997
4	-9999999999996
5	-9999999999995
6	9999999999995
7	9999999999996
8	9999999999997
9	9999999999998
10	9999999999999
11	0
select cidx, CDECIMAL18 from datatypetestm where CDECIMAL18+5+2 < 0;
cidx	CDECIMAL18
1	-9999999999999
2	-9999999999998
3	-9999999999997
4	-9999999999996
5	-9999999999995
select cidx, CDECIMAL18 from datatypetestm where CDECIMAL18+5+2 > 0;
cidx	CDECIMAL18
6	9999999999995
7	9999999999996
8	9999999999997
9	9999999999998
10	9999999999999
11	0
select cidx, CDECIMAL18 from datatypetestm where CDECIMAL18+5-2 = 0;
cidx	CDECIMAL18
select cidx, CDECIMAL18 from datatypetestm where CDECIMAL18+5-2 <> 0;
cidx	CDECIMAL18
1	-9999999999999
2	-9999999999998
3	-9999999999997
4	-9999999999996
5	-9999999999995
6	9999999999995
7	9999999999996
8	9999999999997
9	9999999999998
10	9999999999999
11	0
select cidx, CDECIMAL18 from datatypetestm where CDECIMAL18+5-2 < 0;
cidx	CDECIMAL18
1	-9999999999999
2	-9999999999998
3	-9999999999997
4	-9999999999996
5	-9999999999995
select cidx, CDECIMAL18 from datatypetestm where CDECIMAL18+5-2 > 0;
cidx	CDECIMAL18
6	9999999999995
7	9999999999996
8	9999999999997
9	9999999999998
10	9999999999999
11	0
select cidx, CDECIMAL18 from datatypetestm where CDECIMAL18+5*2 = 0;
cidx	CDECIMAL18
select cidx, CDECIMAL18 from datatypetestm where CDECIMAL18+5*2 <> 0;
cidx	CDECIMAL18
1	-9999999999999
2	-9999999999998
3	-9999999999997
4	-9999999999996
5	-9999999999995
6	9999999999995
7	9999999999996
8	9999999999997
9	9999999999998
10	9999999999999
11	0
select cidx, CDECIMAL18 from datatypetestm where CDECIMAL18+5*2 < 0;
cidx	CDECIMAL18
1	-9999999999999
2	-9999999999998
3	-9999999999997
4	-9999999999996
5	-9999999999995
select cidx, CDECIMAL18 from datatypetestm where CDECIMAL18+5*2 > 0;
cidx	CDECIMAL18
6	9999999999995
7	9999999999996
8	9999999999997
9	9999999999998
10	9999999999999
11	0
select cidx, CDECIMAL18 from datatypetestm where CDECIMAL18+5/2 = 0;
cidx	CDECIMAL18
select cidx, CDECIMAL18 from datatypetestm where CDECIMAL18+5/2 <> 0;
cidx	CDECIMAL18
1	-9999999999999
2	-9999999999998
3	-9999999999997
4	-9999999999996
5	-9999999999995
6	9999999999995
7	9999999999996
8	9999999999997
9	9999999999998
10	9999999999999
11	0
select cidx, CDECIMAL18 from datatypetestm where CDECIMAL18+5/2 < 0;
cidx	CDECIMAL18
1	-9999999999999
2	-9999999999998
3	-9999999999997
4	-9999999999996
5	-9999999999995
select cidx, CDECIMAL18 from datatypetestm where CDECIMAL18+5/2 > 0;
cidx	CDECIMAL18
6	9999999999995
7	9999999999996
8	9999999999997
9	9999999999998
10	9999999999999
11	0
select cidx, CDECIMAL18 from datatypetestm where CDECIMAL18+5+2.4 = 0;
cidx	CDECIMAL18
select cidx, CDECIMAL18 from datatypetestm where CDECIMAL18+5+2.4 <> 0;
cidx	CDECIMAL18
1	-9999999999999
2	-9999999999998
3	-9999999999997
4	-9999999999996
5	-9999999999995
6	9999999999995
7	9999999999996
8	9999999999997
9	9999999999998
10	9999999999999
11	0
select cidx, CDECIMAL18 from datatypetestm where CDECIMAL18+5+2.4 < 0;
cidx	CDECIMAL18
1	-9999999999999
2	-9999999999998
3	-9999999999997
4	-9999999999996
5	-9999999999995
select cidx, CDECIMAL18 from datatypetestm where CDECIMAL18+5+2.4 > 0;
cidx	CDECIMAL18
6	9999999999995
7	9999999999996
8	9999999999997
9	9999999999998
10	9999999999999
11	0
select cidx, CDECIMAL18 from datatypetestm where CDECIMAL18+5-2.4 = 0;
cidx	CDECIMAL18
select cidx, CDECIMAL18 from datatypetestm where CDECIMAL18+5-2.4 <> 0;
cidx	CDECIMAL18
1	-9999999999999
2	-9999999999998
3	-9999999999997
4	-9999999999996
5	-9999999999995
6	9999999999995
7	9999999999996
8	9999999999997
9	9999999999998
10	9999999999999
11	0
select cidx, CDECIMAL18 from datatypetestm where CDECIMAL18+5-2.4 < 0;
cidx	CDECIMAL18
1	-9999999999999
2	-9999999999998
3	-9999999999997
4	-9999999999996
5	-9999999999995
select cidx, CDECIMAL18 from datatypetestm where CDECIMAL18+5-2.4 > 0;
cidx	CDECIMAL18
6	9999999999995
7	9999999999996
8	9999999999997
9	9999999999998
10	9999999999999
11	0
select cidx, CDECIMAL18 from datatypetestm where CDECIMAL18+5*2.4 = 0;
cidx	CDECIMAL18
select cidx, CDECIMAL18 from datatypetestm where CDECIMAL18+5*2.4 <> 0;
cidx	CDECIMAL18
1	-9999999999999
2	-9999999999998
3	-9999999999997
4	-9999999999996
5	-9999999999995
6	9999999999995
7	9999999999996
8	9999999999997
9	9999999999998
10	9999999999999
11	0
select cidx, CDECIMAL18 from datatypetestm where CDECIMAL18+5*2.4 < 0;
cidx	CDECIMAL18
1	-9999999999999
2	-9999999999998
3	-9999999999997
4	-9999999999996
5	-9999999999995
select cidx, CDECIMAL18 from datatypetestm where CDECIMAL18+5*2.4 > 0;
cidx	CDECIMAL18
6	9999999999995
7	9999999999996
8	9999999999997
9	9999999999998
10	9999999999999
11	0
select cidx, CDECIMAL18 from datatypetestm where CDECIMAL18+5/2.4 = 0;
cidx	CDECIMAL18
select cidx, CDECIMAL18 from datatypetestm where CDECIMAL18+5/2.4 <> 0;
cidx	CDECIMAL18
1	-9999999999999
2	-9999999999998
3	-9999999999997
4	-9999999999996
5	-9999999999995
6	9999999999995
7	9999999999996
8	9999999999997
9	9999999999998
10	9999999999999
11	0
select cidx, CDECIMAL18 from datatypetestm where CDECIMAL18+5/2.4 < 0;
cidx	CDECIMAL18
1	-9999999999999
2	-9999999999998
3	-9999999999997
4	-9999999999996
5	-9999999999995
select cidx, CDECIMAL18 from datatypetestm where CDECIMAL18+5/2.4 > 0;
cidx	CDECIMAL18
6	9999999999995
7	9999999999996
8	9999999999997
9	9999999999998
10	9999999999999
11	0
select cidx, CDECIMAL18 from datatypetestm where CDECIMAL18+2.4+5 = 0;
cidx	CDECIMAL18
select cidx, CDECIMAL18 from datatypetestm where CDECIMAL18+2.4+5 <> 0;
cidx	CDECIMAL18
1	-9999999999999
2	-9999999999998
3	-9999999999997
4	-9999999999996
5	-9999999999995
6	9999999999995
7	9999999999996
8	9999999999997
9	9999999999998
10	9999999999999
11	0
select cidx, CDECIMAL18 from datatypetestm where CDECIMAL18+2.4+5 < 0;
cidx	CDECIMAL18
1	-9999999999999
2	-9999999999998
3	-9999999999997
4	-9999999999996
5	-9999999999995
select cidx, CDECIMAL18 from datatypetestm where CDECIMAL18+2.4+5 > 0;
cidx	CDECIMAL18
6	9999999999995
7	9999999999996
8	9999999999997
9	9999999999998
10	9999999999999
11	0
select cidx, CDECIMAL18 from datatypetestm where CDECIMAL18+2.4-5 = 0;
cidx	CDECIMAL18
select cidx, CDECIMAL18 from datatypetestm where CDECIMAL18+2.4-5 <> 0;
cidx	CDECIMAL18
1	-9999999999999
2	-9999999999998
3	-9999999999997
4	-9999999999996
5	-9999999999995
6	9999999999995
7	9999999999996
8	9999999999997
9	9999999999998
10	9999999999999
11	0
select cidx, CDECIMAL18 from datatypetestm where CDECIMAL18+2.4-5 < 0;
cidx	CDECIMAL18
1	-9999999999999
2	-9999999999998
3	-9999999999997
4	-9999999999996
5	-9999999999995
11	0
select cidx, CDECIMAL18 from datatypetestm where CDECIMAL18+2.4-5 > 0;
cidx	CDECIMAL18
6	9999999999995
7	9999999999996
8	9999999999997
9	9999999999998
10	9999999999999
select cidx, CDECIMAL18 from datatypetestm where CDECIMAL18+2.4*5 = 0;
cidx	CDECIMAL18
select cidx, CDECIMAL18 from datatypetestm where CDECIMAL18+2.4*5 <> 0;
cidx	CDECIMAL18
1	-9999999999999
2	-9999999999998
3	-9999999999997
4	-9999999999996
5	-9999999999995
6	9999999999995
7	9999999999996
8	9999999999997
9	9999999999998
10	9999999999999
11	0
select cidx, CDECIMAL18 from datatypetestm where CDECIMAL18+2.4*5 < 0;
cidx	CDECIMAL18
1	-9999999999999
2	-9999999999998
3	-9999999999997
4	-9999999999996
5	-9999999999995
select cidx, CDECIMAL18 from datatypetestm where CDECIMAL18+2.4*5 > 0;
cidx	CDECIMAL18
6	9999999999995
7	9999999999996
8	9999999999997
9	9999999999998
10	9999999999999
11	0
select cidx, CDECIMAL18 from datatypetestm where CDECIMAL18+2.4/5 = 0;
cidx	CDECIMAL18
select cidx, CDECIMAL18 from datatypetestm where CDECIMAL18+2.4/5 <> 0;
cidx	CDECIMAL18
1	-9999999999999
2	-9999999999998
3	-9999999999997
4	-9999999999996
5	-9999999999995
6	9999999999995
7	9999999999996
8	9999999999997
9	9999999999998
10	9999999999999
11	0
select cidx, CDECIMAL18 from datatypetestm where CDECIMAL18+2.4/5 < 0;
cidx	CDECIMAL18
1	-9999999999999
2	-9999999999998
3	-9999999999997
4	-9999999999996
5	-9999999999995
select cidx, CDECIMAL18 from datatypetestm where CDECIMAL18+2.4/5 > 0;
cidx	CDECIMAL18
6	9999999999995
7	9999999999996
8	9999999999997
9	9999999999998
10	9999999999999
11	0
select cidx, CDECIMAL18_2 from datatypetestm where CDECIMAL18_2+5+2 = 0;
cidx	CDECIMAL18_2
select cidx, CDECIMAL18_2 from datatypetestm where CDECIMAL18_2+5+2 <> 0;
cidx	CDECIMAL18_2
1	-99999999999.99
2	-99999999999.98
3	-99999999999.97
4	-99999999999.96
5	-99999999999.95
6	99999999999.95
7	99999999999.96
8	99999999999.97
9	99999999999.98
10	99999999999.99
11	0.00
select cidx, CDECIMAL18_2 from datatypetestm where CDECIMAL18_2+5+2 < 0;
cidx	CDECIMAL18_2
1	-99999999999.99
2	-99999999999.98
3	-99999999999.97
4	-99999999999.96
5	-99999999999.95
select cidx, CDECIMAL18_2 from datatypetestm where CDECIMAL18_2+5+2 > 0;
cidx	CDECIMAL18_2
6	99999999999.95
7	99999999999.96
8	99999999999.97
9	99999999999.98
10	99999999999.99
11	0.00
select cidx, CDECIMAL18_2 from datatypetestm where CDECIMAL18_2+5-2 = 0;
cidx	CDECIMAL18_2
select cidx, CDECIMAL18_2 from datatypetestm where CDECIMAL18_2+5-2 <> 0;
cidx	CDECIMAL18_2
1	-99999999999.99
2	-99999999999.98
3	-99999999999.97
4	-99999999999.96
5	-99999999999.95
6	99999999999.95
7	99999999999.96
8	99999999999.97
9	99999999999.98
10	99999999999.99
11	0.00
select cidx, CDECIMAL18_2 from datatypetestm where CDECIMAL18_2+5-2 < 0;
cidx	CDECIMAL18_2
1	-99999999999.99
2	-99999999999.98
3	-99999999999.97
4	-99999999999.96
5	-99999999999.95
select cidx, CDECIMAL18_2 from datatypetestm where CDECIMAL18_2+5-2 > 0;
cidx	CDECIMAL18_2
6	99999999999.95
7	99999999999.96
8	99999999999.97
9	99999999999.98
10	99999999999.99
11	0.00
select cidx, CDECIMAL18_2 from datatypetestm where CDECIMAL18_2+5*2 = 0;
cidx	CDECIMAL18_2
select cidx, CDECIMAL18_2 from datatypetestm where CDECIMAL18_2+5*2 <> 0;
cidx	CDECIMAL18_2
1	-99999999999.99
2	-99999999999.98
3	-99999999999.97
4	-99999999999.96
5	-99999999999.95
6	99999999999.95
7	99999999999.96
8	99999999999.97
9	99999999999.98
10	99999999999.99
11	0.00
select cidx, CDECIMAL18_2 from datatypetestm where CDECIMAL18_2+5*2 < 0;
cidx	CDECIMAL18_2
1	-99999999999.99
2	-99999999999.98
3	-99999999999.97
4	-99999999999.96
5	-99999999999.95
select cidx, CDECIMAL18_2 from datatypetestm where CDECIMAL18_2+5*2 > 0;
cidx	CDECIMAL18_2
6	99999999999.95
7	99999999999.96
8	99999999999.97
9	99999999999.98
10	99999999999.99
11	0.00
select cidx, CDECIMAL18_2 from datatypetestm where CDECIMAL18_2+5/2 = 0;
cidx	CDECIMAL18_2
select cidx, CDECIMAL18_2 from datatypetestm where CDECIMAL18_2+5/2 <> 0;
cidx	CDECIMAL18_2
1	-99999999999.99
2	-99999999999.98
3	-99999999999.97
4	-99999999999.96
5	-99999999999.95
6	99999999999.95
7	99999999999.96
8	99999999999.97
9	99999999999.98
10	99999999999.99
11	0.00
select cidx, CDECIMAL18_2 from datatypetestm where CDECIMAL18_2+5/2 < 0;
cidx	CDECIMAL18_2
1	-99999999999.99
2	-99999999999.98
3	-99999999999.97
4	-99999999999.96
5	-99999999999.95
select cidx, CDECIMAL18_2 from datatypetestm where CDECIMAL18_2+5/2 > 0;
cidx	CDECIMAL18_2
6	99999999999.95
7	99999999999.96
8	99999999999.97
9	99999999999.98
10	99999999999.99
11	0.00
select cidx, CDECIMAL18_2 from datatypetestm where CDECIMAL18_2+5+2.4 = 0;
cidx	CDECIMAL18_2
select cidx, CDECIMAL18_2 from datatypetestm where CDECIMAL18_2+5+2.4 <> 0;
cidx	CDECIMAL18_2
1	-99999999999.99
2	-99999999999.98
3	-99999999999.97
4	-99999999999.96
5	-99999999999.95
6	99999999999.95
7	99999999999.96
8	99999999999.97
9	99999999999.98
10	99999999999.99
11	0.00
select cidx, CDECIMAL18_2 from datatypetestm where CDECIMAL18_2+5+2.4 < 0;
cidx	CDECIMAL18_2
1	-99999999999.99
2	-99999999999.98
3	-99999999999.97
4	-99999999999.96
5	-99999999999.95
select cidx, CDECIMAL18_2 from datatypetestm where CDECIMAL18_2+5+2.4 > 0;
cidx	CDECIMAL18_2
6	99999999999.95
7	99999999999.96
8	99999999999.97
9	99999999999.98
10	99999999999.99
11	0.00
select cidx, CDECIMAL18_2 from datatypetestm where CDECIMAL18_2+5-2.4 = 0;
cidx	CDECIMAL18_2
select cidx, CDECIMAL18_2 from datatypetestm where CDECIMAL18_2+5-2.4 <> 0;
cidx	CDECIMAL18_2
1	-99999999999.99
2	-99999999999.98
3	-99999999999.97
4	-99999999999.96
5	-99999999999.95
6	99999999999.95
7	99999999999.96
8	99999999999.97
9	99999999999.98
10	99999999999.99
11	0.00
select cidx, CDECIMAL18_2 from datatypetestm where CDECIMAL18_2+5-2.4 < 0;
cidx	CDECIMAL18_2
1	-99999999999.99
2	-99999999999.98
3	-99999999999.97
4	-99999999999.96
5	-99999999999.95
select cidx, CDECIMAL18_2 from datatypetestm where CDECIMAL18_2+5-2.4 > 0;
cidx	CDECIMAL18_2
6	99999999999.95
7	99999999999.96
8	99999999999.97
9	99999999999.98
10	99999999999.99
11	0.00
select cidx, CDECIMAL18_2 from datatypetestm where CDECIMAL18_2+5*2.4 = 0;
cidx	CDECIMAL18_2
select cidx, CDECIMAL18_2 from datatypetestm where CDECIMAL18_2+5*2.4 <> 0;
cidx	CDECIMAL18_2
1	-99999999999.99
2	-99999999999.98
3	-99999999999.97
4	-99999999999.96
5	-99999999999.95
6	99999999999.95
7	99999999999.96
8	99999999999.97
9	99999999999.98
10	99999999999.99
11	0.00
select cidx, CDECIMAL18_2 from datatypetestm where CDECIMAL18_2+5*2.4 < 0;
cidx	CDECIMAL18_2
1	-99999999999.99
2	-99999999999.98
3	-99999999999.97
4	-99999999999.96
5	-99999999999.95
select cidx, CDECIMAL18_2 from datatypetestm where CDECIMAL18_2+5*2.4 > 0;
cidx	CDECIMAL18_2
6	99999999999.95
7	99999999999.96
8	99999999999.97
9	99999999999.98
10	99999999999.99
11	0.00
select cidx, CDECIMAL18_2 from datatypetestm where CDECIMAL18_2+5/2.4 = 0;
cidx	CDECIMAL18_2
select cidx, CDECIMAL18_2 from datatypetestm where CDECIMAL18_2+5/2.4 <> 0;
cidx	CDECIMAL18_2
1	-99999999999.99
2	-99999999999.98
3	-99999999999.97
4	-99999999999.96
5	-99999999999.95
6	99999999999.95
7	99999999999.96
8	99999999999.97
9	99999999999.98
10	99999999999.99
11	0.00
select cidx, CDECIMAL18_2 from datatypetestm where CDECIMAL18_2+5/2.4 < 0;
cidx	CDECIMAL18_2
1	-99999999999.99
2	-99999999999.98
3	-99999999999.97
4	-99999999999.96
5	-99999999999.95
select cidx, CDECIMAL18_2 from datatypetestm where CDECIMAL18_2+5/2.4 > 0;
cidx	CDECIMAL18_2
6	99999999999.95
7	99999999999.96
8	99999999999.97
9	99999999999.98
10	99999999999.99
11	0.00
select cidx, CDECIMAL18_2 from datatypetestm where CDECIMAL18_2+2.4+5 = 0;
cidx	CDECIMAL18_2
select cidx, CDECIMAL18_2 from datatypetestm where CDECIMAL18_2+2.4+5 <> 0;
cidx	CDECIMAL18_2
1	-99999999999.99
2	-99999999999.98
3	-99999999999.97
4	-99999999999.96
5	-99999999999.95
6	99999999999.95
7	99999999999.96
8	99999999999.97
9	99999999999.98
10	99999999999.99
11	0.00
select cidx, CDECIMAL18_2 from datatypetestm where CDECIMAL18_2+2.4+5 < 0;
cidx	CDECIMAL18_2
1	-99999999999.99
2	-99999999999.98
3	-99999999999.97
4	-99999999999.96
5	-99999999999.95
select cidx, CDECIMAL18_2 from datatypetestm where CDECIMAL18_2+2.4+5 > 0;
cidx	CDECIMAL18_2
6	99999999999.95
7	99999999999.96
8	99999999999.97
9	99999999999.98
10	99999999999.99
11	0.00
select cidx, CDECIMAL18_2 from datatypetestm where CDECIMAL18_2+2.4-5 = 0;
cidx	CDECIMAL18_2
select cidx, CDECIMAL18_2 from datatypetestm where CDECIMAL18_2+2.4-5 <> 0;
cidx	CDECIMAL18_2
1	-99999999999.99
2	-99999999999.98
3	-99999999999.97
4	-99999999999.96
5	-99999999999.95
6	99999999999.95
7	99999999999.96
8	99999999999.97
9	99999999999.98
10	99999999999.99
11	0.00
select cidx, CDECIMAL18_2 from datatypetestm where CDECIMAL18_2+2.4-5 < 0;
cidx	CDECIMAL18_2
1	-99999999999.99
2	-99999999999.98
3	-99999999999.97
4	-99999999999.96
5	-99999999999.95
11	0.00
select cidx, CDECIMAL18_2 from datatypetestm where CDECIMAL18_2+2.4-5 > 0;
cidx	CDECIMAL18_2
6	99999999999.95
7	99999999999.96
8	99999999999.97
9	99999999999.98
10	99999999999.99
select cidx, CDECIMAL18_2 from datatypetestm where CDECIMAL18_2+2.4*5 = 0;
cidx	CDECIMAL18_2
select cidx, CDECIMAL18_2 from datatypetestm where CDECIMAL18_2+2.4*5 <> 0;
cidx	CDECIMAL18_2
1	-99999999999.99
2	-99999999999.98
3	-99999999999.97
4	-99999999999.96
5	-99999999999.95
6	99999999999.95
7	99999999999.96
8	99999999999.97
9	99999999999.98
10	99999999999.99
11	0.00
select cidx, CDECIMAL18_2 from datatypetestm where CDECIMAL18_2+2.4*5 < 0;
cidx	CDECIMAL18_2
1	-99999999999.99
2	-99999999999.98
3	-99999999999.97
4	-99999999999.96
5	-99999999999.95
select cidx, CDECIMAL18_2 from datatypetestm where CDECIMAL18_2+2.4*5 > 0;
cidx	CDECIMAL18_2
6	99999999999.95
7	99999999999.96
8	99999999999.97
9	99999999999.98
10	99999999999.99
11	0.00
select cidx, CDECIMAL18_2 from datatypetestm where CDECIMAL18_2+2.4/5 = 0;
cidx	CDECIMAL18_2
select cidx, CDECIMAL18_2 from datatypetestm where CDECIMAL18_2+2.4/5 <> 0;
cidx	CDECIMAL18_2
1	-99999999999.99
2	-99999999999.98
3	-99999999999.97
4	-99999999999.96
5	-99999999999.95
6	99999999999.95
7	99999999999.96
8	99999999999.97
9	99999999999.98
10	99999999999.99
11	0.00
select cidx, CDECIMAL18_2 from datatypetestm where CDECIMAL18_2+2.4/5 < 0;
cidx	CDECIMAL18_2
1	-99999999999.99
2	-99999999999.98
3	-99999999999.97
4	-99999999999.96
5	-99999999999.95
select cidx, CDECIMAL18_2 from datatypetestm where CDECIMAL18_2+2.4/5 > 0;
cidx	CDECIMAL18_2
6	99999999999.95
7	99999999999.96
8	99999999999.97
9	99999999999.98
10	99999999999.99
11	0.00
select cidx, CINTEGER from datatypetestm where CINTEGER+5+2 = 0;
cidx	CINTEGER
select cidx, CINTEGER from datatypetestm where CINTEGER+5+2 <> 0;
cidx	CINTEGER
1	-7483646
2	-7483645
3	-7483644
4	-7483643
5	-7483642
6	7483643
7	7483644
8	7483645
9	7483646
10	7483647
11	0
select cidx, CINTEGER from datatypetestm where CINTEGER+5+2 < 0;
cidx	CINTEGER
1	-7483646
2	-7483645
3	-7483644
4	-7483643
5	-7483642
select cidx, CINTEGER from datatypetestm where CINTEGER+5+2 > 0;
cidx	CINTEGER
6	7483643
7	7483644
8	7483645
9	7483646
10	7483647
11	0
select cidx, CINTEGER from datatypetestm where CINTEGER+5-2 = 0;
cidx	CINTEGER
select cidx, CINTEGER from datatypetestm where CINTEGER+5-2 <> 0;
cidx	CINTEGER
1	-7483646
2	-7483645
3	-7483644
4	-7483643
5	-7483642
6	7483643
7	7483644
8	7483645
9	7483646
10	7483647
11	0
select cidx, CINTEGER from datatypetestm where CINTEGER+5-2 < 0;
cidx	CINTEGER
1	-7483646
2	-7483645
3	-7483644
4	-7483643
5	-7483642
select cidx, CINTEGER from datatypetestm where CINTEGER+5-2 > 0;
cidx	CINTEGER
6	7483643
7	7483644
8	7483645
9	7483646
10	7483647
11	0
select cidx, CINTEGER from datatypetestm where CINTEGER+5*2 = 0;
cidx	CINTEGER
select cidx, CINTEGER from datatypetestm where CINTEGER+5*2 <> 0;
cidx	CINTEGER
1	-7483646
2	-7483645
3	-7483644
4	-7483643
5	-7483642
6	7483643
7	7483644
8	7483645
9	7483646
10	7483647
11	0
select cidx, CINTEGER from datatypetestm where CINTEGER+5*2 < 0;
cidx	CINTEGER
1	-7483646
2	-7483645
3	-7483644
4	-7483643
5	-7483642
select cidx, CINTEGER from datatypetestm where CINTEGER+5*2 > 0;
cidx	CINTEGER
6	7483643
7	7483644
8	7483645
9	7483646
10	7483647
11	0
select cidx, CINTEGER from datatypetestm where CINTEGER+5/2 = 0;
cidx	CINTEGER
select cidx, CINTEGER from datatypetestm where CINTEGER+5/2 <> 0;
cidx	CINTEGER
1	-7483646
2	-7483645
3	-7483644
4	-7483643
5	-7483642
6	7483643
7	7483644
8	7483645
9	7483646
10	7483647
11	0
select cidx, CINTEGER from datatypetestm where CINTEGER+5/2 < 0;
cidx	CINTEGER
1	-7483646
2	-7483645
3	-7483644
4	-7483643
5	-7483642
select cidx, CINTEGER from datatypetestm where CINTEGER+5/2 > 0;
cidx	CINTEGER
6	7483643
7	7483644
8	7483645
9	7483646
10	7483647
11	0
select cidx, CINTEGER from datatypetestm where CINTEGER+5+2.4 = 0;
cidx	CINTEGER
select cidx, CINTEGER from datatypetestm where CINTEGER+5+2.4 <> 0;
cidx	CINTEGER
1	-7483646
2	-7483645
3	-7483644
4	-7483643
5	-7483642
6	7483643
7	7483644
8	7483645
9	7483646
10	7483647
11	0
select cidx, CINTEGER from datatypetestm where CINTEGER+5+2.4 < 0;
cidx	CINTEGER
1	-7483646
2	-7483645
3	-7483644
4	-7483643
5	-7483642
select cidx, CINTEGER from datatypetestm where CINTEGER+5+2.4 > 0;
cidx	CINTEGER
6	7483643
7	7483644
8	7483645
9	7483646
10	7483647
11	0
select cidx, CINTEGER from datatypetestm where CINTEGER+5-2.4 = 0;
cidx	CINTEGER
select cidx, CINTEGER from datatypetestm where CINTEGER+5-2.4 <> 0;
cidx	CINTEGER
1	-7483646
2	-7483645
3	-7483644
4	-7483643
5	-7483642
6	7483643
7	7483644
8	7483645
9	7483646
10	7483647
11	0
select cidx, CINTEGER from datatypetestm where CINTEGER+5-2.4 < 0;
cidx	CINTEGER
1	-7483646
2	-7483645
3	-7483644
4	-7483643
5	-7483642
select cidx, CINTEGER from datatypetestm where CINTEGER+5-2.4 > 0;
cidx	CINTEGER
6	7483643
7	7483644
8	7483645
9	7483646
10	7483647
11	0
select cidx, CINTEGER from datatypetestm where CINTEGER+5*2.4 = 0;
cidx	CINTEGER
select cidx, CINTEGER from datatypetestm where CINTEGER+5*2.4 <> 0;
cidx	CINTEGER
1	-7483646
2	-7483645
3	-7483644
4	-7483643
5	-7483642
6	7483643
7	7483644
8	7483645
9	7483646
10	7483647
11	0
select cidx, CINTEGER from datatypetestm where CINTEGER+5*2.4 < 0;
cidx	CINTEGER
1	-7483646
2	-7483645
3	-7483644
4	-7483643
5	-7483642
select cidx, CINTEGER from datatypetestm where CINTEGER+5*2.4 > 0;
cidx	CINTEGER
6	7483643
7	7483644
8	7483645
9	7483646
10	7483647
11	0
select cidx, CINTEGER from datatypetestm where CINTEGER+5/2.4 = 0;
cidx	CINTEGER
select cidx, CINTEGER from datatypetestm where CINTEGER+5/2.4 <> 0;
cidx	CINTEGER
1	-7483646
2	-7483645
3	-7483644
4	-7483643
5	-7483642
6	7483643
7	7483644
8	7483645
9	7483646
10	7483647
11	0
select cidx, CINTEGER from datatypetestm where CINTEGER+5/2.4 < 0;
cidx	CINTEGER
1	-7483646
2	-7483645
3	-7483644
4	-7483643
5	-7483642
select cidx, CINTEGER from datatypetestm where CINTEGER+5/2.4 > 0;
cidx	CINTEGER
6	7483643
7	7483644
8	7483645
9	7483646
10	7483647
11	0
select cidx, CINTEGER from datatypetestm where CINTEGER+2.4+5 = 0;
cidx	CINTEGER
select cidx, CINTEGER from datatypetestm where CINTEGER+2.4+5 <> 0;
cidx	CINTEGER
1	-7483646
2	-7483645
3	-7483644
4	-7483643
5	-7483642
6	7483643
7	7483644
8	7483645
9	7483646
10	7483647
11	0
select cidx, CINTEGER from datatypetestm where CINTEGER+2.4+5 < 0;
cidx	CINTEGER
1	-7483646
2	-7483645
3	-7483644
4	-7483643
5	-7483642
select cidx, CINTEGER from datatypetestm where CINTEGER+2.4+5 > 0;
cidx	CINTEGER
6	7483643
7	7483644
8	7483645
9	7483646
10	7483647
11	0
select cidx, CINTEGER from datatypetestm where CINTEGER+2.4-5 = 0;
cidx	CINTEGER
select cidx, CINTEGER from datatypetestm where CINTEGER+2.4-5 <> 0;
cidx	CINTEGER
1	-7483646
2	-7483645
3	-7483644
4	-7483643
5	-7483642
6	7483643
7	7483644
8	7483645
9	7483646
10	7483647
11	0
select cidx, CINTEGER from datatypetestm where CINTEGER+2.4-5 < 0;
cidx	CINTEGER
1	-7483646
2	-7483645
3	-7483644
4	-7483643
5	-7483642
11	0
select cidx, CINTEGER from datatypetestm where CINTEGER+2.4-5 > 0;
cidx	CINTEGER
6	7483643
7	7483644
8	7483645
9	7483646
10	7483647
select cidx, CINTEGER from datatypetestm where CINTEGER+2.4*5 = 0;
cidx	CINTEGER
select cidx, CINTEGER from datatypetestm where CINTEGER+2.4*5 <> 0;
cidx	CINTEGER
1	-7483646
2	-7483645
3	-7483644
4	-7483643
5	-7483642
6	7483643
7	7483644
8	7483645
9	7483646
10	7483647
11	0
select cidx, CINTEGER from datatypetestm where CINTEGER+2.4*5 < 0;
cidx	CINTEGER
1	-7483646
2	-7483645
3	-7483644
4	-7483643
5	-7483642
select cidx, CINTEGER from datatypetestm where CINTEGER+2.4*5 > 0;
cidx	CINTEGER
6	7483643
7	7483644
8	7483645
9	7483646
10	7483647
11	0
select cidx, CINTEGER from datatypetestm where CINTEGER+2.4/5 = 0;
cidx	CINTEGER
select cidx, CINTEGER from datatypetestm where CINTEGER+2.4/5 <> 0;
cidx	CINTEGER
1	-7483646
2	-7483645
3	-7483644
4	-7483643
5	-7483642
6	7483643
7	7483644
8	7483645
9	7483646
10	7483647
11	0
select cidx, CINTEGER from datatypetestm where CINTEGER+2.4/5 < 0;
cidx	CINTEGER
1	-7483646
2	-7483645
3	-7483644
4	-7483643
5	-7483642
select cidx, CINTEGER from datatypetestm where CINTEGER+2.4/5 > 0;
cidx	CINTEGER
6	7483643
7	7483644
8	7483645
9	7483646
10	7483647
11	0
select cidx, CSMALLINT from datatypetestm where CSMALLINT+5+2 = 0;
cidx	CSMALLINT
select cidx, CSMALLINT from datatypetestm where CSMALLINT+5+2 <> 0;
cidx	CSMALLINT
1	-766
2	-765
3	-764
4	-763
5	-762
6	763
7	764
8	765
9	766
10	767
11	0
select cidx, CSMALLINT from datatypetestm where CSMALLINT+5+2 < 0;
cidx	CSMALLINT
1	-766
2	-765
3	-764
4	-763
5	-762
select cidx, CSMALLINT from datatypetestm where CSMALLINT+5+2 > 0;
cidx	CSMALLINT
6	763
7	764
8	765
9	766
10	767
11	0
select cidx, CSMALLINT from datatypetestm where CSMALLINT+5-2 = 0;
cidx	CSMALLINT
select cidx, CSMALLINT from datatypetestm where CSMALLINT+5-2 <> 0;
cidx	CSMALLINT
1	-766
2	-765
3	-764
4	-763
5	-762
6	763
7	764
8	765
9	766
10	767
11	0
select cidx, CSMALLINT from datatypetestm where CSMALLINT+5-2 < 0;
cidx	CSMALLINT
1	-766
2	-765
3	-764
4	-763
5	-762
select cidx, CSMALLINT from datatypetestm where CSMALLINT+5-2 > 0;
cidx	CSMALLINT
6	763
7	764
8	765
9	766
10	767
11	0
select cidx, CSMALLINT from datatypetestm where CSMALLINT+5*2 = 0;
cidx	CSMALLINT
select cidx, CSMALLINT from datatypetestm where CSMALLINT+5*2 <> 0;
cidx	CSMALLINT
1	-766
2	-765
3	-764
4	-763
5	-762
6	763
7	764
8	765
9	766
10	767
11	0
select cidx, CSMALLINT from datatypetestm where CSMALLINT+5*2 < 0;
cidx	CSMALLINT
1	-766
2	-765
3	-764
4	-763
5	-762
select cidx, CSMALLINT from datatypetestm where CSMALLINT+5*2 > 0;
cidx	CSMALLINT
6	763
7	764
8	765
9	766
10	767
11	0
select cidx, CSMALLINT from datatypetestm where CSMALLINT+5/2 = 0;
cidx	CSMALLINT
select cidx, CSMALLINT from datatypetestm where CSMALLINT+5/2 <> 0;
cidx	CSMALLINT
1	-766
2	-765
3	-764
4	-763
5	-762
6	763
7	764
8	765
9	766
10	767
11	0
select cidx, CSMALLINT from datatypetestm where CSMALLINT+5/2 < 0;
cidx	CSMALLINT
1	-766
2	-765
3	-764
4	-763
5	-762
select cidx, CSMALLINT from datatypetestm where CSMALLINT+5/2 > 0;
cidx	CSMALLINT
6	763
7	764
8	765
9	766
10	767
11	0
select cidx, CSMALLINT from datatypetestm where CSMALLINT+5+2.4 = 0;
cidx	CSMALLINT
select cidx, CSMALLINT from datatypetestm where CSMALLINT+5+2.4 <> 0;
cidx	CSMALLINT
1	-766
2	-765
3	-764
4	-763
5	-762
6	763
7	764
8	765
9	766
10	767
11	0
select cidx, CSMALLINT from datatypetestm where CSMALLINT+5+2.4 < 0;
cidx	CSMALLINT
1	-766
2	-765
3	-764
4	-763
5	-762
select cidx, CSMALLINT from datatypetestm where CSMALLINT+5+2.4 > 0;
cidx	CSMALLINT
6	763
7	764
8	765
9	766
10	767
11	0
select cidx, CSMALLINT from datatypetestm where CSMALLINT+5-2.4 = 0;
cidx	CSMALLINT
select cidx, CSMALLINT from datatypetestm where CSMALLINT+5-2.4 <> 0;
cidx	CSMALLINT
1	-766
2	-765
3	-764
4	-763
5	-762
6	763
7	764
8	765
9	766
10	767
11	0
select cidx, CSMALLINT from datatypetestm where CSMALLINT+5-2.4 < 0;
cidx	CSMALLINT
1	-766
2	-765
3	-764
4	-763
5	-762
select cidx, CSMALLINT from datatypetestm where CSMALLINT+5-2.4 > 0;
cidx	CSMALLINT
6	763
7	764
8	765
9	766
10	767
11	0
select cidx, CSMALLINT from datatypetestm where CSMALLINT+5*2.4 = 0;
cidx	CSMALLINT
select cidx, CSMALLINT from datatypetestm where CSMALLINT+5*2.4 <> 0;
cidx	CSMALLINT
1	-766
2	-765
3	-764
4	-763
5	-762
6	763
7	764
8	765
9	766
10	767
11	0
select cidx, CSMALLINT from datatypetestm where CSMALLINT+5*2.4 < 0;
cidx	CSMALLINT
1	-766
2	-765
3	-764
4	-763
5	-762
select cidx, CSMALLINT from datatypetestm where CSMALLINT+5*2.4 > 0;
cidx	CSMALLINT
6	763
7	764
8	765
9	766
10	767
11	0
select cidx, CSMALLINT from datatypetestm where CSMALLINT+5/2.4 = 0;
cidx	CSMALLINT
select cidx, CSMALLINT from datatypetestm where CSMALLINT+5/2.4 <> 0;
cidx	CSMALLINT
1	-766
2	-765
3	-764
4	-763
5	-762
6	763
7	764
8	765
9	766
10	767
11	0
select cidx, CSMALLINT from datatypetestm where CSMALLINT+5/2.4 < 0;
cidx	CSMALLINT
1	-766
2	-765
3	-764
4	-763
5	-762
select cidx, CSMALLINT from datatypetestm where CSMALLINT+5/2.4 > 0;
cidx	CSMALLINT
6	763
7	764
8	765
9	766
10	767
11	0
select cidx, CSMALLINT from datatypetestm where CSMALLINT+2.4+5 = 0;
cidx	CSMALLINT
select cidx, CSMALLINT from datatypetestm where CSMALLINT+2.4+5 <> 0;
cidx	CSMALLINT
1	-766
2	-765
3	-764
4	-763
5	-762
6	763
7	764
8	765
9	766
10	767
11	0
select cidx, CSMALLINT from datatypetestm where CSMALLINT+2.4+5 < 0;
cidx	CSMALLINT
1	-766
2	-765
3	-764
4	-763
5	-762
select cidx, CSMALLINT from datatypetestm where CSMALLINT+2.4+5 > 0;
cidx	CSMALLINT
6	763
7	764
8	765
9	766
10	767
11	0
select cidx, CSMALLINT from datatypetestm where CSMALLINT+2.4-5 = 0;
cidx	CSMALLINT
select cidx, CSMALLINT from datatypetestm where CSMALLINT+2.4-5 <> 0;
cidx	CSMALLINT
1	-766
2	-765
3	-764
4	-763
5	-762
6	763
7	764
8	765
9	766
10	767
11	0
select cidx, CSMALLINT from datatypetestm where CSMALLINT+2.4-5 < 0;
cidx	CSMALLINT
1	-766
2	-765
3	-764
4	-763
5	-762
11	0
select cidx, CSMALLINT from datatypetestm where CSMALLINT+2.4-5 > 0;
cidx	CSMALLINT
6	763
7	764
8	765
9	766
10	767
select cidx, CSMALLINT from datatypetestm where CSMALLINT+2.4*5 = 0;
cidx	CSMALLINT
select cidx, CSMALLINT from datatypetestm where CSMALLINT+2.4*5 <> 0;
cidx	CSMALLINT
1	-766
2	-765
3	-764
4	-763
5	-762
6	763
7	764
8	765
9	766
10	767
11	0
select cidx, CSMALLINT from datatypetestm where CSMALLINT+2.4*5 < 0;
cidx	CSMALLINT
1	-766
2	-765
3	-764
4	-763
5	-762
select cidx, CSMALLINT from datatypetestm where CSMALLINT+2.4*5 > 0;
cidx	CSMALLINT
6	763
7	764
8	765
9	766
10	767
11	0
select cidx, CSMALLINT from datatypetestm where CSMALLINT+2.4/5 = 0;
cidx	CSMALLINT
select cidx, CSMALLINT from datatypetestm where CSMALLINT+2.4/5 <> 0;
cidx	CSMALLINT
1	-766
2	-765
3	-764
4	-763
5	-762
6	763
7	764
8	765
9	766
10	767
11	0
select cidx, CSMALLINT from datatypetestm where CSMALLINT+2.4/5 < 0;
cidx	CSMALLINT
1	-766
2	-765
3	-764
4	-763
5	-762
select cidx, CSMALLINT from datatypetestm where CSMALLINT+2.4/5 > 0;
cidx	CSMALLINT
6	763
7	764
8	765
9	766
10	767
11	0
select cidx, CTINYINT from datatypetestm where CTINYINT+5+2 = 0;
cidx	CTINYINT
select cidx, CTINYINT from datatypetestm where CTINYINT+5+2 <> 0;
cidx	CTINYINT
1	-26
2	-25
3	-24
4	-23
5	-22
6	23
7	24
8	25
9	26
10	27
11	0
select cidx, CTINYINT from datatypetestm where CTINYINT+5+2 < 0;
cidx	CTINYINT
1	-26
2	-25
3	-24
4	-23
5	-22
select cidx, CTINYINT from datatypetestm where CTINYINT+5+2 > 0;
cidx	CTINYINT
6	23
7	24
8	25
9	26
10	27
11	0
select cidx, CTINYINT from datatypetestm where CTINYINT+5-2 = 0;
cidx	CTINYINT
select cidx, CTINYINT from datatypetestm where CTINYINT+5-2 <> 0;
cidx	CTINYINT
1	-26
2	-25
3	-24
4	-23
5	-22
6	23
7	24
8	25
9	26
10	27
11	0
select cidx, CTINYINT from datatypetestm where CTINYINT+5-2 < 0;
cidx	CTINYINT
1	-26
2	-25
3	-24
4	-23
5	-22
select cidx, CTINYINT from datatypetestm where CTINYINT+5-2 > 0;
cidx	CTINYINT
6	23
7	24
8	25
9	26
10	27
11	0
select cidx, CTINYINT from datatypetestm where CTINYINT+5*2 = 0;
cidx	CTINYINT
select cidx, CTINYINT from datatypetestm where CTINYINT+5*2 <> 0;
cidx	CTINYINT
1	-26
2	-25
3	-24
4	-23
5	-22
6	23
7	24
8	25
9	26
10	27
11	0
select cidx, CTINYINT from datatypetestm where CTINYINT+5*2 < 0;
cidx	CTINYINT
1	-26
2	-25
3	-24
4	-23
5	-22
select cidx, CTINYINT from datatypetestm where CTINYINT+5*2 > 0;
cidx	CTINYINT
6	23
7	24
8	25
9	26
10	27
11	0
select cidx, CTINYINT from datatypetestm where CTINYINT+5/2 = 0;
cidx	CTINYINT
select cidx, CTINYINT from datatypetestm where CTINYINT+5/2 <> 0;
cidx	CTINYINT
1	-26
2	-25
3	-24
4	-23
5	-22
6	23
7	24
8	25
9	26
10	27
11	0
select cidx, CTINYINT from datatypetestm where CTINYINT+5/2 < 0;
cidx	CTINYINT
1	-26
2	-25
3	-24
4	-23
5	-22
select cidx, CTINYINT from datatypetestm where CTINYINT+5/2 > 0;
cidx	CTINYINT
6	23
7	24
8	25
9	26
10	27
11	0
select cidx, CTINYINT from datatypetestm where CTINYINT+5+2.4 = 0;
cidx	CTINYINT
select cidx, CTINYINT from datatypetestm where CTINYINT+5+2.4 <> 0;
cidx	CTINYINT
1	-26
2	-25
3	-24
4	-23
5	-22
6	23
7	24
8	25
9	26
10	27
11	0
select cidx, CTINYINT from datatypetestm where CTINYINT+5+2.4 < 0;
cidx	CTINYINT
1	-26
2	-25
3	-24
4	-23
5	-22
select cidx, CTINYINT from datatypetestm where CTINYINT+5+2.4 > 0;
cidx	CTINYINT
6	23
7	24
8	25
9	26
10	27
11	0
select cidx, CTINYINT from datatypetestm where CTINYINT+5-2.4 = 0;
cidx	CTINYINT
select cidx, CTINYINT from datatypetestm where CTINYINT+5-2.4 <> 0;
cidx	CTINYINT
1	-26
2	-25
3	-24
4	-23
5	-22
6	23
7	24
8	25
9	26
10	27
11	0
select cidx, CTINYINT from datatypetestm where CTINYINT+5-2.4 < 0;
cidx	CTINYINT
1	-26
2	-25
3	-24
4	-23
5	-22
select cidx, CTINYINT from datatypetestm where CTINYINT+5-2.4 > 0;
cidx	CTINYINT
6	23
7	24
8	25
9	26
10	27
11	0
select cidx, CTINYINT from datatypetestm where CTINYINT+5*2.4 = 0;
cidx	CTINYINT
select cidx, CTINYINT from datatypetestm where CTINYINT+5*2.4 <> 0;
cidx	CTINYINT
1	-26
2	-25
3	-24
4	-23
5	-22
6	23
7	24
8	25
9	26
10	27
11	0
select cidx, CTINYINT from datatypetestm where CTINYINT+5*2.4 < 0;
cidx	CTINYINT
1	-26
2	-25
3	-24
4	-23
5	-22
select cidx, CTINYINT from datatypetestm where CTINYINT+5*2.4 > 0;
cidx	CTINYINT
6	23
7	24
8	25
9	26
10	27
11	0
select cidx, CTINYINT from datatypetestm where CTINYINT+5/2.4 = 0;
cidx	CTINYINT
select cidx, CTINYINT from datatypetestm where CTINYINT+5/2.4 <> 0;
cidx	CTINYINT
1	-26
2	-25
3	-24
4	-23
5	-22
6	23
7	24
8	25
9	26
10	27
11	0
select cidx, CTINYINT from datatypetestm where CTINYINT+5/2.4 < 0;
cidx	CTINYINT
1	-26
2	-25
3	-24
4	-23
5	-22
select cidx, CTINYINT from datatypetestm where CTINYINT+5/2.4 > 0;
cidx	CTINYINT
6	23
7	24
8	25
9	26
10	27
11	0
select cidx, CTINYINT from datatypetestm where CTINYINT+2.4+5 = 0;
cidx	CTINYINT
select cidx, CTINYINT from datatypetestm where CTINYINT+2.4+5 <> 0;
cidx	CTINYINT
1	-26
2	-25
3	-24
4	-23
5	-22
6	23
7	24
8	25
9	26
10	27
11	0
select cidx, CTINYINT from datatypetestm where CTINYINT+2.4+5 < 0;
cidx	CTINYINT
1	-26
2	-25
3	-24
4	-23
5	-22
select cidx, CTINYINT from datatypetestm where CTINYINT+2.4+5 > 0;
cidx	CTINYINT
6	23
7	24
8	25
9	26
10	27
11	0
select cidx, CTINYINT from datatypetestm where CTINYINT+2.4-5 = 0;
cidx	CTINYINT
select cidx, CTINYINT from datatypetestm where CTINYINT+2.4-5 <> 0;
cidx	CTINYINT
1	-26
2	-25
3	-24
4	-23
5	-22
6	23
7	24
8	25
9	26
10	27
11	0
select cidx, CTINYINT from datatypetestm where CTINYINT+2.4-5 < 0;
cidx	CTINYINT
1	-26
2	-25
3	-24
4	-23
5	-22
11	0
select cidx, CTINYINT from datatypetestm where CTINYINT+2.4-5 > 0;
cidx	CTINYINT
6	23
7	24
8	25
9	26
10	27
select cidx, CTINYINT from datatypetestm where CTINYINT+2.4*5 = 0;
cidx	CTINYINT
select cidx, CTINYINT from datatypetestm where CTINYINT+2.4*5 <> 0;
cidx	CTINYINT
1	-26
2	-25
3	-24
4	-23
5	-22
6	23
7	24
8	25
9	26
10	27
11	0
select cidx, CTINYINT from datatypetestm where CTINYINT+2.4*5 < 0;
cidx	CTINYINT
1	-26
2	-25
3	-24
4	-23
5	-22
select cidx, CTINYINT from datatypetestm where CTINYINT+2.4*5 > 0;
cidx	CTINYINT
6	23
7	24
8	25
9	26
10	27
11	0
select cidx, CTINYINT from datatypetestm where CTINYINT+2.4/5 = 0;
cidx	CTINYINT
select cidx, CTINYINT from datatypetestm where CTINYINT+2.4/5 <> 0;
cidx	CTINYINT
1	-26
2	-25
3	-24
4	-23
5	-22
6	23
7	24
8	25
9	26
10	27
11	0
select cidx, CTINYINT from datatypetestm where CTINYINT+2.4/5 < 0;
cidx	CTINYINT
1	-26
2	-25
3	-24
4	-23
5	-22
select cidx, CTINYINT from datatypetestm where CTINYINT+2.4/5 > 0;
cidx	CTINYINT
6	23
7	24
8	25
9	26
10	27
11	0
