USE tpch1;
select cidx, 5+2+17 from datatypetestm;
cidx	5+2+17
1	24
2	24
3	24
4	24
5	24
6	24
7	24
8	24
9	24
10	24
11	24
select cidx, 5-2-17 from datatypetestm;
cidx	5-2-17
1	-14
2	-14
3	-14
4	-14
5	-14
6	-14
7	-14
8	-14
9	-14
10	-14
11	-14
select cidx, 5*2*17 from datatypetestm;
cidx	5*2*17
1	170
2	170
3	170
4	170
5	170
6	170
7	170
8	170
9	170
10	170
11	170
select cidx, 5/2/17 from datatypetestm;
cidx	5/2/17
1	0.14705882
2	0.14705882
3	0.14705882
4	0.14705882
5	0.14705882
6	0.14705882
7	0.14705882
8	0.14705882
9	0.14705882
10	0.14705882
11	0.14705882
select cidx, 5+2.4-2.4 from datatypetestm;
cidx	5+2.4-2.4
1	5.0
2	5.0
3	5.0
4	5.0
5	5.0
6	5.0
7	5.0
8	5.0
9	5.0
10	5.0
11	5.0
select cidx, 5-2.4+2.4 from datatypetestm;
cidx	5-2.4+2.4
1	5.0
2	5.0
3	5.0
4	5.0
5	5.0
6	5.0
7	5.0
8	5.0
9	5.0
10	5.0
11	5.0
select cidx, 5*2.4/2.4 from datatypetestm;
cidx	5*2.4/2.4
1	5.00000
2	5.00000
3	5.00000
4	5.00000
5	5.00000
6	5.00000
7	5.00000
8	5.00000
9	5.00000
10	5.00000
11	5.00000
select cidx, 5/2.4*2.4 from datatypetestm;
cidx	5/2.4*2.4
1	5.00000
2	5.00000
3	5.00000
4	5.00000
5	5.00000
6	5.00000
7	5.00000
8	5.00000
9	5.00000
10	5.00000
11	5.00000
