DROP DATABASE IF EXISTS mcs48_db;
CREATE DATABASE mcs48_db;
USE mcs48_db;
CREATE TABLE t1(col1 INT, col2 INT, col3 CHAR(8)) ENGINE=Columnstore;
SELECT COUNT(*) FROM t1;
COUNT(*)
100001
SELECT 100001 = 100001;
100001 = 100001
1
DROP DATABASE mcs48_db;
