USE autopilot;
select dtt1.cidx, dtt1.CCHAR1, dtt2.CINTEGER from datatypetestm1 dtt1, datatypetestm2 dtt2 where dtt1.cidx = dtt2.cidx and dtt1.CCHAR1 > dtt2.CINTEGER ;
cidx	CCHAR1	CINTEGER
1	a	-7483646
2	a	-7483645
3	a	-7483644
4	a	-7483643
5	a	-7483642
select dtt1.cidx, dtt1.CCHAR1, dtt2.CINTEGER from datatypetestm1 dtt1, datatypetestm2 dtt2 where dtt1.cidx = dtt2.cidx and dtt1.CCHAR1 >= dtt2.CINTEGER ;
cidx	CCHAR1	CINTEGER
1	a	-7483646
2	a	-7483645
3	a	-7483644
4	a	-7483643
5	a	-7483642
select dtt1.cidx, dtt1.CCHAR1, dtt2.CINTEGER from datatypetestm1 dtt1, datatypetestm2 dtt2 where dtt1.cidx = dtt2.cidx and dtt1.CCHAR1 <> dtt2.CINTEGER ;
cidx	CCHAR1	CINTEGER
1	a	-7483646
2	a	-7483645
3	a	-7483644
4	a	-7483643
5	a	-7483642
6	z	7483643
7	z	7483644
8	z	7483645
9	z	7483646
10	z	7483647
select dtt1.cidx, dtt1.CCHAR1, dtt2.CINTEGER from datatypetestm1 dtt1, datatypetestm2 dtt2 where dtt1.cidx = dtt2.cidx and dtt1.CCHAR1 < dtt2.CINTEGER ;
cidx	CCHAR1	CINTEGER
6	z	7483643
7	z	7483644
8	z	7483645
9	z	7483646
10	z	7483647
select dtt1.cidx, dtt1.CCHAR1, dtt2.CINTEGER from datatypetestm1 dtt1, datatypetestm2 dtt2 where dtt1.cidx = dtt2.cidx and dtt1.CCHAR1 <= dtt2.CINTEGER ;
cidx	CCHAR1	CINTEGER
6	z	7483643
7	z	7483644
8	z	7483645
9	z	7483646
10	z	7483647
