USE autopilot;
select dtt1.cidx, dtt1.CDATE, dtt2.CCHAR3 from datatypetestm1 dtt1, datatypetestm2 dtt2 where dtt1.cidx = dtt2.cidx and dtt1.CDATE > dtt2.CCHAR3 ;
cidx	CDATE	CCHAR3
1	1997-01-01	aaa
2	1997-01-01	c
3	1997-01-02	cc
4	1997-01-03	ccc
5	1997-01-04	ccc
6	2009-12-28	xxx
7	2009-12-29	xxx
8	2009-12-30	xxx
9	2009-12-31	xxx
10	2009-12-31	zzz
select dtt1.cidx, dtt1.CDATE, dtt2.CCHAR3 from datatypetestm1 dtt1, datatypetestm2 dtt2 where dtt1.cidx = dtt2.cidx and dtt1.CDATE >= dtt2.CCHAR3 ;
cidx	CDATE	CCHAR3
1	1997-01-01	aaa
2	1997-01-01	c
3	1997-01-02	cc
4	1997-01-03	ccc
5	1997-01-04	ccc
6	2009-12-28	xxx
7	2009-12-29	xxx
8	2009-12-30	xxx
9	2009-12-31	xxx
10	2009-12-31	zzz
select dtt1.cidx, dtt1.CDATE, dtt2.CCHAR3 from datatypetestm1 dtt1, datatypetestm2 dtt2 where dtt1.cidx = dtt2.cidx and dtt1.CDATE <> dtt2.CCHAR3 ;
cidx	CDATE	CCHAR3
1	1997-01-01	aaa
2	1997-01-01	c
3	1997-01-02	cc
4	1997-01-03	ccc
5	1997-01-04	ccc
6	2009-12-28	xxx
7	2009-12-29	xxx
8	2009-12-30	xxx
9	2009-12-31	xxx
10	2009-12-31	zzz
select dtt1.cidx, dtt1.CDATE, dtt2.CCHAR3 from datatypetestm1 dtt1, datatypetestm2 dtt2 where dtt1.cidx = dtt2.cidx and dtt1.CDATE < dtt2.CCHAR3 ;
cidx	CDATE	CCHAR3
select dtt1.cidx, dtt1.CDATE, dtt2.CCHAR3 from datatypetestm1 dtt1, datatypetestm2 dtt2 where dtt1.cidx = dtt2.cidx and dtt1.CDATE <= dtt2.CCHAR3 ;
cidx	CDATE	CCHAR3
