USE autopilot;
select dtt1.cidx, dtt1.CCHAR3, dtt2.CDECIMAL4_2 from datatypetestm1 dtt1, datatypetestm2 dtt2 where dtt1.cidx = dtt2.cidx and dtt1.CCHAR3 > dtt2.CDECIMAL4_2 ;
cidx	CCHAR3	CDECIMAL4_2
1	aaa	-9.99
2	c	-9.98
3	cc	-9.97
4	ccc	-9.96
5	ccc	-9.95
select dtt1.cidx, dtt1.CCHAR3, dtt2.CDECIMAL4_2 from datatypetestm1 dtt1, datatypetestm2 dtt2 where dtt1.cidx = dtt2.cidx and dtt1.CCHAR3 >= dtt2.CDECIMAL4_2 ;
cidx	CCHAR3	CDECIMAL4_2
1	aaa	-9.99
2	c	-9.98
3	cc	-9.97
4	ccc	-9.96
5	ccc	-9.95
select dtt1.cidx, dtt1.CCHAR3, dtt2.CDECIMAL4_2 from datatypetestm1 dtt1, datatypetestm2 dtt2 where dtt1.cidx = dtt2.cidx and dtt1.CCHAR3 <> dtt2.CDECIMAL4_2 ;
cidx	CCHAR3	CDECIMAL4_2
1	aaa	-9.99
2	c	-9.98
3	cc	-9.97
4	ccc	-9.96
5	ccc	-9.95
6	xxx	9.95
7	xxx	9.96
8	xxx	9.97
9	xxx	9.98
10	zzz	9.99
select dtt1.cidx, dtt1.CCHAR3, dtt2.CDECIMAL4_2 from datatypetestm1 dtt1, datatypetestm2 dtt2 where dtt1.cidx = dtt2.cidx and dtt1.CCHAR3 < dtt2.CDECIMAL4_2 ;
cidx	CCHAR3	CDECIMAL4_2
6	xxx	9.95
7	xxx	9.96
8	xxx	9.97
9	xxx	9.98
10	zzz	9.99
select dtt1.cidx, dtt1.CCHAR3, dtt2.CDECIMAL4_2 from datatypetestm1 dtt1, datatypetestm2 dtt2 where dtt1.cidx = dtt2.cidx and dtt1.CCHAR3 <= dtt2.CDECIMAL4_2 ;
cidx	CCHAR3	CDECIMAL4_2
6	xxx	9.95
7	xxx	9.96
8	xxx	9.97
9	xxx	9.98
10	zzz	9.99
