USE autopilot;
select dtt1.cidx, dtt1.CDATE, dtt2.CDECIMAL4 from datatypetestm1 dtt1, datatypetestm2 dtt2 where dtt1.cidx = dtt2.cidx and dtt1.CDATE > dtt2.CDECIMAL4 ;
cidx	CDATE	CDECIMAL4
1	1997-01-01	-999
2	1997-01-01	-998
3	1997-01-02	-997
4	1997-01-03	-996
5	1997-01-04	-995
6	2009-12-28	995
7	2009-12-29	996
8	2009-12-30	997
9	2009-12-31	998
10	2009-12-31	999
11	2009-12-31	0
select dtt1.cidx, dtt1.CDATE, dtt2.CDECIMAL4 from datatypetestm1 dtt1, datatypetestm2 dtt2 where dtt1.cidx = dtt2.cidx and dtt1.CDATE >= dtt2.CDECIMAL4 ;
cidx	CDATE	CDECIMAL4
1	1997-01-01	-999
2	1997-01-01	-998
3	1997-01-02	-997
4	1997-01-03	-996
5	1997-01-04	-995
6	2009-12-28	995
7	2009-12-29	996
8	2009-12-30	997
9	2009-12-31	998
10	2009-12-31	999
11	2009-12-31	0
select dtt1.cidx, dtt1.CDATE, dtt2.CDECIMAL4 from datatypetestm1 dtt1, datatypetestm2 dtt2 where dtt1.cidx = dtt2.cidx and dtt1.CDATE <> dtt2.CDECIMAL4 ;
cidx	CDATE	CDECIMAL4
1	1997-01-01	-999
2	1997-01-01	-998
3	1997-01-02	-997
4	1997-01-03	-996
5	1997-01-04	-995
6	2009-12-28	995
7	2009-12-29	996
8	2009-12-30	997
9	2009-12-31	998
10	2009-12-31	999
11	2009-12-31	0
select dtt1.cidx, dtt1.CDATE, dtt2.CDECIMAL4 from datatypetestm1 dtt1, datatypetestm2 dtt2 where dtt1.cidx = dtt2.cidx and dtt1.CDATE < dtt2.CDECIMAL4 ;
cidx	CDATE	CDECIMAL4
select dtt1.cidx, dtt1.CDATE, dtt2.CDECIMAL4 from datatypetestm1 dtt1, datatypetestm2 dtt2 where dtt1.cidx = dtt2.cidx and dtt1.CDATE <= dtt2.CDECIMAL4 ;
cidx	CDATE	CDECIMAL4
