USE autopilot;
select dtt1.cidx, dtt1.CCHAR9, dtt2.CDECIMAL18_2 from datatypetestm1 dtt1, datatypetestm2 dtt2 where dtt1.cidx = dtt2.cidx and dtt1.CCHAR9 > dtt2.CDECIMAL18_2 ;
cidx	CCHAR9	CDECIMAL18_2
1	aaaaaaaaa	-99999999999.99
2	i	-99999999999.98
3	ii	-99999999999.97
4	iii	-99999999999.96
5	iiii	-99999999999.95
select dtt1.cidx, dtt1.CCHAR9, dtt2.CDECIMAL18_2 from datatypetestm1 dtt1, datatypetestm2 dtt2 where dtt1.cidx = dtt2.cidx and dtt1.CCHAR9 >= dtt2.CDECIMAL18_2 ;
cidx	CCHAR9	CDECIMAL18_2
1	aaaaaaaaa	-99999999999.99
2	i	-99999999999.98
3	ii	-99999999999.97
4	iii	-99999999999.96
5	iiii	-99999999999.95
select dtt1.cidx, dtt1.CCHAR9, dtt2.CDECIMAL18_2 from datatypetestm1 dtt1, datatypetestm2 dtt2 where dtt1.cidx = dtt2.cidx and dtt1.CCHAR9 <> dtt2.CDECIMAL18_2 ;
cidx	CCHAR9	CDECIMAL18_2
1	aaaaaaaaa	-99999999999.99
2	i	-99999999999.98
3	ii	-99999999999.97
4	iii	-99999999999.96
5	iiii	-99999999999.95
6	rrrrrrr	99999999999.95
7	rrrrrrrr	99999999999.96
8	rrrrrrrrr	99999999999.97
9	rrrrrrrrr	99999999999.98
10	zzzzzzzzz	99999999999.99
select dtt1.cidx, dtt1.CCHAR9, dtt2.CDECIMAL18_2 from datatypetestm1 dtt1, datatypetestm2 dtt2 where dtt1.cidx = dtt2.cidx and dtt1.CCHAR9 < dtt2.CDECIMAL18_2 ;
cidx	CCHAR9	CDECIMAL18_2
6	rrrrrrr	99999999999.95
7	rrrrrrrr	99999999999.96
8	rrrrrrrrr	99999999999.97
9	rrrrrrrrr	99999999999.98
10	zzzzzzzzz	99999999999.99
select dtt1.cidx, dtt1.CCHAR9, dtt2.CDECIMAL18_2 from datatypetestm1 dtt1, datatypetestm2 dtt2 where dtt1.cidx = dtt2.cidx and dtt1.CCHAR9 <= dtt2.CDECIMAL18_2 ;
cidx	CCHAR9	CDECIMAL18_2
6	rrrrrrr	99999999999.95
7	rrrrrrrr	99999999999.96
8	rrrrrrrrr	99999999999.97
9	rrrrrrrrr	99999999999.98
10	zzzzzzzzz	99999999999.99
