USE autopilot;
select dtt1.cidx, dtt1.CCHAR9, dtt2.CDECIMAL4 from datatypetestm1 dtt1, datatypetestm2 dtt2 where dtt1.cidx = dtt2.cidx and dtt1.CCHAR9 > dtt2.CDECIMAL4 ;
cidx	CCHAR9	CDECIMAL4
1	aaaaaaaaa	-999
2	i	-998
3	ii	-997
4	iii	-996
5	iiii	-995
select dtt1.cidx, dtt1.CCHAR9, dtt2.CDECIMAL4 from datatypetestm1 dtt1, datatypetestm2 dtt2 where dtt1.cidx = dtt2.cidx and dtt1.CCHAR9 >= dtt2.CDECIMAL4 ;
cidx	CCHAR9	CDECIMAL4
1	aaaaaaaaa	-999
2	i	-998
3	ii	-997
4	iii	-996
5	iiii	-995
select dtt1.cidx, dtt1.CCHAR9, dtt2.CDECIMAL4 from datatypetestm1 dtt1, datatypetestm2 dtt2 where dtt1.cidx = dtt2.cidx and dtt1.CCHAR9 <> dtt2.CDECIMAL4 ;
cidx	CCHAR9	CDECIMAL4
1	aaaaaaaaa	-999
2	i	-998
3	ii	-997
4	iii	-996
5	iiii	-995
6	rrrrrrr	995
7	rrrrrrrr	996
8	rrrrrrrrr	997
9	rrrrrrrrr	998
10	zzzzzzzzz	999
select dtt1.cidx, dtt1.CCHAR9, dtt2.CDECIMAL4 from datatypetestm1 dtt1, datatypetestm2 dtt2 where dtt1.cidx = dtt2.cidx and dtt1.CCHAR9 < dtt2.CDECIMAL4 ;
cidx	CCHAR9	CDECIMAL4
6	rrrrrrr	995
7	rrrrrrrr	996
8	rrrrrrrrr	997
9	rrrrrrrrr	998
10	zzzzzzzzz	999
select dtt1.cidx, dtt1.CCHAR9, dtt2.CDECIMAL4 from datatypetestm1 dtt1, datatypetestm2 dtt2 where dtt1.cidx = dtt2.cidx and dtt1.CCHAR9 <= dtt2.CDECIMAL4 ;
cidx	CCHAR9	CDECIMAL4
6	rrrrrrr	995
7	rrrrrrrr	996
8	rrrrrrrrr	997
9	rrrrrrrrr	998
10	zzzzzzzzz	999
