USE autopilot;
select dtt1.cidx, dtt1.CCHAR4, dtt2.CDECIMAL4_2 from datatypetestm1 dtt1, datatypetestm2 dtt2 where dtt1.cidx = dtt2.cidx and dtt1.CCHAR4 > dtt2.CDECIMAL4_2 ;
cidx	CCHAR4	CDECIMAL4_2
1	aaaa	-9.99
2	d	-9.98
3	dd	-9.97
4	ddd	-9.96
5	dddd	-9.95
select dtt1.cidx, dtt1.CCHAR4, dtt2.CDECIMAL4_2 from datatypetestm1 dtt1, datatypetestm2 dtt2 where dtt1.cidx = dtt2.cidx and dtt1.CCHAR4 >= dtt2.CDECIMAL4_2 ;
cidx	CCHAR4	CDECIMAL4_2
1	aaaa	-9.99
2	d	-9.98
3	dd	-9.97
4	ddd	-9.96
5	dddd	-9.95
select dtt1.cidx, dtt1.CCHAR4, dtt2.CDECIMAL4_2 from datatypetestm1 dtt1, datatypetestm2 dtt2 where dtt1.cidx = dtt2.cidx and dtt1.CCHAR4 <> dtt2.CDECIMAL4_2 ;
cidx	CCHAR4	CDECIMAL4_2
1	aaaa	-9.99
2	d	-9.98
3	dd	-9.97
4	ddd	-9.96
5	dddd	-9.95
6	wwww	9.95
7	wwww	9.96
8	wwww	9.97
9	wwww	9.98
10	zzzz	9.99
select dtt1.cidx, dtt1.CCHAR4, dtt2.CDECIMAL4_2 from datatypetestm1 dtt1, datatypetestm2 dtt2 where dtt1.cidx = dtt2.cidx and dtt1.CCHAR4 < dtt2.CDECIMAL4_2 ;
cidx	CCHAR4	CDECIMAL4_2
6	wwww	9.95
7	wwww	9.96
8	wwww	9.97
9	wwww	9.98
10	zzzz	9.99
select dtt1.cidx, dtt1.CCHAR4, dtt2.CDECIMAL4_2 from datatypetestm1 dtt1, datatypetestm2 dtt2 where dtt1.cidx = dtt2.cidx and dtt1.CCHAR4 <= dtt2.CDECIMAL4_2 ;
cidx	CCHAR4	CDECIMAL4_2
6	wwww	9.95
7	wwww	9.96
8	wwww	9.97
9	wwww	9.98
10	zzzz	9.99
