USE autopilot;
select dtt1.cidx, dtt1.CCHAR1, dtt2.CDECIMAL10 from datatypetestm1 dtt1, datatypetestm2 dtt2 where dtt1.cidx = dtt2.cidx and dtt1.CCHAR1 > dtt2.CDECIMAL10 ;
cidx	CCHAR1	CDECIMAL10
1	a	-9999999
2	a	-9999998
3	a	-9999997
4	a	-9999996
5	a	-9999995
select dtt1.cidx, dtt1.CCHAR1, dtt2.CDECIMAL10 from datatypetestm1 dtt1, datatypetestm2 dtt2 where dtt1.cidx = dtt2.cidx and dtt1.CCHAR1 >= dtt2.CDECIMAL10 ;
cidx	CCHAR1	CDECIMAL10
1	a	-9999999
2	a	-9999998
3	a	-9999997
4	a	-9999996
5	a	-9999995
select dtt1.cidx, dtt1.CCHAR1, dtt2.CDECIMAL10 from datatypetestm1 dtt1, datatypetestm2 dtt2 where dtt1.cidx = dtt2.cidx and dtt1.CCHAR1 <> dtt2.CDECIMAL10 ;
cidx	CCHAR1	CDECIMAL10
1	a	-9999999
2	a	-9999998
3	a	-9999997
4	a	-9999996
5	a	-9999995
6	z	9999995
7	z	9999996
8	z	9999997
9	z	9999998
10	z	9999999
select dtt1.cidx, dtt1.CCHAR1, dtt2.CDECIMAL10 from datatypetestm1 dtt1, datatypetestm2 dtt2 where dtt1.cidx = dtt2.cidx and dtt1.CCHAR1 < dtt2.CDECIMAL10 ;
cidx	CCHAR1	CDECIMAL10
6	z	9999995
7	z	9999996
8	z	9999997
9	z	9999998
10	z	9999999
select dtt1.cidx, dtt1.CCHAR1, dtt2.CDECIMAL10 from datatypetestm1 dtt1, datatypetestm2 dtt2 where dtt1.cidx = dtt2.cidx and dtt1.CCHAR1 <= dtt2.CDECIMAL10 ;
cidx	CCHAR1	CDECIMAL10
6	z	9999995
7	z	9999996
8	z	9999997
9	z	9999998
10	z	9999999
