USE autopilot;
select dtt1.cidx, dtt1.CDATETIME, dtt2.CTINYTEXT from datatypetestm1 dtt1, datatypetestm2 dtt2 where dtt1.cidx = dtt2.cidx and dtt1.CDATETIME > dtt2.CTINYTEXT ;
cidx	CDATETIME	CTINYTEXT
1	1997-01-01 00:00:00	tinytext
2	1997-01-01 00:00:01	tinytext
3	1997-01-02 00:00:01	tinytext
4	1997-01-03 00:00:02	tinytext
5	1997-01-04 00:00:03	tinytext
6	2009-12-31 23:59:56	tinytext
7	2009-12-31 23:59:57	tinytext
8	2009-12-31 23:59:58	tinytext
9	2009-12-31 23:59:59	tinytext
10	2009-12-31 23:59:59	tinytext
select dtt1.cidx, dtt1.CDATETIME, dtt2.CTINYTEXT from datatypetestm1 dtt1, datatypetestm2 dtt2 where dtt1.cidx = dtt2.cidx and dtt1.CDATETIME >= dtt2.CTINYTEXT ;
cidx	CDATETIME	CTINYTEXT
1	1997-01-01 00:00:00	tinytext
2	1997-01-01 00:00:01	tinytext
3	1997-01-02 00:00:01	tinytext
4	1997-01-03 00:00:02	tinytext
5	1997-01-04 00:00:03	tinytext
6	2009-12-31 23:59:56	tinytext
7	2009-12-31 23:59:57	tinytext
8	2009-12-31 23:59:58	tinytext
9	2009-12-31 23:59:59	tinytext
10	2009-12-31 23:59:59	tinytext
select dtt1.cidx, dtt1.CDATETIME, dtt2.CTINYTEXT from datatypetestm1 dtt1, datatypetestm2 dtt2 where dtt1.cidx = dtt2.cidx and dtt1.CDATETIME <> dtt2.CTINYTEXT ;
cidx	CDATETIME	CTINYTEXT
1	1997-01-01 00:00:00	tinytext
2	1997-01-01 00:00:01	tinytext
3	1997-01-02 00:00:01	tinytext
4	1997-01-03 00:00:02	tinytext
5	1997-01-04 00:00:03	tinytext
6	2009-12-31 23:59:56	tinytext
7	2009-12-31 23:59:57	tinytext
8	2009-12-31 23:59:58	tinytext
9	2009-12-31 23:59:59	tinytext
10	2009-12-31 23:59:59	tinytext
select dtt1.cidx, dtt1.CDATETIME, dtt2.CTINYTEXT from datatypetestm1 dtt1, datatypetestm2 dtt2 where dtt1.cidx = dtt2.cidx and dtt1.CDATETIME < dtt2.CTINYTEXT ;
cidx	CDATETIME	CTINYTEXT
select dtt1.cidx, dtt1.CDATETIME, dtt2.CTINYTEXT from datatypetestm1 dtt1, datatypetestm2 dtt2 where dtt1.cidx = dtt2.cidx and dtt1.CDATETIME <= dtt2.CTINYTEXT ;
cidx	CDATETIME	CTINYTEXT
