USE autopilot;
select cidx, CDATE, MICROSECOND(CDATE) from datatypetestm order by cidx;
cidx	CDATE	MICROSECOND(CDATE)
1	1997-01-01	0
select cidx, CDATETIME, MICROSECOND(CDATETIME) from datatypetestm order by cidx;
cidx	CDATETIME	MICROSECOND(CDATETIME)
1	1997-01-01 00:00:00	0
select cidx, CTIME, MICROSECOND(CTIME) from datatypetestm order by cidx;
cidx	CTIME	MICROSECOND(CTIME)
1	13:00:00	0
select cidx, MICROSECOND('2011-05-01') from datatypetestm order by cidx;
cidx	MICROSECOND('2011-05-01')
1	0
Warnings:
Warning	1292	Truncated incorrect time value: '2011-05-01'
select cidx, MICROSECOND('2011-05-01 13:58:22.123456') from datatypetestm order by cidx;
cidx	MICROSECOND('2011-05-01 13:58:22.123456')
1	123456
select cidx, CDATE from datatypetestm where MICROSECOND(CDATE) <> 0 order by cidx;
cidx	CDATE
select cidx, CDATETIME from datatypetestm where MICROSECOND(CDATETIME) <> 0 order by cidx;
cidx	CDATETIME
select cidx, CTIME from datatypetestm where MICROSECOND(CTIME) <> 0 order by cidx;
cidx	CTIME
