USE autopilot;
select dtt1.cidx, dtt1.CDATE, dtt2.CDECIMAL9 from datatypetestm1 dtt1, datatypetestm2 dtt2 where dtt1.cidx = dtt2.cidx and dtt1.CDATE > dtt2.CDECIMAL9 ;
cidx	CDATE	CDECIMAL9
1	1997-01-01	-999999
2	1997-01-01	-999998
3	1997-01-02	-999997
4	1997-01-03	-999996
5	1997-01-04	-999995
6	2009-12-28	999995
7	2009-12-29	999996
8	2009-12-30	999997
9	2009-12-31	999998
10	2009-12-31	999999
11	2009-12-31	0
select dtt1.cidx, dtt1.CDATE, dtt2.CDECIMAL9 from datatypetestm1 dtt1, datatypetestm2 dtt2 where dtt1.cidx = dtt2.cidx and dtt1.CDATE >= dtt2.CDECIMAL9 ;
cidx	CDATE	CDECIMAL9
1	1997-01-01	-999999
2	1997-01-01	-999998
3	1997-01-02	-999997
4	1997-01-03	-999996
5	1997-01-04	-999995
6	2009-12-28	999995
7	2009-12-29	999996
8	2009-12-30	999997
9	2009-12-31	999998
10	2009-12-31	999999
11	2009-12-31	0
select dtt1.cidx, dtt1.CDATE, dtt2.CDECIMAL9 from datatypetestm1 dtt1, datatypetestm2 dtt2 where dtt1.cidx = dtt2.cidx and dtt1.CDATE <> dtt2.CDECIMAL9 ;
cidx	CDATE	CDECIMAL9
1	1997-01-01	-999999
2	1997-01-01	-999998
3	1997-01-02	-999997
4	1997-01-03	-999996
5	1997-01-04	-999995
6	2009-12-28	999995
7	2009-12-29	999996
8	2009-12-30	999997
9	2009-12-31	999998
10	2009-12-31	999999
11	2009-12-31	0
select dtt1.cidx, dtt1.CDATE, dtt2.CDECIMAL9 from datatypetestm1 dtt1, datatypetestm2 dtt2 where dtt1.cidx = dtt2.cidx and dtt1.CDATE < dtt2.CDECIMAL9 ;
cidx	CDATE	CDECIMAL9
select dtt1.cidx, dtt1.CDATE, dtt2.CDECIMAL9 from datatypetestm1 dtt1, datatypetestm2 dtt2 where dtt1.cidx = dtt2.cidx and dtt1.CDATE <= dtt2.CDECIMAL9 ;
cidx	CDATE	CDECIMAL9
