USE autopilot;
select cidx, LEAST(883*cidx,0*cidx,-34*cidx) from datatypetestm order by cidx;
cidx	LEAST(883*cidx,0*cidx,-34*cidx)
1	-34
select cidx, LEAST(0*cidx,-9987*cidx,3.14*cidx) from datatypetestm order by cidx;
cidx	LEAST(0*cidx,-9987*cidx,3.14*cidx)
1	-9987.00
