USE autopilot;
select dtt1.cidx, dtt1.CCHAR9, dtt2.CTINYINT from datatypetestm1 dtt1, datatypetestm2 dtt2 where dtt1.cidx = dtt2.cidx and dtt1.CCHAR9 > dtt2.CTINYINT ;
cidx	CCHAR9	CTINYINT
1	aaaaaaaaa	-26
2	i	-25
3	ii	-24
4	iii	-23
5	iiii	-22
select dtt1.cidx, dtt1.CCHAR9, dtt2.CTINYINT from datatypetestm1 dtt1, datatypetestm2 dtt2 where dtt1.cidx = dtt2.cidx and dtt1.CCHAR9 >= dtt2.CTINYINT ;
cidx	CCHAR9	CTINYINT
1	aaaaaaaaa	-26
2	i	-25
3	ii	-24
4	iii	-23
5	iiii	-22
select dtt1.cidx, dtt1.CCHAR9, dtt2.CTINYINT from datatypetestm1 dtt1, datatypetestm2 dtt2 where dtt1.cidx = dtt2.cidx and dtt1.CCHAR9 <> dtt2.CTINYINT ;
cidx	CCHAR9	CTINYINT
1	aaaaaaaaa	-26
2	i	-25
3	ii	-24
4	iii	-23
5	iiii	-22
6	rrrrrrr	23
7	rrrrrrrr	24
8	rrrrrrrrr	25
9	rrrrrrrrr	26
10	zzzzzzzzz	27
select dtt1.cidx, dtt1.CCHAR9, dtt2.CTINYINT from datatypetestm1 dtt1, datatypetestm2 dtt2 where dtt1.cidx = dtt2.cidx and dtt1.CCHAR9 < dtt2.CTINYINT ;
cidx	CCHAR9	CTINYINT
6	rrrrrrr	23
7	rrrrrrrr	24
8	rrrrrrrrr	25
9	rrrrrrrrr	26
10	zzzzzzzzz	27
select dtt1.cidx, dtt1.CCHAR9, dtt2.CTINYINT from datatypetestm1 dtt1, datatypetestm2 dtt2 where dtt1.cidx = dtt2.cidx and dtt1.CCHAR9 <= dtt2.CTINYINT ;
cidx	CCHAR9	CTINYINT
6	rrrrrrr	23
7	rrrrrrrr	24
8	rrrrrrrrr	25
9	rrrrrrrrr	26
10	zzzzzzzzz	27
