USE autopilot;
select dtt1.cidx, dtt1.CDATE, dtt2.CTIMESTAMP from datatypetestm1 dtt1, datatypetestm2 dtt2 where dtt1.cidx = dtt2.cidx and dtt1.CDATE > dtt2.CTIMESTAMP ;
cidx	CDATE	CTIMESTAMP
select dtt1.cidx, dtt1.CDATE, dtt2.CTIMESTAMP from datatypetestm1 dtt1, datatypetestm2 dtt2 where dtt1.cidx = dtt2.cidx and dtt1.CDATE >= dtt2.CTIMESTAMP ;
cidx	CDATE	CTIMESTAMP
select dtt1.cidx, dtt1.CDATE, dtt2.CTIMESTAMP from datatypetestm1 dtt1, datatypetestm2 dtt2 where dtt1.cidx = dtt2.cidx and dtt1.CDATE <> dtt2.CTIMESTAMP ;
cidx	CDATE	CTIMESTAMP
1	1997-01-01	2020-08-13 03:14:07
2	1997-01-01	2020-08-13 03:14:07
3	1997-01-02	2020-08-13 03:14:07
4	1997-01-03	2020-08-13 03:14:07
5	1997-01-04	2020-08-13 03:14:07
6	2009-12-28	2020-08-13 03:14:07
7	2009-12-29	2020-08-13 03:14:07
8	2009-12-30	2020-08-13 03:14:07
9	2009-12-31	2020-08-13 03:14:07
10	2009-12-31	2020-08-13 03:14:07
11	2009-12-31	2020-08-13 03:14:07
select dtt1.cidx, dtt1.CDATE, dtt2.CTIMESTAMP from datatypetestm1 dtt1, datatypetestm2 dtt2 where dtt1.cidx = dtt2.cidx and dtt1.CDATE < dtt2.CTIMESTAMP ;
cidx	CDATE	CTIMESTAMP
1	1997-01-01	2020-08-13 03:14:07
2	1997-01-01	2020-08-13 03:14:07
3	1997-01-02	2020-08-13 03:14:07
4	1997-01-03	2020-08-13 03:14:07
5	1997-01-04	2020-08-13 03:14:07
6	2009-12-28	2020-08-13 03:14:07
7	2009-12-29	2020-08-13 03:14:07
8	2009-12-30	2020-08-13 03:14:07
9	2009-12-31	2020-08-13 03:14:07
10	2009-12-31	2020-08-13 03:14:07
11	2009-12-31	2020-08-13 03:14:07
select dtt1.cidx, dtt1.CDATE, dtt2.CTIMESTAMP from datatypetestm1 dtt1, datatypetestm2 dtt2 where dtt1.cidx = dtt2.cidx and dtt1.CDATE <= dtt2.CTIMESTAMP ;
cidx	CDATE	CTIMESTAMP
1	1997-01-01	2020-08-13 03:14:07
2	1997-01-01	2020-08-13 03:14:07
3	1997-01-02	2020-08-13 03:14:07
4	1997-01-03	2020-08-13 03:14:07
5	1997-01-04	2020-08-13 03:14:07
6	2009-12-28	2020-08-13 03:14:07
7	2009-12-29	2020-08-13 03:14:07
8	2009-12-30	2020-08-13 03:14:07
9	2009-12-31	2020-08-13 03:14:07
10	2009-12-31	2020-08-13 03:14:07
11	2009-12-31	2020-08-13 03:14:07
