USE autopilot;
select dtt1.cidx, dtt1.CDATE, dtt2.CMEDIUMTEXT from datatypetestm1 dtt1, datatypetestm2 dtt2 where dtt1.cidx = dtt2.cidx and dtt1.CDATE > dtt2.CMEDIUMTEXT ;
cidx	CDATE	CMEDIUMTEXT
1	1997-01-01	mediumtestmediumtest
2	1997-01-01	mediumtestmediumtest
3	1997-01-02	mediumtestmediumtest
4	1997-01-03	mediumtestmediumtest
5	1997-01-04	mediumtestmediumtest
6	2009-12-28	mediumtestmediumtest
7	2009-12-29	mediumtestmediumtest
8	2009-12-30	mediumtestmediumtest
9	2009-12-31	mediumtestmediumtest
10	2009-12-31	mediumtestmediumtest
select dtt1.cidx, dtt1.CDATE, dtt2.CMEDIUMTEXT from datatypetestm1 dtt1, datatypetestm2 dtt2 where dtt1.cidx = dtt2.cidx and dtt1.CDATE >= dtt2.CMEDIUMTEXT ;
cidx	CDATE	CMEDIUMTEXT
1	1997-01-01	mediumtestmediumtest
2	1997-01-01	mediumtestmediumtest
3	1997-01-02	mediumtestmediumtest
4	1997-01-03	mediumtestmediumtest
5	1997-01-04	mediumtestmediumtest
6	2009-12-28	mediumtestmediumtest
7	2009-12-29	mediumtestmediumtest
8	2009-12-30	mediumtestmediumtest
9	2009-12-31	mediumtestmediumtest
10	2009-12-31	mediumtestmediumtest
select dtt1.cidx, dtt1.CDATE, dtt2.CMEDIUMTEXT from datatypetestm1 dtt1, datatypetestm2 dtt2 where dtt1.cidx = dtt2.cidx and dtt1.CDATE <> dtt2.CMEDIUMTEXT ;
cidx	CDATE	CMEDIUMTEXT
1	1997-01-01	mediumtestmediumtest
2	1997-01-01	mediumtestmediumtest
3	1997-01-02	mediumtestmediumtest
4	1997-01-03	mediumtestmediumtest
5	1997-01-04	mediumtestmediumtest
6	2009-12-28	mediumtestmediumtest
7	2009-12-29	mediumtestmediumtest
8	2009-12-30	mediumtestmediumtest
9	2009-12-31	mediumtestmediumtest
10	2009-12-31	mediumtestmediumtest
select dtt1.cidx, dtt1.CDATE, dtt2.CMEDIUMTEXT from datatypetestm1 dtt1, datatypetestm2 dtt2 where dtt1.cidx = dtt2.cidx and dtt1.CDATE < dtt2.CMEDIUMTEXT ;
cidx	CDATE	CMEDIUMTEXT
select dtt1.cidx, dtt1.CDATE, dtt2.CMEDIUMTEXT from datatypetestm1 dtt1, datatypetestm2 dtt2 where dtt1.cidx = dtt2.cidx and dtt1.CDATE <= dtt2.CMEDIUMTEXT ;
cidx	CDATE	CMEDIUMTEXT
