USE autopilot;
select cidx, CBIGINT, IFNULL(CBIGINT,0) from datatypetestm order by cidx;
cidx	CBIGINT	IFNULL(CBIGINT,0)
1	-72036854775806	-72036854775806
select cidx, CDECIMAL1, IFNULL(CDECIMAL1,0) from datatypetestm order by cidx;
cidx	CDECIMAL1	IFNULL(CDECIMAL1,0)
1	-9	-9
select cidx, CDECIMAL4, IFNULL(CDECIMAL4,0) from datatypetestm order by cidx;
cidx	CDECIMAL4	IFNULL(CDECIMAL4,0)
1	-999	-999
select cidx, CDECIMAL4_2, IFNULL(CDECIMAL4_2,0) from datatypetestm order by cidx;
cidx	CDECIMAL4_2	IFNULL(CDECIMAL4_2,0)
1	-9.99	-9.99
select cidx, CDECIMAL5, IFNULL(CDECIMAL5,0) from datatypetestm order by cidx;
cidx	CDECIMAL5	IFNULL(CDECIMAL5,0)
1	-999	-999
select cidx, CDECIMAL9, IFNULL(CDECIMAL9,0) from datatypetestm order by cidx;
cidx	CDECIMAL9	IFNULL(CDECIMAL9,0)
1	-999999	-999999
select cidx, CDECIMAL9_2, IFNULL(CDECIMAL9_2,0) from datatypetestm order by cidx;
cidx	CDECIMAL9_2	IFNULL(CDECIMAL9_2,0)
1	-9999.99	-9999.99
select cidx, CDECIMAL10, IFNULL(CDECIMAL10,0) from datatypetestm order by cidx;
cidx	CDECIMAL10	IFNULL(CDECIMAL10,0)
1	-9999999	-9999999
select cidx, CDECIMAL18, IFNULL(CDECIMAL18,0) from datatypetestm order by cidx;
cidx	CDECIMAL18	IFNULL(CDECIMAL18,0)
1	-9999999999999	-9999999999999
select cidx, CDECIMAL18_2, IFNULL(CDECIMAL18_2,0) from datatypetestm order by cidx;
cidx	CDECIMAL18_2	IFNULL(CDECIMAL18_2,0)
1	-99999999999.99	-99999999999.99
select cidx, CINTEGER, IFNULL(CINTEGER,0) from datatypetestm order by cidx;
cidx	CINTEGER	IFNULL(CINTEGER,0)
1	-7483646	-7483646
select cidx, CSMALLINT, IFNULL(CSMALLINT,0) from datatypetestm order by cidx;
cidx	CSMALLINT	IFNULL(CSMALLINT,0)
1	-766	-766
select cidx, CTINYINT, IFNULL(CTINYINT,0) from datatypetestm order by cidx;
cidx	CTINYINT	IFNULL(CTINYINT,0)
1	-26	-26
select cidx, CDOUBLE, IFNULL(CDOUBLE,0) from datatypetestm order by cidx;
cidx	CDOUBLE	IFNULL(CDOUBLE,0)
1	-1.797693231e108	-1.797693231e108
select cidx, CFLOAT, IFNULL(CFLOAT,0) from datatypetestm order by cidx;
cidx	CFLOAT	IFNULL(CFLOAT,0)
1	-3.40287e18	-3.402865892420223e18
select cidx, IFNULL(-1*cidx,0) from datatypetestm order by cidx;
cidx	IFNULL(-1*cidx,0)
1	-1
select cidx, IFNULL(0*cidx,0) from datatypetestm order by cidx;
cidx	IFNULL(0*cidx,0)
1	0
select cidx, IFNULL(1*cidx,0) from datatypetestm order by cidx;
cidx	IFNULL(1*cidx,0)
1	1
select cidx, IFNULL(NULL,0) from datatypetestm order by cidx;
cidx	IFNULL(NULL,0)
1	0
select cidx, CBIGINT from datatypetestm order by IFNULL(CBIGINT,0), cidx;
cidx	CBIGINT
1	-72036854775806
select cidx, CDECIMAL1 from datatypetestm order by IFNULL(CDECIMAL1,0), cidx;
cidx	CDECIMAL1
1	-9
select cidx, CDECIMAL4 from datatypetestm order by IFNULL(CDECIMAL4,0), cidx;
cidx	CDECIMAL4
1	-999
select cidx, CDECIMAL4_2 from datatypetestm order by IFNULL(CDECIMAL4_2,0), cidx;
cidx	CDECIMAL4_2
1	-9.99
select cidx, CDECIMAL5 from datatypetestm order by IFNULL(CDECIMAL5,0), cidx;
cidx	CDECIMAL5
1	-999
select cidx, CDECIMAL9 from datatypetestm order by IFNULL(CDECIMAL9,0), cidx;
cidx	CDECIMAL9
1	-999999
select cidx, CDECIMAL9_2 from datatypetestm order by IFNULL(CDECIMAL9_2,0), cidx;
cidx	CDECIMAL9_2
1	-9999.99
select cidx, CDECIMAL10 from datatypetestm order by IFNULL(CDECIMAL10,0), cidx;
cidx	CDECIMAL10
1	-9999999
select cidx, CDECIMAL18 from datatypetestm order by IFNULL(CDECIMAL18,0), cidx;
cidx	CDECIMAL18
1	-9999999999999
select cidx, CDECIMAL18_2 from datatypetestm order by IFNULL(CDECIMAL18_2,0), cidx;
cidx	CDECIMAL18_2
1	-99999999999.99
select cidx, CINTEGER from datatypetestm order by IFNULL(CINTEGER,0), cidx;
cidx	CINTEGER
1	-7483646
select cidx, CSMALLINT from datatypetestm order by IFNULL(CSMALLINT,0), cidx;
cidx	CSMALLINT
1	-766
select cidx, CTINYINT from datatypetestm order by IFNULL(CTINYINT,0), cidx;
cidx	CTINYINT
1	-26
select cidx, CDOUBLE from datatypetestm order by IFNULL(CDOUBLE,0), cidx;
cidx	CDOUBLE
1	-1.797693231e108
select cidx, CFLOAT from datatypetestm order by IFNULL(CFLOAT,0), cidx;
cidx	CFLOAT
1	-3.40287e18
