USE autopilot;
select cidx, CBIGINT, LOG10(CBIGINT) from datatypetestm order by cidx;
cidx	CBIGINT	LOG10(CBIGINT)
1	-72036854775806	NULL
select cidx, CDECIMAL1, LOG10(CDECIMAL1) from datatypetestm order by cidx;
cidx	CDECIMAL1	LOG10(CDECIMAL1)
1	-9	NULL
select cidx, CDECIMAL4, LOG10(CDECIMAL4) from datatypetestm order by cidx;
cidx	CDECIMAL4	LOG10(CDECIMAL4)
1	-999	NULL
select cidx, CDECIMAL4_2, LOG10(CDECIMAL4_2) from datatypetestm order by cidx;
cidx	CDECIMAL4_2	LOG10(CDECIMAL4_2)
1	-9.99	NULL
select cidx, CDECIMAL5, LOG10(CDECIMAL5) from datatypetestm order by cidx;
cidx	CDECIMAL5	LOG10(CDECIMAL5)
1	-999	NULL
select cidx, CDECIMAL9, LOG10(CDECIMAL9) from datatypetestm order by cidx;
cidx	CDECIMAL9	LOG10(CDECIMAL9)
1	-999999	NULL
select cidx, CDECIMAL9_2, LOG10(CDECIMAL9_2) from datatypetestm order by cidx;
cidx	CDECIMAL9_2	LOG10(CDECIMAL9_2)
1	-9999.99	NULL
select cidx, CDECIMAL10, LOG10(CDECIMAL10) from datatypetestm order by cidx;
cidx	CDECIMAL10	LOG10(CDECIMAL10)
1	-9999999	NULL
select cidx, CDECIMAL18, LOG10(CDECIMAL18) from datatypetestm order by cidx;
cidx	CDECIMAL18	LOG10(CDECIMAL18)
1	-9999999999999	NULL
select cidx, CDECIMAL18_2, LOG10(CDECIMAL18_2) from datatypetestm order by cidx;
cidx	CDECIMAL18_2	LOG10(CDECIMAL18_2)
1	-99999999999.99	NULL
select cidx, CINTEGER, LOG10(CINTEGER) from datatypetestm order by cidx;
cidx	CINTEGER	LOG10(CINTEGER)
1	-7483646	NULL
select cidx, CSMALLINT, LOG10(CSMALLINT) from datatypetestm order by cidx;
cidx	CSMALLINT	LOG10(CSMALLINT)
1	-766	NULL
select cidx, CTINYINT, LOG10(CTINYINT) from datatypetestm order by cidx;
cidx	CTINYINT	LOG10(CTINYINT)
1	-26	NULL
select cidx, CDOUBLE, LOG10(CDOUBLE) from datatypetestm order by cidx;
cidx	CDOUBLE	LOG10(CDOUBLE)
1	-1.797693231e108	NULL
select cidx, CFLOAT, LOG10(CFLOAT) from datatypetestm order by cidx;
cidx	CFLOAT	LOG10(CFLOAT)
1	-3.40287e18	NULL
select cidx, LOG10(-1*cidx) from datatypetestm order by cidx;
cidx	LOG10(-1*cidx)
1	NULL
select cidx, LOG10(0*cidx) from datatypetestm order by cidx;
cidx	LOG10(0*cidx)
1	NULL
select cidx, LOG10(2*cidx) from datatypetestm order by cidx;
cidx	LOG10(2*cidx)
1	0.3010299956639812
select cidx, LOG10(265536*cidx) from datatypetestm order by cidx;
cidx	LOG10(265536*cidx)
1	5.42412340881286
select cidx, LOG10(1100*cidx) from datatypetestm order by cidx;
cidx	LOG10(1100*cidx)
1	3.041392685158225
select cidx, LOG10(100*cidx) from datatypetestm order by cidx;
cidx	LOG10(100*cidx)
1	2
select cidx, CBIGINT from datatypetestm where LOG10(CBIGINT) <> 0 order by cidx;
cidx	CBIGINT
select cidx, CDECIMAL1 from datatypetestm where LOG10(CDECIMAL1) <> 0 order by cidx;
cidx	CDECIMAL1
select cidx, CDECIMAL4 from datatypetestm where LOG10(CDECIMAL4) <> 0 order by cidx;
cidx	CDECIMAL4
select cidx, CDECIMAL4_2 from datatypetestm where LOG10(CDECIMAL4_2) <> 0 order by cidx;
cidx	CDECIMAL4_2
select cidx, CDECIMAL5 from datatypetestm where LOG10(CDECIMAL5) <> 0 order by cidx;
cidx	CDECIMAL5
select cidx, CDECIMAL9 from datatypetestm where LOG10(CDECIMAL9) <> 0 order by cidx;
cidx	CDECIMAL9
select cidx, CDECIMAL9_2 from datatypetestm where LOG10(CDECIMAL9_2) <> 0 order by cidx;
cidx	CDECIMAL9_2
select cidx, CDECIMAL10 from datatypetestm where LOG10(CDECIMAL10) <> 0 order by cidx;
cidx	CDECIMAL10
select cidx, CDECIMAL18 from datatypetestm where LOG10(CDECIMAL18) <> 0 order by cidx;
cidx	CDECIMAL18
select cidx, CDECIMAL18_2 from datatypetestm where LOG10(CDECIMAL18_2) <> 0 order by cidx;
cidx	CDECIMAL18_2
select cidx, CINTEGER from datatypetestm where LOG10(CINTEGER) <> 0 order by cidx;
cidx	CINTEGER
select cidx, CSMALLINT from datatypetestm where LOG10(CSMALLINT) <> 0 order by cidx;
cidx	CSMALLINT
select cidx, CTINYINT from datatypetestm where LOG10(CTINYINT) <> 0 order by cidx;
cidx	CTINYINT
select cidx, CDOUBLE from datatypetestm where LOG10(CDOUBLE) <> 0 order by cidx;
cidx	CDOUBLE
select cidx, CFLOAT from datatypetestm where LOG10(CFLOAT) <> 0 order by cidx;
cidx	CFLOAT
