USE autopilot;
select dtt1.cidx, dtt1.CCHAR9, dtt2.CDECIMAL9_2 from datatypetestm1 dtt1, datatypetestm2 dtt2 where dtt1.cidx = dtt2.cidx and dtt1.CCHAR9 > dtt2.CDECIMAL9_2 ;
cidx	CCHAR9	CDECIMAL9_2
1	aaaaaaaaa	-9999.99
2	i	-9999.98
3	ii	-9999.97
4	iii	-9999.96
5	iiii	-9999.95
select dtt1.cidx, dtt1.CCHAR9, dtt2.CDECIMAL9_2 from datatypetestm1 dtt1, datatypetestm2 dtt2 where dtt1.cidx = dtt2.cidx and dtt1.CCHAR9 >= dtt2.CDECIMAL9_2 ;
cidx	CCHAR9	CDECIMAL9_2
1	aaaaaaaaa	-9999.99
2	i	-9999.98
3	ii	-9999.97
4	iii	-9999.96
5	iiii	-9999.95
select dtt1.cidx, dtt1.CCHAR9, dtt2.CDECIMAL9_2 from datatypetestm1 dtt1, datatypetestm2 dtt2 where dtt1.cidx = dtt2.cidx and dtt1.CCHAR9 <> dtt2.CDECIMAL9_2 ;
cidx	CCHAR9	CDECIMAL9_2
1	aaaaaaaaa	-9999.99
2	i	-9999.98
3	ii	-9999.97
4	iii	-9999.96
5	iiii	-9999.95
6	rrrrrrr	9999.95
7	rrrrrrrr	9999.96
8	rrrrrrrrr	9999.97
9	rrrrrrrrr	9999.98
10	zzzzzzzzz	9999.99
select dtt1.cidx, dtt1.CCHAR9, dtt2.CDECIMAL9_2 from datatypetestm1 dtt1, datatypetestm2 dtt2 where dtt1.cidx = dtt2.cidx and dtt1.CCHAR9 < dtt2.CDECIMAL9_2 ;
cidx	CCHAR9	CDECIMAL9_2
6	rrrrrrr	9999.95
7	rrrrrrrr	9999.96
8	rrrrrrrrr	9999.97
9	rrrrrrrrr	9999.98
10	zzzzzzzzz	9999.99
select dtt1.cidx, dtt1.CCHAR9, dtt2.CDECIMAL9_2 from datatypetestm1 dtt1, datatypetestm2 dtt2 where dtt1.cidx = dtt2.cidx and dtt1.CCHAR9 <= dtt2.CDECIMAL9_2 ;
cidx	CCHAR9	CDECIMAL9_2
6	rrrrrrr	9999.95
7	rrrrrrrr	9999.96
8	rrrrrrrrr	9999.97
9	rrrrrrrrr	9999.98
10	zzzzzzzzz	9999.99
