USE autopilot;
select dtt1.cidx, dtt1.CDECIMAL10, dtt2.CDECIMAL9_2 from datatypetestm1 dtt1, datatypetestm2 dtt2 where dtt1.cidx = dtt2.cidx and dtt1.CDECIMAL10 > dtt2.CDECIMAL9_2 ;
cidx	CDECIMAL10	CDECIMAL9_2
6	9999995	9999.95
7	9999996	9999.96
8	9999997	9999.97
9	9999998	9999.98
10	9999999	9999.99
select dtt1.cidx, dtt1.CDECIMAL10, dtt2.CDECIMAL9_2 from datatypetestm1 dtt1, datatypetestm2 dtt2 where dtt1.cidx = dtt2.cidx and dtt1.CDECIMAL10 >= dtt2.CDECIMAL9_2 ;
cidx	CDECIMAL10	CDECIMAL9_2
6	9999995	9999.95
7	9999996	9999.96
8	9999997	9999.97
9	9999998	9999.98
10	9999999	9999.99
11	0	0.00
select dtt1.cidx, dtt1.CDECIMAL10, dtt2.CDECIMAL9_2 from datatypetestm1 dtt1, datatypetestm2 dtt2 where dtt1.cidx = dtt2.cidx and dtt1.CDECIMAL10 <> dtt2.CDECIMAL9_2 ;
cidx	CDECIMAL10	CDECIMAL9_2
1	-9999999	-9999.99
2	-9999998	-9999.98
3	-9999997	-9999.97
4	-9999996	-9999.96
5	-9999995	-9999.95
6	9999995	9999.95
7	9999996	9999.96
8	9999997	9999.97
9	9999998	9999.98
10	9999999	9999.99
select dtt1.cidx, dtt1.CDECIMAL10, dtt2.CDECIMAL9_2 from datatypetestm1 dtt1, datatypetestm2 dtt2 where dtt1.cidx = dtt2.cidx and dtt1.CDECIMAL10 < dtt2.CDECIMAL9_2 ;
cidx	CDECIMAL10	CDECIMAL9_2
1	-9999999	-9999.99
2	-9999998	-9999.98
3	-9999997	-9999.97
4	-9999996	-9999.96
5	-9999995	-9999.95
select dtt1.cidx, dtt1.CDECIMAL10, dtt2.CDECIMAL9_2 from datatypetestm1 dtt1, datatypetestm2 dtt2 where dtt1.cidx = dtt2.cidx and dtt1.CDECIMAL10 <= dtt2.CDECIMAL9_2 ;
cidx	CDECIMAL10	CDECIMAL9_2
1	-9999999	-9999.99
2	-9999998	-9999.98
3	-9999997	-9999.97
4	-9999996	-9999.96
5	-9999995	-9999.95
11	0	0.00
