USE autopilot;
select dtt1.cidx, dtt1.CDATE, dtt2.CDECIMAL4_2 from datatypetestm1 dtt1, datatypetestm2 dtt2 where dtt1.cidx = dtt2.cidx and dtt1.CDATE > dtt2.CDECIMAL4_2 ;
cidx	CDATE	CDECIMAL4_2
1	1997-01-01	-9.99
2	1997-01-01	-9.98
3	1997-01-02	-9.97
4	1997-01-03	-9.96
5	1997-01-04	-9.95
6	2009-12-28	9.95
7	2009-12-29	9.96
8	2009-12-30	9.97
9	2009-12-31	9.98
10	2009-12-31	9.99
11	2009-12-31	0.00
select dtt1.cidx, dtt1.CDATE, dtt2.CDECIMAL4_2 from datatypetestm1 dtt1, datatypetestm2 dtt2 where dtt1.cidx = dtt2.cidx and dtt1.CDATE >= dtt2.CDECIMAL4_2 ;
cidx	CDATE	CDECIMAL4_2
1	1997-01-01	-9.99
2	1997-01-01	-9.98
3	1997-01-02	-9.97
4	1997-01-03	-9.96
5	1997-01-04	-9.95
6	2009-12-28	9.95
7	2009-12-29	9.96
8	2009-12-30	9.97
9	2009-12-31	9.98
10	2009-12-31	9.99
11	2009-12-31	0.00
select dtt1.cidx, dtt1.CDATE, dtt2.CDECIMAL4_2 from datatypetestm1 dtt1, datatypetestm2 dtt2 where dtt1.cidx = dtt2.cidx and dtt1.CDATE <> dtt2.CDECIMAL4_2 ;
cidx	CDATE	CDECIMAL4_2
1	1997-01-01	-9.99
2	1997-01-01	-9.98
3	1997-01-02	-9.97
4	1997-01-03	-9.96
5	1997-01-04	-9.95
6	2009-12-28	9.95
7	2009-12-29	9.96
8	2009-12-30	9.97
9	2009-12-31	9.98
10	2009-12-31	9.99
11	2009-12-31	0.00
select dtt1.cidx, dtt1.CDATE, dtt2.CDECIMAL4_2 from datatypetestm1 dtt1, datatypetestm2 dtt2 where dtt1.cidx = dtt2.cidx and dtt1.CDATE < dtt2.CDECIMAL4_2 ;
cidx	CDATE	CDECIMAL4_2
select dtt1.cidx, dtt1.CDATE, dtt2.CDECIMAL4_2 from datatypetestm1 dtt1, datatypetestm2 dtt2 where dtt1.cidx = dtt2.cidx and dtt1.CDATE <= dtt2.CDECIMAL4_2 ;
cidx	CDATE	CDECIMAL4_2
