USE autopilot;
select dtt1.cidx, dtt1.CCHAR4, dtt2.CDECIMAL9 from datatypetestm1 dtt1, datatypetestm2 dtt2 where dtt1.cidx = dtt2.cidx and dtt1.CCHAR4 > dtt2.CDECIMAL9 ;
cidx	CCHAR4	CDECIMAL9
1	aaaa	-999999
2	d	-999998
3	dd	-999997
4	ddd	-999996
5	dddd	-999995
select dtt1.cidx, dtt1.CCHAR4, dtt2.CDECIMAL9 from datatypetestm1 dtt1, datatypetestm2 dtt2 where dtt1.cidx = dtt2.cidx and dtt1.CCHAR4 >= dtt2.CDECIMAL9 ;
cidx	CCHAR4	CDECIMAL9
1	aaaa	-999999
2	d	-999998
3	dd	-999997
4	ddd	-999996
5	dddd	-999995
select dtt1.cidx, dtt1.CCHAR4, dtt2.CDECIMAL9 from datatypetestm1 dtt1, datatypetestm2 dtt2 where dtt1.cidx = dtt2.cidx and dtt1.CCHAR4 <> dtt2.CDECIMAL9 ;
cidx	CCHAR4	CDECIMAL9
1	aaaa	-999999
2	d	-999998
3	dd	-999997
4	ddd	-999996
5	dddd	-999995
6	wwww	999995
7	wwww	999996
8	wwww	999997
9	wwww	999998
10	zzzz	999999
select dtt1.cidx, dtt1.CCHAR4, dtt2.CDECIMAL9 from datatypetestm1 dtt1, datatypetestm2 dtt2 where dtt1.cidx = dtt2.cidx and dtt1.CCHAR4 < dtt2.CDECIMAL9 ;
cidx	CCHAR4	CDECIMAL9
6	wwww	999995
7	wwww	999996
8	wwww	999997
9	wwww	999998
10	zzzz	999999
select dtt1.cidx, dtt1.CCHAR4, dtt2.CDECIMAL9 from datatypetestm1 dtt1, datatypetestm2 dtt2 where dtt1.cidx = dtt2.cidx and dtt1.CCHAR4 <= dtt2.CDECIMAL9 ;
cidx	CCHAR4	CDECIMAL9
6	wwww	999995
7	wwww	999996
8	wwww	999997
9	wwww	999998
10	zzzz	999999
