USE autopilot;
select cidx, CDATE, WEEKOFYEAR(CDATE) from datatypetestm order by cidx;
cidx	CDATE	WEEKOFYEAR(CDATE)
1	1997-01-01	1
select cidx, CDATETIME, WEEKOFYEAR(CDATETIME) from datatypetestm order by cidx;
cidx	CDATETIME	WEEKOFYEAR(CDATETIME)
1	1997-01-01 00:00:00	1
select cidx, CTIME, WEEKOFYEAR(CTIME) from datatypetestm order by cidx;
cidx	CTIME	WEEKOFYEAR(CTIME)
1	13:00:00	REPLACEDVALUE
select cidx, CDATE from datatypetestm order by WEEKOFYEAR(CDATE), cidx;
cidx	CDATE
1	1997-01-01
select cidx, CDATETIME from datatypetestm order by WEEKOFYEAR(CDATETIME), cidx;
cidx	CDATETIME
1	1997-01-01 00:00:00
