USE autopilot;
select dtt1.cidx, dtt1.CDECIMAL10, dtt2.CDATETIME from datatypetestm1 dtt1, datatypetestm2 dtt2 where dtt1.cidx = dtt2.cidx and dtt1.CDECIMAL10 > dtt2.CDATETIME ;
cidx	CDECIMAL10	CDATETIME
select dtt1.cidx, dtt1.CDECIMAL10, dtt2.CDATETIME from datatypetestm1 dtt1, datatypetestm2 dtt2 where dtt1.cidx = dtt2.cidx and dtt1.CDECIMAL10 >= dtt2.CDATETIME ;
cidx	CDECIMAL10	CDATETIME
select dtt1.cidx, dtt1.CDECIMAL10, dtt2.CDATETIME from datatypetestm1 dtt1, datatypetestm2 dtt2 where dtt1.cidx = dtt2.cidx and dtt1.CDECIMAL10 <> dtt2.CDATETIME ;
cidx	CDECIMAL10	CDATETIME
1	-9999999	1997-01-01 00:00:00
2	-9999998	1997-01-01 00:00:01
3	-9999997	1997-01-02 00:00:01
4	-9999996	1997-01-03 00:00:02
5	-9999995	1997-01-04 00:00:03
6	9999995	2009-12-31 23:59:56
7	9999996	2009-12-31 23:59:57
8	9999997	2009-12-31 23:59:58
9	9999998	2009-12-31 23:59:59
10	9999999	2009-12-31 23:59:59
11	0	2009-12-31 23:59:59
select dtt1.cidx, dtt1.CDECIMAL10, dtt2.CDATETIME from datatypetestm1 dtt1, datatypetestm2 dtt2 where dtt1.cidx = dtt2.cidx and dtt1.CDECIMAL10 < dtt2.CDATETIME ;
cidx	CDECIMAL10	CDATETIME
1	-9999999	1997-01-01 00:00:00
2	-9999998	1997-01-01 00:00:01
3	-9999997	1997-01-02 00:00:01
4	-9999996	1997-01-03 00:00:02
5	-9999995	1997-01-04 00:00:03
6	9999995	2009-12-31 23:59:56
7	9999996	2009-12-31 23:59:57
8	9999997	2009-12-31 23:59:58
9	9999998	2009-12-31 23:59:59
10	9999999	2009-12-31 23:59:59
11	0	2009-12-31 23:59:59
select dtt1.cidx, dtt1.CDECIMAL10, dtt2.CDATETIME from datatypetestm1 dtt1, datatypetestm2 dtt2 where dtt1.cidx = dtt2.cidx and dtt1.CDECIMAL10 <= dtt2.CDATETIME ;
cidx	CDECIMAL10	CDATETIME
1	-9999999	1997-01-01 00:00:00
2	-9999998	1997-01-01 00:00:01
3	-9999997	1997-01-02 00:00:01
4	-9999996	1997-01-03 00:00:02
5	-9999995	1997-01-04 00:00:03
6	9999995	2009-12-31 23:59:56
7	9999996	2009-12-31 23:59:57
8	9999997	2009-12-31 23:59:58
9	9999998	2009-12-31 23:59:59
10	9999999	2009-12-31 23:59:59
11	0	2009-12-31 23:59:59
