USE autopilot;
select dtt1.cidx, dtt1.CCHAR7, dtt2.CFLOAT from datatypetestm1 dtt1, datatypetestm2 dtt2 where dtt1.cidx = dtt2.cidx and dtt1.CCHAR7 > dtt2.CFLOAT ;
cidx	CCHAR7	CFLOAT
1	aaaaaaa	-3.40287e18
2	g	-3.40287e18
3	gg	-3.40286e18
4	ggg	-3.40286e18
5	gggg	-3.40286e18
select dtt1.cidx, dtt1.CCHAR7, dtt2.CFLOAT from datatypetestm1 dtt1, datatypetestm2 dtt2 where dtt1.cidx = dtt2.cidx and dtt1.CCHAR7 >= dtt2.CFLOAT ;
cidx	CCHAR7	CFLOAT
1	aaaaaaa	-3.40287e18
2	g	-3.40287e18
3	gg	-3.40286e18
4	ggg	-3.40286e18
5	gggg	-3.40286e18
select dtt1.cidx, dtt1.CCHAR7, dtt2.CFLOAT from datatypetestm1 dtt1, datatypetestm2 dtt2 where dtt1.cidx = dtt2.cidx and dtt1.CCHAR7 <> dtt2.CFLOAT ;
cidx	CCHAR7	CFLOAT
1	aaaaaaa	-3.40287e18
2	g	-3.40287e18
3	gg	-3.40286e18
4	ggg	-3.40286e18
5	gggg	-3.40286e18
6	ttttttt	3.40286e18
7	ttttttt	3.40286e18
8	ttttttt	3.40286e18
9	ttttttt	3.40287e18
10	zzzzzzz	3.40287e18
select dtt1.cidx, dtt1.CCHAR7, dtt2.CFLOAT from datatypetestm1 dtt1, datatypetestm2 dtt2 where dtt1.cidx = dtt2.cidx and dtt1.CCHAR7 < dtt2.CFLOAT ;
cidx	CCHAR7	CFLOAT
6	ttttttt	3.40286e18
7	ttttttt	3.40286e18
8	ttttttt	3.40286e18
9	ttttttt	3.40287e18
10	zzzzzzz	3.40287e18
select dtt1.cidx, dtt1.CCHAR7, dtt2.CFLOAT from datatypetestm1 dtt1, datatypetestm2 dtt2 where dtt1.cidx = dtt2.cidx and dtt1.CCHAR7 <= dtt2.CFLOAT ;
cidx	CCHAR7	CFLOAT
6	ttttttt	3.40286e18
7	ttttttt	3.40286e18
8	ttttttt	3.40286e18
9	ttttttt	3.40287e18
10	zzzzzzz	3.40287e18
