USE autopilot;
select dtt1.cidx, dtt1.CDATE, dtt2.CCHAR1 from datatypetestm1 dtt1, datatypetestm2 dtt2 where dtt1.cidx = dtt2.cidx and dtt1.CDATE > dtt2.CCHAR1 ;
cidx	CDATE	CCHAR1
1	1997-01-01	a
2	1997-01-01	a
3	1997-01-02	a
4	1997-01-03	a
5	1997-01-04	a
6	2009-12-28	z
7	2009-12-29	z
8	2009-12-30	z
9	2009-12-31	z
10	2009-12-31	z
select dtt1.cidx, dtt1.CDATE, dtt2.CCHAR1 from datatypetestm1 dtt1, datatypetestm2 dtt2 where dtt1.cidx = dtt2.cidx and dtt1.CDATE >= dtt2.CCHAR1 ;
cidx	CDATE	CCHAR1
1	1997-01-01	a
2	1997-01-01	a
3	1997-01-02	a
4	1997-01-03	a
5	1997-01-04	a
6	2009-12-28	z
7	2009-12-29	z
8	2009-12-30	z
9	2009-12-31	z
10	2009-12-31	z
select dtt1.cidx, dtt1.CDATE, dtt2.CCHAR1 from datatypetestm1 dtt1, datatypetestm2 dtt2 where dtt1.cidx = dtt2.cidx and dtt1.CDATE <> dtt2.CCHAR1 ;
cidx	CDATE	CCHAR1
1	1997-01-01	a
2	1997-01-01	a
3	1997-01-02	a
4	1997-01-03	a
5	1997-01-04	a
6	2009-12-28	z
7	2009-12-29	z
8	2009-12-30	z
9	2009-12-31	z
10	2009-12-31	z
select dtt1.cidx, dtt1.CDATE, dtt2.CCHAR1 from datatypetestm1 dtt1, datatypetestm2 dtt2 where dtt1.cidx = dtt2.cidx and dtt1.CDATE < dtt2.CCHAR1 ;
cidx	CDATE	CCHAR1
select dtt1.cidx, dtt1.CDATE, dtt2.CCHAR1 from datatypetestm1 dtt1, datatypetestm2 dtt2 where dtt1.cidx = dtt2.cidx and dtt1.CDATE <= dtt2.CCHAR1 ;
cidx	CDATE	CCHAR1
