USE autopilot;
select cidx, CDATE, DATE_FORMAT(CDATE,'%W %M %Y') from datatypetestm order by cidx;
cidx	CDATE	DATE_FORMAT(CDATE,'%W %M %Y')
1	1997-01-01	Wednesday January 1997
select cidx, CDATE, DATE_FORMAT(CDATE,'%H:%i:%s') from datatypetestm order by cidx;
cidx	CDATE	DATE_FORMAT(CDATE,'%H:%i:%s')
1	1997-01-01	00:00:00
select cidx, CDATE, DATE_FORMAT(CDATE,'%D %y %a %d %m %b %j') from datatypetestm order by cidx;
cidx	CDATE	DATE_FORMAT(CDATE,'%D %y %a %d %m %b %j')
1	1997-01-01	1st 97 Wed 01 01 Jan 001
select cidx, CDATETIME, DATE_FORMAT(CDATETIME,'%W %M %Y') from datatypetestm order by cidx;
cidx	CDATETIME	DATE_FORMAT(CDATETIME,'%W %M %Y')
1	1997-01-01 00:00:00	Wednesday January 1997
select cidx, CDATETIME, DATE_FORMAT(CDATETIME,'%H:%i:%s') from datatypetestm order by cidx;
cidx	CDATETIME	DATE_FORMAT(CDATETIME,'%H:%i:%s')
1	1997-01-01 00:00:00	00:00:00
select cidx, CDATETIME, DATE_FORMAT(CDATETIME,'%D %y %a %d %m %b %j') from datatypetestm order by cidx;
cidx	CDATETIME	DATE_FORMAT(CDATETIME,'%D %y %a %d %m %b %j')
1	1997-01-01 00:00:00	1st 97 Wed 01 01 Jan 001
select cidx, CTIME, DATE_FORMAT(CTIME,'%W %M %Y') from datatypetestm order by cidx;
cidx	CTIME	DATE_FORMAT(CTIME,'%W %M %Y')
1	13:00:00	REPLACEDVALUE
select cidx, CTIME, DATE_FORMAT(CTIME,'%H:%i:%s') from datatypetestm order by cidx;
cidx	CTIME	DATE_FORMAT(CTIME,'%H:%i:%s')
1	13:00:00	REPLACEDVALUE
select cidx, CTIME, DATE_FORMAT(CTIME,'%D %y %a %d %m %b %j') from datatypetestm order by cidx;
cidx	CTIME	DATE_FORMAT(CTIME,'%D %y %a %d %m %b %j')
1	13:00:00	REPLACEDVALUE
select cidx, CDATE from datatypetestm where DATE_FORMAT(CDATE,'%W %M %Y') <> 0 order by cidx;
cidx	CDATE
select cidx, CDATE from datatypetestm where DATE_FORMAT(CDATE,'%H:%i:%s') <> 0 order by cidx;
cidx	CDATE
select cidx, CDATE from datatypetestm where DATE_FORMAT(CDATE,'%D %y %a %d %m %b %j') <> 0 order by cidx;
cidx	CDATE
1	1997-01-01
select cidx, CDATETIME from datatypetestm where DATE_FORMAT(CDATETIME,'%W %M %Y') <> 0 order by cidx;
cidx	CDATETIME
select cidx, CDATETIME from datatypetestm where DATE_FORMAT(CDATETIME,'%H:%i:%s') <> 0 order by cidx;
cidx	CDATETIME
select cidx, CDATETIME from datatypetestm where DATE_FORMAT(CDATETIME,'%D %y %a %d %m %b %j') <> 0 order by cidx;
cidx	CDATETIME
1	1997-01-01 00:00:00
