USE autopilot;
select cidx, CBIGINT, LOG(CBIGINT) from datatypetestm order by cidx;
cidx	CBIGINT	LOG(CBIGINT)
1	-72036854775806	NULL
select cidx, CDECIMAL1, LOG(CDECIMAL1) from datatypetestm order by cidx;
cidx	CDECIMAL1	LOG(CDECIMAL1)
1	-9	NULL
select cidx, CDECIMAL4, LOG(CDECIMAL4) from datatypetestm order by cidx;
cidx	CDECIMAL4	LOG(CDECIMAL4)
1	-999	NULL
select cidx, CDECIMAL4_2, LOG(CDECIMAL4_2) from datatypetestm order by cidx;
cidx	CDECIMAL4_2	LOG(CDECIMAL4_2)
1	-9.99	NULL
select cidx, CDECIMAL5, LOG(CDECIMAL5) from datatypetestm order by cidx;
cidx	CDECIMAL5	LOG(CDECIMAL5)
1	-999	NULL
select cidx, CDECIMAL9, LOG(CDECIMAL9) from datatypetestm order by cidx;
cidx	CDECIMAL9	LOG(CDECIMAL9)
1	-999999	NULL
select cidx, CDECIMAL9_2, LOG(CDECIMAL9_2) from datatypetestm order by cidx;
cidx	CDECIMAL9_2	LOG(CDECIMAL9_2)
1	-9999.99	NULL
select cidx, CDECIMAL10, LOG(CDECIMAL10) from datatypetestm order by cidx;
cidx	CDECIMAL10	LOG(CDECIMAL10)
1	-9999999	NULL
select cidx, CDECIMAL18, LOG(CDECIMAL18) from datatypetestm order by cidx;
cidx	CDECIMAL18	LOG(CDECIMAL18)
1	-9999999999999	NULL
select cidx, CDECIMAL18_2, LOG(CDECIMAL18_2) from datatypetestm order by cidx;
cidx	CDECIMAL18_2	LOG(CDECIMAL18_2)
1	-99999999999.99	NULL
select cidx, CINTEGER, LOG(CINTEGER) from datatypetestm order by cidx;
cidx	CINTEGER	LOG(CINTEGER)
1	-7483646	NULL
select cidx, CSMALLINT, LOG(CSMALLINT) from datatypetestm order by cidx;
cidx	CSMALLINT	LOG(CSMALLINT)
1	-766	NULL
select cidx, CTINYINT, LOG(CTINYINT) from datatypetestm order by cidx;
cidx	CTINYINT	LOG(CTINYINT)
1	-26	NULL
select cidx, CDOUBLE, LOG(CDOUBLE) from datatypetestm order by cidx;
cidx	CDOUBLE	LOG(CDOUBLE)
1	-1.797693231e108	NULL
select cidx, CFLOAT, LOG(CFLOAT) from datatypetestm order by cidx;
cidx	CFLOAT	LOG(CFLOAT)
1	-3.40287e18	NULL
select cidx, LOG(-1*cidx) from datatypetestm order by cidx;
cidx	LOG(-1*cidx)
1	NULL
select cidx, LOG(0*cidx) from datatypetestm order by cidx;
cidx	LOG(0*cidx)
1	NULL
select cidx, LOG(2*cidx) from datatypetestm order by cidx;
cidx	LOG(2*cidx)
1	0.6931471805599453
select cidx, LOG(265536*cidx) from datatypetestm order by cidx;
cidx	LOG(265536*cidx)
1	12.48950570369254
select cidx, LOG(1100*cidx) from datatypetestm order by cidx;
cidx	LOG(1100*cidx)
1	7.003065458786462
select cidx, LOG(100*cidx) from datatypetestm order by cidx;
cidx	LOG(100*cidx)
1	4.605170185988092
select cidx, CBIGINT from datatypetestm where LOG(CBIGINT) <> 0 order by cidx;
cidx	CBIGINT
select cidx, CDECIMAL1 from datatypetestm where LOG(CDECIMAL1) <> 0 order by cidx;
cidx	CDECIMAL1
select cidx, CDECIMAL4 from datatypetestm where LOG(CDECIMAL4) <> 0 order by cidx;
cidx	CDECIMAL4
select cidx, CDECIMAL4_2 from datatypetestm where LOG(CDECIMAL4_2) <> 0 order by cidx;
cidx	CDECIMAL4_2
select cidx, CDECIMAL5 from datatypetestm where LOG(CDECIMAL5) <> 0 order by cidx;
cidx	CDECIMAL5
select cidx, CDECIMAL9 from datatypetestm where LOG(CDECIMAL9) <> 0 order by cidx;
cidx	CDECIMAL9
select cidx, CDECIMAL9_2 from datatypetestm where LOG(CDECIMAL9_2) <> 0 order by cidx;
cidx	CDECIMAL9_2
select cidx, CDECIMAL10 from datatypetestm where LOG(CDECIMAL10) <> 0 order by cidx;
cidx	CDECIMAL10
select cidx, CDECIMAL18 from datatypetestm where LOG(CDECIMAL18) <> 0 order by cidx;
cidx	CDECIMAL18
select cidx, CDECIMAL18_2 from datatypetestm where LOG(CDECIMAL18_2) <> 0 order by cidx;
cidx	CDECIMAL18_2
select cidx, CINTEGER from datatypetestm where LOG(CINTEGER) <> 0 order by cidx;
cidx	CINTEGER
select cidx, CSMALLINT from datatypetestm where LOG(CSMALLINT) <> 0 order by cidx;
cidx	CSMALLINT
select cidx, CTINYINT from datatypetestm where LOG(CTINYINT) <> 0 order by cidx;
cidx	CTINYINT
select cidx, CDOUBLE from datatypetestm where LOG(CDOUBLE) <> 0 order by cidx;
cidx	CDOUBLE
select cidx, CFLOAT from datatypetestm where LOG(CFLOAT) <> 0 order by cidx;
cidx	CFLOAT
