USE autopilot;
select dtt1.cidx, dtt1.CDATETIME, dtt2.CDECIMAL1 from datatypetestm1 dtt1, datatypetestm2 dtt2 where dtt1.cidx = dtt2.cidx and dtt1.CDATETIME > dtt2.CDECIMAL1 ;
cidx	CDATETIME	CDECIMAL1
1	1997-01-01 00:00:00	-9
2	1997-01-01 00:00:01	-8
3	1997-01-02 00:00:01	-7
4	1997-01-03 00:00:02	-6
5	1997-01-04 00:00:03	-5
6	2009-12-31 23:59:56	5
7	2009-12-31 23:59:57	6
8	2009-12-31 23:59:58	7
9	2009-12-31 23:59:59	8
10	2009-12-31 23:59:59	9
11	2009-12-31 23:59:59	0
select dtt1.cidx, dtt1.CDATETIME, dtt2.CDECIMAL1 from datatypetestm1 dtt1, datatypetestm2 dtt2 where dtt1.cidx = dtt2.cidx and dtt1.CDATETIME >= dtt2.CDECIMAL1 ;
cidx	CDATETIME	CDECIMAL1
1	1997-01-01 00:00:00	-9
2	1997-01-01 00:00:01	-8
3	1997-01-02 00:00:01	-7
4	1997-01-03 00:00:02	-6
5	1997-01-04 00:00:03	-5
6	2009-12-31 23:59:56	5
7	2009-12-31 23:59:57	6
8	2009-12-31 23:59:58	7
9	2009-12-31 23:59:59	8
10	2009-12-31 23:59:59	9
11	2009-12-31 23:59:59	0
select dtt1.cidx, dtt1.CDATETIME, dtt2.CDECIMAL1 from datatypetestm1 dtt1, datatypetestm2 dtt2 where dtt1.cidx = dtt2.cidx and dtt1.CDATETIME <> dtt2.CDECIMAL1 ;
cidx	CDATETIME	CDECIMAL1
1	1997-01-01 00:00:00	-9
2	1997-01-01 00:00:01	-8
3	1997-01-02 00:00:01	-7
4	1997-01-03 00:00:02	-6
5	1997-01-04 00:00:03	-5
6	2009-12-31 23:59:56	5
7	2009-12-31 23:59:57	6
8	2009-12-31 23:59:58	7
9	2009-12-31 23:59:59	8
10	2009-12-31 23:59:59	9
11	2009-12-31 23:59:59	0
select dtt1.cidx, dtt1.CDATETIME, dtt2.CDECIMAL1 from datatypetestm1 dtt1, datatypetestm2 dtt2 where dtt1.cidx = dtt2.cidx and dtt1.CDATETIME < dtt2.CDECIMAL1 ;
cidx	CDATETIME	CDECIMAL1
select dtt1.cidx, dtt1.CDATETIME, dtt2.CDECIMAL1 from datatypetestm1 dtt1, datatypetestm2 dtt2 where dtt1.cidx = dtt2.cidx and dtt1.CDATETIME <= dtt2.CDECIMAL1 ;
cidx	CDATETIME	CDECIMAL1
