USE autopilot;
select cidx, CBIGINT, REVERSE(CBIGINT) from datatypetestm order by cidx;
cidx	CBIGINT	REVERSE(CBIGINT)
1	-72036854775806	60857745863027-
select cidx, CDECIMAL1, REVERSE(CDECIMAL1) from datatypetestm order by cidx;
cidx	CDECIMAL1	REVERSE(CDECIMAL1)
1	-9	9-
select cidx, CDECIMAL4, REVERSE(CDECIMAL4) from datatypetestm order by cidx;
cidx	CDECIMAL4	REVERSE(CDECIMAL4)
1	-999	999-
select cidx, CDECIMAL4_2, REVERSE(CDECIMAL4_2) from datatypetestm order by cidx;
cidx	CDECIMAL4_2	REVERSE(CDECIMAL4_2)
1	-9.99	99.9-
select cidx, CDECIMAL5, REVERSE(CDECIMAL5) from datatypetestm order by cidx;
cidx	CDECIMAL5	REVERSE(CDECIMAL5)
1	-999	999-
select cidx, CDECIMAL9, REVERSE(CDECIMAL9) from datatypetestm order by cidx;
cidx	CDECIMAL9	REVERSE(CDECIMAL9)
1	-999999	999999-
select cidx, CDECIMAL9_2, REVERSE(CDECIMAL9_2) from datatypetestm order by cidx;
cidx	CDECIMAL9_2	REVERSE(CDECIMAL9_2)
1	-9999.99	99.9999-
select cidx, CDECIMAL10, REVERSE(CDECIMAL10) from datatypetestm order by cidx;
cidx	CDECIMAL10	REVERSE(CDECIMAL10)
1	-9999999	9999999-
select cidx, CDECIMAL18, REVERSE(CDECIMAL18) from datatypetestm order by cidx;
cidx	CDECIMAL18	REVERSE(CDECIMAL18)
1	-9999999999999	9999999999999-
select cidx, CDECIMAL18_2, REVERSE(CDECIMAL18_2) from datatypetestm order by cidx;
cidx	CDECIMAL18_2	REVERSE(CDECIMAL18_2)
1	-99999999999.99	99.99999999999-
select cidx, CINTEGER, REVERSE(CINTEGER) from datatypetestm order by cidx;
cidx	CINTEGER	REVERSE(CINTEGER)
1	-7483646	6463847-
select cidx, CSMALLINT, REVERSE(CSMALLINT) from datatypetestm order by cidx;
cidx	CSMALLINT	REVERSE(CSMALLINT)
1	-766	667-
select cidx, CTINYINT, REVERSE(CTINYINT) from datatypetestm order by cidx;
cidx	CTINYINT	REVERSE(CTINYINT)
1	-26	62-
select cidx, CDOUBLE, REVERSE(CDOUBLE) from datatypetestm order by cidx;
cidx	CDOUBLE	REVERSE(CDOUBLE)
1	-1.797693231e108	801e96797.1-
select cidx, CFLOAT, REVERSE(CFLOAT) from datatypetestm order by cidx;
cidx	CFLOAT	REVERSE(CFLOAT)
1	-3.40287e18	81e78204.3-
select cidx, REVERSE('THIS IS A TEST') from datatypetestm order by cidx;
cidx	REVERSE('THIS IS A TEST')
1	TSET A SI SIHT
select cidx, REVERSE('Hello, World') from datatypetestm order by cidx;
cidx	REVERSE('Hello, World')
1	dlroW ,olleH
select cidx, CBIGINT from datatypetestm where REVERSE(CBIGINT) <> 0 order by cidx;
cidx	CBIGINT
1	-72036854775806
select cidx, CDECIMAL1 from datatypetestm where REVERSE(CDECIMAL1) <> 0 order by cidx;
cidx	CDECIMAL1
1	-9
select cidx, CDECIMAL4 from datatypetestm where REVERSE(CDECIMAL4) <> 0 order by cidx;
cidx	CDECIMAL4
1	-999
select cidx, CDECIMAL4_2 from datatypetestm where REVERSE(CDECIMAL4_2) <> 0 order by cidx;
cidx	CDECIMAL4_2
1	-9.99
select cidx, CDECIMAL5 from datatypetestm where REVERSE(CDECIMAL5) <> 0 order by cidx;
cidx	CDECIMAL5
1	-999
select cidx, CDECIMAL9 from datatypetestm where REVERSE(CDECIMAL9) <> 0 order by cidx;
cidx	CDECIMAL9
1	-999999
select cidx, CDECIMAL9_2 from datatypetestm where REVERSE(CDECIMAL9_2) <> 0 order by cidx;
cidx	CDECIMAL9_2
1	-9999.99
select cidx, CDECIMAL10 from datatypetestm where REVERSE(CDECIMAL10) <> 0 order by cidx;
cidx	CDECIMAL10
1	-9999999
select cidx, CDECIMAL18 from datatypetestm where REVERSE(CDECIMAL18) <> 0 order by cidx;
cidx	CDECIMAL18
1	-9999999999999
select cidx, CDECIMAL18_2 from datatypetestm where REVERSE(CDECIMAL18_2) <> 0 order by cidx;
cidx	CDECIMAL18_2
1	-99999999999.99
select cidx, CINTEGER from datatypetestm where REVERSE(CINTEGER) <> 0 order by cidx;
cidx	CINTEGER
1	-7483646
select cidx, CSMALLINT from datatypetestm where REVERSE(CSMALLINT) <> 0 order by cidx;
cidx	CSMALLINT
1	-766
select cidx, CTINYINT from datatypetestm where REVERSE(CTINYINT) <> 0 order by cidx;
cidx	CTINYINT
1	-26
select cidx, CDOUBLE from datatypetestm where REVERSE(CDOUBLE) <> 0 order by cidx;
cidx	CDOUBLE
1	-1.797693231e108
select cidx, CFLOAT from datatypetestm where REVERSE(CFLOAT) <> 0 order by cidx;
cidx	CFLOAT
1	-3.40287e18
