USE autopilot;
select dtt1.cidx, dtt1.CCHAR9, dtt2.CDECIMAL9 from datatypetestm1 dtt1, datatypetestm2 dtt2 where dtt1.cidx = dtt2.cidx and dtt1.CCHAR9 > dtt2.CDECIMAL9 ;
cidx	CCHAR9	CDECIMAL9
1	aaaaaaaaa	-999999
2	i	-999998
3	ii	-999997
4	iii	-999996
5	iiii	-999995
select dtt1.cidx, dtt1.CCHAR9, dtt2.CDECIMAL9 from datatypetestm1 dtt1, datatypetestm2 dtt2 where dtt1.cidx = dtt2.cidx and dtt1.CCHAR9 >= dtt2.CDECIMAL9 ;
cidx	CCHAR9	CDECIMAL9
1	aaaaaaaaa	-999999
2	i	-999998
3	ii	-999997
4	iii	-999996
5	iiii	-999995
select dtt1.cidx, dtt1.CCHAR9, dtt2.CDECIMAL9 from datatypetestm1 dtt1, datatypetestm2 dtt2 where dtt1.cidx = dtt2.cidx and dtt1.CCHAR9 <> dtt2.CDECIMAL9 ;
cidx	CCHAR9	CDECIMAL9
1	aaaaaaaaa	-999999
2	i	-999998
3	ii	-999997
4	iii	-999996
5	iiii	-999995
6	rrrrrrr	999995
7	rrrrrrrr	999996
8	rrrrrrrrr	999997
9	rrrrrrrrr	999998
10	zzzzzzzzz	999999
select dtt1.cidx, dtt1.CCHAR9, dtt2.CDECIMAL9 from datatypetestm1 dtt1, datatypetestm2 dtt2 where dtt1.cidx = dtt2.cidx and dtt1.CCHAR9 < dtt2.CDECIMAL9 ;
cidx	CCHAR9	CDECIMAL9
6	rrrrrrr	999995
7	rrrrrrrr	999996
8	rrrrrrrrr	999997
9	rrrrrrrrr	999998
10	zzzzzzzzz	999999
select dtt1.cidx, dtt1.CCHAR9, dtt2.CDECIMAL9 from datatypetestm1 dtt1, datatypetestm2 dtt2 where dtt1.cidx = dtt2.cidx and dtt1.CCHAR9 <= dtt2.CDECIMAL9 ;
cidx	CCHAR9	CDECIMAL9
6	rrrrrrr	999995
7	rrrrrrrr	999996
8	rrrrrrrrr	999997
9	rrrrrrrrr	999998
10	zzzzzzzzz	999999
