USE autopilot;
select cidx, CDATE, NULLIF(CDATE,CDATE) from datatypetestm order by cidx;
cidx	CDATE	NULLIF(CDATE,CDATE)
1	1997-01-01	NULL
select cidx, CDATE, NULLIF(CDATE,CDATETIME) from datatypetestm order by cidx;
cidx	CDATE	NULLIF(CDATE,CDATETIME)
1	1997-01-01	NULL
select cidx, CDATE, NULLIF(CDATE,CCHAR4) from datatypetestm order by cidx;
cidx	CDATE	NULLIF(CDATE,CCHAR4)
1	1997-01-01	1997-01-01
select cidx, CDATE, NULLIF(CDATE,CCHAR9) from datatypetestm order by cidx;
cidx	CDATE	NULLIF(CDATE,CCHAR9)
1	1997-01-01	1997-01-01
select cidx, CDATE, NULLIF(CDATE,CVCHAR4) from datatypetestm order by cidx;
cidx	CDATE	NULLIF(CDATE,CVCHAR4)
1	1997-01-01	1997-01-01
select cidx, CDATE, NULLIF(CDATE,CVCHAR8) from datatypetestm order by cidx;
cidx	CDATE	NULLIF(CDATE,CVCHAR8)
1	1997-01-01	1997-01-01
select cidx, CDATE, NULLIF(CDATE,CINTEGER) from datatypetestm order by cidx;
cidx	CDATE	NULLIF(CDATE,CINTEGER)
1	1997-01-01	1997-01-01
select cidx, CDATE, NULLIF(CDATE,CDOUBLE) from datatypetestm order by cidx;
cidx	CDATE	NULLIF(CDATE,CDOUBLE)
1	1997-01-01	1997-01-01
select cidx, CDATE, NULLIF(CDATE,CDECIMAL9_2) from datatypetestm order by cidx;
cidx	CDATE	NULLIF(CDATE,CDECIMAL9_2)
1	1997-01-01	1997-01-01
select cidx, CDATE, NULLIF(CDATE,NULL) from datatypetestm order by cidx;
cidx	CDATE	NULLIF(CDATE,NULL)
1	1997-01-01	1997-01-01
select cidx, CDATE, NULLIF(CDATE,'Hello world') from datatypetestm order by cidx;
cidx	CDATE	NULLIF(CDATE,'Hello world')
1	1997-01-01	1997-01-01
select cidx, CDATETIME, NULLIF(CDATETIME,CDATE) from datatypetestm order by cidx;
cidx	CDATETIME	NULLIF(CDATETIME,CDATE)
1	1997-01-01 00:00:00	NULL
select cidx, CDATETIME, NULLIF(CDATETIME,CDATETIME) from datatypetestm order by cidx;
cidx	CDATETIME	NULLIF(CDATETIME,CDATETIME)
1	1997-01-01 00:00:00	NULL
select cidx, CDATETIME, NULLIF(CDATETIME,CCHAR4) from datatypetestm order by cidx;
cidx	CDATETIME	NULLIF(CDATETIME,CCHAR4)
1	1997-01-01 00:00:00	1997-01-01 00:00:00
select cidx, CDATETIME, NULLIF(CDATETIME,CCHAR9) from datatypetestm order by cidx;
cidx	CDATETIME	NULLIF(CDATETIME,CCHAR9)
1	1997-01-01 00:00:00	1997-01-01 00:00:00
select cidx, CDATETIME, NULLIF(CDATETIME,CVCHAR4) from datatypetestm order by cidx;
cidx	CDATETIME	NULLIF(CDATETIME,CVCHAR4)
1	1997-01-01 00:00:00	1997-01-01 00:00:00
select cidx, CDATETIME, NULLIF(CDATETIME,CVCHAR8) from datatypetestm order by cidx;
cidx	CDATETIME	NULLIF(CDATETIME,CVCHAR8)
1	1997-01-01 00:00:00	1997-01-01 00:00:00
select cidx, CDATETIME, NULLIF(CDATETIME,CINTEGER) from datatypetestm order by cidx;
cidx	CDATETIME	NULLIF(CDATETIME,CINTEGER)
1	1997-01-01 00:00:00	1997-01-01 00:00:00
select cidx, CDATETIME, NULLIF(CDATETIME,CDOUBLE) from datatypetestm order by cidx;
cidx	CDATETIME	NULLIF(CDATETIME,CDOUBLE)
1	1997-01-01 00:00:00	1997-01-01 00:00:00
select cidx, CDATETIME, NULLIF(CDATETIME,CDECIMAL9_2) from datatypetestm order by cidx;
cidx	CDATETIME	NULLIF(CDATETIME,CDECIMAL9_2)
1	1997-01-01 00:00:00	1997-01-01 00:00:00
select cidx, CDATETIME, NULLIF(CDATETIME,NULL) from datatypetestm order by cidx;
cidx	CDATETIME	NULLIF(CDATETIME,NULL)
1	1997-01-01 00:00:00	1997-01-01 00:00:00
select cidx, CDATETIME, NULLIF(CDATETIME,'Hello world') from datatypetestm order by cidx;
cidx	CDATETIME	NULLIF(CDATETIME,'Hello world')
1	1997-01-01 00:00:00	1997-01-01 00:00:00
select cidx, CTIME, NULLIF(CTIME,CDATE) from datatypetestm order by cidx;
cidx	CTIME	NULLIF(CTIME,CDATE)
1	13:00:00	13:00:00
select cidx, CTIME, NULLIF(CTIME,CDATETIME) from datatypetestm order by cidx;
cidx	CTIME	NULLIF(CTIME,CDATETIME)
1	13:00:00	13:00:00
select cidx, CTIME, NULLIF(CTIME,CCHAR4) from datatypetestm order by cidx;
cidx	CTIME	NULLIF(CTIME,CCHAR4)
1	13:00:00	13:00:00
select cidx, CTIME, NULLIF(CTIME,CCHAR9) from datatypetestm order by cidx;
cidx	CTIME	NULLIF(CTIME,CCHAR9)
1	13:00:00	13:00:00
select cidx, CTIME, NULLIF(CTIME,CVCHAR4) from datatypetestm order by cidx;
cidx	CTIME	NULLIF(CTIME,CVCHAR4)
1	13:00:00	13:00:00
select cidx, CTIME, NULLIF(CTIME,CVCHAR8) from datatypetestm order by cidx;
cidx	CTIME	NULLIF(CTIME,CVCHAR8)
1	13:00:00	13:00:00
select cidx, CTIME, NULLIF(CTIME,CINTEGER) from datatypetestm order by cidx;
cidx	CTIME	NULLIF(CTIME,CINTEGER)
1	13:00:00	13:00:00
select cidx, CTIME, NULLIF(CTIME,CDOUBLE) from datatypetestm order by cidx;
cidx	CTIME	NULLIF(CTIME,CDOUBLE)
1	13:00:00	13:00:00
select cidx, CTIME, NULLIF(CTIME,CDECIMAL9_2) from datatypetestm order by cidx;
cidx	CTIME	NULLIF(CTIME,CDECIMAL9_2)
1	13:00:00	13:00:00
select cidx, CTIME, NULLIF(CTIME,NULL) from datatypetestm order by cidx;
cidx	CTIME	NULLIF(CTIME,NULL)
1	13:00:00	13:00:00
select cidx, CTIME, NULLIF(CTIME,'Hello world') from datatypetestm order by cidx;
cidx	CTIME	NULLIF(CTIME,'Hello world')
1	13:00:00	13:00:00
select cidx, CDATE from datatypetestm where NULLIF(CDATE,CDATE) <> 0 order by cidx;
cidx	CDATE
select cidx, CDATE from datatypetestm where NULLIF(CDATE,CDATETIME) <> 0 order by cidx;
cidx	CDATE
1	1997-01-01
select cidx, CDATE from datatypetestm where NULLIF(CDATE,CCHAR4) <> 0 order by cidx;
cidx	CDATE
1	1997-01-01
select cidx, CDATE from datatypetestm where NULLIF(CDATE,CCHAR9) <> 0 order by cidx;
cidx	CDATE
1	1997-01-01
select cidx, CDATE from datatypetestm where NULLIF(CDATE,CVCHAR4) <> 0 order by cidx;
cidx	CDATE
1	1997-01-01
select cidx, CDATE from datatypetestm where NULLIF(CDATE,CVCHAR8) <> 0 order by cidx;
cidx	CDATE
1	1997-01-01
select cidx, CDATE from datatypetestm where NULLIF(CDATE,CINTEGER) <> 0 order by cidx;
cidx	CDATE
1	1997-01-01
select cidx, CDATE from datatypetestm where NULLIF(CDATE,CDOUBLE) <> 0 order by cidx;
cidx	CDATE
1	1997-01-01
select cidx, CDATE from datatypetestm where NULLIF(CDATE,CDECIMAL9_2) <> 0 order by cidx;
cidx	CDATE
1	1997-01-01
select cidx, CDATE from datatypetestm where NULLIF(CDATE,NULL) <> 0 order by cidx;
cidx	CDATE
1	1997-01-01
select cidx, CDATE from datatypetestm where NULLIF(CDATE,'Hello world') <> 0 order by cidx;
cidx	CDATE
1	1997-01-01
select cidx, CDATETIME from datatypetestm where NULLIF(CDATETIME,CDATE) <> 0 order by cidx;
cidx	CDATETIME
1	1997-01-01 00:00:00
select cidx, CDATETIME from datatypetestm where NULLIF(CDATETIME,CDATETIME) <> 0 order by cidx;
cidx	CDATETIME
select cidx, CDATETIME from datatypetestm where NULLIF(CDATETIME,CCHAR4) <> 0 order by cidx;
cidx	CDATETIME
1	1997-01-01 00:00:00
select cidx, CDATETIME from datatypetestm where NULLIF(CDATETIME,CCHAR9) <> 0 order by cidx;
cidx	CDATETIME
1	1997-01-01 00:00:00
select cidx, CDATETIME from datatypetestm where NULLIF(CDATETIME,CVCHAR4) <> 0 order by cidx;
cidx	CDATETIME
1	1997-01-01 00:00:00
select cidx, CDATETIME from datatypetestm where NULLIF(CDATETIME,CVCHAR8) <> 0 order by cidx;
cidx	CDATETIME
1	1997-01-01 00:00:00
select cidx, CDATETIME from datatypetestm where NULLIF(CDATETIME,CINTEGER) <> 0 order by cidx;
cidx	CDATETIME
1	1997-01-01 00:00:00
select cidx, CDATETIME from datatypetestm where NULLIF(CDATETIME,CDOUBLE) <> 0 order by cidx;
cidx	CDATETIME
1	1997-01-01 00:00:00
select cidx, CDATETIME from datatypetestm where NULLIF(CDATETIME,CDECIMAL9_2) <> 0 order by cidx;
cidx	CDATETIME
1	1997-01-01 00:00:00
select cidx, CDATETIME from datatypetestm where NULLIF(CDATETIME,NULL) <> 0 order by cidx;
cidx	CDATETIME
1	1997-01-01 00:00:00
select cidx, CDATETIME from datatypetestm where NULLIF(CDATETIME,'Hello world') <> 0 order by cidx;
cidx	CDATETIME
1	1997-01-01 00:00:00
select cidx, CTIME from datatypetestm where NULLIF(CTIME,CDATE) <> 0 order by cidx;
cidx	CTIME
1	13:00:00
select cidx, CTIME from datatypetestm where NULLIF(CTIME,CDATETIME) <> 0 order by cidx;
cidx	CTIME
1	13:00:00
select cidx, CTIME from datatypetestm where NULLIF(CTIME,CCHAR4) <> 0 order by cidx;
cidx	CTIME
1	13:00:00
select cidx, CTIME from datatypetestm where NULLIF(CTIME,CCHAR9) <> 0 order by cidx;
cidx	CTIME
1	13:00:00
select cidx, CTIME from datatypetestm where NULLIF(CTIME,CVCHAR4) <> 0 order by cidx;
cidx	CTIME
1	13:00:00
select cidx, CTIME from datatypetestm where NULLIF(CTIME,CVCHAR8) <> 0 order by cidx;
cidx	CTIME
1	13:00:00
select cidx, CTIME from datatypetestm where NULLIF(CTIME,CINTEGER) <> 0 order by cidx;
cidx	CTIME
1	13:00:00
select cidx, CTIME from datatypetestm where NULLIF(CTIME,CDOUBLE) <> 0 order by cidx;
cidx	CTIME
1	13:00:00
select cidx, CTIME from datatypetestm where NULLIF(CTIME,CDECIMAL9_2) <> 0 order by cidx;
cidx	CTIME
1	13:00:00
select cidx, CTIME from datatypetestm where NULLIF(CTIME,NULL) <> 0 order by cidx;
cidx	CTIME
1	13:00:00
select cidx, CTIME from datatypetestm where NULLIF(CTIME,'Hello world') <> 0 order by cidx;
cidx	CTIME
1	13:00:00
