USE autopilot;
select dtt1.cidx, dtt1.CCHAR3, dtt2.CTINYTEXT from datatypetestm1 dtt1, datatypetestm2 dtt2 where dtt1.cidx = dtt2.cidx and dtt1.CCHAR3 > dtt2.CTINYTEXT ;
cidx	CCHAR3	CTINYTEXT
6	xxx	tinytext
7	xxx	tinytext
8	xxx	tinytext
9	xxx	tinytext
10	zzz	tinytext
select dtt1.cidx, dtt1.CCHAR3, dtt2.CTINYTEXT from datatypetestm1 dtt1, datatypetestm2 dtt2 where dtt1.cidx = dtt2.cidx and dtt1.CCHAR3 >= dtt2.CTINYTEXT ;
cidx	CCHAR3	CTINYTEXT
6	xxx	tinytext
7	xxx	tinytext
8	xxx	tinytext
9	xxx	tinytext
10	zzz	tinytext
select dtt1.cidx, dtt1.CCHAR3, dtt2.CTINYTEXT from datatypetestm1 dtt1, datatypetestm2 dtt2 where dtt1.cidx = dtt2.cidx and dtt1.CCHAR3 <> dtt2.CTINYTEXT ;
cidx	CCHAR3	CTINYTEXT
1	aaa	tinytext
2	c	tinytext
3	cc	tinytext
4	ccc	tinytext
5	ccc	tinytext
6	xxx	tinytext
7	xxx	tinytext
8	xxx	tinytext
9	xxx	tinytext
10	zzz	tinytext
select dtt1.cidx, dtt1.CCHAR3, dtt2.CTINYTEXT from datatypetestm1 dtt1, datatypetestm2 dtt2 where dtt1.cidx = dtt2.cidx and dtt1.CCHAR3 < dtt2.CTINYTEXT ;
cidx	CCHAR3	CTINYTEXT
1	aaa	tinytext
2	c	tinytext
3	cc	tinytext
4	ccc	tinytext
5	ccc	tinytext
select dtt1.cidx, dtt1.CCHAR3, dtt2.CTINYTEXT from datatypetestm1 dtt1, datatypetestm2 dtt2 where dtt1.cidx = dtt2.cidx and dtt1.CCHAR3 <= dtt2.CTINYTEXT ;
cidx	CCHAR3	CTINYTEXT
1	aaa	tinytext
2	c	tinytext
3	cc	tinytext
4	ccc	tinytext
5	ccc	tinytext
