USE autopilot;
select cidx, CBIGINT, CASE WHEN CBIGINT=32766 THEN 1 WHEN CBIGINT=32766 THEN 1 ELSE NULL END CaseCol from datatypetestm order by cidx;
cidx	CBIGINT	CaseCol
1	-72036854775806	NULL
select cidx, CBIGINT, CASE WHEN CBIGINT=-32766 THEN 1 WHEN CBIGINT=-32766 THEN 1 ELSE NULL END CaseCol from datatypetestm order by cidx;
cidx	CBIGINT	CaseCol
1	-72036854775806	NULL
select cidx, CBIGINT, CASE WHEN CBIGINT=-9999999.99 THEN 1 WHEN CBIGINT=-9999999.99 THEN 1 ELSE NULL END CaseCol from datatypetestm order by cidx;
cidx	CBIGINT	CaseCol
1	-72036854775806	NULL
select cidx, CDECIMAL1, CASE WHEN CDECIMAL1=32766 THEN 1 WHEN CDECIMAL1=32766 THEN 1 ELSE NULL END CaseCol from datatypetestm order by cidx;
cidx	CDECIMAL1	CaseCol
1	-9	NULL
select cidx, CDECIMAL1, CASE WHEN CDECIMAL1=-32766 THEN 1 WHEN CDECIMAL1=-32766 THEN 1 ELSE NULL END CaseCol from datatypetestm order by cidx;
cidx	CDECIMAL1	CaseCol
1	-9	NULL
select cidx, CDECIMAL1, CASE WHEN CDECIMAL1=-9999999.99 THEN 1 WHEN CDECIMAL1=-9999999.99 THEN 1 ELSE NULL END CaseCol from datatypetestm order by cidx;
cidx	CDECIMAL1	CaseCol
1	-9	NULL
select cidx, CDECIMAL4, CASE WHEN CDECIMAL4=32766 THEN 1 WHEN CDECIMAL4=32766 THEN 1 ELSE NULL END CaseCol from datatypetestm order by cidx;
cidx	CDECIMAL4	CaseCol
1	-999	NULL
select cidx, CDECIMAL4, CASE WHEN CDECIMAL4=-32766 THEN 1 WHEN CDECIMAL4=-32766 THEN 1 ELSE NULL END CaseCol from datatypetestm order by cidx;
cidx	CDECIMAL4	CaseCol
1	-999	NULL
select cidx, CDECIMAL4, CASE WHEN CDECIMAL4=-9999999.99 THEN 1 WHEN CDECIMAL4=-9999999.99 THEN 1 ELSE NULL END CaseCol from datatypetestm order by cidx;
cidx	CDECIMAL4	CaseCol
1	-999	NULL
select cidx, CDECIMAL4_2, CASE WHEN CDECIMAL4_2=32766 THEN 1 WHEN CDECIMAL4_2=32766 THEN 1 ELSE NULL END CaseCol from datatypetestm order by cidx;
cidx	CDECIMAL4_2	CaseCol
1	-9.99	NULL
select cidx, CDECIMAL4_2, CASE WHEN CDECIMAL4_2=-32766 THEN 1 WHEN CDECIMAL4_2=-32766 THEN 1 ELSE NULL END CaseCol from datatypetestm order by cidx;
cidx	CDECIMAL4_2	CaseCol
1	-9.99	NULL
select cidx, CDECIMAL4_2, CASE WHEN CDECIMAL4_2=-9999999.99 THEN 1 WHEN CDECIMAL4_2=-9999999.99 THEN 1 ELSE NULL END CaseCol from datatypetestm order by cidx;
cidx	CDECIMAL4_2	CaseCol
1	-9.99	NULL
select cidx, CDECIMAL5, CASE WHEN CDECIMAL5=32766 THEN 1 WHEN CDECIMAL5=32766 THEN 1 ELSE NULL END CaseCol from datatypetestm order by cidx;
cidx	CDECIMAL5	CaseCol
1	-999	NULL
select cidx, CDECIMAL5, CASE WHEN CDECIMAL5=-32766 THEN 1 WHEN CDECIMAL5=-32766 THEN 1 ELSE NULL END CaseCol from datatypetestm order by cidx;
cidx	CDECIMAL5	CaseCol
1	-999	NULL
select cidx, CDECIMAL5, CASE WHEN CDECIMAL5=-9999999.99 THEN 1 WHEN CDECIMAL5=-9999999.99 THEN 1 ELSE NULL END CaseCol from datatypetestm order by cidx;
cidx	CDECIMAL5	CaseCol
1	-999	NULL
select cidx, CDECIMAL9, CASE WHEN CDECIMAL9=32766 THEN 1 WHEN CDECIMAL9=32766 THEN 1 ELSE NULL END CaseCol from datatypetestm order by cidx;
cidx	CDECIMAL9	CaseCol
1	-999999	NULL
select cidx, CDECIMAL9, CASE WHEN CDECIMAL9=-32766 THEN 1 WHEN CDECIMAL9=-32766 THEN 1 ELSE NULL END CaseCol from datatypetestm order by cidx;
cidx	CDECIMAL9	CaseCol
1	-999999	NULL
select cidx, CDECIMAL9, CASE WHEN CDECIMAL9=-9999999.99 THEN 1 WHEN CDECIMAL9=-9999999.99 THEN 1 ELSE NULL END CaseCol from datatypetestm order by cidx;
cidx	CDECIMAL9	CaseCol
1	-999999	NULL
select cidx, CDECIMAL9_2, CASE WHEN CDECIMAL9_2=32766 THEN 1 WHEN CDECIMAL9_2=32766 THEN 1 ELSE NULL END CaseCol from datatypetestm order by cidx;
cidx	CDECIMAL9_2	CaseCol
1	-9999.99	NULL
select cidx, CDECIMAL9_2, CASE WHEN CDECIMAL9_2=-32766 THEN 1 WHEN CDECIMAL9_2=-32766 THEN 1 ELSE NULL END CaseCol from datatypetestm order by cidx;
cidx	CDECIMAL9_2	CaseCol
1	-9999.99	NULL
select cidx, CDECIMAL9_2, CASE WHEN CDECIMAL9_2=-9999999.99 THEN 1 WHEN CDECIMAL9_2=-9999999.99 THEN 1 ELSE NULL END CaseCol from datatypetestm order by cidx;
cidx	CDECIMAL9_2	CaseCol
1	-9999.99	NULL
select cidx, CDECIMAL10, CASE WHEN CDECIMAL10=32766 THEN 1 WHEN CDECIMAL10=32766 THEN 1 ELSE NULL END CaseCol from datatypetestm order by cidx;
cidx	CDECIMAL10	CaseCol
1	-9999999	NULL
select cidx, CDECIMAL10, CASE WHEN CDECIMAL10=-32766 THEN 1 WHEN CDECIMAL10=-32766 THEN 1 ELSE NULL END CaseCol from datatypetestm order by cidx;
cidx	CDECIMAL10	CaseCol
1	-9999999	NULL
select cidx, CDECIMAL10, CASE WHEN CDECIMAL10=-9999999.99 THEN 1 WHEN CDECIMAL10=-9999999.99 THEN 1 ELSE NULL END CaseCol from datatypetestm order by cidx;
cidx	CDECIMAL10	CaseCol
1	-9999999	NULL
select cidx, CDECIMAL18, CASE WHEN CDECIMAL18=32766 THEN 1 WHEN CDECIMAL18=32766 THEN 1 ELSE NULL END CaseCol from datatypetestm order by cidx;
cidx	CDECIMAL18	CaseCol
1	-9999999999999	NULL
select cidx, CDECIMAL18, CASE WHEN CDECIMAL18=-32766 THEN 1 WHEN CDECIMAL18=-32766 THEN 1 ELSE NULL END CaseCol from datatypetestm order by cidx;
cidx	CDECIMAL18	CaseCol
1	-9999999999999	NULL
select cidx, CDECIMAL18, CASE WHEN CDECIMAL18=-9999999.99 THEN 1 WHEN CDECIMAL18=-9999999.99 THEN 1 ELSE NULL END CaseCol from datatypetestm order by cidx;
cidx	CDECIMAL18	CaseCol
1	-9999999999999	NULL
select cidx, CDECIMAL18_2, CASE WHEN CDECIMAL18_2=32766 THEN 1 WHEN CDECIMAL18_2=32766 THEN 1 ELSE NULL END CaseCol from datatypetestm order by cidx;
cidx	CDECIMAL18_2	CaseCol
1	-99999999999.99	NULL
select cidx, CDECIMAL18_2, CASE WHEN CDECIMAL18_2=-32766 THEN 1 WHEN CDECIMAL18_2=-32766 THEN 1 ELSE NULL END CaseCol from datatypetestm order by cidx;
cidx	CDECIMAL18_2	CaseCol
1	-99999999999.99	NULL
select cidx, CDECIMAL18_2, CASE WHEN CDECIMAL18_2=-9999999.99 THEN 1 WHEN CDECIMAL18_2=-9999999.99 THEN 1 ELSE NULL END CaseCol from datatypetestm order by cidx;
cidx	CDECIMAL18_2	CaseCol
1	-99999999999.99	NULL
select cidx, CINTEGER, CASE WHEN CINTEGER=32766 THEN 1 WHEN CINTEGER=32766 THEN 1 ELSE NULL END CaseCol from datatypetestm order by cidx;
cidx	CINTEGER	CaseCol
1	-7483646	NULL
select cidx, CINTEGER, CASE WHEN CINTEGER=-32766 THEN 1 WHEN CINTEGER=-32766 THEN 1 ELSE NULL END CaseCol from datatypetestm order by cidx;
cidx	CINTEGER	CaseCol
1	-7483646	NULL
select cidx, CINTEGER, CASE WHEN CINTEGER=-9999999.99 THEN 1 WHEN CINTEGER=-9999999.99 THEN 1 ELSE NULL END CaseCol from datatypetestm order by cidx;
cidx	CINTEGER	CaseCol
1	-7483646	NULL
select cidx, CSMALLINT, CASE WHEN CSMALLINT=32766 THEN 1 WHEN CSMALLINT=32766 THEN 1 ELSE NULL END CaseCol from datatypetestm order by cidx;
cidx	CSMALLINT	CaseCol
1	-766	NULL
select cidx, CSMALLINT, CASE WHEN CSMALLINT=-32766 THEN 1 WHEN CSMALLINT=-32766 THEN 1 ELSE NULL END CaseCol from datatypetestm order by cidx;
cidx	CSMALLINT	CaseCol
1	-766	NULL
select cidx, CSMALLINT, CASE WHEN CSMALLINT=-9999999.99 THEN 1 WHEN CSMALLINT=-9999999.99 THEN 1 ELSE NULL END CaseCol from datatypetestm order by cidx;
cidx	CSMALLINT	CaseCol
1	-766	NULL
select cidx, CTINYINT, CASE WHEN CTINYINT=32766 THEN 1 WHEN CTINYINT=32766 THEN 1 ELSE NULL END CaseCol from datatypetestm order by cidx;
cidx	CTINYINT	CaseCol
1	-26	NULL
select cidx, CTINYINT, CASE WHEN CTINYINT=-32766 THEN 1 WHEN CTINYINT=-32766 THEN 1 ELSE NULL END CaseCol from datatypetestm order by cidx;
cidx	CTINYINT	CaseCol
1	-26	NULL
select cidx, CTINYINT, CASE WHEN CTINYINT=-9999999.99 THEN 1 WHEN CTINYINT=-9999999.99 THEN 1 ELSE NULL END CaseCol from datatypetestm order by cidx;
cidx	CTINYINT	CaseCol
1	-26	NULL
select cidx, CDOUBLE, CASE WHEN CDOUBLE=32766 THEN 1 WHEN CDOUBLE=32766 THEN 1 ELSE NULL END CaseCol from datatypetestm order by cidx;
cidx	CDOUBLE	CaseCol
1	-1.797693231e108	NULL
select cidx, CDOUBLE, CASE WHEN CDOUBLE=-32766 THEN 1 WHEN CDOUBLE=-32766 THEN 1 ELSE NULL END CaseCol from datatypetestm order by cidx;
cidx	CDOUBLE	CaseCol
1	-1.797693231e108	NULL
select cidx, CDOUBLE, CASE WHEN CDOUBLE=-9999999.99 THEN 1 WHEN CDOUBLE=-9999999.99 THEN 1 ELSE NULL END CaseCol from datatypetestm order by cidx;
cidx	CDOUBLE	CaseCol
1	-1.797693231e108	NULL
select cidx, CFLOAT, CASE WHEN CFLOAT=32766 THEN 1 WHEN CFLOAT=32766 THEN 1 ELSE NULL END CaseCol from datatypetestm order by cidx;
cidx	CFLOAT	CaseCol
1	-3.40287e18	NULL
select cidx, CFLOAT, CASE WHEN CFLOAT=-32766 THEN 1 WHEN CFLOAT=-32766 THEN 1 ELSE NULL END CaseCol from datatypetestm order by cidx;
cidx	CFLOAT	CaseCol
1	-3.40287e18	NULL
select cidx, CFLOAT, CASE WHEN CFLOAT=-9999999.99 THEN 1 WHEN CFLOAT=-9999999.99 THEN 1 ELSE NULL END CaseCol from datatypetestm order by cidx;
cidx	CFLOAT	CaseCol
1	-3.40287e18	NULL
select cidx, CBIGINT from datatypetestm where CASE WHEN CBIGINT=32766 THEN 1 WHEN CBIGINT=32766 THEN 1 ELSE NULL END <> 0 order by cidx;
cidx	CBIGINT
select cidx, CBIGINT from datatypetestm where CASE WHEN CBIGINT=-32766 THEN 1 WHEN CBIGINT=-32766 THEN 1 ELSE NULL END <> 0 order by cidx;
cidx	CBIGINT
select cidx, CBIGINT from datatypetestm where CASE WHEN CBIGINT=-9999999.99 THEN 1 WHEN CBIGINT=-9999999.99 THEN 1 ELSE NULL END <> 0 order by cidx;
cidx	CBIGINT
select cidx, CDECIMAL1 from datatypetestm where CASE WHEN CDECIMAL1=32766 THEN 1 WHEN CDECIMAL1=32766 THEN 1 ELSE NULL END <> 0 order by cidx;
cidx	CDECIMAL1
select cidx, CDECIMAL1 from datatypetestm where CASE WHEN CDECIMAL1=-32766 THEN 1 WHEN CDECIMAL1=-32766 THEN 1 ELSE NULL END <> 0 order by cidx;
cidx	CDECIMAL1
select cidx, CDECIMAL1 from datatypetestm where CASE WHEN CDECIMAL1=-9999999.99 THEN 1 WHEN CDECIMAL1=-9999999.99 THEN 1 ELSE NULL END <> 0 order by cidx;
cidx	CDECIMAL1
select cidx, CDECIMAL4 from datatypetestm where CASE WHEN CDECIMAL4=32766 THEN 1 WHEN CDECIMAL4=32766 THEN 1 ELSE NULL END <> 0 order by cidx;
cidx	CDECIMAL4
select cidx, CDECIMAL4 from datatypetestm where CASE WHEN CDECIMAL4=-32766 THEN 1 WHEN CDECIMAL4=-32766 THEN 1 ELSE NULL END <> 0 order by cidx;
cidx	CDECIMAL4
select cidx, CDECIMAL4 from datatypetestm where CASE WHEN CDECIMAL4=-9999999.99 THEN 1 WHEN CDECIMAL4=-9999999.99 THEN 1 ELSE NULL END <> 0 order by cidx;
cidx	CDECIMAL4
select cidx, CDECIMAL4_2 from datatypetestm where CASE WHEN CDECIMAL4_2=32766 THEN 1 WHEN CDECIMAL4_2=32766 THEN 1 ELSE NULL END <> 0 order by cidx;
cidx	CDECIMAL4_2
select cidx, CDECIMAL4_2 from datatypetestm where CASE WHEN CDECIMAL4_2=-32766 THEN 1 WHEN CDECIMAL4_2=-32766 THEN 1 ELSE NULL END <> 0 order by cidx;
cidx	CDECIMAL4_2
select cidx, CDECIMAL4_2 from datatypetestm where CASE WHEN CDECIMAL4_2=-9999999.99 THEN 1 WHEN CDECIMAL4_2=-9999999.99 THEN 1 ELSE NULL END <> 0 order by cidx;
cidx	CDECIMAL4_2
select cidx, CDECIMAL5 from datatypetestm where CASE WHEN CDECIMAL5=32766 THEN 1 WHEN CDECIMAL5=32766 THEN 1 ELSE NULL END <> 0 order by cidx;
cidx	CDECIMAL5
select cidx, CDECIMAL5 from datatypetestm where CASE WHEN CDECIMAL5=-32766 THEN 1 WHEN CDECIMAL5=-32766 THEN 1 ELSE NULL END <> 0 order by cidx;
cidx	CDECIMAL5
select cidx, CDECIMAL5 from datatypetestm where CASE WHEN CDECIMAL5=-9999999.99 THEN 1 WHEN CDECIMAL5=-9999999.99 THEN 1 ELSE NULL END <> 0 order by cidx;
cidx	CDECIMAL5
select cidx, CDECIMAL9 from datatypetestm where CASE WHEN CDECIMAL9=32766 THEN 1 WHEN CDECIMAL9=32766 THEN 1 ELSE NULL END <> 0 order by cidx;
cidx	CDECIMAL9
select cidx, CDECIMAL9 from datatypetestm where CASE WHEN CDECIMAL9=-32766 THEN 1 WHEN CDECIMAL9=-32766 THEN 1 ELSE NULL END <> 0 order by cidx;
cidx	CDECIMAL9
select cidx, CDECIMAL9 from datatypetestm where CASE WHEN CDECIMAL9=-9999999.99 THEN 1 WHEN CDECIMAL9=-9999999.99 THEN 1 ELSE NULL END <> 0 order by cidx;
cidx	CDECIMAL9
select cidx, CDECIMAL9_2 from datatypetestm where CASE WHEN CDECIMAL9_2=32766 THEN 1 WHEN CDECIMAL9_2=32766 THEN 1 ELSE NULL END <> 0 order by cidx;
cidx	CDECIMAL9_2
select cidx, CDECIMAL9_2 from datatypetestm where CASE WHEN CDECIMAL9_2=-32766 THEN 1 WHEN CDECIMAL9_2=-32766 THEN 1 ELSE NULL END <> 0 order by cidx;
cidx	CDECIMAL9_2
select cidx, CDECIMAL9_2 from datatypetestm where CASE WHEN CDECIMAL9_2=-9999999.99 THEN 1 WHEN CDECIMAL9_2=-9999999.99 THEN 1 ELSE NULL END <> 0 order by cidx;
cidx	CDECIMAL9_2
select cidx, CDECIMAL10 from datatypetestm where CASE WHEN CDECIMAL10=32766 THEN 1 WHEN CDECIMAL10=32766 THEN 1 ELSE NULL END <> 0 order by cidx;
cidx	CDECIMAL10
select cidx, CDECIMAL10 from datatypetestm where CASE WHEN CDECIMAL10=-32766 THEN 1 WHEN CDECIMAL10=-32766 THEN 1 ELSE NULL END <> 0 order by cidx;
cidx	CDECIMAL10
select cidx, CDECIMAL10 from datatypetestm where CASE WHEN CDECIMAL10=-9999999.99 THEN 1 WHEN CDECIMAL10=-9999999.99 THEN 1 ELSE NULL END <> 0 order by cidx;
cidx	CDECIMAL10
select cidx, CDECIMAL18 from datatypetestm where CASE WHEN CDECIMAL18=32766 THEN 1 WHEN CDECIMAL18=32766 THEN 1 ELSE NULL END <> 0 order by cidx;
cidx	CDECIMAL18
select cidx, CDECIMAL18 from datatypetestm where CASE WHEN CDECIMAL18=-32766 THEN 1 WHEN CDECIMAL18=-32766 THEN 1 ELSE NULL END <> 0 order by cidx;
cidx	CDECIMAL18
select cidx, CDECIMAL18 from datatypetestm where CASE WHEN CDECIMAL18=-9999999.99 THEN 1 WHEN CDECIMAL18=-9999999.99 THEN 1 ELSE NULL END <> 0 order by cidx;
cidx	CDECIMAL18
select cidx, CDECIMAL18_2 from datatypetestm where CASE WHEN CDECIMAL18_2=32766 THEN 1 WHEN CDECIMAL18_2=32766 THEN 1 ELSE NULL END <> 0 order by cidx;
cidx	CDECIMAL18_2
select cidx, CDECIMAL18_2 from datatypetestm where CASE WHEN CDECIMAL18_2=-32766 THEN 1 WHEN CDECIMAL18_2=-32766 THEN 1 ELSE NULL END <> 0 order by cidx;
cidx	CDECIMAL18_2
select cidx, CDECIMAL18_2 from datatypetestm where CASE WHEN CDECIMAL18_2=-9999999.99 THEN 1 WHEN CDECIMAL18_2=-9999999.99 THEN 1 ELSE NULL END <> 0 order by cidx;
cidx	CDECIMAL18_2
select cidx, CINTEGER from datatypetestm where CASE WHEN CINTEGER=32766 THEN 1 WHEN CINTEGER=32766 THEN 1 ELSE NULL END <> 0 order by cidx;
cidx	CINTEGER
select cidx, CINTEGER from datatypetestm where CASE WHEN CINTEGER=-32766 THEN 1 WHEN CINTEGER=-32766 THEN 1 ELSE NULL END <> 0 order by cidx;
cidx	CINTEGER
select cidx, CINTEGER from datatypetestm where CASE WHEN CINTEGER=-9999999.99 THEN 1 WHEN CINTEGER=-9999999.99 THEN 1 ELSE NULL END <> 0 order by cidx;
cidx	CINTEGER
select cidx, CSMALLINT from datatypetestm where CASE WHEN CSMALLINT=32766 THEN 1 WHEN CSMALLINT=32766 THEN 1 ELSE NULL END <> 0 order by cidx;
cidx	CSMALLINT
select cidx, CSMALLINT from datatypetestm where CASE WHEN CSMALLINT=-32766 THEN 1 WHEN CSMALLINT=-32766 THEN 1 ELSE NULL END <> 0 order by cidx;
cidx	CSMALLINT
select cidx, CSMALLINT from datatypetestm where CASE WHEN CSMALLINT=-9999999.99 THEN 1 WHEN CSMALLINT=-9999999.99 THEN 1 ELSE NULL END <> 0 order by cidx;
cidx	CSMALLINT
select cidx, CTINYINT from datatypetestm where CASE WHEN CTINYINT=32766 THEN 1 WHEN CTINYINT=32766 THEN 1 ELSE NULL END <> 0 order by cidx;
cidx	CTINYINT
select cidx, CTINYINT from datatypetestm where CASE WHEN CTINYINT=-32766 THEN 1 WHEN CTINYINT=-32766 THEN 1 ELSE NULL END <> 0 order by cidx;
cidx	CTINYINT
select cidx, CTINYINT from datatypetestm where CASE WHEN CTINYINT=-9999999.99 THEN 1 WHEN CTINYINT=-9999999.99 THEN 1 ELSE NULL END <> 0 order by cidx;
cidx	CTINYINT
select cidx, CDOUBLE from datatypetestm where CASE WHEN CDOUBLE=32766 THEN 1 WHEN CDOUBLE=32766 THEN 1 ELSE NULL END <> 0 order by cidx;
cidx	CDOUBLE
select cidx, CDOUBLE from datatypetestm where CASE WHEN CDOUBLE=-32766 THEN 1 WHEN CDOUBLE=-32766 THEN 1 ELSE NULL END <> 0 order by cidx;
cidx	CDOUBLE
select cidx, CDOUBLE from datatypetestm where CASE WHEN CDOUBLE=-9999999.99 THEN 1 WHEN CDOUBLE=-9999999.99 THEN 1 ELSE NULL END <> 0 order by cidx;
cidx	CDOUBLE
select cidx, CFLOAT from datatypetestm where CASE WHEN CFLOAT=32766 THEN 1 WHEN CFLOAT=32766 THEN 1 ELSE NULL END <> 0 order by cidx;
cidx	CFLOAT
select cidx, CFLOAT from datatypetestm where CASE WHEN CFLOAT=-32766 THEN 1 WHEN CFLOAT=-32766 THEN 1 ELSE NULL END <> 0 order by cidx;
cidx	CFLOAT
select cidx, CFLOAT from datatypetestm where CASE WHEN CFLOAT=-9999999.99 THEN 1 WHEN CFLOAT=-9999999.99 THEN 1 ELSE NULL END <> 0 order by cidx;
cidx	CFLOAT
