USE autopilot;
select dtt1.cidx, dtt1.CBIGINT, dtt2.CDOUBLE from datatypetestm1 dtt1, datatypetestm2 dtt2 where dtt1.cidx = dtt2.cidx and dtt1.CBIGINT > dtt2.CDOUBLE ;
cidx	CBIGINT	CDOUBLE
1	-72036854775806	-1.797693231e108
2	-72036854775805	-1.79769323e108
3	-72036854775804	-1.797693229e108
4	-72036854775803	-1.797693228e108
5	-72036854775802	-1.797693227e108
select dtt1.cidx, dtt1.CBIGINT, dtt2.CDOUBLE from datatypetestm1 dtt1, datatypetestm2 dtt2 where dtt1.cidx = dtt2.cidx and dtt1.CBIGINT >= dtt2.CDOUBLE ;
cidx	CBIGINT	CDOUBLE
1	-72036854775806	-1.797693231e108
2	-72036854775805	-1.79769323e108
3	-72036854775804	-1.797693229e108
4	-72036854775803	-1.797693228e108
5	-72036854775802	-1.797693227e108
11	0	0
select dtt1.cidx, dtt1.CBIGINT, dtt2.CDOUBLE from datatypetestm1 dtt1, datatypetestm2 dtt2 where dtt1.cidx = dtt2.cidx and dtt1.CBIGINT <> dtt2.CDOUBLE ;
cidx	CBIGINT	CDOUBLE
1	-72036854775806	-1.797693231e108
2	-72036854775805	-1.79769323e108
3	-72036854775804	-1.797693229e108
4	-72036854775803	-1.797693228e108
5	-72036854775802	-1.797693227e108
6	72036854775803	1.797693227e108
7	72036854775804	1.797693228e108
8	72036854775805	1.797693229e108
9	72036854775806	1.79769323e108
10	72036854775807	1.797693231e108
select dtt1.cidx, dtt1.CBIGINT, dtt2.CDOUBLE from datatypetestm1 dtt1, datatypetestm2 dtt2 where dtt1.cidx = dtt2.cidx and dtt1.CBIGINT < dtt2.CDOUBLE ;
cidx	CBIGINT	CDOUBLE
6	72036854775803	1.797693227e108
7	72036854775804	1.797693228e108
8	72036854775805	1.797693229e108
9	72036854775806	1.79769323e108
10	72036854775807	1.797693231e108
select dtt1.cidx, dtt1.CBIGINT, dtt2.CDOUBLE from datatypetestm1 dtt1, datatypetestm2 dtt2 where dtt1.cidx = dtt2.cidx and dtt1.CBIGINT <= dtt2.CDOUBLE ;
cidx	CBIGINT	CDOUBLE
6	72036854775803	1.797693227e108
7	72036854775804	1.797693228e108
8	72036854775805	1.797693229e108
9	72036854775806	1.79769323e108
10	72036854775807	1.797693231e108
11	0	0
