USE autopilot;
select dtt1.cidx, dtt1.CDATE, dtt2.CTEXT from datatypetestm1 dtt1, datatypetestm2 dtt2 where dtt1.cidx = dtt2.cidx and dtt1.CDATE > dtt2.CTEXT ;
cidx	CDATE	CTEXT
1	1997-01-01	texttexttext
2	1997-01-01	texttexttext
3	1997-01-02	texttexttext
4	1997-01-03	texttexttext
5	1997-01-04	texttexttext
6	2009-12-28	texttexttext
7	2009-12-29	texttexttext
8	2009-12-30	texttexttext
9	2009-12-31	texttexttext
10	2009-12-31	texttexttext
select dtt1.cidx, dtt1.CDATE, dtt2.CTEXT from datatypetestm1 dtt1, datatypetestm2 dtt2 where dtt1.cidx = dtt2.cidx and dtt1.CDATE >= dtt2.CTEXT ;
cidx	CDATE	CTEXT
1	1997-01-01	texttexttext
2	1997-01-01	texttexttext
3	1997-01-02	texttexttext
4	1997-01-03	texttexttext
5	1997-01-04	texttexttext
6	2009-12-28	texttexttext
7	2009-12-29	texttexttext
8	2009-12-30	texttexttext
9	2009-12-31	texttexttext
10	2009-12-31	texttexttext
select dtt1.cidx, dtt1.CDATE, dtt2.CTEXT from datatypetestm1 dtt1, datatypetestm2 dtt2 where dtt1.cidx = dtt2.cidx and dtt1.CDATE <> dtt2.CTEXT ;
cidx	CDATE	CTEXT
1	1997-01-01	texttexttext
2	1997-01-01	texttexttext
3	1997-01-02	texttexttext
4	1997-01-03	texttexttext
5	1997-01-04	texttexttext
6	2009-12-28	texttexttext
7	2009-12-29	texttexttext
8	2009-12-30	texttexttext
9	2009-12-31	texttexttext
10	2009-12-31	texttexttext
select dtt1.cidx, dtt1.CDATE, dtt2.CTEXT from datatypetestm1 dtt1, datatypetestm2 dtt2 where dtt1.cidx = dtt2.cidx and dtt1.CDATE < dtt2.CTEXT ;
cidx	CDATE	CTEXT
select dtt1.cidx, dtt1.CDATE, dtt2.CTEXT from datatypetestm1 dtt1, datatypetestm2 dtt2 where dtt1.cidx = dtt2.cidx and dtt1.CDATE <= dtt2.CTEXT ;
cidx	CDATE	CTEXT
