USE autopilot;
select dtt1.cidx, dtt1.CCHAR5, dtt2.CCHAR3 from datatypetestm1 dtt1, datatypetestm2 dtt2 where dtt1.cidx = dtt2.cidx and dtt1.CCHAR5 > dtt2.CCHAR3 ;
cidx	CCHAR5	CCHAR3
1	aaaaa	aaa
2	e	c
3	ee	cc
4	eee	ccc
5	eeee	ccc
10	zzzzz	zzz
select dtt1.cidx, dtt1.CCHAR5, dtt2.CCHAR3 from datatypetestm1 dtt1, datatypetestm2 dtt2 where dtt1.cidx = dtt2.cidx and dtt1.CCHAR5 >= dtt2.CCHAR3 ;
cidx	CCHAR5	CCHAR3
1	aaaaa	aaa
2	e	c
3	ee	cc
4	eee	ccc
5	eeee	ccc
10	zzzzz	zzz
select dtt1.cidx, dtt1.CCHAR5, dtt2.CCHAR3 from datatypetestm1 dtt1, datatypetestm2 dtt2 where dtt1.cidx = dtt2.cidx and dtt1.CCHAR5 <> dtt2.CCHAR3 ;
cidx	CCHAR5	CCHAR3
1	aaaaa	aaa
2	e	c
3	ee	cc
4	eee	ccc
5	eeee	ccc
6	vvvvv	xxx
7	vvvvv	xxx
8	vvvvv	xxx
9	vvvvv	xxx
10	zzzzz	zzz
select dtt1.cidx, dtt1.CCHAR5, dtt2.CCHAR3 from datatypetestm1 dtt1, datatypetestm2 dtt2 where dtt1.cidx = dtt2.cidx and dtt1.CCHAR5 < dtt2.CCHAR3 ;
cidx	CCHAR5	CCHAR3
6	vvvvv	xxx
7	vvvvv	xxx
8	vvvvv	xxx
9	vvvvv	xxx
select dtt1.cidx, dtt1.CCHAR5, dtt2.CCHAR3 from datatypetestm1 dtt1, datatypetestm2 dtt2 where dtt1.cidx = dtt2.cidx and dtt1.CCHAR5 <= dtt2.CCHAR3 ;
cidx	CCHAR5	CCHAR3
6	vvvvv	xxx
7	vvvvv	xxx
8	vvvvv	xxx
9	vvvvv	xxx
