USE autopilot;
select cidx, CDATE, DEGREES(CDATE) from datatypetestm order by cidx;
cidx	CDATE	DEGREES(CDATE)
1	1997-01-01	7498849506.501323
select cidx, CDATETIME, DEGREES(CDATETIME) from datatypetestm order by cidx;
cidx	CDATETIME	DEGREES(CDATETIME)
1	1997-01-01 00:00:00	3.2207298130871968e19
select cidx, CTIME, DEGREES(CTIME) from datatypetestm order by cidx;
cidx	CTIME	DEGREES(CTIME)
1	13:00:00	5.282030723053806e20
select cidx, DEGREES(PI()) from datatypetestm order by cidx;
cidx	DEGREES(PI())
1	180
select cidx, DEGREES(1) from datatypetestm order by cidx;
cidx	DEGREES(1)
1	57.29577951308232
select cidx, DEGREES(2) from datatypetestm order by cidx;
cidx	DEGREES(2)
1	114.59155902616465
select cidx, CDATE from datatypetestm where DEGREES(CDATE) <> 0 order by cidx;
cidx	CDATE
1	1997-01-01
select cidx, CDATETIME from datatypetestm where DEGREES(CDATETIME) <> 0 order by cidx;
cidx	CDATETIME
1	1997-01-01 00:00:00
select cidx, CTIME from datatypetestm where DEGREES(CTIME) <> 0 order by cidx;
cidx	CTIME
1	13:00:00
