USE autopilot;
select dtt1.cidx, dtt1.CCHAR8, dtt2.CCHAR9 from datatypetestm1 dtt1, datatypetestm2 dtt2 where dtt1.cidx = dtt2.cidx and dtt1.CCHAR8 > dtt2.CCHAR9 ;
cidx	CCHAR8	CCHAR9
6	sssssss	rrrrrrr
7	ssssssss	rrrrrrrr
8	ssssssss	rrrrrrrrr
9	ssssssss	rrrrrrrrr
select dtt1.cidx, dtt1.CCHAR8, dtt2.CCHAR9 from datatypetestm1 dtt1, datatypetestm2 dtt2 where dtt1.cidx = dtt2.cidx and dtt1.CCHAR8 >= dtt2.CCHAR9 ;
cidx	CCHAR8	CCHAR9
6	sssssss	rrrrrrr
7	ssssssss	rrrrrrrr
8	ssssssss	rrrrrrrrr
9	ssssssss	rrrrrrrrr
select dtt1.cidx, dtt1.CCHAR8, dtt2.CCHAR9 from datatypetestm1 dtt1, datatypetestm2 dtt2 where dtt1.cidx = dtt2.cidx and dtt1.CCHAR8 <> dtt2.CCHAR9 ;
cidx	CCHAR8	CCHAR9
1	aaaaaaaa	aaaaaaaaa
2	h	i
3	hh	ii
4	hhh	iii
5	hhhh	iiii
6	sssssss	rrrrrrr
7	ssssssss	rrrrrrrr
8	ssssssss	rrrrrrrrr
9	ssssssss	rrrrrrrrr
10	zzzzzzzz	zzzzzzzzz
select dtt1.cidx, dtt1.CCHAR8, dtt2.CCHAR9 from datatypetestm1 dtt1, datatypetestm2 dtt2 where dtt1.cidx = dtt2.cidx and dtt1.CCHAR8 < dtt2.CCHAR9 ;
cidx	CCHAR8	CCHAR9
1	aaaaaaaa	aaaaaaaaa
2	h	i
3	hh	ii
4	hhh	iii
5	hhhh	iiii
10	zzzzzzzz	zzzzzzzzz
select dtt1.cidx, dtt1.CCHAR8, dtt2.CCHAR9 from datatypetestm1 dtt1, datatypetestm2 dtt2 where dtt1.cidx = dtt2.cidx and dtt1.CCHAR8 <= dtt2.CCHAR9 ;
cidx	CCHAR8	CCHAR9
1	aaaaaaaa	aaaaaaaaa
2	h	i
3	hh	ii
4	hhh	iii
5	hhhh	iiii
10	zzzzzzzz	zzzzzzzzz
