USE autopilot;
select dtt1.cidx, dtt1.CCHAR8, dtt2.CVCHAR8 from datatypetestm1 dtt1, datatypetestm2 dtt2 where dtt1.cidx = dtt2.cidx and dtt1.CCHAR8 > dtt2.CVCHAR8 ;
cidx	CCHAR8	CVCHAR8
select dtt1.cidx, dtt1.CCHAR8, dtt2.CVCHAR8 from datatypetestm1 dtt1, datatypetestm2 dtt2 where dtt1.cidx = dtt2.cidx and dtt1.CCHAR8 >= dtt2.CVCHAR8 ;
cidx	CCHAR8	CVCHAR8
1	aaaaaaaa	aaaaaaaa
2	h	h
3	hh	hh
4	hhh	hhh
5	hhhh	hhhh
6	sssssss	sssssss
7	ssssssss	ssssssss
8	ssssssss	ssssssss
9	ssssssss	ssssssss
10	zzzzzzzz	zzzzzzzz
select dtt1.cidx, dtt1.CCHAR8, dtt2.CVCHAR8 from datatypetestm1 dtt1, datatypetestm2 dtt2 where dtt1.cidx = dtt2.cidx and dtt1.CCHAR8 <> dtt2.CVCHAR8 ;
cidx	CCHAR8	CVCHAR8
select dtt1.cidx, dtt1.CCHAR8, dtt2.CVCHAR8 from datatypetestm1 dtt1, datatypetestm2 dtt2 where dtt1.cidx = dtt2.cidx and dtt1.CCHAR8 < dtt2.CVCHAR8 ;
cidx	CCHAR8	CVCHAR8
select dtt1.cidx, dtt1.CCHAR8, dtt2.CVCHAR8 from datatypetestm1 dtt1, datatypetestm2 dtt2 where dtt1.cidx = dtt2.cidx and dtt1.CCHAR8 <= dtt2.CVCHAR8 ;
cidx	CCHAR8	CVCHAR8
1	aaaaaaaa	aaaaaaaa
2	h	h
3	hh	hh
4	hhh	hhh
5	hhhh	hhhh
6	sssssss	sssssss
7	ssssssss	ssssssss
8	ssssssss	ssssssss
9	ssssssss	ssssssss
10	zzzzzzzz	zzzzzzzz
