USE autopilot;
select dtt1.cidx, dtt1.CCHAR3, dtt2.CDECIMAL9 from datatypetestm1 dtt1, datatypetestm2 dtt2 where dtt1.cidx = dtt2.cidx and dtt1.CCHAR3 > dtt2.CDECIMAL9 ;
cidx	CCHAR3	CDECIMAL9
1	aaa	-999999
2	c	-999998
3	cc	-999997
4	ccc	-999996
5	ccc	-999995
select dtt1.cidx, dtt1.CCHAR3, dtt2.CDECIMAL9 from datatypetestm1 dtt1, datatypetestm2 dtt2 where dtt1.cidx = dtt2.cidx and dtt1.CCHAR3 >= dtt2.CDECIMAL9 ;
cidx	CCHAR3	CDECIMAL9
1	aaa	-999999
2	c	-999998
3	cc	-999997
4	ccc	-999996
5	ccc	-999995
select dtt1.cidx, dtt1.CCHAR3, dtt2.CDECIMAL9 from datatypetestm1 dtt1, datatypetestm2 dtt2 where dtt1.cidx = dtt2.cidx and dtt1.CCHAR3 <> dtt2.CDECIMAL9 ;
cidx	CCHAR3	CDECIMAL9
1	aaa	-999999
2	c	-999998
3	cc	-999997
4	ccc	-999996
5	ccc	-999995
6	xxx	999995
7	xxx	999996
8	xxx	999997
9	xxx	999998
10	zzz	999999
select dtt1.cidx, dtt1.CCHAR3, dtt2.CDECIMAL9 from datatypetestm1 dtt1, datatypetestm2 dtt2 where dtt1.cidx = dtt2.cidx and dtt1.CCHAR3 < dtt2.CDECIMAL9 ;
cidx	CCHAR3	CDECIMAL9
6	xxx	999995
7	xxx	999996
8	xxx	999997
9	xxx	999998
10	zzz	999999
select dtt1.cidx, dtt1.CCHAR3, dtt2.CDECIMAL9 from datatypetestm1 dtt1, datatypetestm2 dtt2 where dtt1.cidx = dtt2.cidx and dtt1.CCHAR3 <= dtt2.CDECIMAL9 ;
cidx	CCHAR3	CDECIMAL9
6	xxx	999995
7	xxx	999996
8	xxx	999997
9	xxx	999998
10	zzz	999999
