USE autopilot;
select cidx, CCHAR1, UPPER(CCHAR1) from datatypetestm order by cidx;
cidx	CCHAR1	UPPER(CCHAR1)
1	a	A
select cidx, CCHAR2, UPPER(CCHAR2) from datatypetestm order by cidx;
cidx	CCHAR2	UPPER(CCHAR2)
1	aa	AA
select cidx, CCHAR3, UPPER(CCHAR3) from datatypetestm order by cidx;
cidx	CCHAR3	UPPER(CCHAR3)
1	aaa	AAA
select cidx, CCHAR4, UPPER(CCHAR4) from datatypetestm order by cidx;
cidx	CCHAR4	UPPER(CCHAR4)
1	aaaa	AAAA
select cidx, CCHAR5, UPPER(CCHAR5) from datatypetestm order by cidx;
cidx	CCHAR5	UPPER(CCHAR5)
1	aaaaa	AAAAA
select cidx, CCHAR6, UPPER(CCHAR6) from datatypetestm order by cidx;
cidx	CCHAR6	UPPER(CCHAR6)
1	aaaaaa	AAAAAA
select cidx, CCHAR7, UPPER(CCHAR7) from datatypetestm order by cidx;
cidx	CCHAR7	UPPER(CCHAR7)
1	aaaaaaa	AAAAAAA
select cidx, CCHAR8, UPPER(CCHAR8) from datatypetestm order by cidx;
cidx	CCHAR8	UPPER(CCHAR8)
1	aaaaaaaa	AAAAAAAA
select cidx, CCHAR9, UPPER(CCHAR9) from datatypetestm order by cidx;
cidx	CCHAR9	UPPER(CCHAR9)
1	aaaaaaaaa	AAAAAAAAA
select cidx, CCHAR255, UPPER(CCHAR255) from datatypetestm order by cidx;
cidx	CCHAR255	UPPER(CCHAR255)
1	aaaaaaaaaa	AAAAAAAAAA
select cidx, CVCHAR1, UPPER(CVCHAR1) from datatypetestm order by cidx;
cidx	CVCHAR1	UPPER(CVCHAR1)
1	a	A
select cidx, CVCHAR2, UPPER(CVCHAR2) from datatypetestm order by cidx;
cidx	CVCHAR2	UPPER(CVCHAR2)
1	aa	AA
select cidx, CVCHAR3, UPPER(CVCHAR3) from datatypetestm order by cidx;
cidx	CVCHAR3	UPPER(CVCHAR3)
1	aaa	AAA
select cidx, CVCHAR4, UPPER(CVCHAR4) from datatypetestm order by cidx;
cidx	CVCHAR4	UPPER(CVCHAR4)
1	aaaa	AAAA
select cidx, CVCHAR5, UPPER(CVCHAR5) from datatypetestm order by cidx;
cidx	CVCHAR5	UPPER(CVCHAR5)
1	aaaaa	AAAAA
select cidx, CVCHAR6, UPPER(CVCHAR6) from datatypetestm order by cidx;
cidx	CVCHAR6	UPPER(CVCHAR6)
1	aaaaaa	AAAAAA
select cidx, CVCHAR7, UPPER(CVCHAR7) from datatypetestm order by cidx;
cidx	CVCHAR7	UPPER(CVCHAR7)
1	aaaaaaa	AAAAAAA
select cidx, CVCHAR8, UPPER(CVCHAR8) from datatypetestm order by cidx;
cidx	CVCHAR8	UPPER(CVCHAR8)
1	aaaaaaaa	AAAAAAAA
select cidx, CVCHAR255, UPPER(CVCHAR255) from datatypetestm order by cidx;
cidx	CVCHAR255	UPPER(CVCHAR255)
1	aaaaaaaaaa	AAAAAAAAAA
select cidx, CCHAR1 from datatypetestm order by UPPER(CCHAR1), cidx;
cidx	CCHAR1
1	a
select cidx, CCHAR2 from datatypetestm order by UPPER(CCHAR2), cidx;
cidx	CCHAR2
1	aa
select cidx, CCHAR3 from datatypetestm order by UPPER(CCHAR3), cidx;
cidx	CCHAR3
1	aaa
select cidx, CCHAR4 from datatypetestm order by UPPER(CCHAR4), cidx;
cidx	CCHAR4
1	aaaa
select cidx, CCHAR5 from datatypetestm order by UPPER(CCHAR5), cidx;
cidx	CCHAR5
1	aaaaa
select cidx, CCHAR6 from datatypetestm order by UPPER(CCHAR6), cidx;
cidx	CCHAR6
1	aaaaaa
select cidx, CCHAR7 from datatypetestm order by UPPER(CCHAR7), cidx;
cidx	CCHAR7
1	aaaaaaa
select cidx, CCHAR8 from datatypetestm order by UPPER(CCHAR8), cidx;
cidx	CCHAR8
1	aaaaaaaa
select cidx, CCHAR9 from datatypetestm order by UPPER(CCHAR9), cidx;
cidx	CCHAR9
1	aaaaaaaaa
select cidx, CCHAR255 from datatypetestm order by UPPER(CCHAR255), cidx;
cidx	CCHAR255
1	aaaaaaaaaa
select cidx, CVCHAR1 from datatypetestm order by UPPER(CVCHAR1), cidx;
cidx	CVCHAR1
1	a
select cidx, CVCHAR2 from datatypetestm order by UPPER(CVCHAR2), cidx;
cidx	CVCHAR2
1	aa
select cidx, CVCHAR3 from datatypetestm order by UPPER(CVCHAR3), cidx;
cidx	CVCHAR3
1	aaa
select cidx, CVCHAR4 from datatypetestm order by UPPER(CVCHAR4), cidx;
cidx	CVCHAR4
1	aaaa
select cidx, CVCHAR5 from datatypetestm order by UPPER(CVCHAR5), cidx;
cidx	CVCHAR5
1	aaaaa
select cidx, CVCHAR6 from datatypetestm order by UPPER(CVCHAR6), cidx;
cidx	CVCHAR6
1	aaaaaa
select cidx, CVCHAR7 from datatypetestm order by UPPER(CVCHAR7), cidx;
cidx	CVCHAR7
1	aaaaaaa
select cidx, CVCHAR8 from datatypetestm order by UPPER(CVCHAR8), cidx;
cidx	CVCHAR8
1	aaaaaaaa
select cidx, CVCHAR255 from datatypetestm order by UPPER(CVCHAR255), cidx;
cidx	CVCHAR255
1	aaaaaaaaaa
