USE autopilot;
set max_length_for_sort_data=8192;
select cidx, CBIGINT, FORMAT(CBIGINT,0) from datatypetestm order by cidx;
cidx	CBIGINT	FORMAT(CBIGINT,0)
1	-72036854775806	-72,036,854,775,806
select cidx, CBIGINT, FORMAT(CBIGINT,1) from datatypetestm order by cidx;
cidx	CBIGINT	FORMAT(CBIGINT,1)
1	-72036854775806	-72,036,854,775,806.0
select cidx, CBIGINT, FORMAT(CBIGINT,2) from datatypetestm order by cidx;
cidx	CBIGINT	FORMAT(CBIGINT,2)
1	-72036854775806	-72,036,854,775,806.00
select cidx, CBIGINT, FORMAT(CBIGINT,3) from datatypetestm order by cidx;
cidx	CBIGINT	FORMAT(CBIGINT,3)
1	-72036854775806	-72,036,854,775,806.000
select cidx, CBIGINT, FORMAT(CBIGINT,4) from datatypetestm order by cidx;
cidx	CBIGINT	FORMAT(CBIGINT,4)
1	-72036854775806	-72,036,854,775,806.0000
select cidx, CDECIMAL1, FORMAT(CDECIMAL1,0) from datatypetestm order by cidx;
cidx	CDECIMAL1	FORMAT(CDECIMAL1,0)
1	-9	-9
select cidx, CDECIMAL1, FORMAT(CDECIMAL1,1) from datatypetestm order by cidx;
cidx	CDECIMAL1	FORMAT(CDECIMAL1,1)
1	-9	-9.0
select cidx, CDECIMAL1, FORMAT(CDECIMAL1,2) from datatypetestm order by cidx;
cidx	CDECIMAL1	FORMAT(CDECIMAL1,2)
1	-9	-9.00
select cidx, CDECIMAL1, FORMAT(CDECIMAL1,3) from datatypetestm order by cidx;
cidx	CDECIMAL1	FORMAT(CDECIMAL1,3)
1	-9	-9.000
select cidx, CDECIMAL1, FORMAT(CDECIMAL1,4) from datatypetestm order by cidx;
cidx	CDECIMAL1	FORMAT(CDECIMAL1,4)
1	-9	-9.0000
select cidx, CDECIMAL4, FORMAT(CDECIMAL4,0) from datatypetestm order by cidx;
cidx	CDECIMAL4	FORMAT(CDECIMAL4,0)
1	-999	-999
select cidx, CDECIMAL4, FORMAT(CDECIMAL4,1) from datatypetestm order by cidx;
cidx	CDECIMAL4	FORMAT(CDECIMAL4,1)
1	-999	-999.0
select cidx, CDECIMAL4, FORMAT(CDECIMAL4,2) from datatypetestm order by cidx;
cidx	CDECIMAL4	FORMAT(CDECIMAL4,2)
1	-999	-999.00
select cidx, CDECIMAL4, FORMAT(CDECIMAL4,3) from datatypetestm order by cidx;
cidx	CDECIMAL4	FORMAT(CDECIMAL4,3)
1	-999	-999.000
select cidx, CDECIMAL4, FORMAT(CDECIMAL4,4) from datatypetestm order by cidx;
cidx	CDECIMAL4	FORMAT(CDECIMAL4,4)
1	-999	-999.0000
select cidx, CDECIMAL4_2, FORMAT(CDECIMAL4_2,0) from datatypetestm order by cidx;
cidx	CDECIMAL4_2	FORMAT(CDECIMAL4_2,0)
1	-9.99	-10
select cidx, CDECIMAL4_2, FORMAT(CDECIMAL4_2,1) from datatypetestm order by cidx;
cidx	CDECIMAL4_2	FORMAT(CDECIMAL4_2,1)
1	-9.99	-10.0
select cidx, CDECIMAL4_2, FORMAT(CDECIMAL4_2,2) from datatypetestm order by cidx;
cidx	CDECIMAL4_2	FORMAT(CDECIMAL4_2,2)
1	-9.99	-9.99
select cidx, CDECIMAL4_2, FORMAT(CDECIMAL4_2,3) from datatypetestm order by cidx;
cidx	CDECIMAL4_2	FORMAT(CDECIMAL4_2,3)
1	-9.99	-9.990
select cidx, CDECIMAL4_2, FORMAT(CDECIMAL4_2,4) from datatypetestm order by cidx;
cidx	CDECIMAL4_2	FORMAT(CDECIMAL4_2,4)
1	-9.99	-9.9900
select cidx, CDECIMAL5, FORMAT(CDECIMAL5,0) from datatypetestm order by cidx;
cidx	CDECIMAL5	FORMAT(CDECIMAL5,0)
1	-999	-999
select cidx, CDECIMAL5, FORMAT(CDECIMAL5,1) from datatypetestm order by cidx;
cidx	CDECIMAL5	FORMAT(CDECIMAL5,1)
1	-999	-999.0
select cidx, CDECIMAL5, FORMAT(CDECIMAL5,2) from datatypetestm order by cidx;
cidx	CDECIMAL5	FORMAT(CDECIMAL5,2)
1	-999	-999.00
select cidx, CDECIMAL5, FORMAT(CDECIMAL5,3) from datatypetestm order by cidx;
cidx	CDECIMAL5	FORMAT(CDECIMAL5,3)
1	-999	-999.000
select cidx, CDECIMAL5, FORMAT(CDECIMAL5,4) from datatypetestm order by cidx;
cidx	CDECIMAL5	FORMAT(CDECIMAL5,4)
1	-999	-999.0000
select cidx, CDECIMAL9, FORMAT(CDECIMAL9,0) from datatypetestm order by cidx;
cidx	CDECIMAL9	FORMAT(CDECIMAL9,0)
1	-999999	-999,999
select cidx, CDECIMAL9, FORMAT(CDECIMAL9,1) from datatypetestm order by cidx;
cidx	CDECIMAL9	FORMAT(CDECIMAL9,1)
1	-999999	-999,999.0
select cidx, CDECIMAL9, FORMAT(CDECIMAL9,2) from datatypetestm order by cidx;
cidx	CDECIMAL9	FORMAT(CDECIMAL9,2)
1	-999999	-999,999.00
select cidx, CDECIMAL9, FORMAT(CDECIMAL9,3) from datatypetestm order by cidx;
cidx	CDECIMAL9	FORMAT(CDECIMAL9,3)
1	-999999	-999,999.000
select cidx, CDECIMAL9, FORMAT(CDECIMAL9,4) from datatypetestm order by cidx;
cidx	CDECIMAL9	FORMAT(CDECIMAL9,4)
1	-999999	-999,999.0000
select cidx, CDECIMAL9_2, FORMAT(CDECIMAL9_2,0) from datatypetestm order by cidx;
cidx	CDECIMAL9_2	FORMAT(CDECIMAL9_2,0)
1	-9999.99	-10,000
select cidx, CDECIMAL9_2, FORMAT(CDECIMAL9_2,1) from datatypetestm order by cidx;
cidx	CDECIMAL9_2	FORMAT(CDECIMAL9_2,1)
1	-9999.99	-10,000.0
select cidx, CDECIMAL9_2, FORMAT(CDECIMAL9_2,2) from datatypetestm order by cidx;
cidx	CDECIMAL9_2	FORMAT(CDECIMAL9_2,2)
1	-9999.99	-9,999.99
select cidx, CDECIMAL9_2, FORMAT(CDECIMAL9_2,3) from datatypetestm order by cidx;
cidx	CDECIMAL9_2	FORMAT(CDECIMAL9_2,3)
1	-9999.99	-9,999.990
select cidx, CDECIMAL9_2, FORMAT(CDECIMAL9_2,4) from datatypetestm order by cidx;
cidx	CDECIMAL9_2	FORMAT(CDECIMAL9_2,4)
1	-9999.99	-9,999.9900
select cidx, CDECIMAL10, FORMAT(CDECIMAL10,0) from datatypetestm order by cidx;
cidx	CDECIMAL10	FORMAT(CDECIMAL10,0)
1	-9999999	-9,999,999
select cidx, CDECIMAL10, FORMAT(CDECIMAL10,1) from datatypetestm order by cidx;
cidx	CDECIMAL10	FORMAT(CDECIMAL10,1)
1	-9999999	-9,999,999.0
select cidx, CDECIMAL10, FORMAT(CDECIMAL10,2) from datatypetestm order by cidx;
cidx	CDECIMAL10	FORMAT(CDECIMAL10,2)
1	-9999999	-9,999,999.00
select cidx, CDECIMAL10, FORMAT(CDECIMAL10,3) from datatypetestm order by cidx;
cidx	CDECIMAL10	FORMAT(CDECIMAL10,3)
1	-9999999	-9,999,999.000
select cidx, CDECIMAL10, FORMAT(CDECIMAL10,4) from datatypetestm order by cidx;
cidx	CDECIMAL10	FORMAT(CDECIMAL10,4)
1	-9999999	-9,999,999.0000
select cidx, CDECIMAL18, FORMAT(CDECIMAL18,0) from datatypetestm order by cidx;
cidx	CDECIMAL18	FORMAT(CDECIMAL18,0)
1	-9999999999999	-9,999,999,999,999
select cidx, CDECIMAL18, FORMAT(CDECIMAL18,1) from datatypetestm order by cidx;
cidx	CDECIMAL18	FORMAT(CDECIMAL18,1)
1	-9999999999999	-9,999,999,999,999.0
select cidx, CDECIMAL18, FORMAT(CDECIMAL18,2) from datatypetestm order by cidx;
cidx	CDECIMAL18	FORMAT(CDECIMAL18,2)
1	-9999999999999	-9,999,999,999,999.00
select cidx, CDECIMAL18, FORMAT(CDECIMAL18,3) from datatypetestm order by cidx;
cidx	CDECIMAL18	FORMAT(CDECIMAL18,3)
1	-9999999999999	-9,999,999,999,999.000
select cidx, CDECIMAL18, FORMAT(CDECIMAL18,4) from datatypetestm order by cidx;
cidx	CDECIMAL18	FORMAT(CDECIMAL18,4)
1	-9999999999999	-9,999,999,999,999.0000
select cidx, CDECIMAL18_2, FORMAT(CDECIMAL18_2,0) from datatypetestm order by cidx;
cidx	CDECIMAL18_2	FORMAT(CDECIMAL18_2,0)
1	-99999999999.99	-100,000,000,000
select cidx, CDECIMAL18_2, FORMAT(CDECIMAL18_2,1) from datatypetestm order by cidx;
cidx	CDECIMAL18_2	FORMAT(CDECIMAL18_2,1)
1	-99999999999.99	-100,000,000,000.0
select cidx, CDECIMAL18_2, FORMAT(CDECIMAL18_2,2) from datatypetestm order by cidx;
cidx	CDECIMAL18_2	FORMAT(CDECIMAL18_2,2)
1	-99999999999.99	-99,999,999,999.99
select cidx, CDECIMAL18_2, FORMAT(CDECIMAL18_2,3) from datatypetestm order by cidx;
cidx	CDECIMAL18_2	FORMAT(CDECIMAL18_2,3)
1	-99999999999.99	-99,999,999,999.990
select cidx, CDECIMAL18_2, FORMAT(CDECIMAL18_2,4) from datatypetestm order by cidx;
cidx	CDECIMAL18_2	FORMAT(CDECIMAL18_2,4)
1	-99999999999.99	-99,999,999,999.9900
select cidx, CINTEGER, FORMAT(CINTEGER,0) from datatypetestm order by cidx;
cidx	CINTEGER	FORMAT(CINTEGER,0)
1	-7483646	-7,483,646
select cidx, CINTEGER, FORMAT(CINTEGER,1) from datatypetestm order by cidx;
cidx	CINTEGER	FORMAT(CINTEGER,1)
1	-7483646	-7,483,646.0
select cidx, CINTEGER, FORMAT(CINTEGER,2) from datatypetestm order by cidx;
cidx	CINTEGER	FORMAT(CINTEGER,2)
1	-7483646	-7,483,646.00
select cidx, CINTEGER, FORMAT(CINTEGER,3) from datatypetestm order by cidx;
cidx	CINTEGER	FORMAT(CINTEGER,3)
1	-7483646	-7,483,646.000
select cidx, CINTEGER, FORMAT(CINTEGER,4) from datatypetestm order by cidx;
cidx	CINTEGER	FORMAT(CINTEGER,4)
1	-7483646	-7,483,646.0000
select cidx, CSMALLINT, FORMAT(CSMALLINT,0) from datatypetestm order by cidx;
cidx	CSMALLINT	FORMAT(CSMALLINT,0)
1	-766	-766
select cidx, CSMALLINT, FORMAT(CSMALLINT,1) from datatypetestm order by cidx;
cidx	CSMALLINT	FORMAT(CSMALLINT,1)
1	-766	-766.0
select cidx, CSMALLINT, FORMAT(CSMALLINT,2) from datatypetestm order by cidx;
cidx	CSMALLINT	FORMAT(CSMALLINT,2)
1	-766	-766.00
select cidx, CSMALLINT, FORMAT(CSMALLINT,3) from datatypetestm order by cidx;
cidx	CSMALLINT	FORMAT(CSMALLINT,3)
1	-766	-766.000
select cidx, CSMALLINT, FORMAT(CSMALLINT,4) from datatypetestm order by cidx;
cidx	CSMALLINT	FORMAT(CSMALLINT,4)
1	-766	-766.0000
select cidx, CTINYINT, FORMAT(CTINYINT,0) from datatypetestm order by cidx;
cidx	CTINYINT	FORMAT(CTINYINT,0)
1	-26	-26
select cidx, CTINYINT, FORMAT(CTINYINT,1) from datatypetestm order by cidx;
cidx	CTINYINT	FORMAT(CTINYINT,1)
1	-26	-26.0
select cidx, CTINYINT, FORMAT(CTINYINT,2) from datatypetestm order by cidx;
cidx	CTINYINT	FORMAT(CTINYINT,2)
1	-26	-26.00
select cidx, CTINYINT, FORMAT(CTINYINT,3) from datatypetestm order by cidx;
cidx	CTINYINT	FORMAT(CTINYINT,3)
1	-26	-26.000
select cidx, CTINYINT, FORMAT(CTINYINT,4) from datatypetestm order by cidx;
cidx	CTINYINT	FORMAT(CTINYINT,4)
1	-26	-26.0000
select cidx, CDOUBLE, FORMAT(CDOUBLE,0) from datatypetestm order by cidx;
cidx	CDOUBLE	FORMAT(CDOUBLE,0)
1	-1.797693231e108	-1,797,693,230,999,999,978,776,278,741,745,325,672,427,160,975,450,327,052,404,836,764,036,690,382,103,301,898,124,949,662,871,965,324,785,221,632
select cidx, CDOUBLE, FORMAT(CDOUBLE,1) from datatypetestm order by cidx;
cidx	CDOUBLE	FORMAT(CDOUBLE,1)
1	-1.797693231e108	-1,797,693,230,999,999,978,776,278,741,745,325,672,427,160,975,450,327,052,404,836,764,036,690,382,103,301,898,124,949,662,871,965,324,785,221,632.0
select cidx, CDOUBLE, FORMAT(CDOUBLE,2) from datatypetestm order by cidx;
cidx	CDOUBLE	FORMAT(CDOUBLE,2)
1	-1.797693231e108	-1,797,693,230,999,999,978,776,278,741,745,325,672,427,160,975,450,327,052,404,836,764,036,690,382,103,301,898,124,949,662,871,965,324,785,221,632.00
select cidx, CDOUBLE, FORMAT(CDOUBLE,3) from datatypetestm order by cidx;
cidx	CDOUBLE	FORMAT(CDOUBLE,3)
1	-1.797693231e108	-1,797,693,230,999,999,978,776,278,741,745,325,672,427,160,975,450,327,052,404,836,764,036,690,382,103,301,898,124,949,662,871,965,324,785,221,632.000
select cidx, CDOUBLE, FORMAT(CDOUBLE,4) from datatypetestm order by cidx;
cidx	CDOUBLE	FORMAT(CDOUBLE,4)
1	-1.797693231e108	-1,797,693,230,999,999,978,776,278,741,745,325,672,427,160,975,450,327,052,404,836,764,036,690,382,103,301,898,124,949,662,871,965,324,785,221,632.0000
select cidx, CFLOAT, FORMAT(CFLOAT,0) from datatypetestm order by cidx;
cidx	CFLOAT	FORMAT(CFLOAT,0)
1	-3.40287e18	-3,402,865,892,420,222,976
select cidx, CFLOAT, FORMAT(CFLOAT,1) from datatypetestm order by cidx;
cidx	CFLOAT	FORMAT(CFLOAT,1)
1	-3.40287e18	-3,402,865,892,420,222,976.0
select cidx, CFLOAT, FORMAT(CFLOAT,2) from datatypetestm order by cidx;
cidx	CFLOAT	FORMAT(CFLOAT,2)
1	-3.40287e18	-3,402,865,892,420,222,976.00
select cidx, CFLOAT, FORMAT(CFLOAT,3) from datatypetestm order by cidx;
cidx	CFLOAT	FORMAT(CFLOAT,3)
1	-3.40287e18	-3,402,865,892,420,222,976.000
select cidx, CFLOAT, FORMAT(CFLOAT,4) from datatypetestm order by cidx;
cidx	CFLOAT	FORMAT(CFLOAT,4)
1	-3.40287e18	-3,402,865,892,420,222,976.0000
select cidx, CBIGINT from datatypetestm where FORMAT(CBIGINT,0) <> 0 order by cidx;
cidx	CBIGINT
1	-72036854775806
select cidx, CBIGINT from datatypetestm where FORMAT(CBIGINT,1) <> 0 order by cidx;
cidx	CBIGINT
1	-72036854775806
select cidx, CBIGINT from datatypetestm where FORMAT(CBIGINT,2) <> 0 order by cidx;
cidx	CBIGINT
1	-72036854775806
select cidx, CBIGINT from datatypetestm where FORMAT(CBIGINT,3) <> 0 order by cidx;
cidx	CBIGINT
1	-72036854775806
select cidx, CBIGINT from datatypetestm where FORMAT(CBIGINT,4) <> 0 order by cidx;
cidx	CBIGINT
1	-72036854775806
select cidx, CDECIMAL1 from datatypetestm where FORMAT(CDECIMAL1,0) <> 0 order by cidx;
cidx	CDECIMAL1
1	-9
select cidx, CDECIMAL1 from datatypetestm where FORMAT(CDECIMAL1,1) <> 0 order by cidx;
cidx	CDECIMAL1
1	-9
select cidx, CDECIMAL1 from datatypetestm where FORMAT(CDECIMAL1,2) <> 0 order by cidx;
cidx	CDECIMAL1
1	-9
select cidx, CDECIMAL1 from datatypetestm where FORMAT(CDECIMAL1,3) <> 0 order by cidx;
cidx	CDECIMAL1
1	-9
select cidx, CDECIMAL1 from datatypetestm where FORMAT(CDECIMAL1,4) <> 0 order by cidx;
cidx	CDECIMAL1
1	-9
select cidx, CDECIMAL4 from datatypetestm where FORMAT(CDECIMAL4,0) <> 0 order by cidx;
cidx	CDECIMAL4
1	-999
select cidx, CDECIMAL4 from datatypetestm where FORMAT(CDECIMAL4,1) <> 0 order by cidx;
cidx	CDECIMAL4
1	-999
select cidx, CDECIMAL4 from datatypetestm where FORMAT(CDECIMAL4,2) <> 0 order by cidx;
cidx	CDECIMAL4
1	-999
select cidx, CDECIMAL4 from datatypetestm where FORMAT(CDECIMAL4,3) <> 0 order by cidx;
cidx	CDECIMAL4
1	-999
select cidx, CDECIMAL4 from datatypetestm where FORMAT(CDECIMAL4,4) <> 0 order by cidx;
cidx	CDECIMAL4
1	-999
select cidx, CDECIMAL4_2 from datatypetestm where FORMAT(CDECIMAL4_2,0) <> 0 order by cidx;
cidx	CDECIMAL4_2
1	-9.99
select cidx, CDECIMAL4_2 from datatypetestm where FORMAT(CDECIMAL4_2,1) <> 0 order by cidx;
cidx	CDECIMAL4_2
1	-9.99
select cidx, CDECIMAL4_2 from datatypetestm where FORMAT(CDECIMAL4_2,2) <> 0 order by cidx;
cidx	CDECIMAL4_2
1	-9.99
select cidx, CDECIMAL4_2 from datatypetestm where FORMAT(CDECIMAL4_2,3) <> 0 order by cidx;
cidx	CDECIMAL4_2
1	-9.99
select cidx, CDECIMAL4_2 from datatypetestm where FORMAT(CDECIMAL4_2,4) <> 0 order by cidx;
cidx	CDECIMAL4_2
1	-9.99
select cidx, CDECIMAL5 from datatypetestm where FORMAT(CDECIMAL5,0) <> 0 order by cidx;
cidx	CDECIMAL5
1	-999
select cidx, CDECIMAL5 from datatypetestm where FORMAT(CDECIMAL5,1) <> 0 order by cidx;
cidx	CDECIMAL5
1	-999
select cidx, CDECIMAL5 from datatypetestm where FORMAT(CDECIMAL5,2) <> 0 order by cidx;
cidx	CDECIMAL5
1	-999
select cidx, CDECIMAL5 from datatypetestm where FORMAT(CDECIMAL5,3) <> 0 order by cidx;
cidx	CDECIMAL5
1	-999
select cidx, CDECIMAL5 from datatypetestm where FORMAT(CDECIMAL5,4) <> 0 order by cidx;
cidx	CDECIMAL5
1	-999
select cidx, CDECIMAL9 from datatypetestm where FORMAT(CDECIMAL9,0) <> 0 order by cidx;
cidx	CDECIMAL9
1	-999999
select cidx, CDECIMAL9 from datatypetestm where FORMAT(CDECIMAL9,1) <> 0 order by cidx;
cidx	CDECIMAL9
1	-999999
select cidx, CDECIMAL9 from datatypetestm where FORMAT(CDECIMAL9,2) <> 0 order by cidx;
cidx	CDECIMAL9
1	-999999
select cidx, CDECIMAL9 from datatypetestm where FORMAT(CDECIMAL9,3) <> 0 order by cidx;
cidx	CDECIMAL9
1	-999999
select cidx, CDECIMAL9 from datatypetestm where FORMAT(CDECIMAL9,4) <> 0 order by cidx;
cidx	CDECIMAL9
1	-999999
select cidx, CDECIMAL9_2 from datatypetestm where FORMAT(CDECIMAL9_2,0) <> 0 order by cidx;
cidx	CDECIMAL9_2
1	-9999.99
select cidx, CDECIMAL9_2 from datatypetestm where FORMAT(CDECIMAL9_2,1) <> 0 order by cidx;
cidx	CDECIMAL9_2
1	-9999.99
select cidx, CDECIMAL9_2 from datatypetestm where FORMAT(CDECIMAL9_2,2) <> 0 order by cidx;
cidx	CDECIMAL9_2
1	-9999.99
select cidx, CDECIMAL9_2 from datatypetestm where FORMAT(CDECIMAL9_2,3) <> 0 order by cidx;
cidx	CDECIMAL9_2
1	-9999.99
select cidx, CDECIMAL9_2 from datatypetestm where FORMAT(CDECIMAL9_2,4) <> 0 order by cidx;
cidx	CDECIMAL9_2
1	-9999.99
select cidx, CDECIMAL10 from datatypetestm where FORMAT(CDECIMAL10,0) <> 0 order by cidx;
cidx	CDECIMAL10
1	-9999999
select cidx, CDECIMAL10 from datatypetestm where FORMAT(CDECIMAL10,1) <> 0 order by cidx;
cidx	CDECIMAL10
1	-9999999
select cidx, CDECIMAL10 from datatypetestm where FORMAT(CDECIMAL10,2) <> 0 order by cidx;
cidx	CDECIMAL10
1	-9999999
select cidx, CDECIMAL10 from datatypetestm where FORMAT(CDECIMAL10,3) <> 0 order by cidx;
cidx	CDECIMAL10
1	-9999999
select cidx, CDECIMAL10 from datatypetestm where FORMAT(CDECIMAL10,4) <> 0 order by cidx;
cidx	CDECIMAL10
1	-9999999
select cidx, CDECIMAL18 from datatypetestm where FORMAT(CDECIMAL18,0) <> 0 order by cidx;
cidx	CDECIMAL18
1	-9999999999999
select cidx, CDECIMAL18 from datatypetestm where FORMAT(CDECIMAL18,1) <> 0 order by cidx;
cidx	CDECIMAL18
1	-9999999999999
select cidx, CDECIMAL18 from datatypetestm where FORMAT(CDECIMAL18,2) <> 0 order by cidx;
cidx	CDECIMAL18
1	-9999999999999
select cidx, CDECIMAL18 from datatypetestm where FORMAT(CDECIMAL18,3) <> 0 order by cidx;
cidx	CDECIMAL18
1	-9999999999999
select cidx, CDECIMAL18 from datatypetestm where FORMAT(CDECIMAL18,4) <> 0 order by cidx;
cidx	CDECIMAL18
1	-9999999999999
select cidx, CDECIMAL18_2 from datatypetestm where FORMAT(CDECIMAL18_2,0) <> 0 order by cidx;
cidx	CDECIMAL18_2
1	-99999999999.99
select cidx, CDECIMAL18_2 from datatypetestm where FORMAT(CDECIMAL18_2,1) <> 0 order by cidx;
cidx	CDECIMAL18_2
1	-99999999999.99
select cidx, CDECIMAL18_2 from datatypetestm where FORMAT(CDECIMAL18_2,2) <> 0 order by cidx;
cidx	CDECIMAL18_2
1	-99999999999.99
select cidx, CDECIMAL18_2 from datatypetestm where FORMAT(CDECIMAL18_2,3) <> 0 order by cidx;
cidx	CDECIMAL18_2
1	-99999999999.99
select cidx, CDECIMAL18_2 from datatypetestm where FORMAT(CDECIMAL18_2,4) <> 0 order by cidx;
cidx	CDECIMAL18_2
1	-99999999999.99
select cidx, CINTEGER from datatypetestm where FORMAT(CINTEGER,0) <> 0 order by cidx;
cidx	CINTEGER
1	-7483646
select cidx, CINTEGER from datatypetestm where FORMAT(CINTEGER,1) <> 0 order by cidx;
cidx	CINTEGER
1	-7483646
select cidx, CINTEGER from datatypetestm where FORMAT(CINTEGER,2) <> 0 order by cidx;
cidx	CINTEGER
1	-7483646
select cidx, CINTEGER from datatypetestm where FORMAT(CINTEGER,3) <> 0 order by cidx;
cidx	CINTEGER
1	-7483646
select cidx, CINTEGER from datatypetestm where FORMAT(CINTEGER,4) <> 0 order by cidx;
cidx	CINTEGER
1	-7483646
select cidx, CSMALLINT from datatypetestm where FORMAT(CSMALLINT,0) <> 0 order by cidx;
cidx	CSMALLINT
1	-766
select cidx, CSMALLINT from datatypetestm where FORMAT(CSMALLINT,1) <> 0 order by cidx;
cidx	CSMALLINT
1	-766
select cidx, CSMALLINT from datatypetestm where FORMAT(CSMALLINT,2) <> 0 order by cidx;
cidx	CSMALLINT
1	-766
select cidx, CSMALLINT from datatypetestm where FORMAT(CSMALLINT,3) <> 0 order by cidx;
cidx	CSMALLINT
1	-766
select cidx, CSMALLINT from datatypetestm where FORMAT(CSMALLINT,4) <> 0 order by cidx;
cidx	CSMALLINT
1	-766
select cidx, CTINYINT from datatypetestm where FORMAT(CTINYINT,0) <> 0 order by cidx;
cidx	CTINYINT
1	-26
select cidx, CTINYINT from datatypetestm where FORMAT(CTINYINT,1) <> 0 order by cidx;
cidx	CTINYINT
1	-26
select cidx, CTINYINT from datatypetestm where FORMAT(CTINYINT,2) <> 0 order by cidx;
cidx	CTINYINT
1	-26
select cidx, CTINYINT from datatypetestm where FORMAT(CTINYINT,3) <> 0 order by cidx;
cidx	CTINYINT
1	-26
select cidx, CTINYINT from datatypetestm where FORMAT(CTINYINT,4) <> 0 order by cidx;
cidx	CTINYINT
1	-26
select cidx, CDOUBLE from datatypetestm where FORMAT(CDOUBLE,0) <> 0 order by cidx;
cidx	CDOUBLE
1	-1.797693231e108
select cidx, CDOUBLE from datatypetestm where FORMAT(CDOUBLE,1) <> 0 order by cidx;
cidx	CDOUBLE
1	-1.797693231e108
select cidx, CDOUBLE from datatypetestm where FORMAT(CDOUBLE,2) <> 0 order by cidx;
cidx	CDOUBLE
1	-1.797693231e108
select cidx, CDOUBLE from datatypetestm where FORMAT(CDOUBLE,3) <> 0 order by cidx;
cidx	CDOUBLE
1	-1.797693231e108
select cidx, CDOUBLE from datatypetestm where FORMAT(CDOUBLE,4) <> 0 order by cidx;
cidx	CDOUBLE
1	-1.797693231e108
select cidx, CFLOAT from datatypetestm where FORMAT(CFLOAT,0) <> 0 order by cidx;
cidx	CFLOAT
1	-3.40287e18
select cidx, CFLOAT from datatypetestm where FORMAT(CFLOAT,1) <> 0 order by cidx;
cidx	CFLOAT
1	-3.40287e18
select cidx, CFLOAT from datatypetestm where FORMAT(CFLOAT,2) <> 0 order by cidx;
cidx	CFLOAT
1	-3.40287e18
select cidx, CFLOAT from datatypetestm where FORMAT(CFLOAT,3) <> 0 order by cidx;
cidx	CFLOAT
1	-3.40287e18
select cidx, CFLOAT from datatypetestm where FORMAT(CFLOAT,4) <> 0 order by cidx;
cidx	CFLOAT
1	-3.40287e18
