USE autopilot;
select dtt1.cidx, dtt1.CCHAR7, dtt2.CCHAR9 from datatypetestm1 dtt1, datatypetestm2 dtt2 where dtt1.cidx = dtt2.cidx and dtt1.CCHAR7 > dtt2.CCHAR9 ;
cidx	CCHAR7	CCHAR9
6	ttttttt	rrrrrrr
7	ttttttt	rrrrrrrr
8	ttttttt	rrrrrrrrr
9	ttttttt	rrrrrrrrr
select dtt1.cidx, dtt1.CCHAR7, dtt2.CCHAR9 from datatypetestm1 dtt1, datatypetestm2 dtt2 where dtt1.cidx = dtt2.cidx and dtt1.CCHAR7 >= dtt2.CCHAR9 ;
cidx	CCHAR7	CCHAR9
6	ttttttt	rrrrrrr
7	ttttttt	rrrrrrrr
8	ttttttt	rrrrrrrrr
9	ttttttt	rrrrrrrrr
select dtt1.cidx, dtt1.CCHAR7, dtt2.CCHAR9 from datatypetestm1 dtt1, datatypetestm2 dtt2 where dtt1.cidx = dtt2.cidx and dtt1.CCHAR7 <> dtt2.CCHAR9 ;
cidx	CCHAR7	CCHAR9
1	aaaaaaa	aaaaaaaaa
2	g	i
3	gg	ii
4	ggg	iii
5	gggg	iiii
6	ttttttt	rrrrrrr
7	ttttttt	rrrrrrrr
8	ttttttt	rrrrrrrrr
9	ttttttt	rrrrrrrrr
10	zzzzzzz	zzzzzzzzz
select dtt1.cidx, dtt1.CCHAR7, dtt2.CCHAR9 from datatypetestm1 dtt1, datatypetestm2 dtt2 where dtt1.cidx = dtt2.cidx and dtt1.CCHAR7 < dtt2.CCHAR9 ;
cidx	CCHAR7	CCHAR9
1	aaaaaaa	aaaaaaaaa
2	g	i
3	gg	ii
4	ggg	iii
5	gggg	iiii
10	zzzzzzz	zzzzzzzzz
select dtt1.cidx, dtt1.CCHAR7, dtt2.CCHAR9 from datatypetestm1 dtt1, datatypetestm2 dtt2 where dtt1.cidx = dtt2.cidx and dtt1.CCHAR7 <= dtt2.CCHAR9 ;
cidx	CCHAR7	CCHAR9
1	aaaaaaa	aaaaaaaaa
2	g	i
3	gg	ii
4	ggg	iii
5	gggg	iiii
10	zzzzzzz	zzzzzzzzz
