USE autopilot;
select cidx, CCHAR1, IF(CCHAR1>'aaa','Yes','No') from datatypetestm order by cidx;
cidx	CCHAR1	IF(CCHAR1>'aaa','Yes','No')
1	a	No
select cidx, CCHAR1, IF(CCHAR1>'aaa','Yes','No') from datatypetestm order by cidx;
cidx	CCHAR1	IF(CCHAR1>'aaa','Yes','No')
1	a	No
select cidx, CCHAR1, IF(CCHAR1>'aaa','Yes','No') from datatypetestm order by cidx;
cidx	CCHAR1	IF(CCHAR1>'aaa','Yes','No')
1	a	No
select cidx, CCHAR2, IF(CCHAR2>'aaa','Yes','No') from datatypetestm order by cidx;
cidx	CCHAR2	IF(CCHAR2>'aaa','Yes','No')
1	aa	No
select cidx, CCHAR2, IF(CCHAR2>'aaa','Yes','No') from datatypetestm order by cidx;
cidx	CCHAR2	IF(CCHAR2>'aaa','Yes','No')
1	aa	No
select cidx, CCHAR2, IF(CCHAR2>'aaa','Yes','No') from datatypetestm order by cidx;
cidx	CCHAR2	IF(CCHAR2>'aaa','Yes','No')
1	aa	No
select cidx, CCHAR3, IF(CCHAR3>'aaa','Yes','No') from datatypetestm order by cidx;
cidx	CCHAR3	IF(CCHAR3>'aaa','Yes','No')
1	aaa	No
select cidx, CCHAR3, IF(CCHAR3>'aaa','Yes','No') from datatypetestm order by cidx;
cidx	CCHAR3	IF(CCHAR3>'aaa','Yes','No')
1	aaa	No
select cidx, CCHAR3, IF(CCHAR3>'aaa','Yes','No') from datatypetestm order by cidx;
cidx	CCHAR3	IF(CCHAR3>'aaa','Yes','No')
1	aaa	No
select cidx, CCHAR4, IF(CCHAR4>'aaa','Yes','No') from datatypetestm order by cidx;
cidx	CCHAR4	IF(CCHAR4>'aaa','Yes','No')
1	aaaa	Yes
select cidx, CCHAR4, IF(CCHAR4>'aaa','Yes','No') from datatypetestm order by cidx;
cidx	CCHAR4	IF(CCHAR4>'aaa','Yes','No')
1	aaaa	Yes
select cidx, CCHAR4, IF(CCHAR4>'aaa','Yes','No') from datatypetestm order by cidx;
cidx	CCHAR4	IF(CCHAR4>'aaa','Yes','No')
1	aaaa	Yes
select cidx, CCHAR5, IF(CCHAR5>'aaa','Yes','No') from datatypetestm order by cidx;
cidx	CCHAR5	IF(CCHAR5>'aaa','Yes','No')
1	aaaaa	Yes
select cidx, CCHAR5, IF(CCHAR5>'aaa','Yes','No') from datatypetestm order by cidx;
cidx	CCHAR5	IF(CCHAR5>'aaa','Yes','No')
1	aaaaa	Yes
select cidx, CCHAR5, IF(CCHAR5>'aaa','Yes','No') from datatypetestm order by cidx;
cidx	CCHAR5	IF(CCHAR5>'aaa','Yes','No')
1	aaaaa	Yes
select cidx, CCHAR6, IF(CCHAR6>'aaa','Yes','No') from datatypetestm order by cidx;
cidx	CCHAR6	IF(CCHAR6>'aaa','Yes','No')
1	aaaaaa	Yes
select cidx, CCHAR6, IF(CCHAR6>'aaa','Yes','No') from datatypetestm order by cidx;
cidx	CCHAR6	IF(CCHAR6>'aaa','Yes','No')
1	aaaaaa	Yes
select cidx, CCHAR6, IF(CCHAR6>'aaa','Yes','No') from datatypetestm order by cidx;
cidx	CCHAR6	IF(CCHAR6>'aaa','Yes','No')
1	aaaaaa	Yes
select cidx, CCHAR7, IF(CCHAR7>'aaa','Yes','No') from datatypetestm order by cidx;
cidx	CCHAR7	IF(CCHAR7>'aaa','Yes','No')
1	aaaaaaa	Yes
select cidx, CCHAR7, IF(CCHAR7>'aaa','Yes','No') from datatypetestm order by cidx;
cidx	CCHAR7	IF(CCHAR7>'aaa','Yes','No')
1	aaaaaaa	Yes
select cidx, CCHAR7, IF(CCHAR7>'aaa','Yes','No') from datatypetestm order by cidx;
cidx	CCHAR7	IF(CCHAR7>'aaa','Yes','No')
1	aaaaaaa	Yes
select cidx, CCHAR8, IF(CCHAR8>'aaa','Yes','No') from datatypetestm order by cidx;
cidx	CCHAR8	IF(CCHAR8>'aaa','Yes','No')
1	aaaaaaaa	Yes
select cidx, CCHAR8, IF(CCHAR8>'aaa','Yes','No') from datatypetestm order by cidx;
cidx	CCHAR8	IF(CCHAR8>'aaa','Yes','No')
1	aaaaaaaa	Yes
select cidx, CCHAR8, IF(CCHAR8>'aaa','Yes','No') from datatypetestm order by cidx;
cidx	CCHAR8	IF(CCHAR8>'aaa','Yes','No')
1	aaaaaaaa	Yes
select cidx, CCHAR9, IF(CCHAR9>'aaa','Yes','No') from datatypetestm order by cidx;
cidx	CCHAR9	IF(CCHAR9>'aaa','Yes','No')
1	aaaaaaaaa	Yes
select cidx, CCHAR9, IF(CCHAR9>'aaa','Yes','No') from datatypetestm order by cidx;
cidx	CCHAR9	IF(CCHAR9>'aaa','Yes','No')
1	aaaaaaaaa	Yes
select cidx, CCHAR9, IF(CCHAR9>'aaa','Yes','No') from datatypetestm order by cidx;
cidx	CCHAR9	IF(CCHAR9>'aaa','Yes','No')
1	aaaaaaaaa	Yes
select cidx, CCHAR255, IF(CCHAR255>'aaa','Yes','No') from datatypetestm order by cidx;
cidx	CCHAR255	IF(CCHAR255>'aaa','Yes','No')
1	aaaaaaaaaa	Yes
select cidx, CCHAR255, IF(CCHAR255>'aaa','Yes','No') from datatypetestm order by cidx;
cidx	CCHAR255	IF(CCHAR255>'aaa','Yes','No')
1	aaaaaaaaaa	Yes
select cidx, CCHAR255, IF(CCHAR255>'aaa','Yes','No') from datatypetestm order by cidx;
cidx	CCHAR255	IF(CCHAR255>'aaa','Yes','No')
1	aaaaaaaaaa	Yes
select cidx, CVCHAR1, IF(CVCHAR1>'aaa','Yes','No') from datatypetestm order by cidx;
cidx	CVCHAR1	IF(CVCHAR1>'aaa','Yes','No')
1	a	No
select cidx, CVCHAR1, IF(CVCHAR1>'aaa','Yes','No') from datatypetestm order by cidx;
cidx	CVCHAR1	IF(CVCHAR1>'aaa','Yes','No')
1	a	No
select cidx, CVCHAR1, IF(CVCHAR1>'aaa','Yes','No') from datatypetestm order by cidx;
cidx	CVCHAR1	IF(CVCHAR1>'aaa','Yes','No')
1	a	No
select cidx, CVCHAR2, IF(CVCHAR2>'aaa','Yes','No') from datatypetestm order by cidx;
cidx	CVCHAR2	IF(CVCHAR2>'aaa','Yes','No')
1	aa	No
select cidx, CVCHAR2, IF(CVCHAR2>'aaa','Yes','No') from datatypetestm order by cidx;
cidx	CVCHAR2	IF(CVCHAR2>'aaa','Yes','No')
1	aa	No
select cidx, CVCHAR2, IF(CVCHAR2>'aaa','Yes','No') from datatypetestm order by cidx;
cidx	CVCHAR2	IF(CVCHAR2>'aaa','Yes','No')
1	aa	No
select cidx, CVCHAR3, IF(CVCHAR3>'aaa','Yes','No') from datatypetestm order by cidx;
cidx	CVCHAR3	IF(CVCHAR3>'aaa','Yes','No')
1	aaa	No
select cidx, CVCHAR3, IF(CVCHAR3>'aaa','Yes','No') from datatypetestm order by cidx;
cidx	CVCHAR3	IF(CVCHAR3>'aaa','Yes','No')
1	aaa	No
select cidx, CVCHAR3, IF(CVCHAR3>'aaa','Yes','No') from datatypetestm order by cidx;
cidx	CVCHAR3	IF(CVCHAR3>'aaa','Yes','No')
1	aaa	No
select cidx, CVCHAR4, IF(CVCHAR4>'aaa','Yes','No') from datatypetestm order by cidx;
cidx	CVCHAR4	IF(CVCHAR4>'aaa','Yes','No')
1	aaaa	Yes
select cidx, CVCHAR4, IF(CVCHAR4>'aaa','Yes','No') from datatypetestm order by cidx;
cidx	CVCHAR4	IF(CVCHAR4>'aaa','Yes','No')
1	aaaa	Yes
select cidx, CVCHAR4, IF(CVCHAR4>'aaa','Yes','No') from datatypetestm order by cidx;
cidx	CVCHAR4	IF(CVCHAR4>'aaa','Yes','No')
1	aaaa	Yes
select cidx, CVCHAR5, IF(CVCHAR5>'aaa','Yes','No') from datatypetestm order by cidx;
cidx	CVCHAR5	IF(CVCHAR5>'aaa','Yes','No')
1	aaaaa	Yes
select cidx, CVCHAR5, IF(CVCHAR5>'aaa','Yes','No') from datatypetestm order by cidx;
cidx	CVCHAR5	IF(CVCHAR5>'aaa','Yes','No')
1	aaaaa	Yes
select cidx, CVCHAR5, IF(CVCHAR5>'aaa','Yes','No') from datatypetestm order by cidx;
cidx	CVCHAR5	IF(CVCHAR5>'aaa','Yes','No')
1	aaaaa	Yes
select cidx, CVCHAR6, IF(CVCHAR6>'aaa','Yes','No') from datatypetestm order by cidx;
cidx	CVCHAR6	IF(CVCHAR6>'aaa','Yes','No')
1	aaaaaa	Yes
select cidx, CVCHAR6, IF(CVCHAR6>'aaa','Yes','No') from datatypetestm order by cidx;
cidx	CVCHAR6	IF(CVCHAR6>'aaa','Yes','No')
1	aaaaaa	Yes
select cidx, CVCHAR6, IF(CVCHAR6>'aaa','Yes','No') from datatypetestm order by cidx;
cidx	CVCHAR6	IF(CVCHAR6>'aaa','Yes','No')
1	aaaaaa	Yes
select cidx, CVCHAR7, IF(CVCHAR7>'aaa','Yes','No') from datatypetestm order by cidx;
cidx	CVCHAR7	IF(CVCHAR7>'aaa','Yes','No')
1	aaaaaaa	Yes
select cidx, CVCHAR7, IF(CVCHAR7>'aaa','Yes','No') from datatypetestm order by cidx;
cidx	CVCHAR7	IF(CVCHAR7>'aaa','Yes','No')
1	aaaaaaa	Yes
select cidx, CVCHAR7, IF(CVCHAR7>'aaa','Yes','No') from datatypetestm order by cidx;
cidx	CVCHAR7	IF(CVCHAR7>'aaa','Yes','No')
1	aaaaaaa	Yes
select cidx, CVCHAR8, IF(CVCHAR8>'aaa','Yes','No') from datatypetestm order by cidx;
cidx	CVCHAR8	IF(CVCHAR8>'aaa','Yes','No')
1	aaaaaaaa	Yes
select cidx, CVCHAR8, IF(CVCHAR8>'aaa','Yes','No') from datatypetestm order by cidx;
cidx	CVCHAR8	IF(CVCHAR8>'aaa','Yes','No')
1	aaaaaaaa	Yes
select cidx, CVCHAR8, IF(CVCHAR8>'aaa','Yes','No') from datatypetestm order by cidx;
cidx	CVCHAR8	IF(CVCHAR8>'aaa','Yes','No')
1	aaaaaaaa	Yes
select cidx, CVCHAR255, IF(CVCHAR255>'aaa','Yes','No') from datatypetestm order by cidx;
cidx	CVCHAR255	IF(CVCHAR255>'aaa','Yes','No')
1	aaaaaaaaaa	Yes
select cidx, CVCHAR255, IF(CVCHAR255>'aaa','Yes','No') from datatypetestm order by cidx;
cidx	CVCHAR255	IF(CVCHAR255>'aaa','Yes','No')
1	aaaaaaaaaa	Yes
select cidx, CVCHAR255, IF(CVCHAR255>'aaa','Yes','No') from datatypetestm order by cidx;
cidx	CVCHAR255	IF(CVCHAR255>'aaa','Yes','No')
1	aaaaaaaaaa	Yes
select cidx, CCHAR1 from datatypetestm order by IF(CCHAR1>'aaa','Yes','No'), cidx;
cidx	CCHAR1
1	a
select cidx, CCHAR1 from datatypetestm order by IF(CCHAR1>'aaa','Yes','No'), cidx;
cidx	CCHAR1
1	a
select cidx, CCHAR1 from datatypetestm order by IF(CCHAR1>'aaa','Yes','No'), cidx;
cidx	CCHAR1
1	a
select cidx, CCHAR2 from datatypetestm order by IF(CCHAR2>'aaa','Yes','No'), cidx;
cidx	CCHAR2
1	aa
select cidx, CCHAR2 from datatypetestm order by IF(CCHAR2>'aaa','Yes','No'), cidx;
cidx	CCHAR2
1	aa
select cidx, CCHAR2 from datatypetestm order by IF(CCHAR2>'aaa','Yes','No'), cidx;
cidx	CCHAR2
1	aa
select cidx, CCHAR3 from datatypetestm order by IF(CCHAR3>'aaa','Yes','No'), cidx;
cidx	CCHAR3
1	aaa
select cidx, CCHAR3 from datatypetestm order by IF(CCHAR3>'aaa','Yes','No'), cidx;
cidx	CCHAR3
1	aaa
select cidx, CCHAR3 from datatypetestm order by IF(CCHAR3>'aaa','Yes','No'), cidx;
cidx	CCHAR3
1	aaa
select cidx, CCHAR4 from datatypetestm order by IF(CCHAR4>'aaa','Yes','No'), cidx;
cidx	CCHAR4
1	aaaa
select cidx, CCHAR4 from datatypetestm order by IF(CCHAR4>'aaa','Yes','No'), cidx;
cidx	CCHAR4
1	aaaa
select cidx, CCHAR4 from datatypetestm order by IF(CCHAR4>'aaa','Yes','No'), cidx;
cidx	CCHAR4
1	aaaa
select cidx, CCHAR5 from datatypetestm order by IF(CCHAR5>'aaa','Yes','No'), cidx;
cidx	CCHAR5
1	aaaaa
select cidx, CCHAR5 from datatypetestm order by IF(CCHAR5>'aaa','Yes','No'), cidx;
cidx	CCHAR5
1	aaaaa
select cidx, CCHAR5 from datatypetestm order by IF(CCHAR5>'aaa','Yes','No'), cidx;
cidx	CCHAR5
1	aaaaa
select cidx, CCHAR6 from datatypetestm order by IF(CCHAR6>'aaa','Yes','No'), cidx;
cidx	CCHAR6
1	aaaaaa
select cidx, CCHAR6 from datatypetestm order by IF(CCHAR6>'aaa','Yes','No'), cidx;
cidx	CCHAR6
1	aaaaaa
select cidx, CCHAR6 from datatypetestm order by IF(CCHAR6>'aaa','Yes','No'), cidx;
cidx	CCHAR6
1	aaaaaa
select cidx, CCHAR7 from datatypetestm order by IF(CCHAR7>'aaa','Yes','No'), cidx;
cidx	CCHAR7
1	aaaaaaa
select cidx, CCHAR7 from datatypetestm order by IF(CCHAR7>'aaa','Yes','No'), cidx;
cidx	CCHAR7
1	aaaaaaa
select cidx, CCHAR7 from datatypetestm order by IF(CCHAR7>'aaa','Yes','No'), cidx;
cidx	CCHAR7
1	aaaaaaa
select cidx, CCHAR8 from datatypetestm order by IF(CCHAR8>'aaa','Yes','No'), cidx;
cidx	CCHAR8
1	aaaaaaaa
select cidx, CCHAR8 from datatypetestm order by IF(CCHAR8>'aaa','Yes','No'), cidx;
cidx	CCHAR8
1	aaaaaaaa
select cidx, CCHAR8 from datatypetestm order by IF(CCHAR8>'aaa','Yes','No'), cidx;
cidx	CCHAR8
1	aaaaaaaa
select cidx, CCHAR9 from datatypetestm order by IF(CCHAR9>'aaa','Yes','No'), cidx;
cidx	CCHAR9
1	aaaaaaaaa
select cidx, CCHAR9 from datatypetestm order by IF(CCHAR9>'aaa','Yes','No'), cidx;
cidx	CCHAR9
1	aaaaaaaaa
select cidx, CCHAR9 from datatypetestm order by IF(CCHAR9>'aaa','Yes','No'), cidx;
cidx	CCHAR9
1	aaaaaaaaa
select cidx, CCHAR255 from datatypetestm order by IF(CCHAR255>'aaa','Yes','No'), cidx;
cidx	CCHAR255
1	aaaaaaaaaa
select cidx, CCHAR255 from datatypetestm order by IF(CCHAR255>'aaa','Yes','No'), cidx;
cidx	CCHAR255
1	aaaaaaaaaa
select cidx, CCHAR255 from datatypetestm order by IF(CCHAR255>'aaa','Yes','No'), cidx;
cidx	CCHAR255
1	aaaaaaaaaa
select cidx, CVCHAR1 from datatypetestm order by IF(CVCHAR1>'aaa','Yes','No'), cidx;
cidx	CVCHAR1
1	a
select cidx, CVCHAR1 from datatypetestm order by IF(CVCHAR1>'aaa','Yes','No'), cidx;
cidx	CVCHAR1
1	a
select cidx, CVCHAR1 from datatypetestm order by IF(CVCHAR1>'aaa','Yes','No'), cidx;
cidx	CVCHAR1
1	a
select cidx, CVCHAR2 from datatypetestm order by IF(CVCHAR2>'aaa','Yes','No'), cidx;
cidx	CVCHAR2
1	aa
select cidx, CVCHAR2 from datatypetestm order by IF(CVCHAR2>'aaa','Yes','No'), cidx;
cidx	CVCHAR2
1	aa
select cidx, CVCHAR2 from datatypetestm order by IF(CVCHAR2>'aaa','Yes','No'), cidx;
cidx	CVCHAR2
1	aa
select cidx, CVCHAR3 from datatypetestm order by IF(CVCHAR3>'aaa','Yes','No'), cidx;
cidx	CVCHAR3
1	aaa
select cidx, CVCHAR3 from datatypetestm order by IF(CVCHAR3>'aaa','Yes','No'), cidx;
cidx	CVCHAR3
1	aaa
select cidx, CVCHAR3 from datatypetestm order by IF(CVCHAR3>'aaa','Yes','No'), cidx;
cidx	CVCHAR3
1	aaa
select cidx, CVCHAR4 from datatypetestm order by IF(CVCHAR4>'aaa','Yes','No'), cidx;
cidx	CVCHAR4
1	aaaa
select cidx, CVCHAR4 from datatypetestm order by IF(CVCHAR4>'aaa','Yes','No'), cidx;
cidx	CVCHAR4
1	aaaa
select cidx, CVCHAR4 from datatypetestm order by IF(CVCHAR4>'aaa','Yes','No'), cidx;
cidx	CVCHAR4
1	aaaa
select cidx, CVCHAR5 from datatypetestm order by IF(CVCHAR5>'aaa','Yes','No'), cidx;
cidx	CVCHAR5
1	aaaaa
select cidx, CVCHAR5 from datatypetestm order by IF(CVCHAR5>'aaa','Yes','No'), cidx;
cidx	CVCHAR5
1	aaaaa
select cidx, CVCHAR5 from datatypetestm order by IF(CVCHAR5>'aaa','Yes','No'), cidx;
cidx	CVCHAR5
1	aaaaa
select cidx, CVCHAR6 from datatypetestm order by IF(CVCHAR6>'aaa','Yes','No'), cidx;
cidx	CVCHAR6
1	aaaaaa
select cidx, CVCHAR6 from datatypetestm order by IF(CVCHAR6>'aaa','Yes','No'), cidx;
cidx	CVCHAR6
1	aaaaaa
select cidx, CVCHAR6 from datatypetestm order by IF(CVCHAR6>'aaa','Yes','No'), cidx;
cidx	CVCHAR6
1	aaaaaa
select cidx, CVCHAR7 from datatypetestm order by IF(CVCHAR7>'aaa','Yes','No'), cidx;
cidx	CVCHAR7
1	aaaaaaa
select cidx, CVCHAR7 from datatypetestm order by IF(CVCHAR7>'aaa','Yes','No'), cidx;
cidx	CVCHAR7
1	aaaaaaa
select cidx, CVCHAR7 from datatypetestm order by IF(CVCHAR7>'aaa','Yes','No'), cidx;
cidx	CVCHAR7
1	aaaaaaa
select cidx, CVCHAR8 from datatypetestm order by IF(CVCHAR8>'aaa','Yes','No'), cidx;
cidx	CVCHAR8
1	aaaaaaaa
select cidx, CVCHAR8 from datatypetestm order by IF(CVCHAR8>'aaa','Yes','No'), cidx;
cidx	CVCHAR8
1	aaaaaaaa
select cidx, CVCHAR8 from datatypetestm order by IF(CVCHAR8>'aaa','Yes','No'), cidx;
cidx	CVCHAR8
1	aaaaaaaa
select cidx, CVCHAR255 from datatypetestm order by IF(CVCHAR255>'aaa','Yes','No'), cidx;
cidx	CVCHAR255
1	aaaaaaaaaa
select cidx, CVCHAR255 from datatypetestm order by IF(CVCHAR255>'aaa','Yes','No'), cidx;
cidx	CVCHAR255
1	aaaaaaaaaa
select cidx, CVCHAR255 from datatypetestm order by IF(CVCHAR255>'aaa','Yes','No'), cidx;
cidx	CVCHAR255
1	aaaaaaaaaa
