USE autopilot;
select dtt1.cidx, dtt1.CBIGINT, dtt2.CCHAR9 from datatypetestm1 dtt1, datatypetestm2 dtt2 where dtt1.cidx = dtt2.cidx and dtt1.CBIGINT > dtt2.CCHAR9 ;
cidx	CBIGINT	CCHAR9
6	72036854775803	rrrrrrr
7	72036854775804	rrrrrrrr
8	72036854775805	rrrrrrrrr
9	72036854775806	rrrrrrrrr
10	72036854775807	zzzzzzzzz
select dtt1.cidx, dtt1.CBIGINT, dtt2.CCHAR9 from datatypetestm1 dtt1, datatypetestm2 dtt2 where dtt1.cidx = dtt2.cidx and dtt1.CBIGINT >= dtt2.CCHAR9 ;
cidx	CBIGINT	CCHAR9
6	72036854775803	rrrrrrr
7	72036854775804	rrrrrrrr
8	72036854775805	rrrrrrrrr
9	72036854775806	rrrrrrrrr
10	72036854775807	zzzzzzzzz
select dtt1.cidx, dtt1.CBIGINT, dtt2.CCHAR9 from datatypetestm1 dtt1, datatypetestm2 dtt2 where dtt1.cidx = dtt2.cidx and dtt1.CBIGINT <> dtt2.CCHAR9 ;
cidx	CBIGINT	CCHAR9
1	-72036854775806	aaaaaaaaa
2	-72036854775805	i
3	-72036854775804	ii
4	-72036854775803	iii
5	-72036854775802	iiii
6	72036854775803	rrrrrrr
7	72036854775804	rrrrrrrr
8	72036854775805	rrrrrrrrr
9	72036854775806	rrrrrrrrr
10	72036854775807	zzzzzzzzz
select dtt1.cidx, dtt1.CBIGINT, dtt2.CCHAR9 from datatypetestm1 dtt1, datatypetestm2 dtt2 where dtt1.cidx = dtt2.cidx and dtt1.CBIGINT < dtt2.CCHAR9 ;
cidx	CBIGINT	CCHAR9
1	-72036854775806	aaaaaaaaa
2	-72036854775805	i
3	-72036854775804	ii
4	-72036854775803	iii
5	-72036854775802	iiii
select dtt1.cidx, dtt1.CBIGINT, dtt2.CCHAR9 from datatypetestm1 dtt1, datatypetestm2 dtt2 where dtt1.cidx = dtt2.cidx and dtt1.CBIGINT <= dtt2.CCHAR9 ;
cidx	CBIGINT	CCHAR9
1	-72036854775806	aaaaaaaaa
2	-72036854775805	i
3	-72036854775804	ii
4	-72036854775803	iii
5	-72036854775802	iiii
