USE autopilot;
select cidx, CDATE, TIMESTAMPADD(MICROSECOND,5,CDATE) from datatypetestm order by cidx;
cidx	CDATE	TIMESTAMPADD(MICROSECOND,5,CDATE)
1	1997-01-01	1997-01-01 00:00:00.500000
select cidx, CDATE, TIMESTAMPADD(SECOND,5,CDATE) from datatypetestm order by cidx;
cidx	CDATE	TIMESTAMPADD(SECOND,5,CDATE)
1	1997-01-01	1997-01-01 00:00:05
select cidx, CDATE, TIMESTAMPADD(MINUTE,5,CDATE) from datatypetestm order by cidx;
cidx	CDATE	TIMESTAMPADD(MINUTE,5,CDATE)
1	1997-01-01	1997-01-01 00:05:00
select cidx, CDATE, TIMESTAMPADD(HOUR,5,CDATE) from datatypetestm order by cidx;
cidx	CDATE	TIMESTAMPADD(HOUR,5,CDATE)
1	1997-01-01	1997-01-01 05:00:00
select cidx, CDATE, TIMESTAMPADD(DAY,5,CDATE) from datatypetestm order by cidx;
cidx	CDATE	TIMESTAMPADD(DAY,5,CDATE)
1	1997-01-01	1997-01-06
select cidx, CDATE, TIMESTAMPADD(WEEK,5,CDATE) from datatypetestm order by cidx;
cidx	CDATE	TIMESTAMPADD(WEEK,5,CDATE)
1	1997-01-01	1997-02-05
select cidx, CDATE, TIMESTAMPADD(MONTH,5,CDATE) from datatypetestm order by cidx;
cidx	CDATE	TIMESTAMPADD(MONTH,5,CDATE)
1	1997-01-01	1997-06-01
select cidx, CDATE, TIMESTAMPADD(QUARTER,5,CDATE) from datatypetestm order by cidx;
cidx	CDATE	TIMESTAMPADD(QUARTER,5,CDATE)
1	1997-01-01	1998-04-01
select cidx, CDATE, TIMESTAMPADD(YEAR,5,CDATE) from datatypetestm order by cidx;
cidx	CDATE	TIMESTAMPADD(YEAR,5,CDATE)
1	1997-01-01	2002-01-01
select cidx, CDATETIME, TIMESTAMPADD(MICROSECOND,5,CDATETIME) from datatypetestm order by cidx;
cidx	CDATETIME	TIMESTAMPADD(MICROSECOND,5,CDATETIME)
1	1997-01-01 00:00:00	1997-01-01 00:00:00.500000
select cidx, CDATETIME, TIMESTAMPADD(SECOND,5,CDATETIME) from datatypetestm order by cidx;
cidx	CDATETIME	TIMESTAMPADD(SECOND,5,CDATETIME)
1	1997-01-01 00:00:00	1997-01-01 00:00:05
select cidx, CDATETIME, TIMESTAMPADD(MINUTE,5,CDATETIME) from datatypetestm order by cidx;
cidx	CDATETIME	TIMESTAMPADD(MINUTE,5,CDATETIME)
1	1997-01-01 00:00:00	1997-01-01 00:05:00
select cidx, CDATETIME, TIMESTAMPADD(HOUR,5,CDATETIME) from datatypetestm order by cidx;
cidx	CDATETIME	TIMESTAMPADD(HOUR,5,CDATETIME)
1	1997-01-01 00:00:00	1997-01-01 05:00:00
select cidx, CDATETIME, TIMESTAMPADD(DAY,5,CDATETIME) from datatypetestm order by cidx;
cidx	CDATETIME	TIMESTAMPADD(DAY,5,CDATETIME)
1	1997-01-01 00:00:00	1997-01-06 00:00:00
select cidx, CDATETIME, TIMESTAMPADD(WEEK,5,CDATETIME) from datatypetestm order by cidx;
cidx	CDATETIME	TIMESTAMPADD(WEEK,5,CDATETIME)
1	1997-01-01 00:00:00	1997-02-05 00:00:00
select cidx, CDATETIME, TIMESTAMPADD(MONTH,5,CDATETIME) from datatypetestm order by cidx;
cidx	CDATETIME	TIMESTAMPADD(MONTH,5,CDATETIME)
1	1997-01-01 00:00:00	1997-06-01 00:00:00
select cidx, CDATETIME, TIMESTAMPADD(QUARTER,5,CDATETIME) from datatypetestm order by cidx;
cidx	CDATETIME	TIMESTAMPADD(QUARTER,5,CDATETIME)
1	1997-01-01 00:00:00	1998-04-01 00:00:00
select cidx, CDATETIME, TIMESTAMPADD(YEAR,5,CDATETIME) from datatypetestm order by cidx;
cidx	CDATETIME	TIMESTAMPADD(YEAR,5,CDATETIME)
1	1997-01-01 00:00:00	2002-01-01 00:00:00
select cidx, CTIME, TIMESTAMPADD(MICROSECOND,5,CTIME) from datatypetestm order by cidx;
cidx	CTIME	TIMESTAMPADD(MICROSECOND,5,CTIME)
1	13:00:00	NULL
select cidx, CTIME, TIMESTAMPADD(SECOND,5,CTIME) from datatypetestm order by cidx;
cidx	CTIME	TIMESTAMPADD(SECOND,5,CTIME)
1	13:00:00	NULL
select cidx, CTIME, TIMESTAMPADD(MINUTE,5,CTIME) from datatypetestm order by cidx;
cidx	CTIME	TIMESTAMPADD(MINUTE,5,CTIME)
1	13:00:00	NULL
select cidx, CTIME, TIMESTAMPADD(HOUR,5,CTIME) from datatypetestm order by cidx;
cidx	CTIME	TIMESTAMPADD(HOUR,5,CTIME)
1	13:00:00	NULL
select cidx, CTIME, TIMESTAMPADD(DAY,5,CTIME) from datatypetestm order by cidx;
cidx	CTIME	TIMESTAMPADD(DAY,5,CTIME)
1	13:00:00	NULL
select cidx, CTIME, TIMESTAMPADD(WEEK,5,CTIME) from datatypetestm order by cidx;
cidx	CTIME	TIMESTAMPADD(WEEK,5,CTIME)
1	13:00:00	NULL
select cidx, CTIME, TIMESTAMPADD(MONTH,5,CTIME) from datatypetestm order by cidx;
cidx	CTIME	TIMESTAMPADD(MONTH,5,CTIME)
1	13:00:00	NULL
select cidx, CTIME, TIMESTAMPADD(QUARTER,5,CTIME) from datatypetestm order by cidx;
cidx	CTIME	TIMESTAMPADD(QUARTER,5,CTIME)
1	13:00:00	NULL
select cidx, CTIME, TIMESTAMPADD(YEAR,5,CTIME) from datatypetestm order by cidx;
cidx	CTIME	TIMESTAMPADD(YEAR,5,CTIME)
1	13:00:00	NULL
select cidx, CDATE from datatypetestm order by TIMESTAMPADD(MICROSECOND,5,CDATE), cidx;
cidx	CDATE
1	1997-01-01
select cidx, CDATE from datatypetestm order by TIMESTAMPADD(SECOND,5,CDATE), cidx;
cidx	CDATE
1	1997-01-01
select cidx, CDATE from datatypetestm order by TIMESTAMPADD(MINUTE,5,CDATE), cidx;
cidx	CDATE
1	1997-01-01
select cidx, CDATE from datatypetestm order by TIMESTAMPADD(HOUR,5,CDATE), cidx;
cidx	CDATE
1	1997-01-01
select cidx, CDATE from datatypetestm order by TIMESTAMPADD(DAY,5,CDATE), cidx;
cidx	CDATE
1	1997-01-01
select cidx, CDATE from datatypetestm order by TIMESTAMPADD(WEEK,5,CDATE), cidx;
cidx	CDATE
1	1997-01-01
select cidx, CDATE from datatypetestm order by TIMESTAMPADD(MONTH,5,CDATE), cidx;
cidx	CDATE
1	1997-01-01
select cidx, CDATE from datatypetestm order by TIMESTAMPADD(QUARTER,5,CDATE), cidx;
cidx	CDATE
1	1997-01-01
select cidx, CDATE from datatypetestm order by TIMESTAMPADD(YEAR,5,CDATE), cidx;
cidx	CDATE
1	1997-01-01
select cidx, CDATETIME from datatypetestm order by TIMESTAMPADD(MICROSECOND,5,CDATETIME), cidx;
cidx	CDATETIME
1	1997-01-01 00:00:00
select cidx, CDATETIME from datatypetestm order by TIMESTAMPADD(SECOND,5,CDATETIME), cidx;
cidx	CDATETIME
1	1997-01-01 00:00:00
select cidx, CDATETIME from datatypetestm order by TIMESTAMPADD(MINUTE,5,CDATETIME), cidx;
cidx	CDATETIME
1	1997-01-01 00:00:00
select cidx, CDATETIME from datatypetestm order by TIMESTAMPADD(HOUR,5,CDATETIME), cidx;
cidx	CDATETIME
1	1997-01-01 00:00:00
select cidx, CDATETIME from datatypetestm order by TIMESTAMPADD(DAY,5,CDATETIME), cidx;
cidx	CDATETIME
1	1997-01-01 00:00:00
select cidx, CDATETIME from datatypetestm order by TIMESTAMPADD(WEEK,5,CDATETIME), cidx;
cidx	CDATETIME
1	1997-01-01 00:00:00
select cidx, CDATETIME from datatypetestm order by TIMESTAMPADD(MONTH,5,CDATETIME), cidx;
cidx	CDATETIME
1	1997-01-01 00:00:00
select cidx, CDATETIME from datatypetestm order by TIMESTAMPADD(QUARTER,5,CDATETIME), cidx;
cidx	CDATETIME
1	1997-01-01 00:00:00
select cidx, CDATETIME from datatypetestm order by TIMESTAMPADD(YEAR,5,CDATETIME), cidx;
cidx	CDATETIME
1	1997-01-01 00:00:00
select cidx, CTIME from datatypetestm order by TIMESTAMPADD(MICROSECOND,5,CTIME), cidx;
cidx	CTIME
1	13:00:00
select cidx, CTIME from datatypetestm order by TIMESTAMPADD(SECOND,5,CTIME), cidx;
cidx	CTIME
1	13:00:00
select cidx, CTIME from datatypetestm order by TIMESTAMPADD(MINUTE,5,CTIME), cidx;
cidx	CTIME
1	13:00:00
select cidx, CTIME from datatypetestm order by TIMESTAMPADD(HOUR,5,CTIME), cidx;
cidx	CTIME
1	13:00:00
select cidx, CTIME from datatypetestm order by TIMESTAMPADD(DAY,5,CTIME), cidx;
cidx	CTIME
1	13:00:00
select cidx, CTIME from datatypetestm order by TIMESTAMPADD(WEEK,5,CTIME), cidx;
cidx	CTIME
1	13:00:00
select cidx, CTIME from datatypetestm order by TIMESTAMPADD(MONTH,5,CTIME), cidx;
cidx	CTIME
1	13:00:00
select cidx, CTIME from datatypetestm order by TIMESTAMPADD(QUARTER,5,CTIME), cidx;
cidx	CTIME
1	13:00:00
select cidx, CTIME from datatypetestm order by TIMESTAMPADD(YEAR,5,CTIME), cidx;
cidx	CTIME
1	13:00:00
