USE autopilot;
select dtt1.cidx, dtt1.CDECIMAL10, dtt2.CDATE from datatypetestm1 dtt1, datatypetestm2 dtt2 where dtt1.cidx = dtt2.cidx and dtt1.CDECIMAL10 > dtt2.CDATE ;
cidx	CDECIMAL10	CDATE
select dtt1.cidx, dtt1.CDECIMAL10, dtt2.CDATE from datatypetestm1 dtt1, datatypetestm2 dtt2 where dtt1.cidx = dtt2.cidx and dtt1.CDECIMAL10 >= dtt2.CDATE ;
cidx	CDECIMAL10	CDATE
select dtt1.cidx, dtt1.CDECIMAL10, dtt2.CDATE from datatypetestm1 dtt1, datatypetestm2 dtt2 where dtt1.cidx = dtt2.cidx and dtt1.CDECIMAL10 <> dtt2.CDATE ;
cidx	CDECIMAL10	CDATE
1	-9999999	1997-01-01
2	-9999998	1997-01-01
3	-9999997	1997-01-02
4	-9999996	1997-01-03
5	-9999995	1997-01-04
6	9999995	2009-12-28
7	9999996	2009-12-29
8	9999997	2009-12-30
9	9999998	2009-12-31
10	9999999	2009-12-31
11	0	2009-12-31
select dtt1.cidx, dtt1.CDECIMAL10, dtt2.CDATE from datatypetestm1 dtt1, datatypetestm2 dtt2 where dtt1.cidx = dtt2.cidx and dtt1.CDECIMAL10 < dtt2.CDATE ;
cidx	CDECIMAL10	CDATE
1	-9999999	1997-01-01
2	-9999998	1997-01-01
3	-9999997	1997-01-02
4	-9999996	1997-01-03
5	-9999995	1997-01-04
6	9999995	2009-12-28
7	9999996	2009-12-29
8	9999997	2009-12-30
9	9999998	2009-12-31
10	9999999	2009-12-31
11	0	2009-12-31
select dtt1.cidx, dtt1.CDECIMAL10, dtt2.CDATE from datatypetestm1 dtt1, datatypetestm2 dtt2 where dtt1.cidx = dtt2.cidx and dtt1.CDECIMAL10 <= dtt2.CDATE ;
cidx	CDECIMAL10	CDATE
1	-9999999	1997-01-01
2	-9999998	1997-01-01
3	-9999997	1997-01-02
4	-9999996	1997-01-03
5	-9999995	1997-01-04
6	9999995	2009-12-28
7	9999996	2009-12-29
8	9999997	2009-12-30
9	9999998	2009-12-31
10	9999999	2009-12-31
11	0	2009-12-31
