USE autopilot;
select dtt1.cidx, dtt1.CBIGINT, dtt2.CCHAR3 from datatypetestm1 dtt1, datatypetestm2 dtt2 where dtt1.cidx = dtt2.cidx and dtt1.CBIGINT > dtt2.CCHAR3 ;
cidx	CBIGINT	CCHAR3
6	72036854775803	xxx
7	72036854775804	xxx
8	72036854775805	xxx
9	72036854775806	xxx
10	72036854775807	zzz
select dtt1.cidx, dtt1.CBIGINT, dtt2.CCHAR3 from datatypetestm1 dtt1, datatypetestm2 dtt2 where dtt1.cidx = dtt2.cidx and dtt1.CBIGINT >= dtt2.CCHAR3 ;
cidx	CBIGINT	CCHAR3
6	72036854775803	xxx
7	72036854775804	xxx
8	72036854775805	xxx
9	72036854775806	xxx
10	72036854775807	zzz
select dtt1.cidx, dtt1.CBIGINT, dtt2.CCHAR3 from datatypetestm1 dtt1, datatypetestm2 dtt2 where dtt1.cidx = dtt2.cidx and dtt1.CBIGINT <> dtt2.CCHAR3 ;
cidx	CBIGINT	CCHAR3
1	-72036854775806	aaa
2	-72036854775805	c
3	-72036854775804	cc
4	-72036854775803	ccc
5	-72036854775802	ccc
6	72036854775803	xxx
7	72036854775804	xxx
8	72036854775805	xxx
9	72036854775806	xxx
10	72036854775807	zzz
select dtt1.cidx, dtt1.CBIGINT, dtt2.CCHAR3 from datatypetestm1 dtt1, datatypetestm2 dtt2 where dtt1.cidx = dtt2.cidx and dtt1.CBIGINT < dtt2.CCHAR3 ;
cidx	CBIGINT	CCHAR3
1	-72036854775806	aaa
2	-72036854775805	c
3	-72036854775804	cc
4	-72036854775803	ccc
5	-72036854775802	ccc
select dtt1.cidx, dtt1.CBIGINT, dtt2.CCHAR3 from datatypetestm1 dtt1, datatypetestm2 dtt2 where dtt1.cidx = dtt2.cidx and dtt1.CBIGINT <= dtt2.CCHAR3 ;
cidx	CBIGINT	CCHAR3
1	-72036854775806	aaa
2	-72036854775805	c
3	-72036854775804	cc
4	-72036854775803	ccc
5	-72036854775802	ccc
