USE autopilot;
select dtt1.cidx, dtt1.CCHAR9, dtt2.CDECIMAL18 from datatypetestm1 dtt1, datatypetestm2 dtt2 where dtt1.cidx = dtt2.cidx and dtt1.CCHAR9 > dtt2.CDECIMAL18 ;
cidx	CCHAR9	CDECIMAL18
1	aaaaaaaaa	-9999999999999
2	i	-9999999999998
3	ii	-9999999999997
4	iii	-9999999999996
5	iiii	-9999999999995
select dtt1.cidx, dtt1.CCHAR9, dtt2.CDECIMAL18 from datatypetestm1 dtt1, datatypetestm2 dtt2 where dtt1.cidx = dtt2.cidx and dtt1.CCHAR9 >= dtt2.CDECIMAL18 ;
cidx	CCHAR9	CDECIMAL18
1	aaaaaaaaa	-9999999999999
2	i	-9999999999998
3	ii	-9999999999997
4	iii	-9999999999996
5	iiii	-9999999999995
select dtt1.cidx, dtt1.CCHAR9, dtt2.CDECIMAL18 from datatypetestm1 dtt1, datatypetestm2 dtt2 where dtt1.cidx = dtt2.cidx and dtt1.CCHAR9 <> dtt2.CDECIMAL18 ;
cidx	CCHAR9	CDECIMAL18
1	aaaaaaaaa	-9999999999999
2	i	-9999999999998
3	ii	-9999999999997
4	iii	-9999999999996
5	iiii	-9999999999995
6	rrrrrrr	9999999999995
7	rrrrrrrr	9999999999996
8	rrrrrrrrr	9999999999997
9	rrrrrrrrr	9999999999998
10	zzzzzzzzz	9999999999999
select dtt1.cidx, dtt1.CCHAR9, dtt2.CDECIMAL18 from datatypetestm1 dtt1, datatypetestm2 dtt2 where dtt1.cidx = dtt2.cidx and dtt1.CCHAR9 < dtt2.CDECIMAL18 ;
cidx	CCHAR9	CDECIMAL18
6	rrrrrrr	9999999999995
7	rrrrrrrr	9999999999996
8	rrrrrrrrr	9999999999997
9	rrrrrrrrr	9999999999998
10	zzzzzzzzz	9999999999999
select dtt1.cidx, dtt1.CCHAR9, dtt2.CDECIMAL18 from datatypetestm1 dtt1, datatypetestm2 dtt2 where dtt1.cidx = dtt2.cidx and dtt1.CCHAR9 <= dtt2.CDECIMAL18 ;
cidx	CCHAR9	CDECIMAL18
6	rrrrrrr	9999999999995
7	rrrrrrrr	9999999999996
8	rrrrrrrrr	9999999999997
9	rrrrrrrrr	9999999999998
10	zzzzzzzzz	9999999999999
