USE autopilot;
select cidx, CDATE, TO_DAYS(CDATE) from datatypetestm order by cidx;
cidx	CDATE	TO_DAYS(CDATE)
1	1997-01-01	729390
select cidx, CDATETIME, TO_DAYS(CDATETIME) from datatypetestm order by cidx;
cidx	CDATETIME	TO_DAYS(CDATETIME)
1	1997-01-01 00:00:00	729390
select cidx, CTIME, TO_DAYS(CTIME) from datatypetestm order by cidx;
cidx	CTIME	TO_DAYS(CTIME)
1	13:00:00	REPLACEDVALUE
select cidx, CDATE from datatypetestm order by TO_DAYS(CDATE), cidx;
cidx	CDATE
1	1997-01-01
select cidx, CDATETIME from datatypetestm order by TO_DAYS(CDATETIME), cidx;
cidx	CDATETIME
1	1997-01-01 00:00:00
