USE autopilot;
select dtt1.cidx, dtt1.CCHAR2, dtt2.CMEDIUMTEXT from datatypetestm1 dtt1, datatypetestm2 dtt2 where dtt1.cidx = dtt2.cidx and dtt1.CCHAR2 > dtt2.CMEDIUMTEXT ;
cidx	CCHAR2	CMEDIUMTEXT
6	yy	mediumtestmediumtest
7	yy	mediumtestmediumtest
8	yy	mediumtestmediumtest
9	yy	mediumtestmediumtest
10	zz	mediumtestmediumtest
select dtt1.cidx, dtt1.CCHAR2, dtt2.CMEDIUMTEXT from datatypetestm1 dtt1, datatypetestm2 dtt2 where dtt1.cidx = dtt2.cidx and dtt1.CCHAR2 >= dtt2.CMEDIUMTEXT ;
cidx	CCHAR2	CMEDIUMTEXT
6	yy	mediumtestmediumtest
7	yy	mediumtestmediumtest
8	yy	mediumtestmediumtest
9	yy	mediumtestmediumtest
10	zz	mediumtestmediumtest
select dtt1.cidx, dtt1.CCHAR2, dtt2.CMEDIUMTEXT from datatypetestm1 dtt1, datatypetestm2 dtt2 where dtt1.cidx = dtt2.cidx and dtt1.CCHAR2 <> dtt2.CMEDIUMTEXT ;
cidx	CCHAR2	CMEDIUMTEXT
1	aa	mediumtestmediumtest
2	b	mediumtestmediumtest
3	bb	mediumtestmediumtest
4	bb	mediumtestmediumtest
5	bb	mediumtestmediumtest
6	yy	mediumtestmediumtest
7	yy	mediumtestmediumtest
8	yy	mediumtestmediumtest
9	yy	mediumtestmediumtest
10	zz	mediumtestmediumtest
select dtt1.cidx, dtt1.CCHAR2, dtt2.CMEDIUMTEXT from datatypetestm1 dtt1, datatypetestm2 dtt2 where dtt1.cidx = dtt2.cidx and dtt1.CCHAR2 < dtt2.CMEDIUMTEXT ;
cidx	CCHAR2	CMEDIUMTEXT
1	aa	mediumtestmediumtest
2	b	mediumtestmediumtest
3	bb	mediumtestmediumtest
4	bb	mediumtestmediumtest
5	bb	mediumtestmediumtest
select dtt1.cidx, dtt1.CCHAR2, dtt2.CMEDIUMTEXT from datatypetestm1 dtt1, datatypetestm2 dtt2 where dtt1.cidx = dtt2.cidx and dtt1.CCHAR2 <= dtt2.CMEDIUMTEXT ;
cidx	CCHAR2	CMEDIUMTEXT
1	aa	mediumtestmediumtest
2	b	mediumtestmediumtest
3	bb	mediumtestmediumtest
4	bb	mediumtestmediumtest
5	bb	mediumtestmediumtest
