USE autopilot;
select dtt1.cidx, dtt1.CCHAR255, dtt2.CDECIMAL18 from datatypetestm1 dtt1, datatypetestm2 dtt2 where dtt1.cidx = dtt2.cidx and dtt1.CCHAR255 > dtt2.CDECIMAL18 ;
cidx	CCHAR255	CDECIMAL18
1	aaaaaaaaaa	-9999999999999
2	j	-9999999999998
3	jj	-9999999999997
4	jjj	-9999999999996
5	jjjj	-9999999999995
select dtt1.cidx, dtt1.CCHAR255, dtt2.CDECIMAL18 from datatypetestm1 dtt1, datatypetestm2 dtt2 where dtt1.cidx = dtt2.cidx and dtt1.CCHAR255 >= dtt2.CDECIMAL18 ;
cidx	CCHAR255	CDECIMAL18
1	aaaaaaaaaa	-9999999999999
2	j	-9999999999998
3	jj	-9999999999997
4	jjj	-9999999999996
5	jjjj	-9999999999995
select dtt1.cidx, dtt1.CCHAR255, dtt2.CDECIMAL18 from datatypetestm1 dtt1, datatypetestm2 dtt2 where dtt1.cidx = dtt2.cidx and dtt1.CCHAR255 <> dtt2.CDECIMAL18 ;
cidx	CCHAR255	CDECIMAL18
1	aaaaaaaaaa	-9999999999999
2	j	-9999999999998
3	jj	-9999999999997
4	jjj	-9999999999996
5	jjjj	-9999999999995
6	qqqqqqq	9999999999995
7	qqqqqqqq	9999999999996
8	qqqqqqqqq	9999999999997
9	qqqqqqqqqq	9999999999998
10	zzzzzzzzzz	9999999999999
select dtt1.cidx, dtt1.CCHAR255, dtt2.CDECIMAL18 from datatypetestm1 dtt1, datatypetestm2 dtt2 where dtt1.cidx = dtt2.cidx and dtt1.CCHAR255 < dtt2.CDECIMAL18 ;
cidx	CCHAR255	CDECIMAL18
6	qqqqqqq	9999999999995
7	qqqqqqqq	9999999999996
8	qqqqqqqqq	9999999999997
9	qqqqqqqqqq	9999999999998
10	zzzzzzzzzz	9999999999999
select dtt1.cidx, dtt1.CCHAR255, dtt2.CDECIMAL18 from datatypetestm1 dtt1, datatypetestm2 dtt2 where dtt1.cidx = dtt2.cidx and dtt1.CCHAR255 <= dtt2.CDECIMAL18 ;
cidx	CCHAR255	CDECIMAL18
6	qqqqqqq	9999999999995
7	qqqqqqqq	9999999999996
8	qqqqqqqqq	9999999999997
9	qqqqqqqqqq	9999999999998
10	zzzzzzzzzz	9999999999999
