USE autopilot;
select MAX(CBIGINT) from datatypetestm;
MAX(CBIGINT)
-72036854775806
select MAX(CDECIMAL1) from datatypetestm;
MAX(CDECIMAL1)
-9
select MAX(CDECIMAL4) from datatypetestm;
MAX(CDECIMAL4)
-999
select MAX(CDECIMAL4_2) from datatypetestm;
MAX(CDECIMAL4_2)
-9.99
select MAX(CDECIMAL5) from datatypetestm;
MAX(CDECIMAL5)
-999
select MAX(CDECIMAL9) from datatypetestm;
MAX(CDECIMAL9)
-999999
select MAX(CDECIMAL9_2) from datatypetestm;
MAX(CDECIMAL9_2)
-9999.99
select MAX(CDECIMAL10) from datatypetestm;
MAX(CDECIMAL10)
-9999999
select MAX(CDECIMAL18) from datatypetestm;
MAX(CDECIMAL18)
-9999999999999
select MAX(CDECIMAL18_2) from datatypetestm;
MAX(CDECIMAL18_2)
-99999999999.99
select MAX(CINTEGER) from datatypetestm;
MAX(CINTEGER)
-7483646
select MAX(CSMALLINT) from datatypetestm;
MAX(CSMALLINT)
-766
select MAX(CTINYINT) from datatypetestm;
MAX(CTINYINT)
-26
select MAX(CDOUBLE) from datatypetestm;
MAX(CDOUBLE)
-1.797693231e108
select MAX(CFLOAT) from datatypetestm;
MAX(CFLOAT)
-3.40287e18
select cidx, CBIGINT, MAX(CBIGINT) from datatypetestm group by cidx, CBIGINT order by cidx;
cidx	CBIGINT	MAX(CBIGINT)
1	-72036854775806	-72036854775806
select cidx, CDECIMAL1, MAX(CDECIMAL1) from datatypetestm group by cidx, CDECIMAL1 order by cidx;
cidx	CDECIMAL1	MAX(CDECIMAL1)
1	-9	-9
select cidx, CDECIMAL4, MAX(CDECIMAL4) from datatypetestm group by cidx, CDECIMAL4 order by cidx;
cidx	CDECIMAL4	MAX(CDECIMAL4)
1	-999	-999
select cidx, CDECIMAL4_2, MAX(CDECIMAL4_2) from datatypetestm group by cidx, CDECIMAL4_2 order by cidx;
cidx	CDECIMAL4_2	MAX(CDECIMAL4_2)
1	-9.99	-9.99
select cidx, CDECIMAL5, MAX(CDECIMAL5) from datatypetestm group by cidx, CDECIMAL5 order by cidx;
cidx	CDECIMAL5	MAX(CDECIMAL5)
1	-999	-999
select cidx, CDECIMAL9, MAX(CDECIMAL9) from datatypetestm group by cidx, CDECIMAL9 order by cidx;
cidx	CDECIMAL9	MAX(CDECIMAL9)
1	-999999	-999999
select cidx, CDECIMAL9_2, MAX(CDECIMAL9_2) from datatypetestm group by cidx, CDECIMAL9_2 order by cidx;
cidx	CDECIMAL9_2	MAX(CDECIMAL9_2)
1	-9999.99	-9999.99
select cidx, CDECIMAL10, MAX(CDECIMAL10) from datatypetestm group by cidx, CDECIMAL10 order by cidx;
cidx	CDECIMAL10	MAX(CDECIMAL10)
1	-9999999	-9999999
select cidx, CDECIMAL18, MAX(CDECIMAL18) from datatypetestm group by cidx, CDECIMAL18 order by cidx;
cidx	CDECIMAL18	MAX(CDECIMAL18)
1	-9999999999999	-9999999999999
select cidx, CDECIMAL18_2, MAX(CDECIMAL18_2) from datatypetestm group by cidx, CDECIMAL18_2 order by cidx;
cidx	CDECIMAL18_2	MAX(CDECIMAL18_2)
1	-99999999999.99	-99999999999.99
select cidx, CINTEGER, MAX(CINTEGER) from datatypetestm group by cidx, CINTEGER order by cidx;
cidx	CINTEGER	MAX(CINTEGER)
1	-7483646	-7483646
select cidx, CSMALLINT, MAX(CSMALLINT) from datatypetestm group by cidx, CSMALLINT order by cidx;
cidx	CSMALLINT	MAX(CSMALLINT)
1	-766	-766
select cidx, CTINYINT, MAX(CTINYINT) from datatypetestm group by cidx, CTINYINT order by cidx;
cidx	CTINYINT	MAX(CTINYINT)
1	-26	-26
select cidx, CDOUBLE, MAX(CDOUBLE) from datatypetestm group by cidx, CDOUBLE order by cidx;
cidx	CDOUBLE	MAX(CDOUBLE)
1	-1.797693231e108	-1.797693231e108
select cidx, CFLOAT, MAX(CFLOAT) from datatypetestm group by cidx, CFLOAT order by cidx;
cidx	CFLOAT	MAX(CFLOAT)
1	-3.40287e18	-3.40287e18
