USE autopilot;
select dtt1.cidx, dtt1.CCHAR255, dtt2.CCHAR9 from datatypetestm1 dtt1, datatypetestm2 dtt2 where dtt1.cidx = dtt2.cidx and dtt1.CCHAR255 > dtt2.CCHAR9 ;
cidx	CCHAR255	CCHAR9
1	aaaaaaaaaa	aaaaaaaaa
2	j	i
3	jj	ii
4	jjj	iii
5	jjjj	iiii
10	zzzzzzzzzz	zzzzzzzzz
select dtt1.cidx, dtt1.CCHAR255, dtt2.CCHAR9 from datatypetestm1 dtt1, datatypetestm2 dtt2 where dtt1.cidx = dtt2.cidx and dtt1.CCHAR255 >= dtt2.CCHAR9 ;
cidx	CCHAR255	CCHAR9
1	aaaaaaaaaa	aaaaaaaaa
2	j	i
3	jj	ii
4	jjj	iii
5	jjjj	iiii
10	zzzzzzzzzz	zzzzzzzzz
select dtt1.cidx, dtt1.CCHAR255, dtt2.CCHAR9 from datatypetestm1 dtt1, datatypetestm2 dtt2 where dtt1.cidx = dtt2.cidx and dtt1.CCHAR255 <> dtt2.CCHAR9 ;
cidx	CCHAR255	CCHAR9
1	aaaaaaaaaa	aaaaaaaaa
2	j	i
3	jj	ii
4	jjj	iii
5	jjjj	iiii
6	qqqqqqq	rrrrrrr
7	qqqqqqqq	rrrrrrrr
8	qqqqqqqqq	rrrrrrrrr
9	qqqqqqqqqq	rrrrrrrrr
10	zzzzzzzzzz	zzzzzzzzz
select dtt1.cidx, dtt1.CCHAR255, dtt2.CCHAR9 from datatypetestm1 dtt1, datatypetestm2 dtt2 where dtt1.cidx = dtt2.cidx and dtt1.CCHAR255 < dtt2.CCHAR9 ;
cidx	CCHAR255	CCHAR9
6	qqqqqqq	rrrrrrr
7	qqqqqqqq	rrrrrrrr
8	qqqqqqqqq	rrrrrrrrr
9	qqqqqqqqqq	rrrrrrrrr
select dtt1.cidx, dtt1.CCHAR255, dtt2.CCHAR9 from datatypetestm1 dtt1, datatypetestm2 dtt2 where dtt1.cidx = dtt2.cidx and dtt1.CCHAR255 <= dtt2.CCHAR9 ;
cidx	CCHAR255	CCHAR9
6	qqqqqqq	rrrrrrr
7	qqqqqqqq	rrrrrrrr
8	qqqqqqqqq	rrrrrrrrr
9	qqqqqqqqqq	rrrrrrrrr
