USE autopilot;
select cidx, CDATE, STR_TO_DATE(DATE_FORMAT(CDATE,GET_FORMAT(DATE,'USA')), GET_FORMAT(DATE,'USA')) from datatypetestm order by cidx;
cidx	CDATE	STR_TO_DATE(DATE_FORMAT(CDATE,GET_FORMAT(DATE,'USA')), GET_FORMAT(DATE,'USA'))
1	1997-01-01	1997-01-01
select cidx, CDATE, STR_TO_DATE(DATE_FORMAT(CDATE,GET_FORMAT(DATE,'JIS')), GET_FORMAT(DATE,'JIS')) from datatypetestm order by cidx;
cidx	CDATE	STR_TO_DATE(DATE_FORMAT(CDATE,GET_FORMAT(DATE,'JIS')), GET_FORMAT(DATE,'JIS'))
1	1997-01-01	1997-01-01
select cidx, CDATE, STR_TO_DATE(DATE_FORMAT(CDATE,GET_FORMAT(DATE,'ISO')), GET_FORMAT(DATE,'ISO')) from datatypetestm order by cidx;
cidx	CDATE	STR_TO_DATE(DATE_FORMAT(CDATE,GET_FORMAT(DATE,'ISO')), GET_FORMAT(DATE,'ISO'))
1	1997-01-01	1997-01-01
select cidx, CDATE, STR_TO_DATE(DATE_FORMAT(CDATE,GET_FORMAT(DATE,'EUR')), GET_FORMAT(DATE,'EUR')) from datatypetestm order by cidx;
cidx	CDATE	STR_TO_DATE(DATE_FORMAT(CDATE,GET_FORMAT(DATE,'EUR')), GET_FORMAT(DATE,'EUR'))
1	1997-01-01	1997-01-01
select cidx, CDATE, STR_TO_DATE(DATE_FORMAT(CDATE,GET_FORMAT(DATE,'INTERNAL')), GET_FORMAT(DATE,'INTERNAL')) from datatypetestm order by cidx;
cidx	CDATE	STR_TO_DATE(DATE_FORMAT(CDATE,GET_FORMAT(DATE,'INTERNAL')), GET_FORMAT(DATE,'INTERNAL'))
1	1997-01-01	1997-01-01
select cidx, CDATE, STR_TO_DATE(DATE_FORMAT(CDATE,GET_FORMAT(DATETIME,'USA')), GET_FORMAT(DATETIME,'USA')) from datatypetestm order by cidx;
cidx	CDATE	STR_TO_DATE(DATE_FORMAT(CDATE,GET_FORMAT(DATETIME,'USA')), GET_FORMAT(DATETIME,'USA'))
1	1997-01-01	1997-01-01 00:00:00
select cidx, CDATE, STR_TO_DATE(DATE_FORMAT(CDATE,GET_FORMAT(DATETIME,'JIS')), GET_FORMAT(DATETIME,'JIS')) from datatypetestm order by cidx;
cidx	CDATE	STR_TO_DATE(DATE_FORMAT(CDATE,GET_FORMAT(DATETIME,'JIS')), GET_FORMAT(DATETIME,'JIS'))
1	1997-01-01	1997-01-01 00:00:00
select cidx, CDATE, STR_TO_DATE(DATE_FORMAT(CDATE,GET_FORMAT(DATETIME,'ISO')), GET_FORMAT(DATETIME,'ISO')) from datatypetestm order by cidx;
cidx	CDATE	STR_TO_DATE(DATE_FORMAT(CDATE,GET_FORMAT(DATETIME,'ISO')), GET_FORMAT(DATETIME,'ISO'))
1	1997-01-01	1997-01-01 00:00:00
select cidx, CDATE, STR_TO_DATE(DATE_FORMAT(CDATE,GET_FORMAT(DATETIME,'EUR')), GET_FORMAT(DATETIME,'EUR')) from datatypetestm order by cidx;
cidx	CDATE	STR_TO_DATE(DATE_FORMAT(CDATE,GET_FORMAT(DATETIME,'EUR')), GET_FORMAT(DATETIME,'EUR'))
1	1997-01-01	1997-01-01 00:00:00
select cidx, CDATE, STR_TO_DATE(DATE_FORMAT(CDATE,GET_FORMAT(DATETIME,'INTERNAL')), GET_FORMAT(DATETIME,'INTERNAL')) from datatypetestm order by cidx;
cidx	CDATE	STR_TO_DATE(DATE_FORMAT(CDATE,GET_FORMAT(DATETIME,'INTERNAL')), GET_FORMAT(DATETIME,'INTERNAL'))
1	1997-01-01	1997-01-01 00:00:00
select cidx, CDATE, STR_TO_DATE(DATE_FORMAT(CDATE,GET_FORMAT(TIME,'USA')), GET_FORMAT(TIME,'USA')) from datatypetestm order by cidx;
cidx	CDATE	STR_TO_DATE(DATE_FORMAT(CDATE,GET_FORMAT(TIME,'USA')), GET_FORMAT(TIME,'USA'))
1	1997-01-01	00:00:00
select cidx, CDATE, STR_TO_DATE(DATE_FORMAT(CDATE,GET_FORMAT(TIME,'JIS')), GET_FORMAT(TIME,'JIS')) from datatypetestm order by cidx;
cidx	CDATE	STR_TO_DATE(DATE_FORMAT(CDATE,GET_FORMAT(TIME,'JIS')), GET_FORMAT(TIME,'JIS'))
1	1997-01-01	00:00:00
select cidx, CDATE, STR_TO_DATE(DATE_FORMAT(CDATE,GET_FORMAT(TIME,'ISO')), GET_FORMAT(TIME,'ISO')) from datatypetestm order by cidx;
cidx	CDATE	STR_TO_DATE(DATE_FORMAT(CDATE,GET_FORMAT(TIME,'ISO')), GET_FORMAT(TIME,'ISO'))
1	1997-01-01	00:00:00
select cidx, CDATE, STR_TO_DATE(DATE_FORMAT(CDATE,GET_FORMAT(TIME,'EUR')), GET_FORMAT(TIME,'EUR')) from datatypetestm order by cidx;
cidx	CDATE	STR_TO_DATE(DATE_FORMAT(CDATE,GET_FORMAT(TIME,'EUR')), GET_FORMAT(TIME,'EUR'))
1	1997-01-01	00:00:00
select cidx, CDATE, STR_TO_DATE(DATE_FORMAT(CDATE,GET_FORMAT(TIME,'INTERNAL')), GET_FORMAT(TIME,'INTERNAL')) from datatypetestm order by cidx;
cidx	CDATE	STR_TO_DATE(DATE_FORMAT(CDATE,GET_FORMAT(TIME,'INTERNAL')), GET_FORMAT(TIME,'INTERNAL'))
1	1997-01-01	00:00:00
select cidx, CDATETIME, STR_TO_DATE(DATE_FORMAT(CDATETIME,GET_FORMAT(DATE,'USA')), GET_FORMAT(DATE,'USA')) from datatypetestm order by cidx;
cidx	CDATETIME	STR_TO_DATE(DATE_FORMAT(CDATETIME,GET_FORMAT(DATE,'USA')), GET_FORMAT(DATE,'USA'))
1	1997-01-01 00:00:00	1997-01-01
select cidx, CDATETIME, STR_TO_DATE(DATE_FORMAT(CDATETIME,GET_FORMAT(DATE,'JIS')), GET_FORMAT(DATE,'JIS')) from datatypetestm order by cidx;
cidx	CDATETIME	STR_TO_DATE(DATE_FORMAT(CDATETIME,GET_FORMAT(DATE,'JIS')), GET_FORMAT(DATE,'JIS'))
1	1997-01-01 00:00:00	1997-01-01
select cidx, CDATETIME, STR_TO_DATE(DATE_FORMAT(CDATETIME,GET_FORMAT(DATE,'ISO')), GET_FORMAT(DATE,'ISO')) from datatypetestm order by cidx;
cidx	CDATETIME	STR_TO_DATE(DATE_FORMAT(CDATETIME,GET_FORMAT(DATE,'ISO')), GET_FORMAT(DATE,'ISO'))
1	1997-01-01 00:00:00	1997-01-01
select cidx, CDATETIME, STR_TO_DATE(DATE_FORMAT(CDATETIME,GET_FORMAT(DATE,'EUR')), GET_FORMAT(DATE,'EUR')) from datatypetestm order by cidx;
cidx	CDATETIME	STR_TO_DATE(DATE_FORMAT(CDATETIME,GET_FORMAT(DATE,'EUR')), GET_FORMAT(DATE,'EUR'))
1	1997-01-01 00:00:00	1997-01-01
select cidx, CDATETIME, STR_TO_DATE(DATE_FORMAT(CDATETIME,GET_FORMAT(DATE,'INTERNAL')), GET_FORMAT(DATE,'INTERNAL')) from datatypetestm order by cidx;
cidx	CDATETIME	STR_TO_DATE(DATE_FORMAT(CDATETIME,GET_FORMAT(DATE,'INTERNAL')), GET_FORMAT(DATE,'INTERNAL'))
1	1997-01-01 00:00:00	1997-01-01
select cidx, CDATETIME, STR_TO_DATE(DATE_FORMAT(CDATETIME,GET_FORMAT(DATETIME,'USA')), GET_FORMAT(DATETIME,'USA')) from datatypetestm order by cidx;
cidx	CDATETIME	STR_TO_DATE(DATE_FORMAT(CDATETIME,GET_FORMAT(DATETIME,'USA')), GET_FORMAT(DATETIME,'USA'))
1	1997-01-01 00:00:00	1997-01-01 00:00:00
select cidx, CDATETIME, STR_TO_DATE(DATE_FORMAT(CDATETIME,GET_FORMAT(DATETIME,'JIS')), GET_FORMAT(DATETIME,'JIS')) from datatypetestm order by cidx;
cidx	CDATETIME	STR_TO_DATE(DATE_FORMAT(CDATETIME,GET_FORMAT(DATETIME,'JIS')), GET_FORMAT(DATETIME,'JIS'))
1	1997-01-01 00:00:00	1997-01-01 00:00:00
select cidx, CDATETIME, STR_TO_DATE(DATE_FORMAT(CDATETIME,GET_FORMAT(DATETIME,'ISO')), GET_FORMAT(DATETIME,'ISO')) from datatypetestm order by cidx;
cidx	CDATETIME	STR_TO_DATE(DATE_FORMAT(CDATETIME,GET_FORMAT(DATETIME,'ISO')), GET_FORMAT(DATETIME,'ISO'))
1	1997-01-01 00:00:00	1997-01-01 00:00:00
select cidx, CDATETIME, STR_TO_DATE(DATE_FORMAT(CDATETIME,GET_FORMAT(DATETIME,'EUR')), GET_FORMAT(DATETIME,'EUR')) from datatypetestm order by cidx;
cidx	CDATETIME	STR_TO_DATE(DATE_FORMAT(CDATETIME,GET_FORMAT(DATETIME,'EUR')), GET_FORMAT(DATETIME,'EUR'))
1	1997-01-01 00:00:00	1997-01-01 00:00:00
select cidx, CDATETIME, STR_TO_DATE(DATE_FORMAT(CDATETIME,GET_FORMAT(DATETIME,'INTERNAL')), GET_FORMAT(DATETIME,'INTERNAL')) from datatypetestm order by cidx;
cidx	CDATETIME	STR_TO_DATE(DATE_FORMAT(CDATETIME,GET_FORMAT(DATETIME,'INTERNAL')), GET_FORMAT(DATETIME,'INTERNAL'))
1	1997-01-01 00:00:00	1997-01-01 00:00:00
select cidx, CDATETIME, STR_TO_DATE(DATE_FORMAT(CDATETIME,GET_FORMAT(TIME,'USA')), GET_FORMAT(TIME,'USA')) from datatypetestm order by cidx;
cidx	CDATETIME	STR_TO_DATE(DATE_FORMAT(CDATETIME,GET_FORMAT(TIME,'USA')), GET_FORMAT(TIME,'USA'))
1	1997-01-01 00:00:00	00:00:00
select cidx, CDATETIME, STR_TO_DATE(DATE_FORMAT(CDATETIME,GET_FORMAT(TIME,'JIS')), GET_FORMAT(TIME,'JIS')) from datatypetestm order by cidx;
cidx	CDATETIME	STR_TO_DATE(DATE_FORMAT(CDATETIME,GET_FORMAT(TIME,'JIS')), GET_FORMAT(TIME,'JIS'))
1	1997-01-01 00:00:00	00:00:00
select cidx, CDATETIME, STR_TO_DATE(DATE_FORMAT(CDATETIME,GET_FORMAT(TIME,'ISO')), GET_FORMAT(TIME,'ISO')) from datatypetestm order by cidx;
cidx	CDATETIME	STR_TO_DATE(DATE_FORMAT(CDATETIME,GET_FORMAT(TIME,'ISO')), GET_FORMAT(TIME,'ISO'))
1	1997-01-01 00:00:00	00:00:00
select cidx, CDATETIME, STR_TO_DATE(DATE_FORMAT(CDATETIME,GET_FORMAT(TIME,'EUR')), GET_FORMAT(TIME,'EUR')) from datatypetestm order by cidx;
cidx	CDATETIME	STR_TO_DATE(DATE_FORMAT(CDATETIME,GET_FORMAT(TIME,'EUR')), GET_FORMAT(TIME,'EUR'))
1	1997-01-01 00:00:00	00:00:00
select cidx, CDATETIME, STR_TO_DATE(DATE_FORMAT(CDATETIME,GET_FORMAT(TIME,'INTERNAL')), GET_FORMAT(TIME,'INTERNAL')) from datatypetestm order by cidx;
cidx	CDATETIME	STR_TO_DATE(DATE_FORMAT(CDATETIME,GET_FORMAT(TIME,'INTERNAL')), GET_FORMAT(TIME,'INTERNAL'))
1	1997-01-01 00:00:00	00:00:00
select cidx, CTIME, STR_TO_DATE(DATE_FORMAT(CTIME,GET_FORMAT(DATE,'USA')), GET_FORMAT(DATE,'USA')) from datatypetestm order by cidx;
cidx	CTIME	STR_TO_DATE(DATE_FORMAT(CTIME,GET_FORMAT(DATE,'USA')), GET_FORMAT(DATE,'USA'))
1	13:00:00	REPLACEDVALUE
select cidx, CTIME, STR_TO_DATE(DATE_FORMAT(CTIME,GET_FORMAT(DATE,'JIS')), GET_FORMAT(DATE,'JIS')) from datatypetestm order by cidx;
cidx	CTIME	STR_TO_DATE(DATE_FORMAT(CTIME,GET_FORMAT(DATE,'JIS')), GET_FORMAT(DATE,'JIS'))
1	13:00:00	REPLACEDVALUE
select cidx, CTIME, STR_TO_DATE(DATE_FORMAT(CTIME,GET_FORMAT(DATE,'ISO')), GET_FORMAT(DATE,'ISO')) from datatypetestm order by cidx;
cidx	CTIME	STR_TO_DATE(DATE_FORMAT(CTIME,GET_FORMAT(DATE,'ISO')), GET_FORMAT(DATE,'ISO'))
1	13:00:00	REPLACEDVALUE
select cidx, CTIME, STR_TO_DATE(DATE_FORMAT(CTIME,GET_FORMAT(DATE,'EUR')), GET_FORMAT(DATE,'EUR')) from datatypetestm order by cidx;
cidx	CTIME	STR_TO_DATE(DATE_FORMAT(CTIME,GET_FORMAT(DATE,'EUR')), GET_FORMAT(DATE,'EUR'))
1	13:00:00	REPLACEDVALUE
select cidx, CTIME, STR_TO_DATE(DATE_FORMAT(CTIME,GET_FORMAT(DATE,'INTERNAL')), GET_FORMAT(DATE,'INTERNAL')) from datatypetestm order by cidx;
cidx	CTIME	STR_TO_DATE(DATE_FORMAT(CTIME,GET_FORMAT(DATE,'INTERNAL')), GET_FORMAT(DATE,'INTERNAL'))
1	13:00:00	REPLACEDVALUE
select cidx, CTIME, STR_TO_DATE(DATE_FORMAT(CTIME,GET_FORMAT(DATETIME,'USA')), GET_FORMAT(DATETIME,'USA')) from datatypetestm order by cidx;
cidx	CTIME	STR_TO_DATE(DATE_FORMAT(CTIME,GET_FORMAT(DATETIME,'USA')), GET_FORMAT(DATETIME,'USA'))
1	13:00:00	REPLACEDVALUE
select cidx, CTIME, STR_TO_DATE(DATE_FORMAT(CTIME,GET_FORMAT(DATETIME,'JIS')), GET_FORMAT(DATETIME,'JIS')) from datatypetestm order by cidx;
cidx	CTIME	STR_TO_DATE(DATE_FORMAT(CTIME,GET_FORMAT(DATETIME,'JIS')), GET_FORMAT(DATETIME,'JIS'))
1	13:00:00	REPLACEDVALUE
select cidx, CTIME, STR_TO_DATE(DATE_FORMAT(CTIME,GET_FORMAT(DATETIME,'ISO')), GET_FORMAT(DATETIME,'ISO')) from datatypetestm order by cidx;
cidx	CTIME	STR_TO_DATE(DATE_FORMAT(CTIME,GET_FORMAT(DATETIME,'ISO')), GET_FORMAT(DATETIME,'ISO'))
1	13:00:00	REPLACEDVALUE
select cidx, CTIME, STR_TO_DATE(DATE_FORMAT(CTIME,GET_FORMAT(DATETIME,'EUR')), GET_FORMAT(DATETIME,'EUR')) from datatypetestm order by cidx;
cidx	CTIME	STR_TO_DATE(DATE_FORMAT(CTIME,GET_FORMAT(DATETIME,'EUR')), GET_FORMAT(DATETIME,'EUR'))
1	13:00:00	REPLACEDVALUE
select cidx, CTIME, STR_TO_DATE(DATE_FORMAT(CTIME,GET_FORMAT(DATETIME,'INTERNAL')), GET_FORMAT(DATETIME,'INTERNAL')) from datatypetestm order by cidx;
cidx	CTIME	STR_TO_DATE(DATE_FORMAT(CTIME,GET_FORMAT(DATETIME,'INTERNAL')), GET_FORMAT(DATETIME,'INTERNAL'))
1	13:00:00	REPLACEDVALUE
select cidx, CTIME, STR_TO_DATE(DATE_FORMAT(CTIME,GET_FORMAT(TIME,'USA')), GET_FORMAT(TIME,'USA')) from datatypetestm order by cidx;
cidx	CTIME	STR_TO_DATE(DATE_FORMAT(CTIME,GET_FORMAT(TIME,'USA')), GET_FORMAT(TIME,'USA'))
1	13:00:00	REPLACEDVALUE
select cidx, CTIME, STR_TO_DATE(DATE_FORMAT(CTIME,GET_FORMAT(TIME,'JIS')), GET_FORMAT(TIME,'JIS')) from datatypetestm order by cidx;
cidx	CTIME	STR_TO_DATE(DATE_FORMAT(CTIME,GET_FORMAT(TIME,'JIS')), GET_FORMAT(TIME,'JIS'))
1	13:00:00	REPLACEDVALUE
select cidx, CTIME, STR_TO_DATE(DATE_FORMAT(CTIME,GET_FORMAT(TIME,'ISO')), GET_FORMAT(TIME,'ISO')) from datatypetestm order by cidx;
cidx	CTIME	STR_TO_DATE(DATE_FORMAT(CTIME,GET_FORMAT(TIME,'ISO')), GET_FORMAT(TIME,'ISO'))
1	13:00:00	REPLACEDVALUE
select cidx, CTIME, STR_TO_DATE(DATE_FORMAT(CTIME,GET_FORMAT(TIME,'EUR')), GET_FORMAT(TIME,'EUR')) from datatypetestm order by cidx;
cidx	CTIME	STR_TO_DATE(DATE_FORMAT(CTIME,GET_FORMAT(TIME,'EUR')), GET_FORMAT(TIME,'EUR'))
1	13:00:00	REPLACEDVALUE
select cidx, CTIME, STR_TO_DATE(DATE_FORMAT(CTIME,GET_FORMAT(TIME,'INTERNAL')), GET_FORMAT(TIME,'INTERNAL')) from datatypetestm order by cidx;
cidx	CTIME	STR_TO_DATE(DATE_FORMAT(CTIME,GET_FORMAT(TIME,'INTERNAL')), GET_FORMAT(TIME,'INTERNAL'))
1	13:00:00	REPLACEDVALUE
select cidx, CDATE from datatypetestm order by STR_TO_DATE(DATE_FORMAT(CDATE,GET_FORMAT(DATE,'USA')), GET_FORMAT(DATE,'USA')), cidx;
cidx	CDATE
1	1997-01-01
select cidx, CDATE from datatypetestm order by STR_TO_DATE(DATE_FORMAT(CDATE,GET_FORMAT(DATE,'JIS')), GET_FORMAT(DATE,'JIS')), cidx;
cidx	CDATE
1	1997-01-01
select cidx, CDATE from datatypetestm order by STR_TO_DATE(DATE_FORMAT(CDATE,GET_FORMAT(DATE,'ISO')), GET_FORMAT(DATE,'ISO')), cidx;
cidx	CDATE
1	1997-01-01
select cidx, CDATE from datatypetestm order by STR_TO_DATE(DATE_FORMAT(CDATE,GET_FORMAT(DATE,'EUR')), GET_FORMAT(DATE,'EUR')), cidx;
cidx	CDATE
1	1997-01-01
select cidx, CDATE from datatypetestm order by STR_TO_DATE(DATE_FORMAT(CDATE,GET_FORMAT(DATE,'INTERNAL')), GET_FORMAT(DATE,'INTERNAL')), cidx;
cidx	CDATE
1	1997-01-01
select cidx, CDATE from datatypetestm order by STR_TO_DATE(DATE_FORMAT(CDATE,GET_FORMAT(DATETIME,'USA')), GET_FORMAT(DATETIME,'USA')), cidx;
cidx	CDATE
1	1997-01-01
select cidx, CDATE from datatypetestm order by STR_TO_DATE(DATE_FORMAT(CDATE,GET_FORMAT(DATETIME,'JIS')), GET_FORMAT(DATETIME,'JIS')), cidx;
cidx	CDATE
1	1997-01-01
select cidx, CDATE from datatypetestm order by STR_TO_DATE(DATE_FORMAT(CDATE,GET_FORMAT(DATETIME,'ISO')), GET_FORMAT(DATETIME,'ISO')), cidx;
cidx	CDATE
1	1997-01-01
select cidx, CDATE from datatypetestm order by STR_TO_DATE(DATE_FORMAT(CDATE,GET_FORMAT(DATETIME,'EUR')), GET_FORMAT(DATETIME,'EUR')), cidx;
cidx	CDATE
1	1997-01-01
select cidx, CDATE from datatypetestm order by STR_TO_DATE(DATE_FORMAT(CDATE,GET_FORMAT(DATETIME,'INTERNAL')), GET_FORMAT(DATETIME,'INTERNAL')), cidx;
cidx	CDATE
1	1997-01-01
select cidx, CDATE from datatypetestm order by STR_TO_DATE(DATE_FORMAT(CDATE,GET_FORMAT(TIME,'USA')), GET_FORMAT(TIME,'USA')), cidx;
cidx	CDATE
1	1997-01-01
select cidx, CDATE from datatypetestm order by STR_TO_DATE(DATE_FORMAT(CDATE,GET_FORMAT(TIME,'JIS')), GET_FORMAT(TIME,'JIS')), cidx;
cidx	CDATE
1	1997-01-01
select cidx, CDATE from datatypetestm order by STR_TO_DATE(DATE_FORMAT(CDATE,GET_FORMAT(TIME,'ISO')), GET_FORMAT(TIME,'ISO')), cidx;
cidx	CDATE
1	1997-01-01
select cidx, CDATE from datatypetestm order by STR_TO_DATE(DATE_FORMAT(CDATE,GET_FORMAT(TIME,'EUR')), GET_FORMAT(TIME,'EUR')), cidx;
cidx	CDATE
1	1997-01-01
select cidx, CDATE from datatypetestm order by STR_TO_DATE(DATE_FORMAT(CDATE,GET_FORMAT(TIME,'INTERNAL')), GET_FORMAT(TIME,'INTERNAL')), cidx;
cidx	CDATE
1	1997-01-01
select cidx, CDATETIME from datatypetestm order by STR_TO_DATE(DATE_FORMAT(CDATETIME,GET_FORMAT(DATE,'USA')), GET_FORMAT(DATE,'USA')), cidx;
cidx	CDATETIME
1	1997-01-01 00:00:00
select cidx, CDATETIME from datatypetestm order by STR_TO_DATE(DATE_FORMAT(CDATETIME,GET_FORMAT(DATE,'JIS')), GET_FORMAT(DATE,'JIS')), cidx;
cidx	CDATETIME
1	1997-01-01 00:00:00
select cidx, CDATETIME from datatypetestm order by STR_TO_DATE(DATE_FORMAT(CDATETIME,GET_FORMAT(DATE,'ISO')), GET_FORMAT(DATE,'ISO')), cidx;
cidx	CDATETIME
1	1997-01-01 00:00:00
select cidx, CDATETIME from datatypetestm order by STR_TO_DATE(DATE_FORMAT(CDATETIME,GET_FORMAT(DATE,'EUR')), GET_FORMAT(DATE,'EUR')), cidx;
cidx	CDATETIME
1	1997-01-01 00:00:00
select cidx, CDATETIME from datatypetestm order by STR_TO_DATE(DATE_FORMAT(CDATETIME,GET_FORMAT(DATE,'INTERNAL')), GET_FORMAT(DATE,'INTERNAL')), cidx;
cidx	CDATETIME
1	1997-01-01 00:00:00
select cidx, CDATETIME from datatypetestm order by STR_TO_DATE(DATE_FORMAT(CDATETIME,GET_FORMAT(DATETIME,'USA')), GET_FORMAT(DATETIME,'USA')), cidx;
cidx	CDATETIME
1	1997-01-01 00:00:00
select cidx, CDATETIME from datatypetestm order by STR_TO_DATE(DATE_FORMAT(CDATETIME,GET_FORMAT(DATETIME,'JIS')), GET_FORMAT(DATETIME,'JIS')), cidx;
cidx	CDATETIME
1	1997-01-01 00:00:00
select cidx, CDATETIME from datatypetestm order by STR_TO_DATE(DATE_FORMAT(CDATETIME,GET_FORMAT(DATETIME,'ISO')), GET_FORMAT(DATETIME,'ISO')), cidx;
cidx	CDATETIME
1	1997-01-01 00:00:00
select cidx, CDATETIME from datatypetestm order by STR_TO_DATE(DATE_FORMAT(CDATETIME,GET_FORMAT(DATETIME,'EUR')), GET_FORMAT(DATETIME,'EUR')), cidx;
cidx	CDATETIME
1	1997-01-01 00:00:00
select cidx, CDATETIME from datatypetestm order by STR_TO_DATE(DATE_FORMAT(CDATETIME,GET_FORMAT(DATETIME,'INTERNAL')), GET_FORMAT(DATETIME,'INTERNAL')), cidx;
cidx	CDATETIME
1	1997-01-01 00:00:00
select cidx, CDATETIME from datatypetestm order by STR_TO_DATE(DATE_FORMAT(CDATETIME,GET_FORMAT(TIME,'USA')), GET_FORMAT(TIME,'USA')), cidx;
cidx	CDATETIME
1	1997-01-01 00:00:00
select cidx, CDATETIME from datatypetestm order by STR_TO_DATE(DATE_FORMAT(CDATETIME,GET_FORMAT(TIME,'JIS')), GET_FORMAT(TIME,'JIS')), cidx;
cidx	CDATETIME
1	1997-01-01 00:00:00
select cidx, CDATETIME from datatypetestm order by STR_TO_DATE(DATE_FORMAT(CDATETIME,GET_FORMAT(TIME,'ISO')), GET_FORMAT(TIME,'ISO')), cidx;
cidx	CDATETIME
1	1997-01-01 00:00:00
select cidx, CDATETIME from datatypetestm order by STR_TO_DATE(DATE_FORMAT(CDATETIME,GET_FORMAT(TIME,'EUR')), GET_FORMAT(TIME,'EUR')), cidx;
cidx	CDATETIME
1	1997-01-01 00:00:00
select cidx, CDATETIME from datatypetestm order by STR_TO_DATE(DATE_FORMAT(CDATETIME,GET_FORMAT(TIME,'INTERNAL')), GET_FORMAT(TIME,'INTERNAL')), cidx;
cidx	CDATETIME
1	1997-01-01 00:00:00
