USE autopilot;
select dtt1.cidx, dtt1.CDATETIME, dtt2.CTINYINT from datatypetestm1 dtt1, datatypetestm2 dtt2 where dtt1.cidx = dtt2.cidx and dtt1.CDATETIME > dtt2.CTINYINT ;
cidx	CDATETIME	CTINYINT
1	1997-01-01 00:00:00	-26
2	1997-01-01 00:00:01	-25
3	1997-01-02 00:00:01	-24
4	1997-01-03 00:00:02	-23
5	1997-01-04 00:00:03	-22
6	2009-12-31 23:59:56	23
7	2009-12-31 23:59:57	24
8	2009-12-31 23:59:58	25
9	2009-12-31 23:59:59	26
10	2009-12-31 23:59:59	27
11	2009-12-31 23:59:59	0
select dtt1.cidx, dtt1.CDATETIME, dtt2.CTINYINT from datatypetestm1 dtt1, datatypetestm2 dtt2 where dtt1.cidx = dtt2.cidx and dtt1.CDATETIME >= dtt2.CTINYINT ;
cidx	CDATETIME	CTINYINT
1	1997-01-01 00:00:00	-26
2	1997-01-01 00:00:01	-25
3	1997-01-02 00:00:01	-24
4	1997-01-03 00:00:02	-23
5	1997-01-04 00:00:03	-22
6	2009-12-31 23:59:56	23
7	2009-12-31 23:59:57	24
8	2009-12-31 23:59:58	25
9	2009-12-31 23:59:59	26
10	2009-12-31 23:59:59	27
11	2009-12-31 23:59:59	0
select dtt1.cidx, dtt1.CDATETIME, dtt2.CTINYINT from datatypetestm1 dtt1, datatypetestm2 dtt2 where dtt1.cidx = dtt2.cidx and dtt1.CDATETIME <> dtt2.CTINYINT ;
cidx	CDATETIME	CTINYINT
1	1997-01-01 00:00:00	-26
2	1997-01-01 00:00:01	-25
3	1997-01-02 00:00:01	-24
4	1997-01-03 00:00:02	-23
5	1997-01-04 00:00:03	-22
6	2009-12-31 23:59:56	23
7	2009-12-31 23:59:57	24
8	2009-12-31 23:59:58	25
9	2009-12-31 23:59:59	26
10	2009-12-31 23:59:59	27
11	2009-12-31 23:59:59	0
select dtt1.cidx, dtt1.CDATETIME, dtt2.CTINYINT from datatypetestm1 dtt1, datatypetestm2 dtt2 where dtt1.cidx = dtt2.cidx and dtt1.CDATETIME < dtt2.CTINYINT ;
cidx	CDATETIME	CTINYINT
select dtt1.cidx, dtt1.CDATETIME, dtt2.CTINYINT from datatypetestm1 dtt1, datatypetestm2 dtt2 where dtt1.cidx = dtt2.cidx and dtt1.CDATETIME <= dtt2.CTINYINT ;
cidx	CDATETIME	CTINYINT
