USE autopilot;
select dtt1.cidx, dtt1.CBIGINT, dtt2.CFLOAT from datatypetestm1 dtt1, datatypetestm2 dtt2 where dtt1.cidx = dtt2.cidx and dtt1.CBIGINT > dtt2.CFLOAT ;
cidx	CBIGINT	CFLOAT
1	-72036854775806	-3.40287e18
2	-72036854775805	-3.40287e18
3	-72036854775804	-3.40286e18
4	-72036854775803	-3.40286e18
5	-72036854775802	-3.40286e18
select dtt1.cidx, dtt1.CBIGINT, dtt2.CFLOAT from datatypetestm1 dtt1, datatypetestm2 dtt2 where dtt1.cidx = dtt2.cidx and dtt1.CBIGINT >= dtt2.CFLOAT ;
cidx	CBIGINT	CFLOAT
1	-72036854775806	-3.40287e18
2	-72036854775805	-3.40287e18
3	-72036854775804	-3.40286e18
4	-72036854775803	-3.40286e18
5	-72036854775802	-3.40286e18
11	0	0
select dtt1.cidx, dtt1.CBIGINT, dtt2.CFLOAT from datatypetestm1 dtt1, datatypetestm2 dtt2 where dtt1.cidx = dtt2.cidx and dtt1.CBIGINT <> dtt2.CFLOAT ;
cidx	CBIGINT	CFLOAT
1	-72036854775806	-3.40287e18
2	-72036854775805	-3.40287e18
3	-72036854775804	-3.40286e18
4	-72036854775803	-3.40286e18
5	-72036854775802	-3.40286e18
6	72036854775803	3.40286e18
7	72036854775804	3.40286e18
8	72036854775805	3.40286e18
9	72036854775806	3.40287e18
10	72036854775807	3.40287e18
select dtt1.cidx, dtt1.CBIGINT, dtt2.CFLOAT from datatypetestm1 dtt1, datatypetestm2 dtt2 where dtt1.cidx = dtt2.cidx and dtt1.CBIGINT < dtt2.CFLOAT ;
cidx	CBIGINT	CFLOAT
6	72036854775803	3.40286e18
7	72036854775804	3.40286e18
8	72036854775805	3.40286e18
9	72036854775806	3.40287e18
10	72036854775807	3.40287e18
select dtt1.cidx, dtt1.CBIGINT, dtt2.CFLOAT from datatypetestm1 dtt1, datatypetestm2 dtt2 where dtt1.cidx = dtt2.cidx and dtt1.CBIGINT <= dtt2.CFLOAT ;
cidx	CBIGINT	CFLOAT
6	72036854775803	3.40286e18
7	72036854775804	3.40286e18
8	72036854775805	3.40286e18
9	72036854775806	3.40287e18
10	72036854775807	3.40287e18
11	0	0
