USE autopilot;
select cidx, CCHAR1, REVERSE(CCHAR1) from datatypetestm order by cidx;
cidx	CCHAR1	REVERSE(CCHAR1)
1	a	a
select cidx, CCHAR2, REVERSE(CCHAR2) from datatypetestm order by cidx;
cidx	CCHAR2	REVERSE(CCHAR2)
1	aa	aa
select cidx, CCHAR3, REVERSE(CCHAR3) from datatypetestm order by cidx;
cidx	CCHAR3	REVERSE(CCHAR3)
1	aaa	aaa
select cidx, CCHAR4, REVERSE(CCHAR4) from datatypetestm order by cidx;
cidx	CCHAR4	REVERSE(CCHAR4)
1	aaaa	aaaa
select cidx, CCHAR5, REVERSE(CCHAR5) from datatypetestm order by cidx;
cidx	CCHAR5	REVERSE(CCHAR5)
1	aaaaa	aaaaa
select cidx, CCHAR6, REVERSE(CCHAR6) from datatypetestm order by cidx;
cidx	CCHAR6	REVERSE(CCHAR6)
1	aaaaaa	aaaaaa
select cidx, CCHAR7, REVERSE(CCHAR7) from datatypetestm order by cidx;
cidx	CCHAR7	REVERSE(CCHAR7)
1	aaaaaaa	aaaaaaa
select cidx, CCHAR8, REVERSE(CCHAR8) from datatypetestm order by cidx;
cidx	CCHAR8	REVERSE(CCHAR8)
1	aaaaaaaa	aaaaaaaa
select cidx, CCHAR9, REVERSE(CCHAR9) from datatypetestm order by cidx;
cidx	CCHAR9	REVERSE(CCHAR9)
1	aaaaaaaaa	aaaaaaaaa
select cidx, CCHAR255, REVERSE(CCHAR255) from datatypetestm order by cidx;
cidx	CCHAR255	REVERSE(CCHAR255)
1	aaaaaaaaaa	aaaaaaaaaa
select cidx, CVCHAR1, REVERSE(CVCHAR1) from datatypetestm order by cidx;
cidx	CVCHAR1	REVERSE(CVCHAR1)
1	a	a
select cidx, CVCHAR2, REVERSE(CVCHAR2) from datatypetestm order by cidx;
cidx	CVCHAR2	REVERSE(CVCHAR2)
1	aa	aa
select cidx, CVCHAR3, REVERSE(CVCHAR3) from datatypetestm order by cidx;
cidx	CVCHAR3	REVERSE(CVCHAR3)
1	aaa	aaa
select cidx, CVCHAR4, REVERSE(CVCHAR4) from datatypetestm order by cidx;
cidx	CVCHAR4	REVERSE(CVCHAR4)
1	aaaa	aaaa
select cidx, CVCHAR5, REVERSE(CVCHAR5) from datatypetestm order by cidx;
cidx	CVCHAR5	REVERSE(CVCHAR5)
1	aaaaa	aaaaa
select cidx, CVCHAR6, REVERSE(CVCHAR6) from datatypetestm order by cidx;
cidx	CVCHAR6	REVERSE(CVCHAR6)
1	aaaaaa	aaaaaa
select cidx, CVCHAR7, REVERSE(CVCHAR7) from datatypetestm order by cidx;
cidx	CVCHAR7	REVERSE(CVCHAR7)
1	aaaaaaa	aaaaaaa
select cidx, CVCHAR8, REVERSE(CVCHAR8) from datatypetestm order by cidx;
cidx	CVCHAR8	REVERSE(CVCHAR8)
1	aaaaaaaa	aaaaaaaa
select cidx, CVCHAR255, REVERSE(CVCHAR255) from datatypetestm order by cidx;
cidx	CVCHAR255	REVERSE(CVCHAR255)
1	aaaaaaaaaa	aaaaaaaaaa
select cidx, REVERSE('THIS IS A TEST') from datatypetestm order by cidx;
cidx	REVERSE('THIS IS A TEST')
1	TSET A SI SIHT
select cidx, REVERSE('Hello, World') from datatypetestm order by cidx;
cidx	REVERSE('Hello, World')
1	dlroW ,olleH
select cidx, CCHAR1 from datatypetestm where REVERSE(CCHAR1) <> 0 order by cidx;
cidx	CCHAR1
select cidx, CCHAR2 from datatypetestm where REVERSE(CCHAR2) <> 0 order by cidx;
cidx	CCHAR2
select cidx, CCHAR3 from datatypetestm where REVERSE(CCHAR3) <> 0 order by cidx;
cidx	CCHAR3
select cidx, CCHAR4 from datatypetestm where REVERSE(CCHAR4) <> 0 order by cidx;
cidx	CCHAR4
select cidx, CCHAR5 from datatypetestm where REVERSE(CCHAR5) <> 0 order by cidx;
cidx	CCHAR5
select cidx, CCHAR6 from datatypetestm where REVERSE(CCHAR6) <> 0 order by cidx;
cidx	CCHAR6
select cidx, CCHAR7 from datatypetestm where REVERSE(CCHAR7) <> 0 order by cidx;
cidx	CCHAR7
select cidx, CCHAR8 from datatypetestm where REVERSE(CCHAR8) <> 0 order by cidx;
cidx	CCHAR8
select cidx, CCHAR9 from datatypetestm where REVERSE(CCHAR9) <> 0 order by cidx;
cidx	CCHAR9
select cidx, CCHAR255 from datatypetestm where REVERSE(CCHAR255) <> 0 order by cidx;
cidx	CCHAR255
select cidx, CVCHAR1 from datatypetestm where REVERSE(CVCHAR1) <> 0 order by cidx;
cidx	CVCHAR1
select cidx, CVCHAR2 from datatypetestm where REVERSE(CVCHAR2) <> 0 order by cidx;
cidx	CVCHAR2
select cidx, CVCHAR3 from datatypetestm where REVERSE(CVCHAR3) <> 0 order by cidx;
cidx	CVCHAR3
select cidx, CVCHAR4 from datatypetestm where REVERSE(CVCHAR4) <> 0 order by cidx;
cidx	CVCHAR4
select cidx, CVCHAR5 from datatypetestm where REVERSE(CVCHAR5) <> 0 order by cidx;
cidx	CVCHAR5
select cidx, CVCHAR6 from datatypetestm where REVERSE(CVCHAR6) <> 0 order by cidx;
cidx	CVCHAR6
select cidx, CVCHAR7 from datatypetestm where REVERSE(CVCHAR7) <> 0 order by cidx;
cidx	CVCHAR7
select cidx, CVCHAR8 from datatypetestm where REVERSE(CVCHAR8) <> 0 order by cidx;
cidx	CVCHAR8
select cidx, CVCHAR255 from datatypetestm where REVERSE(CVCHAR255) <> 0 order by cidx;
cidx	CVCHAR255
