USE autopilot;
set max_length_for_sort_data=8192;
select GROUP_CONCAT(CBIGINT) from datatypetestm;
GROUP_CONCAT(CBIGINT)
-72036854775806
select GROUP_CONCAT(CDECIMAL1) from datatypetestm;
GROUP_CONCAT(CDECIMAL1)
-9
select GROUP_CONCAT(CDECIMAL4) from datatypetestm;
GROUP_CONCAT(CDECIMAL4)
-999
select GROUP_CONCAT(CDECIMAL4_2) from datatypetestm;
GROUP_CONCAT(CDECIMAL4_2)
-9.99
select GROUP_CONCAT(CDECIMAL5) from datatypetestm;
GROUP_CONCAT(CDECIMAL5)
-999
select GROUP_CONCAT(CDECIMAL9) from datatypetestm;
GROUP_CONCAT(CDECIMAL9)
-999999
select GROUP_CONCAT(CDECIMAL9_2) from datatypetestm;
GROUP_CONCAT(CDECIMAL9_2)
-9999.99
select GROUP_CONCAT(CDECIMAL10) from datatypetestm;
GROUP_CONCAT(CDECIMAL10)
-9999999
select GROUP_CONCAT(CDECIMAL18) from datatypetestm;
GROUP_CONCAT(CDECIMAL18)
-9999999999999
select GROUP_CONCAT(CDECIMAL18_2) from datatypetestm;
GROUP_CONCAT(CDECIMAL18_2)
-99999999999.99
select GROUP_CONCAT(CINTEGER) from datatypetestm;
GROUP_CONCAT(CINTEGER)
-7483646
select GROUP_CONCAT(CSMALLINT) from datatypetestm;
GROUP_CONCAT(CSMALLINT)
-766
select GROUP_CONCAT(CTINYINT) from datatypetestm;
GROUP_CONCAT(CTINYINT)
-26
select GROUP_CONCAT(CDOUBLE) from datatypetestm;
GROUP_CONCAT(CDOUBLE)
-1.797693231e+108
select GROUP_CONCAT(CFLOAT) from datatypetestm;
GROUP_CONCAT(CFLOAT)
-3.40287e+18
select GROUP_CONCAT('Hello') from datatypetestm;
GROUP_CONCAT('Hello')
Hello
select GROUP_CONCAT('Hello, World') from datatypetestm;
GROUP_CONCAT('Hello, World')
Hello, World
select cidx, CBIGINT, GROUP_CONCAT(CBIGINT) from datatypetestm group by cidx, CBIGINT order by cidx;
cidx	CBIGINT	GROUP_CONCAT(CBIGINT)
1	-72036854775806	-72036854775806
select cidx, CDECIMAL1, GROUP_CONCAT(CDECIMAL1) from datatypetestm group by cidx, CDECIMAL1 order by cidx;
cidx	CDECIMAL1	GROUP_CONCAT(CDECIMAL1)
1	-9	-9
select cidx, CDECIMAL4, GROUP_CONCAT(CDECIMAL4) from datatypetestm group by cidx, CDECIMAL4 order by cidx;
cidx	CDECIMAL4	GROUP_CONCAT(CDECIMAL4)
1	-999	-999
select cidx, CDECIMAL4_2, GROUP_CONCAT(CDECIMAL4_2) from datatypetestm group by cidx, CDECIMAL4_2 order by cidx;
cidx	CDECIMAL4_2	GROUP_CONCAT(CDECIMAL4_2)
1	-9.99	-9.99
select cidx, CDECIMAL5, GROUP_CONCAT(CDECIMAL5) from datatypetestm group by cidx, CDECIMAL5 order by cidx;
cidx	CDECIMAL5	GROUP_CONCAT(CDECIMAL5)
1	-999	-999
select cidx, CDECIMAL9, GROUP_CONCAT(CDECIMAL9) from datatypetestm group by cidx, CDECIMAL9 order by cidx;
cidx	CDECIMAL9	GROUP_CONCAT(CDECIMAL9)
1	-999999	-999999
select cidx, CDECIMAL9_2, GROUP_CONCAT(CDECIMAL9_2) from datatypetestm group by cidx, CDECIMAL9_2 order by cidx;
cidx	CDECIMAL9_2	GROUP_CONCAT(CDECIMAL9_2)
1	-9999.99	-9999.99
select cidx, CDECIMAL10, GROUP_CONCAT(CDECIMAL10) from datatypetestm group by cidx, CDECIMAL10 order by cidx;
cidx	CDECIMAL10	GROUP_CONCAT(CDECIMAL10)
1	-9999999	-9999999
select cidx, CDECIMAL18, GROUP_CONCAT(CDECIMAL18) from datatypetestm group by cidx, CDECIMAL18 order by cidx;
cidx	CDECIMAL18	GROUP_CONCAT(CDECIMAL18)
1	-9999999999999	-9999999999999
select cidx, CDECIMAL18_2, GROUP_CONCAT(CDECIMAL18_2) from datatypetestm group by cidx, CDECIMAL18_2 order by cidx;
cidx	CDECIMAL18_2	GROUP_CONCAT(CDECIMAL18_2)
1	-99999999999.99	-99999999999.99
select cidx, CINTEGER, GROUP_CONCAT(CINTEGER) from datatypetestm group by cidx, CINTEGER order by cidx;
cidx	CINTEGER	GROUP_CONCAT(CINTEGER)
1	-7483646	-7483646
select cidx, CSMALLINT, GROUP_CONCAT(CSMALLINT) from datatypetestm group by cidx, CSMALLINT order by cidx;
cidx	CSMALLINT	GROUP_CONCAT(CSMALLINT)
1	-766	-766
select cidx, CTINYINT, GROUP_CONCAT(CTINYINT) from datatypetestm group by cidx, CTINYINT order by cidx;
cidx	CTINYINT	GROUP_CONCAT(CTINYINT)
1	-26	-26
select cidx, CDOUBLE, GROUP_CONCAT(CDOUBLE) from datatypetestm group by cidx, CDOUBLE order by cidx;
cidx	CDOUBLE	GROUP_CONCAT(CDOUBLE)
1	-1.797693231e108	-1.797693231e+108
select cidx, CFLOAT, GROUP_CONCAT(CFLOAT) from datatypetestm group by cidx, CFLOAT order by cidx;
cidx	CFLOAT	GROUP_CONCAT(CFLOAT)
1	-3.40287e18	-3.40287e+18
