USE autopilot;
select dtt1.cidx, dtt1.CCHAR6, dtt2.CDECIMAL4 from datatypetestm1 dtt1, datatypetestm2 dtt2 where dtt1.cidx = dtt2.cidx and dtt1.CCHAR6 > dtt2.CDECIMAL4 ;
cidx	CCHAR6	CDECIMAL4
1	aaaaaa	-999
2	f	-998
3	ff	-997
4	fff	-996
5	ffff	-995
select dtt1.cidx, dtt1.CCHAR6, dtt2.CDECIMAL4 from datatypetestm1 dtt1, datatypetestm2 dtt2 where dtt1.cidx = dtt2.cidx and dtt1.CCHAR6 >= dtt2.CDECIMAL4 ;
cidx	CCHAR6	CDECIMAL4
1	aaaaaa	-999
2	f	-998
3	ff	-997
4	fff	-996
5	ffff	-995
select dtt1.cidx, dtt1.CCHAR6, dtt2.CDECIMAL4 from datatypetestm1 dtt1, datatypetestm2 dtt2 where dtt1.cidx = dtt2.cidx and dtt1.CCHAR6 <> dtt2.CDECIMAL4 ;
cidx	CCHAR6	CDECIMAL4
1	aaaaaa	-999
2	f	-998
3	ff	-997
4	fff	-996
5	ffff	-995
6	uuuuuu	995
7	uuuuuu	996
8	uuuuuu	997
9	uuuuuu	998
10	zzzzzz	999
select dtt1.cidx, dtt1.CCHAR6, dtt2.CDECIMAL4 from datatypetestm1 dtt1, datatypetestm2 dtt2 where dtt1.cidx = dtt2.cidx and dtt1.CCHAR6 < dtt2.CDECIMAL4 ;
cidx	CCHAR6	CDECIMAL4
6	uuuuuu	995
7	uuuuuu	996
8	uuuuuu	997
9	uuuuuu	998
10	zzzzzz	999
select dtt1.cidx, dtt1.CCHAR6, dtt2.CDECIMAL4 from datatypetestm1 dtt1, datatypetestm2 dtt2 where dtt1.cidx = dtt2.cidx and dtt1.CCHAR6 <= dtt2.CDECIMAL4 ;
cidx	CCHAR6	CDECIMAL4
6	uuuuuu	995
7	uuuuuu	996
8	uuuuuu	997
9	uuuuuu	998
10	zzzzzz	999
