USE autopilot;
select dtt1.cidx, dtt1.CCHAR255, dtt2.CDECIMAL9_2 from datatypetestm1 dtt1, datatypetestm2 dtt2 where dtt1.cidx = dtt2.cidx and dtt1.CCHAR255 > dtt2.CDECIMAL9_2 ;
cidx	CCHAR255	CDECIMAL9_2
1	aaaaaaaaaa	-9999.99
2	j	-9999.98
3	jj	-9999.97
4	jjj	-9999.96
5	jjjj	-9999.95
select dtt1.cidx, dtt1.CCHAR255, dtt2.CDECIMAL9_2 from datatypetestm1 dtt1, datatypetestm2 dtt2 where dtt1.cidx = dtt2.cidx and dtt1.CCHAR255 >= dtt2.CDECIMAL9_2 ;
cidx	CCHAR255	CDECIMAL9_2
1	aaaaaaaaaa	-9999.99
2	j	-9999.98
3	jj	-9999.97
4	jjj	-9999.96
5	jjjj	-9999.95
select dtt1.cidx, dtt1.CCHAR255, dtt2.CDECIMAL9_2 from datatypetestm1 dtt1, datatypetestm2 dtt2 where dtt1.cidx = dtt2.cidx and dtt1.CCHAR255 <> dtt2.CDECIMAL9_2 ;
cidx	CCHAR255	CDECIMAL9_2
1	aaaaaaaaaa	-9999.99
2	j	-9999.98
3	jj	-9999.97
4	jjj	-9999.96
5	jjjj	-9999.95
6	qqqqqqq	9999.95
7	qqqqqqqq	9999.96
8	qqqqqqqqq	9999.97
9	qqqqqqqqqq	9999.98
10	zzzzzzzzzz	9999.99
select dtt1.cidx, dtt1.CCHAR255, dtt2.CDECIMAL9_2 from datatypetestm1 dtt1, datatypetestm2 dtt2 where dtt1.cidx = dtt2.cidx and dtt1.CCHAR255 < dtt2.CDECIMAL9_2 ;
cidx	CCHAR255	CDECIMAL9_2
6	qqqqqqq	9999.95
7	qqqqqqqq	9999.96
8	qqqqqqqqq	9999.97
9	qqqqqqqqqq	9999.98
10	zzzzzzzzzz	9999.99
select dtt1.cidx, dtt1.CCHAR255, dtt2.CDECIMAL9_2 from datatypetestm1 dtt1, datatypetestm2 dtt2 where dtt1.cidx = dtt2.cidx and dtt1.CCHAR255 <= dtt2.CDECIMAL9_2 ;
cidx	CCHAR255	CDECIMAL9_2
6	qqqqqqq	9999.95
7	qqqqqqqq	9999.96
8	qqqqqqqqq	9999.97
9	qqqqqqqqqq	9999.98
10	zzzzzzzzzz	9999.99
