USE autopilot;
select cidx, CDATE, YEAR(CDATE) from datatypetestm order by cidx;
cidx	CDATE	YEAR(CDATE)
1	1997-01-01	1997
select cidx, CDATETIME, YEAR(CDATETIME) from datatypetestm order by cidx;
cidx	CDATETIME	YEAR(CDATETIME)
1	1997-01-01 00:00:00	1997
select cidx, CTIME, YEAR(CTIME) from datatypetestm order by cidx;
cidx	CTIME	YEAR(CTIME)
1	13:00:00	REPLACEDVALUE
select cidx, CDATE from datatypetestm order by YEAR(CDATE), cidx;
cidx	CDATE
1	1997-01-01
select cidx, CDATETIME from datatypetestm order by YEAR(CDATETIME), cidx;
cidx	CDATETIME
1	1997-01-01 00:00:00
