USE autopilot;
select dtt1.cidx, dtt1.CBIGINT, dtt2.CCHAR255 from datatypetestm1 dtt1, datatypetestm2 dtt2 where dtt1.cidx = dtt2.cidx and dtt1.CBIGINT > dtt2.CCHAR255 ;
cidx	CBIGINT	CCHAR255
6	72036854775803	qqqqqqq
7	72036854775804	qqqqqqqq
8	72036854775805	qqqqqqqqq
9	72036854775806	qqqqqqqqqq
10	72036854775807	zzzzzzzzzz
select dtt1.cidx, dtt1.CBIGINT, dtt2.CCHAR255 from datatypetestm1 dtt1, datatypetestm2 dtt2 where dtt1.cidx = dtt2.cidx and dtt1.CBIGINT >= dtt2.CCHAR255 ;
cidx	CBIGINT	CCHAR255
6	72036854775803	qqqqqqq
7	72036854775804	qqqqqqqq
8	72036854775805	qqqqqqqqq
9	72036854775806	qqqqqqqqqq
10	72036854775807	zzzzzzzzzz
select dtt1.cidx, dtt1.CBIGINT, dtt2.CCHAR255 from datatypetestm1 dtt1, datatypetestm2 dtt2 where dtt1.cidx = dtt2.cidx and dtt1.CBIGINT <> dtt2.CCHAR255 ;
cidx	CBIGINT	CCHAR255
1	-72036854775806	aaaaaaaaaa
2	-72036854775805	j
3	-72036854775804	jj
4	-72036854775803	jjj
5	-72036854775802	jjjj
6	72036854775803	qqqqqqq
7	72036854775804	qqqqqqqq
8	72036854775805	qqqqqqqqq
9	72036854775806	qqqqqqqqqq
10	72036854775807	zzzzzzzzzz
select dtt1.cidx, dtt1.CBIGINT, dtt2.CCHAR255 from datatypetestm1 dtt1, datatypetestm2 dtt2 where dtt1.cidx = dtt2.cidx and dtt1.CBIGINT < dtt2.CCHAR255 ;
cidx	CBIGINT	CCHAR255
1	-72036854775806	aaaaaaaaaa
2	-72036854775805	j
3	-72036854775804	jj
4	-72036854775803	jjj
5	-72036854775802	jjjj
select dtt1.cidx, dtt1.CBIGINT, dtt2.CCHAR255 from datatypetestm1 dtt1, datatypetestm2 dtt2 where dtt1.cidx = dtt2.cidx and dtt1.CBIGINT <= dtt2.CCHAR255 ;
cidx	CBIGINT	CCHAR255
1	-72036854775806	aaaaaaaaaa
2	-72036854775805	j
3	-72036854775804	jj
4	-72036854775803	jjj
5	-72036854775802	jjjj
