USE autopilot;
select cidx, CCHAR1, POSITION('aaa' IN CCHAR1) from datatypetestm order by cidx;
cidx	CCHAR1	POSITION('aaa' IN CCHAR1)
1	a	0
select cidx, CCHAR1, POSITION('zzz' IN CCHAR1) from datatypetestm order by cidx;
cidx	CCHAR1	POSITION('zzz' IN CCHAR1)
1	a	0
select cidx, CCHAR1, POSITION('aaaaaaaaa' IN CCHAR1) from datatypetestm order by cidx;
cidx	CCHAR1	POSITION('aaaaaaaaa' IN CCHAR1)
1	a	0
select cidx, CCHAR1, POSITION('zzzzzzzzz' IN CCHAR1) from datatypetestm order by cidx;
cidx	CCHAR1	POSITION('zzzzzzzzz' IN CCHAR1)
1	a	0
select cidx, CCHAR2, POSITION('aaa' IN CCHAR2) from datatypetestm order by cidx;
cidx	CCHAR2	POSITION('aaa' IN CCHAR2)
1	aa	0
select cidx, CCHAR2, POSITION('zzz' IN CCHAR2) from datatypetestm order by cidx;
cidx	CCHAR2	POSITION('zzz' IN CCHAR2)
1	aa	0
select cidx, CCHAR2, POSITION('aaaaaaaaa' IN CCHAR2) from datatypetestm order by cidx;
cidx	CCHAR2	POSITION('aaaaaaaaa' IN CCHAR2)
1	aa	0
select cidx, CCHAR2, POSITION('zzzzzzzzz' IN CCHAR2) from datatypetestm order by cidx;
cidx	CCHAR2	POSITION('zzzzzzzzz' IN CCHAR2)
1	aa	0
select cidx, CCHAR3, POSITION('aaa' IN CCHAR3) from datatypetestm order by cidx;
cidx	CCHAR3	POSITION('aaa' IN CCHAR3)
1	aaa	1
select cidx, CCHAR3, POSITION('zzz' IN CCHAR3) from datatypetestm order by cidx;
cidx	CCHAR3	POSITION('zzz' IN CCHAR3)
1	aaa	0
select cidx, CCHAR3, POSITION('aaaaaaaaa' IN CCHAR3) from datatypetestm order by cidx;
cidx	CCHAR3	POSITION('aaaaaaaaa' IN CCHAR3)
1	aaa	0
select cidx, CCHAR3, POSITION('zzzzzzzzz' IN CCHAR3) from datatypetestm order by cidx;
cidx	CCHAR3	POSITION('zzzzzzzzz' IN CCHAR3)
1	aaa	0
select cidx, CCHAR4, POSITION('aaa' IN CCHAR4) from datatypetestm order by cidx;
cidx	CCHAR4	POSITION('aaa' IN CCHAR4)
1	aaaa	1
select cidx, CCHAR4, POSITION('zzz' IN CCHAR4) from datatypetestm order by cidx;
cidx	CCHAR4	POSITION('zzz' IN CCHAR4)
1	aaaa	0
select cidx, CCHAR4, POSITION('aaaaaaaaa' IN CCHAR4) from datatypetestm order by cidx;
cidx	CCHAR4	POSITION('aaaaaaaaa' IN CCHAR4)
1	aaaa	0
select cidx, CCHAR4, POSITION('zzzzzzzzz' IN CCHAR4) from datatypetestm order by cidx;
cidx	CCHAR4	POSITION('zzzzzzzzz' IN CCHAR4)
1	aaaa	0
select cidx, CCHAR5, POSITION('aaa' IN CCHAR5) from datatypetestm order by cidx;
cidx	CCHAR5	POSITION('aaa' IN CCHAR5)
1	aaaaa	1
select cidx, CCHAR5, POSITION('zzz' IN CCHAR5) from datatypetestm order by cidx;
cidx	CCHAR5	POSITION('zzz' IN CCHAR5)
1	aaaaa	0
select cidx, CCHAR5, POSITION('aaaaaaaaa' IN CCHAR5) from datatypetestm order by cidx;
cidx	CCHAR5	POSITION('aaaaaaaaa' IN CCHAR5)
1	aaaaa	0
select cidx, CCHAR5, POSITION('zzzzzzzzz' IN CCHAR5) from datatypetestm order by cidx;
cidx	CCHAR5	POSITION('zzzzzzzzz' IN CCHAR5)
1	aaaaa	0
select cidx, CCHAR6, POSITION('aaa' IN CCHAR6) from datatypetestm order by cidx;
cidx	CCHAR6	POSITION('aaa' IN CCHAR6)
1	aaaaaa	1
select cidx, CCHAR6, POSITION('zzz' IN CCHAR6) from datatypetestm order by cidx;
cidx	CCHAR6	POSITION('zzz' IN CCHAR6)
1	aaaaaa	0
select cidx, CCHAR6, POSITION('aaaaaaaaa' IN CCHAR6) from datatypetestm order by cidx;
cidx	CCHAR6	POSITION('aaaaaaaaa' IN CCHAR6)
1	aaaaaa	0
select cidx, CCHAR6, POSITION('zzzzzzzzz' IN CCHAR6) from datatypetestm order by cidx;
cidx	CCHAR6	POSITION('zzzzzzzzz' IN CCHAR6)
1	aaaaaa	0
select cidx, CCHAR7, POSITION('aaa' IN CCHAR7) from datatypetestm order by cidx;
cidx	CCHAR7	POSITION('aaa' IN CCHAR7)
1	aaaaaaa	1
select cidx, CCHAR7, POSITION('zzz' IN CCHAR7) from datatypetestm order by cidx;
cidx	CCHAR7	POSITION('zzz' IN CCHAR7)
1	aaaaaaa	0
select cidx, CCHAR7, POSITION('aaaaaaaaa' IN CCHAR7) from datatypetestm order by cidx;
cidx	CCHAR7	POSITION('aaaaaaaaa' IN CCHAR7)
1	aaaaaaa	0
select cidx, CCHAR7, POSITION('zzzzzzzzz' IN CCHAR7) from datatypetestm order by cidx;
cidx	CCHAR7	POSITION('zzzzzzzzz' IN CCHAR7)
1	aaaaaaa	0
select cidx, CCHAR8, POSITION('aaa' IN CCHAR8) from datatypetestm order by cidx;
cidx	CCHAR8	POSITION('aaa' IN CCHAR8)
1	aaaaaaaa	1
select cidx, CCHAR8, POSITION('zzz' IN CCHAR8) from datatypetestm order by cidx;
cidx	CCHAR8	POSITION('zzz' IN CCHAR8)
1	aaaaaaaa	0
select cidx, CCHAR8, POSITION('aaaaaaaaa' IN CCHAR8) from datatypetestm order by cidx;
cidx	CCHAR8	POSITION('aaaaaaaaa' IN CCHAR8)
1	aaaaaaaa	0
select cidx, CCHAR8, POSITION('zzzzzzzzz' IN CCHAR8) from datatypetestm order by cidx;
cidx	CCHAR8	POSITION('zzzzzzzzz' IN CCHAR8)
1	aaaaaaaa	0
select cidx, CCHAR9, POSITION('aaa' IN CCHAR9) from datatypetestm order by cidx;
cidx	CCHAR9	POSITION('aaa' IN CCHAR9)
1	aaaaaaaaa	1
select cidx, CCHAR9, POSITION('zzz' IN CCHAR9) from datatypetestm order by cidx;
cidx	CCHAR9	POSITION('zzz' IN CCHAR9)
1	aaaaaaaaa	0
select cidx, CCHAR9, POSITION('aaaaaaaaa' IN CCHAR9) from datatypetestm order by cidx;
cidx	CCHAR9	POSITION('aaaaaaaaa' IN CCHAR9)
1	aaaaaaaaa	1
select cidx, CCHAR9, POSITION('zzzzzzzzz' IN CCHAR9) from datatypetestm order by cidx;
cidx	CCHAR9	POSITION('zzzzzzzzz' IN CCHAR9)
1	aaaaaaaaa	0
select cidx, CCHAR255, POSITION('aaa' IN CCHAR255) from datatypetestm order by cidx;
cidx	CCHAR255	POSITION('aaa' IN CCHAR255)
1	aaaaaaaaaa	1
select cidx, CCHAR255, POSITION('zzz' IN CCHAR255) from datatypetestm order by cidx;
cidx	CCHAR255	POSITION('zzz' IN CCHAR255)
1	aaaaaaaaaa	0
select cidx, CCHAR255, POSITION('aaaaaaaaa' IN CCHAR255) from datatypetestm order by cidx;
cidx	CCHAR255	POSITION('aaaaaaaaa' IN CCHAR255)
1	aaaaaaaaaa	1
select cidx, CCHAR255, POSITION('zzzzzzzzz' IN CCHAR255) from datatypetestm order by cidx;
cidx	CCHAR255	POSITION('zzzzzzzzz' IN CCHAR255)
1	aaaaaaaaaa	0
select cidx, CVCHAR1, POSITION('aaa' IN CVCHAR1) from datatypetestm order by cidx;
cidx	CVCHAR1	POSITION('aaa' IN CVCHAR1)
1	a	0
select cidx, CVCHAR1, POSITION('zzz' IN CVCHAR1) from datatypetestm order by cidx;
cidx	CVCHAR1	POSITION('zzz' IN CVCHAR1)
1	a	0
select cidx, CVCHAR1, POSITION('aaaaaaaaa' IN CVCHAR1) from datatypetestm order by cidx;
cidx	CVCHAR1	POSITION('aaaaaaaaa' IN CVCHAR1)
1	a	0
select cidx, CVCHAR1, POSITION('zzzzzzzzz' IN CVCHAR1) from datatypetestm order by cidx;
cidx	CVCHAR1	POSITION('zzzzzzzzz' IN CVCHAR1)
1	a	0
select cidx, CVCHAR2, POSITION('aaa' IN CVCHAR2) from datatypetestm order by cidx;
cidx	CVCHAR2	POSITION('aaa' IN CVCHAR2)
1	aa	0
select cidx, CVCHAR2, POSITION('zzz' IN CVCHAR2) from datatypetestm order by cidx;
cidx	CVCHAR2	POSITION('zzz' IN CVCHAR2)
1	aa	0
select cidx, CVCHAR2, POSITION('aaaaaaaaa' IN CVCHAR2) from datatypetestm order by cidx;
cidx	CVCHAR2	POSITION('aaaaaaaaa' IN CVCHAR2)
1	aa	0
select cidx, CVCHAR2, POSITION('zzzzzzzzz' IN CVCHAR2) from datatypetestm order by cidx;
cidx	CVCHAR2	POSITION('zzzzzzzzz' IN CVCHAR2)
1	aa	0
select cidx, CVCHAR3, POSITION('aaa' IN CVCHAR3) from datatypetestm order by cidx;
cidx	CVCHAR3	POSITION('aaa' IN CVCHAR3)
1	aaa	1
select cidx, CVCHAR3, POSITION('zzz' IN CVCHAR3) from datatypetestm order by cidx;
cidx	CVCHAR3	POSITION('zzz' IN CVCHAR3)
1	aaa	0
select cidx, CVCHAR3, POSITION('aaaaaaaaa' IN CVCHAR3) from datatypetestm order by cidx;
cidx	CVCHAR3	POSITION('aaaaaaaaa' IN CVCHAR3)
1	aaa	0
select cidx, CVCHAR3, POSITION('zzzzzzzzz' IN CVCHAR3) from datatypetestm order by cidx;
cidx	CVCHAR3	POSITION('zzzzzzzzz' IN CVCHAR3)
1	aaa	0
select cidx, CVCHAR4, POSITION('aaa' IN CVCHAR4) from datatypetestm order by cidx;
cidx	CVCHAR4	POSITION('aaa' IN CVCHAR4)
1	aaaa	1
select cidx, CVCHAR4, POSITION('zzz' IN CVCHAR4) from datatypetestm order by cidx;
cidx	CVCHAR4	POSITION('zzz' IN CVCHAR4)
1	aaaa	0
select cidx, CVCHAR4, POSITION('aaaaaaaaa' IN CVCHAR4) from datatypetestm order by cidx;
cidx	CVCHAR4	POSITION('aaaaaaaaa' IN CVCHAR4)
1	aaaa	0
select cidx, CVCHAR4, POSITION('zzzzzzzzz' IN CVCHAR4) from datatypetestm order by cidx;
cidx	CVCHAR4	POSITION('zzzzzzzzz' IN CVCHAR4)
1	aaaa	0
select cidx, CVCHAR5, POSITION('aaa' IN CVCHAR5) from datatypetestm order by cidx;
cidx	CVCHAR5	POSITION('aaa' IN CVCHAR5)
1	aaaaa	1
select cidx, CVCHAR5, POSITION('zzz' IN CVCHAR5) from datatypetestm order by cidx;
cidx	CVCHAR5	POSITION('zzz' IN CVCHAR5)
1	aaaaa	0
select cidx, CVCHAR5, POSITION('aaaaaaaaa' IN CVCHAR5) from datatypetestm order by cidx;
cidx	CVCHAR5	POSITION('aaaaaaaaa' IN CVCHAR5)
1	aaaaa	0
select cidx, CVCHAR5, POSITION('zzzzzzzzz' IN CVCHAR5) from datatypetestm order by cidx;
cidx	CVCHAR5	POSITION('zzzzzzzzz' IN CVCHAR5)
1	aaaaa	0
select cidx, CVCHAR6, POSITION('aaa' IN CVCHAR6) from datatypetestm order by cidx;
cidx	CVCHAR6	POSITION('aaa' IN CVCHAR6)
1	aaaaaa	1
select cidx, CVCHAR6, POSITION('zzz' IN CVCHAR6) from datatypetestm order by cidx;
cidx	CVCHAR6	POSITION('zzz' IN CVCHAR6)
1	aaaaaa	0
select cidx, CVCHAR6, POSITION('aaaaaaaaa' IN CVCHAR6) from datatypetestm order by cidx;
cidx	CVCHAR6	POSITION('aaaaaaaaa' IN CVCHAR6)
1	aaaaaa	0
select cidx, CVCHAR6, POSITION('zzzzzzzzz' IN CVCHAR6) from datatypetestm order by cidx;
cidx	CVCHAR6	POSITION('zzzzzzzzz' IN CVCHAR6)
1	aaaaaa	0
select cidx, CVCHAR7, POSITION('aaa' IN CVCHAR7) from datatypetestm order by cidx;
cidx	CVCHAR7	POSITION('aaa' IN CVCHAR7)
1	aaaaaaa	1
select cidx, CVCHAR7, POSITION('zzz' IN CVCHAR7) from datatypetestm order by cidx;
cidx	CVCHAR7	POSITION('zzz' IN CVCHAR7)
1	aaaaaaa	0
select cidx, CVCHAR7, POSITION('aaaaaaaaa' IN CVCHAR7) from datatypetestm order by cidx;
cidx	CVCHAR7	POSITION('aaaaaaaaa' IN CVCHAR7)
1	aaaaaaa	0
select cidx, CVCHAR7, POSITION('zzzzzzzzz' IN CVCHAR7) from datatypetestm order by cidx;
cidx	CVCHAR7	POSITION('zzzzzzzzz' IN CVCHAR7)
1	aaaaaaa	0
select cidx, CVCHAR8, POSITION('aaa' IN CVCHAR8) from datatypetestm order by cidx;
cidx	CVCHAR8	POSITION('aaa' IN CVCHAR8)
1	aaaaaaaa	1
select cidx, CVCHAR8, POSITION('zzz' IN CVCHAR8) from datatypetestm order by cidx;
cidx	CVCHAR8	POSITION('zzz' IN CVCHAR8)
1	aaaaaaaa	0
select cidx, CVCHAR8, POSITION('aaaaaaaaa' IN CVCHAR8) from datatypetestm order by cidx;
cidx	CVCHAR8	POSITION('aaaaaaaaa' IN CVCHAR8)
1	aaaaaaaa	0
select cidx, CVCHAR8, POSITION('zzzzzzzzz' IN CVCHAR8) from datatypetestm order by cidx;
cidx	CVCHAR8	POSITION('zzzzzzzzz' IN CVCHAR8)
1	aaaaaaaa	0
select cidx, CVCHAR255, POSITION('aaa' IN CVCHAR255) from datatypetestm order by cidx;
cidx	CVCHAR255	POSITION('aaa' IN CVCHAR255)
1	aaaaaaaaaa	1
select cidx, CVCHAR255, POSITION('zzz' IN CVCHAR255) from datatypetestm order by cidx;
cidx	CVCHAR255	POSITION('zzz' IN CVCHAR255)
1	aaaaaaaaaa	0
select cidx, CVCHAR255, POSITION('aaaaaaaaa' IN CVCHAR255) from datatypetestm order by cidx;
cidx	CVCHAR255	POSITION('aaaaaaaaa' IN CVCHAR255)
1	aaaaaaaaaa	1
select cidx, CVCHAR255, POSITION('zzzzzzzzz' IN CVCHAR255) from datatypetestm order by cidx;
cidx	CVCHAR255	POSITION('zzzzzzzzz' IN CVCHAR255)
1	aaaaaaaaaa	0
select cidx, CCHAR1 from datatypetestm order by POSITION('aaa' IN CCHAR1), cidx;
cidx	CCHAR1
1	a
select cidx, CCHAR1 from datatypetestm order by POSITION('zzz' IN CCHAR1), cidx;
cidx	CCHAR1
1	a
select cidx, CCHAR1 from datatypetestm order by POSITION('aaaaaaaaa' IN CCHAR1), cidx;
cidx	CCHAR1
1	a
select cidx, CCHAR1 from datatypetestm order by POSITION('zzzzzzzzz' IN CCHAR1), cidx;
cidx	CCHAR1
1	a
select cidx, CCHAR2 from datatypetestm order by POSITION('aaa' IN CCHAR2), cidx;
cidx	CCHAR2
1	aa
select cidx, CCHAR2 from datatypetestm order by POSITION('zzz' IN CCHAR2), cidx;
cidx	CCHAR2
1	aa
select cidx, CCHAR2 from datatypetestm order by POSITION('aaaaaaaaa' IN CCHAR2), cidx;
cidx	CCHAR2
1	aa
select cidx, CCHAR2 from datatypetestm order by POSITION('zzzzzzzzz' IN CCHAR2), cidx;
cidx	CCHAR2
1	aa
select cidx, CCHAR3 from datatypetestm order by POSITION('aaa' IN CCHAR3), cidx;
cidx	CCHAR3
1	aaa
select cidx, CCHAR3 from datatypetestm order by POSITION('zzz' IN CCHAR3), cidx;
cidx	CCHAR3
1	aaa
select cidx, CCHAR3 from datatypetestm order by POSITION('aaaaaaaaa' IN CCHAR3), cidx;
cidx	CCHAR3
1	aaa
select cidx, CCHAR3 from datatypetestm order by POSITION('zzzzzzzzz' IN CCHAR3), cidx;
cidx	CCHAR3
1	aaa
select cidx, CCHAR4 from datatypetestm order by POSITION('aaa' IN CCHAR4), cidx;
cidx	CCHAR4
1	aaaa
select cidx, CCHAR4 from datatypetestm order by POSITION('zzz' IN CCHAR4), cidx;
cidx	CCHAR4
1	aaaa
select cidx, CCHAR4 from datatypetestm order by POSITION('aaaaaaaaa' IN CCHAR4), cidx;
cidx	CCHAR4
1	aaaa
select cidx, CCHAR4 from datatypetestm order by POSITION('zzzzzzzzz' IN CCHAR4), cidx;
cidx	CCHAR4
1	aaaa
select cidx, CCHAR5 from datatypetestm order by POSITION('aaa' IN CCHAR5), cidx;
cidx	CCHAR5
1	aaaaa
select cidx, CCHAR5 from datatypetestm order by POSITION('zzz' IN CCHAR5), cidx;
cidx	CCHAR5
1	aaaaa
select cidx, CCHAR5 from datatypetestm order by POSITION('aaaaaaaaa' IN CCHAR5), cidx;
cidx	CCHAR5
1	aaaaa
select cidx, CCHAR5 from datatypetestm order by POSITION('zzzzzzzzz' IN CCHAR5), cidx;
cidx	CCHAR5
1	aaaaa
select cidx, CCHAR6 from datatypetestm order by POSITION('aaa' IN CCHAR6), cidx;
cidx	CCHAR6
1	aaaaaa
select cidx, CCHAR6 from datatypetestm order by POSITION('zzz' IN CCHAR6), cidx;
cidx	CCHAR6
1	aaaaaa
select cidx, CCHAR6 from datatypetestm order by POSITION('aaaaaaaaa' IN CCHAR6), cidx;
cidx	CCHAR6
1	aaaaaa
select cidx, CCHAR6 from datatypetestm order by POSITION('zzzzzzzzz' IN CCHAR6), cidx;
cidx	CCHAR6
1	aaaaaa
select cidx, CCHAR7 from datatypetestm order by POSITION('aaa' IN CCHAR7), cidx;
cidx	CCHAR7
1	aaaaaaa
select cidx, CCHAR7 from datatypetestm order by POSITION('zzz' IN CCHAR7), cidx;
cidx	CCHAR7
1	aaaaaaa
select cidx, CCHAR7 from datatypetestm order by POSITION('aaaaaaaaa' IN CCHAR7), cidx;
cidx	CCHAR7
1	aaaaaaa
select cidx, CCHAR7 from datatypetestm order by POSITION('zzzzzzzzz' IN CCHAR7), cidx;
cidx	CCHAR7
1	aaaaaaa
select cidx, CCHAR8 from datatypetestm order by POSITION('aaa' IN CCHAR8), cidx;
cidx	CCHAR8
1	aaaaaaaa
select cidx, CCHAR8 from datatypetestm order by POSITION('zzz' IN CCHAR8), cidx;
cidx	CCHAR8
1	aaaaaaaa
select cidx, CCHAR8 from datatypetestm order by POSITION('aaaaaaaaa' IN CCHAR8), cidx;
cidx	CCHAR8
1	aaaaaaaa
select cidx, CCHAR8 from datatypetestm order by POSITION('zzzzzzzzz' IN CCHAR8), cidx;
cidx	CCHAR8
1	aaaaaaaa
select cidx, CCHAR9 from datatypetestm order by POSITION('aaa' IN CCHAR9), cidx;
cidx	CCHAR9
1	aaaaaaaaa
select cidx, CCHAR9 from datatypetestm order by POSITION('zzz' IN CCHAR9), cidx;
cidx	CCHAR9
1	aaaaaaaaa
select cidx, CCHAR9 from datatypetestm order by POSITION('aaaaaaaaa' IN CCHAR9), cidx;
cidx	CCHAR9
1	aaaaaaaaa
select cidx, CCHAR9 from datatypetestm order by POSITION('zzzzzzzzz' IN CCHAR9), cidx;
cidx	CCHAR9
1	aaaaaaaaa
select cidx, CCHAR255 from datatypetestm order by POSITION('aaa' IN CCHAR255), cidx;
cidx	CCHAR255
1	aaaaaaaaaa
select cidx, CCHAR255 from datatypetestm order by POSITION('zzz' IN CCHAR255), cidx;
cidx	CCHAR255
1	aaaaaaaaaa
select cidx, CCHAR255 from datatypetestm order by POSITION('aaaaaaaaa' IN CCHAR255), cidx;
cidx	CCHAR255
1	aaaaaaaaaa
select cidx, CCHAR255 from datatypetestm order by POSITION('zzzzzzzzz' IN CCHAR255), cidx;
cidx	CCHAR255
1	aaaaaaaaaa
select cidx, CVCHAR1 from datatypetestm order by POSITION('aaa' IN CVCHAR1), cidx;
cidx	CVCHAR1
1	a
select cidx, CVCHAR1 from datatypetestm order by POSITION('zzz' IN CVCHAR1), cidx;
cidx	CVCHAR1
1	a
select cidx, CVCHAR1 from datatypetestm order by POSITION('aaaaaaaaa' IN CVCHAR1), cidx;
cidx	CVCHAR1
1	a
select cidx, CVCHAR1 from datatypetestm order by POSITION('zzzzzzzzz' IN CVCHAR1), cidx;
cidx	CVCHAR1
1	a
select cidx, CVCHAR2 from datatypetestm order by POSITION('aaa' IN CVCHAR2), cidx;
cidx	CVCHAR2
1	aa
select cidx, CVCHAR2 from datatypetestm order by POSITION('zzz' IN CVCHAR2), cidx;
cidx	CVCHAR2
1	aa
select cidx, CVCHAR2 from datatypetestm order by POSITION('aaaaaaaaa' IN CVCHAR2), cidx;
cidx	CVCHAR2
1	aa
select cidx, CVCHAR2 from datatypetestm order by POSITION('zzzzzzzzz' IN CVCHAR2), cidx;
cidx	CVCHAR2
1	aa
select cidx, CVCHAR3 from datatypetestm order by POSITION('aaa' IN CVCHAR3), cidx;
cidx	CVCHAR3
1	aaa
select cidx, CVCHAR3 from datatypetestm order by POSITION('zzz' IN CVCHAR3), cidx;
cidx	CVCHAR3
1	aaa
select cidx, CVCHAR3 from datatypetestm order by POSITION('aaaaaaaaa' IN CVCHAR3), cidx;
cidx	CVCHAR3
1	aaa
select cidx, CVCHAR3 from datatypetestm order by POSITION('zzzzzzzzz' IN CVCHAR3), cidx;
cidx	CVCHAR3
1	aaa
select cidx, CVCHAR4 from datatypetestm order by POSITION('aaa' IN CVCHAR4), cidx;
cidx	CVCHAR4
1	aaaa
select cidx, CVCHAR4 from datatypetestm order by POSITION('zzz' IN CVCHAR4), cidx;
cidx	CVCHAR4
1	aaaa
select cidx, CVCHAR4 from datatypetestm order by POSITION('aaaaaaaaa' IN CVCHAR4), cidx;
cidx	CVCHAR4
1	aaaa
select cidx, CVCHAR4 from datatypetestm order by POSITION('zzzzzzzzz' IN CVCHAR4), cidx;
cidx	CVCHAR4
1	aaaa
select cidx, CVCHAR5 from datatypetestm order by POSITION('aaa' IN CVCHAR5), cidx;
cidx	CVCHAR5
1	aaaaa
select cidx, CVCHAR5 from datatypetestm order by POSITION('zzz' IN CVCHAR5), cidx;
cidx	CVCHAR5
1	aaaaa
select cidx, CVCHAR5 from datatypetestm order by POSITION('aaaaaaaaa' IN CVCHAR5), cidx;
cidx	CVCHAR5
1	aaaaa
select cidx, CVCHAR5 from datatypetestm order by POSITION('zzzzzzzzz' IN CVCHAR5), cidx;
cidx	CVCHAR5
1	aaaaa
select cidx, CVCHAR6 from datatypetestm order by POSITION('aaa' IN CVCHAR6), cidx;
cidx	CVCHAR6
1	aaaaaa
select cidx, CVCHAR6 from datatypetestm order by POSITION('zzz' IN CVCHAR6), cidx;
cidx	CVCHAR6
1	aaaaaa
select cidx, CVCHAR6 from datatypetestm order by POSITION('aaaaaaaaa' IN CVCHAR6), cidx;
cidx	CVCHAR6
1	aaaaaa
select cidx, CVCHAR6 from datatypetestm order by POSITION('zzzzzzzzz' IN CVCHAR6), cidx;
cidx	CVCHAR6
1	aaaaaa
select cidx, CVCHAR7 from datatypetestm order by POSITION('aaa' IN CVCHAR7), cidx;
cidx	CVCHAR7
1	aaaaaaa
select cidx, CVCHAR7 from datatypetestm order by POSITION('zzz' IN CVCHAR7), cidx;
cidx	CVCHAR7
1	aaaaaaa
select cidx, CVCHAR7 from datatypetestm order by POSITION('aaaaaaaaa' IN CVCHAR7), cidx;
cidx	CVCHAR7
1	aaaaaaa
select cidx, CVCHAR7 from datatypetestm order by POSITION('zzzzzzzzz' IN CVCHAR7), cidx;
cidx	CVCHAR7
1	aaaaaaa
select cidx, CVCHAR8 from datatypetestm order by POSITION('aaa' IN CVCHAR8), cidx;
cidx	CVCHAR8
1	aaaaaaaa
select cidx, CVCHAR8 from datatypetestm order by POSITION('zzz' IN CVCHAR8), cidx;
cidx	CVCHAR8
1	aaaaaaaa
select cidx, CVCHAR8 from datatypetestm order by POSITION('aaaaaaaaa' IN CVCHAR8), cidx;
cidx	CVCHAR8
1	aaaaaaaa
select cidx, CVCHAR8 from datatypetestm order by POSITION('zzzzzzzzz' IN CVCHAR8), cidx;
cidx	CVCHAR8
1	aaaaaaaa
select cidx, CVCHAR255 from datatypetestm order by POSITION('aaa' IN CVCHAR255), cidx;
cidx	CVCHAR255
1	aaaaaaaaaa
select cidx, CVCHAR255 from datatypetestm order by POSITION('zzz' IN CVCHAR255), cidx;
cidx	CVCHAR255
1	aaaaaaaaaa
select cidx, CVCHAR255 from datatypetestm order by POSITION('aaaaaaaaa' IN CVCHAR255), cidx;
cidx	CVCHAR255
1	aaaaaaaaaa
select cidx, CVCHAR255 from datatypetestm order by POSITION('zzzzzzzzz' IN CVCHAR255), cidx;
cidx	CVCHAR255
1	aaaaaaaaaa
