USE autopilot;
select dtt1.cidx, dtt1.CDATETIME, dtt2.CINTEGER from datatypetestm1 dtt1, datatypetestm2 dtt2 where dtt1.cidx = dtt2.cidx and dtt1.CDATETIME > dtt2.CINTEGER ;
cidx	CDATETIME	CINTEGER
1	1997-01-01 00:00:00	-7483646
2	1997-01-01 00:00:01	-7483645
3	1997-01-02 00:00:01	-7483644
4	1997-01-03 00:00:02	-7483643
5	1997-01-04 00:00:03	-7483642
6	2009-12-31 23:59:56	7483643
7	2009-12-31 23:59:57	7483644
8	2009-12-31 23:59:58	7483645
9	2009-12-31 23:59:59	7483646
10	2009-12-31 23:59:59	7483647
11	2009-12-31 23:59:59	0
select dtt1.cidx, dtt1.CDATETIME, dtt2.CINTEGER from datatypetestm1 dtt1, datatypetestm2 dtt2 where dtt1.cidx = dtt2.cidx and dtt1.CDATETIME >= dtt2.CINTEGER ;
cidx	CDATETIME	CINTEGER
1	1997-01-01 00:00:00	-7483646
2	1997-01-01 00:00:01	-7483645
3	1997-01-02 00:00:01	-7483644
4	1997-01-03 00:00:02	-7483643
5	1997-01-04 00:00:03	-7483642
6	2009-12-31 23:59:56	7483643
7	2009-12-31 23:59:57	7483644
8	2009-12-31 23:59:58	7483645
9	2009-12-31 23:59:59	7483646
10	2009-12-31 23:59:59	7483647
11	2009-12-31 23:59:59	0
select dtt1.cidx, dtt1.CDATETIME, dtt2.CINTEGER from datatypetestm1 dtt1, datatypetestm2 dtt2 where dtt1.cidx = dtt2.cidx and dtt1.CDATETIME <> dtt2.CINTEGER ;
cidx	CDATETIME	CINTEGER
1	1997-01-01 00:00:00	-7483646
2	1997-01-01 00:00:01	-7483645
3	1997-01-02 00:00:01	-7483644
4	1997-01-03 00:00:02	-7483643
5	1997-01-04 00:00:03	-7483642
6	2009-12-31 23:59:56	7483643
7	2009-12-31 23:59:57	7483644
8	2009-12-31 23:59:58	7483645
9	2009-12-31 23:59:59	7483646
10	2009-12-31 23:59:59	7483647
11	2009-12-31 23:59:59	0
select dtt1.cidx, dtt1.CDATETIME, dtt2.CINTEGER from datatypetestm1 dtt1, datatypetestm2 dtt2 where dtt1.cidx = dtt2.cidx and dtt1.CDATETIME < dtt2.CINTEGER ;
cidx	CDATETIME	CINTEGER
select dtt1.cidx, dtt1.CDATETIME, dtt2.CINTEGER from datatypetestm1 dtt1, datatypetestm2 dtt2 where dtt1.cidx = dtt2.cidx and dtt1.CDATETIME <= dtt2.CINTEGER ;
cidx	CDATETIME	CINTEGER
