USE autopilot;
select dtt1.cidx, dtt1.CDATE, dtt2.CDECIMAL9_2 from datatypetestm1 dtt1, datatypetestm2 dtt2 where dtt1.cidx = dtt2.cidx and dtt1.CDATE > dtt2.CDECIMAL9_2 ;
cidx	CDATE	CDECIMAL9_2
1	1997-01-01	-9999.99
2	1997-01-01	-9999.98
3	1997-01-02	-9999.97
4	1997-01-03	-9999.96
5	1997-01-04	-9999.95
6	2009-12-28	9999.95
7	2009-12-29	9999.96
8	2009-12-30	9999.97
9	2009-12-31	9999.98
10	2009-12-31	9999.99
11	2009-12-31	0.00
select dtt1.cidx, dtt1.CDATE, dtt2.CDECIMAL9_2 from datatypetestm1 dtt1, datatypetestm2 dtt2 where dtt1.cidx = dtt2.cidx and dtt1.CDATE >= dtt2.CDECIMAL9_2 ;
cidx	CDATE	CDECIMAL9_2
1	1997-01-01	-9999.99
2	1997-01-01	-9999.98
3	1997-01-02	-9999.97
4	1997-01-03	-9999.96
5	1997-01-04	-9999.95
6	2009-12-28	9999.95
7	2009-12-29	9999.96
8	2009-12-30	9999.97
9	2009-12-31	9999.98
10	2009-12-31	9999.99
11	2009-12-31	0.00
select dtt1.cidx, dtt1.CDATE, dtt2.CDECIMAL9_2 from datatypetestm1 dtt1, datatypetestm2 dtt2 where dtt1.cidx = dtt2.cidx and dtt1.CDATE <> dtt2.CDECIMAL9_2 ;
cidx	CDATE	CDECIMAL9_2
1	1997-01-01	-9999.99
2	1997-01-01	-9999.98
3	1997-01-02	-9999.97
4	1997-01-03	-9999.96
5	1997-01-04	-9999.95
6	2009-12-28	9999.95
7	2009-12-29	9999.96
8	2009-12-30	9999.97
9	2009-12-31	9999.98
10	2009-12-31	9999.99
11	2009-12-31	0.00
select dtt1.cidx, dtt1.CDATE, dtt2.CDECIMAL9_2 from datatypetestm1 dtt1, datatypetestm2 dtt2 where dtt1.cidx = dtt2.cidx and dtt1.CDATE < dtt2.CDECIMAL9_2 ;
cidx	CDATE	CDECIMAL9_2
select dtt1.cidx, dtt1.CDATE, dtt2.CDECIMAL9_2 from datatypetestm1 dtt1, datatypetestm2 dtt2 where dtt1.cidx = dtt2.cidx and dtt1.CDATE <= dtt2.CDECIMAL9_2 ;
cidx	CDATE	CDECIMAL9_2
