USE autopilot;
select cidx, CCHAR1, INSERT(CCHAR1,2,2,'Hello') from datatypetestm order by cidx;
cidx	CCHAR1	INSERT(CCHAR1,2,2,'Hello')
1	a	a
select cidx, CCHAR1, INSERT(CCHAR1,2,5,'Hello') from datatypetestm order by cidx;
cidx	CCHAR1	INSERT(CCHAR1,2,5,'Hello')
1	a	a
select cidx, CCHAR1, INSERT(CCHAR1,-1,5,'Hello') from datatypetestm order by cidx;
cidx	CCHAR1	INSERT(CCHAR1,-1,5,'Hello')
1	a	a
select cidx, CCHAR1, INSERT(CCHAR1,2,12,'Hello') from datatypetestm order by cidx;
cidx	CCHAR1	INSERT(CCHAR1,2,12,'Hello')
1	a	a
select cidx, CCHAR1, INSERT(CCHAR1,1,12,NULL) from datatypetestm order by cidx;
cidx	CCHAR1	INSERT(CCHAR1,1,12,NULL)
1	a	NULL
select cidx, CCHAR2, INSERT(CCHAR2,2,2,'Hello') from datatypetestm order by cidx;
cidx	CCHAR2	INSERT(CCHAR2,2,2,'Hello')
1	aa	aHello
select cidx, CCHAR2, INSERT(CCHAR2,2,5,'Hello') from datatypetestm order by cidx;
cidx	CCHAR2	INSERT(CCHAR2,2,5,'Hello')
1	aa	aHello
select cidx, CCHAR2, INSERT(CCHAR2,-1,5,'Hello') from datatypetestm order by cidx;
cidx	CCHAR2	INSERT(CCHAR2,-1,5,'Hello')
1	aa	aa
select cidx, CCHAR2, INSERT(CCHAR2,2,12,'Hello') from datatypetestm order by cidx;
cidx	CCHAR2	INSERT(CCHAR2,2,12,'Hello')
1	aa	aHello
select cidx, CCHAR2, INSERT(CCHAR2,1,12,NULL) from datatypetestm order by cidx;
cidx	CCHAR2	INSERT(CCHAR2,1,12,NULL)
1	aa	NULL
select cidx, CCHAR3, INSERT(CCHAR3,2,2,'Hello') from datatypetestm order by cidx;
cidx	CCHAR3	INSERT(CCHAR3,2,2,'Hello')
1	aaa	aHello
select cidx, CCHAR3, INSERT(CCHAR3,2,5,'Hello') from datatypetestm order by cidx;
cidx	CCHAR3	INSERT(CCHAR3,2,5,'Hello')
1	aaa	aHello
select cidx, CCHAR3, INSERT(CCHAR3,-1,5,'Hello') from datatypetestm order by cidx;
cidx	CCHAR3	INSERT(CCHAR3,-1,5,'Hello')
1	aaa	aaa
select cidx, CCHAR3, INSERT(CCHAR3,2,12,'Hello') from datatypetestm order by cidx;
cidx	CCHAR3	INSERT(CCHAR3,2,12,'Hello')
1	aaa	aHello
select cidx, CCHAR3, INSERT(CCHAR3,1,12,NULL) from datatypetestm order by cidx;
cidx	CCHAR3	INSERT(CCHAR3,1,12,NULL)
1	aaa	NULL
select cidx, CCHAR4, INSERT(CCHAR4,2,2,'Hello') from datatypetestm order by cidx;
cidx	CCHAR4	INSERT(CCHAR4,2,2,'Hello')
1	aaaa	aHelloa
select cidx, CCHAR4, INSERT(CCHAR4,2,5,'Hello') from datatypetestm order by cidx;
cidx	CCHAR4	INSERT(CCHAR4,2,5,'Hello')
1	aaaa	aHello
select cidx, CCHAR4, INSERT(CCHAR4,-1,5,'Hello') from datatypetestm order by cidx;
cidx	CCHAR4	INSERT(CCHAR4,-1,5,'Hello')
1	aaaa	aaaa
select cidx, CCHAR4, INSERT(CCHAR4,2,12,'Hello') from datatypetestm order by cidx;
cidx	CCHAR4	INSERT(CCHAR4,2,12,'Hello')
1	aaaa	aHello
select cidx, CCHAR4, INSERT(CCHAR4,1,12,NULL) from datatypetestm order by cidx;
cidx	CCHAR4	INSERT(CCHAR4,1,12,NULL)
1	aaaa	NULL
select cidx, CCHAR5, INSERT(CCHAR5,2,2,'Hello') from datatypetestm order by cidx;
cidx	CCHAR5	INSERT(CCHAR5,2,2,'Hello')
1	aaaaa	aHelloaa
select cidx, CCHAR5, INSERT(CCHAR5,2,5,'Hello') from datatypetestm order by cidx;
cidx	CCHAR5	INSERT(CCHAR5,2,5,'Hello')
1	aaaaa	aHello
select cidx, CCHAR5, INSERT(CCHAR5,-1,5,'Hello') from datatypetestm order by cidx;
cidx	CCHAR5	INSERT(CCHAR5,-1,5,'Hello')
1	aaaaa	aaaaa
select cidx, CCHAR5, INSERT(CCHAR5,2,12,'Hello') from datatypetestm order by cidx;
cidx	CCHAR5	INSERT(CCHAR5,2,12,'Hello')
1	aaaaa	aHello
select cidx, CCHAR5, INSERT(CCHAR5,1,12,NULL) from datatypetestm order by cidx;
cidx	CCHAR5	INSERT(CCHAR5,1,12,NULL)
1	aaaaa	NULL
select cidx, CCHAR6, INSERT(CCHAR6,2,2,'Hello') from datatypetestm order by cidx;
cidx	CCHAR6	INSERT(CCHAR6,2,2,'Hello')
1	aaaaaa	aHelloaaa
select cidx, CCHAR6, INSERT(CCHAR6,2,5,'Hello') from datatypetestm order by cidx;
cidx	CCHAR6	INSERT(CCHAR6,2,5,'Hello')
1	aaaaaa	aHello
select cidx, CCHAR6, INSERT(CCHAR6,-1,5,'Hello') from datatypetestm order by cidx;
cidx	CCHAR6	INSERT(CCHAR6,-1,5,'Hello')
1	aaaaaa	aaaaaa
select cidx, CCHAR6, INSERT(CCHAR6,2,12,'Hello') from datatypetestm order by cidx;
cidx	CCHAR6	INSERT(CCHAR6,2,12,'Hello')
1	aaaaaa	aHello
select cidx, CCHAR6, INSERT(CCHAR6,1,12,NULL) from datatypetestm order by cidx;
cidx	CCHAR6	INSERT(CCHAR6,1,12,NULL)
1	aaaaaa	NULL
select cidx, CCHAR7, INSERT(CCHAR7,2,2,'Hello') from datatypetestm order by cidx;
cidx	CCHAR7	INSERT(CCHAR7,2,2,'Hello')
1	aaaaaaa	aHelloaaaa
select cidx, CCHAR7, INSERT(CCHAR7,2,5,'Hello') from datatypetestm order by cidx;
cidx	CCHAR7	INSERT(CCHAR7,2,5,'Hello')
1	aaaaaaa	aHelloa
select cidx, CCHAR7, INSERT(CCHAR7,-1,5,'Hello') from datatypetestm order by cidx;
cidx	CCHAR7	INSERT(CCHAR7,-1,5,'Hello')
1	aaaaaaa	aaaaaaa
select cidx, CCHAR7, INSERT(CCHAR7,2,12,'Hello') from datatypetestm order by cidx;
cidx	CCHAR7	INSERT(CCHAR7,2,12,'Hello')
1	aaaaaaa	aHello
select cidx, CCHAR7, INSERT(CCHAR7,1,12,NULL) from datatypetestm order by cidx;
cidx	CCHAR7	INSERT(CCHAR7,1,12,NULL)
1	aaaaaaa	NULL
select cidx, CCHAR8, INSERT(CCHAR8,2,2,'Hello') from datatypetestm order by cidx;
cidx	CCHAR8	INSERT(CCHAR8,2,2,'Hello')
1	aaaaaaaa	aHelloaaaaa
select cidx, CCHAR8, INSERT(CCHAR8,2,5,'Hello') from datatypetestm order by cidx;
cidx	CCHAR8	INSERT(CCHAR8,2,5,'Hello')
1	aaaaaaaa	aHelloaa
select cidx, CCHAR8, INSERT(CCHAR8,-1,5,'Hello') from datatypetestm order by cidx;
cidx	CCHAR8	INSERT(CCHAR8,-1,5,'Hello')
1	aaaaaaaa	aaaaaaaa
select cidx, CCHAR8, INSERT(CCHAR8,2,12,'Hello') from datatypetestm order by cidx;
cidx	CCHAR8	INSERT(CCHAR8,2,12,'Hello')
1	aaaaaaaa	aHello
select cidx, CCHAR8, INSERT(CCHAR8,1,12,NULL) from datatypetestm order by cidx;
cidx	CCHAR8	INSERT(CCHAR8,1,12,NULL)
1	aaaaaaaa	NULL
select cidx, CCHAR9, INSERT(CCHAR9,2,2,'Hello') from datatypetestm order by cidx;
cidx	CCHAR9	INSERT(CCHAR9,2,2,'Hello')
1	aaaaaaaaa	aHelloaaaaaa
select cidx, CCHAR9, INSERT(CCHAR9,2,5,'Hello') from datatypetestm order by cidx;
cidx	CCHAR9	INSERT(CCHAR9,2,5,'Hello')
1	aaaaaaaaa	aHelloaaa
select cidx, CCHAR9, INSERT(CCHAR9,-1,5,'Hello') from datatypetestm order by cidx;
cidx	CCHAR9	INSERT(CCHAR9,-1,5,'Hello')
1	aaaaaaaaa	aaaaaaaaa
select cidx, CCHAR9, INSERT(CCHAR9,2,12,'Hello') from datatypetestm order by cidx;
cidx	CCHAR9	INSERT(CCHAR9,2,12,'Hello')
1	aaaaaaaaa	aHello
select cidx, CCHAR9, INSERT(CCHAR9,1,12,NULL) from datatypetestm order by cidx;
cidx	CCHAR9	INSERT(CCHAR9,1,12,NULL)
1	aaaaaaaaa	NULL
select cidx, CCHAR255, INSERT(CCHAR255,2,2,'Hello') from datatypetestm order by cidx;
cidx	CCHAR255	INSERT(CCHAR255,2,2,'Hello')
1	aaaaaaaaaa	aHelloaaaaaaa
select cidx, CCHAR255, INSERT(CCHAR255,2,5,'Hello') from datatypetestm order by cidx;
cidx	CCHAR255	INSERT(CCHAR255,2,5,'Hello')
1	aaaaaaaaaa	aHelloaaaa
select cidx, CCHAR255, INSERT(CCHAR255,-1,5,'Hello') from datatypetestm order by cidx;
cidx	CCHAR255	INSERT(CCHAR255,-1,5,'Hello')
1	aaaaaaaaaa	aaaaaaaaaa
select cidx, CCHAR255, INSERT(CCHAR255,2,12,'Hello') from datatypetestm order by cidx;
cidx	CCHAR255	INSERT(CCHAR255,2,12,'Hello')
1	aaaaaaaaaa	aHello
select cidx, CCHAR255, INSERT(CCHAR255,1,12,NULL) from datatypetestm order by cidx;
cidx	CCHAR255	INSERT(CCHAR255,1,12,NULL)
1	aaaaaaaaaa	NULL
select cidx, CVCHAR1, INSERT(CVCHAR1,2,2,'Hello') from datatypetestm order by cidx;
cidx	CVCHAR1	INSERT(CVCHAR1,2,2,'Hello')
1	a	a
select cidx, CVCHAR1, INSERT(CVCHAR1,2,5,'Hello') from datatypetestm order by cidx;
cidx	CVCHAR1	INSERT(CVCHAR1,2,5,'Hello')
1	a	a
select cidx, CVCHAR1, INSERT(CVCHAR1,-1,5,'Hello') from datatypetestm order by cidx;
cidx	CVCHAR1	INSERT(CVCHAR1,-1,5,'Hello')
1	a	a
select cidx, CVCHAR1, INSERT(CVCHAR1,2,12,'Hello') from datatypetestm order by cidx;
cidx	CVCHAR1	INSERT(CVCHAR1,2,12,'Hello')
1	a	a
select cidx, CVCHAR1, INSERT(CVCHAR1,1,12,NULL) from datatypetestm order by cidx;
cidx	CVCHAR1	INSERT(CVCHAR1,1,12,NULL)
1	a	NULL
select cidx, CVCHAR2, INSERT(CVCHAR2,2,2,'Hello') from datatypetestm order by cidx;
cidx	CVCHAR2	INSERT(CVCHAR2,2,2,'Hello')
1	aa	aHello
select cidx, CVCHAR2, INSERT(CVCHAR2,2,5,'Hello') from datatypetestm order by cidx;
cidx	CVCHAR2	INSERT(CVCHAR2,2,5,'Hello')
1	aa	aHello
select cidx, CVCHAR2, INSERT(CVCHAR2,-1,5,'Hello') from datatypetestm order by cidx;
cidx	CVCHAR2	INSERT(CVCHAR2,-1,5,'Hello')
1	aa	aa
select cidx, CVCHAR2, INSERT(CVCHAR2,2,12,'Hello') from datatypetestm order by cidx;
cidx	CVCHAR2	INSERT(CVCHAR2,2,12,'Hello')
1	aa	aHello
select cidx, CVCHAR2, INSERT(CVCHAR2,1,12,NULL) from datatypetestm order by cidx;
cidx	CVCHAR2	INSERT(CVCHAR2,1,12,NULL)
1	aa	NULL
select cidx, CVCHAR3, INSERT(CVCHAR3,2,2,'Hello') from datatypetestm order by cidx;
cidx	CVCHAR3	INSERT(CVCHAR3,2,2,'Hello')
1	aaa	aHello
select cidx, CVCHAR3, INSERT(CVCHAR3,2,5,'Hello') from datatypetestm order by cidx;
cidx	CVCHAR3	INSERT(CVCHAR3,2,5,'Hello')
1	aaa	aHello
select cidx, CVCHAR3, INSERT(CVCHAR3,-1,5,'Hello') from datatypetestm order by cidx;
cidx	CVCHAR3	INSERT(CVCHAR3,-1,5,'Hello')
1	aaa	aaa
select cidx, CVCHAR3, INSERT(CVCHAR3,2,12,'Hello') from datatypetestm order by cidx;
cidx	CVCHAR3	INSERT(CVCHAR3,2,12,'Hello')
1	aaa	aHello
select cidx, CVCHAR3, INSERT(CVCHAR3,1,12,NULL) from datatypetestm order by cidx;
cidx	CVCHAR3	INSERT(CVCHAR3,1,12,NULL)
1	aaa	NULL
select cidx, CVCHAR4, INSERT(CVCHAR4,2,2,'Hello') from datatypetestm order by cidx;
cidx	CVCHAR4	INSERT(CVCHAR4,2,2,'Hello')
1	aaaa	aHelloa
select cidx, CVCHAR4, INSERT(CVCHAR4,2,5,'Hello') from datatypetestm order by cidx;
cidx	CVCHAR4	INSERT(CVCHAR4,2,5,'Hello')
1	aaaa	aHello
select cidx, CVCHAR4, INSERT(CVCHAR4,-1,5,'Hello') from datatypetestm order by cidx;
cidx	CVCHAR4	INSERT(CVCHAR4,-1,5,'Hello')
1	aaaa	aaaa
select cidx, CVCHAR4, INSERT(CVCHAR4,2,12,'Hello') from datatypetestm order by cidx;
cidx	CVCHAR4	INSERT(CVCHAR4,2,12,'Hello')
1	aaaa	aHello
select cidx, CVCHAR4, INSERT(CVCHAR4,1,12,NULL) from datatypetestm order by cidx;
cidx	CVCHAR4	INSERT(CVCHAR4,1,12,NULL)
1	aaaa	NULL
select cidx, CVCHAR5, INSERT(CVCHAR5,2,2,'Hello') from datatypetestm order by cidx;
cidx	CVCHAR5	INSERT(CVCHAR5,2,2,'Hello')
1	aaaaa	aHelloaa
select cidx, CVCHAR5, INSERT(CVCHAR5,2,5,'Hello') from datatypetestm order by cidx;
cidx	CVCHAR5	INSERT(CVCHAR5,2,5,'Hello')
1	aaaaa	aHello
select cidx, CVCHAR5, INSERT(CVCHAR5,-1,5,'Hello') from datatypetestm order by cidx;
cidx	CVCHAR5	INSERT(CVCHAR5,-1,5,'Hello')
1	aaaaa	aaaaa
select cidx, CVCHAR5, INSERT(CVCHAR5,2,12,'Hello') from datatypetestm order by cidx;
cidx	CVCHAR5	INSERT(CVCHAR5,2,12,'Hello')
1	aaaaa	aHello
select cidx, CVCHAR5, INSERT(CVCHAR5,1,12,NULL) from datatypetestm order by cidx;
cidx	CVCHAR5	INSERT(CVCHAR5,1,12,NULL)
1	aaaaa	NULL
select cidx, CVCHAR6, INSERT(CVCHAR6,2,2,'Hello') from datatypetestm order by cidx;
cidx	CVCHAR6	INSERT(CVCHAR6,2,2,'Hello')
1	aaaaaa	aHelloaaa
select cidx, CVCHAR6, INSERT(CVCHAR6,2,5,'Hello') from datatypetestm order by cidx;
cidx	CVCHAR6	INSERT(CVCHAR6,2,5,'Hello')
1	aaaaaa	aHello
select cidx, CVCHAR6, INSERT(CVCHAR6,-1,5,'Hello') from datatypetestm order by cidx;
cidx	CVCHAR6	INSERT(CVCHAR6,-1,5,'Hello')
1	aaaaaa	aaaaaa
select cidx, CVCHAR6, INSERT(CVCHAR6,2,12,'Hello') from datatypetestm order by cidx;
cidx	CVCHAR6	INSERT(CVCHAR6,2,12,'Hello')
1	aaaaaa	aHello
select cidx, CVCHAR6, INSERT(CVCHAR6,1,12,NULL) from datatypetestm order by cidx;
cidx	CVCHAR6	INSERT(CVCHAR6,1,12,NULL)
1	aaaaaa	NULL
select cidx, CVCHAR7, INSERT(CVCHAR7,2,2,'Hello') from datatypetestm order by cidx;
cidx	CVCHAR7	INSERT(CVCHAR7,2,2,'Hello')
1	aaaaaaa	aHelloaaaa
select cidx, CVCHAR7, INSERT(CVCHAR7,2,5,'Hello') from datatypetestm order by cidx;
cidx	CVCHAR7	INSERT(CVCHAR7,2,5,'Hello')
1	aaaaaaa	aHelloa
select cidx, CVCHAR7, INSERT(CVCHAR7,-1,5,'Hello') from datatypetestm order by cidx;
cidx	CVCHAR7	INSERT(CVCHAR7,-1,5,'Hello')
1	aaaaaaa	aaaaaaa
select cidx, CVCHAR7, INSERT(CVCHAR7,2,12,'Hello') from datatypetestm order by cidx;
cidx	CVCHAR7	INSERT(CVCHAR7,2,12,'Hello')
1	aaaaaaa	aHello
select cidx, CVCHAR7, INSERT(CVCHAR7,1,12,NULL) from datatypetestm order by cidx;
cidx	CVCHAR7	INSERT(CVCHAR7,1,12,NULL)
1	aaaaaaa	NULL
select cidx, CVCHAR8, INSERT(CVCHAR8,2,2,'Hello') from datatypetestm order by cidx;
cidx	CVCHAR8	INSERT(CVCHAR8,2,2,'Hello')
1	aaaaaaaa	aHelloaaaaa
select cidx, CVCHAR8, INSERT(CVCHAR8,2,5,'Hello') from datatypetestm order by cidx;
cidx	CVCHAR8	INSERT(CVCHAR8,2,5,'Hello')
1	aaaaaaaa	aHelloaa
select cidx, CVCHAR8, INSERT(CVCHAR8,-1,5,'Hello') from datatypetestm order by cidx;
cidx	CVCHAR8	INSERT(CVCHAR8,-1,5,'Hello')
1	aaaaaaaa	aaaaaaaa
select cidx, CVCHAR8, INSERT(CVCHAR8,2,12,'Hello') from datatypetestm order by cidx;
cidx	CVCHAR8	INSERT(CVCHAR8,2,12,'Hello')
1	aaaaaaaa	aHello
select cidx, CVCHAR8, INSERT(CVCHAR8,1,12,NULL) from datatypetestm order by cidx;
cidx	CVCHAR8	INSERT(CVCHAR8,1,12,NULL)
1	aaaaaaaa	NULL
select cidx, CVCHAR255, INSERT(CVCHAR255,2,2,'Hello') from datatypetestm order by cidx;
cidx	CVCHAR255	INSERT(CVCHAR255,2,2,'Hello')
1	aaaaaaaaaa	aHelloaaaaaaa
select cidx, CVCHAR255, INSERT(CVCHAR255,2,5,'Hello') from datatypetestm order by cidx;
cidx	CVCHAR255	INSERT(CVCHAR255,2,5,'Hello')
1	aaaaaaaaaa	aHelloaaaa
select cidx, CVCHAR255, INSERT(CVCHAR255,-1,5,'Hello') from datatypetestm order by cidx;
cidx	CVCHAR255	INSERT(CVCHAR255,-1,5,'Hello')
1	aaaaaaaaaa	aaaaaaaaaa
select cidx, CVCHAR255, INSERT(CVCHAR255,2,12,'Hello') from datatypetestm order by cidx;
cidx	CVCHAR255	INSERT(CVCHAR255,2,12,'Hello')
1	aaaaaaaaaa	aHello
select cidx, CVCHAR255, INSERT(CVCHAR255,1,12,NULL) from datatypetestm order by cidx;
cidx	CVCHAR255	INSERT(CVCHAR255,1,12,NULL)
1	aaaaaaaaaa	NULL
select cidx, CCHAR1 from datatypetestm where INSERT(CCHAR1,2,2,'Hello') <> 0 order by cidx;
cidx	CCHAR1
select cidx, CCHAR1 from datatypetestm where INSERT(CCHAR1,2,5,'Hello') <> 0 order by cidx;
cidx	CCHAR1
select cidx, CCHAR1 from datatypetestm where INSERT(CCHAR1,-1,5,'Hello') <> 0 order by cidx;
cidx	CCHAR1
select cidx, CCHAR1 from datatypetestm where INSERT(CCHAR1,2,12,'Hello') <> 0 order by cidx;
cidx	CCHAR1
select cidx, CCHAR1 from datatypetestm where INSERT(CCHAR1,1,12,NULL) <> 0 order by cidx;
cidx	CCHAR1
select cidx, CCHAR2 from datatypetestm where INSERT(CCHAR2,2,2,'Hello') <> 0 order by cidx;
cidx	CCHAR2
select cidx, CCHAR2 from datatypetestm where INSERT(CCHAR2,2,5,'Hello') <> 0 order by cidx;
cidx	CCHAR2
select cidx, CCHAR2 from datatypetestm where INSERT(CCHAR2,-1,5,'Hello') <> 0 order by cidx;
cidx	CCHAR2
select cidx, CCHAR2 from datatypetestm where INSERT(CCHAR2,2,12,'Hello') <> 0 order by cidx;
cidx	CCHAR2
select cidx, CCHAR2 from datatypetestm where INSERT(CCHAR2,1,12,NULL) <> 0 order by cidx;
cidx	CCHAR2
select cidx, CCHAR3 from datatypetestm where INSERT(CCHAR3,2,2,'Hello') <> 0 order by cidx;
cidx	CCHAR3
select cidx, CCHAR3 from datatypetestm where INSERT(CCHAR3,2,5,'Hello') <> 0 order by cidx;
cidx	CCHAR3
select cidx, CCHAR3 from datatypetestm where INSERT(CCHAR3,-1,5,'Hello') <> 0 order by cidx;
cidx	CCHAR3
select cidx, CCHAR3 from datatypetestm where INSERT(CCHAR3,2,12,'Hello') <> 0 order by cidx;
cidx	CCHAR3
select cidx, CCHAR3 from datatypetestm where INSERT(CCHAR3,1,12,NULL) <> 0 order by cidx;
cidx	CCHAR3
select cidx, CCHAR4 from datatypetestm where INSERT(CCHAR4,2,2,'Hello') <> 0 order by cidx;
cidx	CCHAR4
select cidx, CCHAR4 from datatypetestm where INSERT(CCHAR4,2,5,'Hello') <> 0 order by cidx;
cidx	CCHAR4
select cidx, CCHAR4 from datatypetestm where INSERT(CCHAR4,-1,5,'Hello') <> 0 order by cidx;
cidx	CCHAR4
select cidx, CCHAR4 from datatypetestm where INSERT(CCHAR4,2,12,'Hello') <> 0 order by cidx;
cidx	CCHAR4
select cidx, CCHAR4 from datatypetestm where INSERT(CCHAR4,1,12,NULL) <> 0 order by cidx;
cidx	CCHAR4
select cidx, CCHAR5 from datatypetestm where INSERT(CCHAR5,2,2,'Hello') <> 0 order by cidx;
cidx	CCHAR5
select cidx, CCHAR5 from datatypetestm where INSERT(CCHAR5,2,5,'Hello') <> 0 order by cidx;
cidx	CCHAR5
select cidx, CCHAR5 from datatypetestm where INSERT(CCHAR5,-1,5,'Hello') <> 0 order by cidx;
cidx	CCHAR5
select cidx, CCHAR5 from datatypetestm where INSERT(CCHAR5,2,12,'Hello') <> 0 order by cidx;
cidx	CCHAR5
select cidx, CCHAR5 from datatypetestm where INSERT(CCHAR5,1,12,NULL) <> 0 order by cidx;
cidx	CCHAR5
select cidx, CCHAR6 from datatypetestm where INSERT(CCHAR6,2,2,'Hello') <> 0 order by cidx;
cidx	CCHAR6
select cidx, CCHAR6 from datatypetestm where INSERT(CCHAR6,2,5,'Hello') <> 0 order by cidx;
cidx	CCHAR6
select cidx, CCHAR6 from datatypetestm where INSERT(CCHAR6,-1,5,'Hello') <> 0 order by cidx;
cidx	CCHAR6
select cidx, CCHAR6 from datatypetestm where INSERT(CCHAR6,2,12,'Hello') <> 0 order by cidx;
cidx	CCHAR6
select cidx, CCHAR6 from datatypetestm where INSERT(CCHAR6,1,12,NULL) <> 0 order by cidx;
cidx	CCHAR6
select cidx, CCHAR7 from datatypetestm where INSERT(CCHAR7,2,2,'Hello') <> 0 order by cidx;
cidx	CCHAR7
select cidx, CCHAR7 from datatypetestm where INSERT(CCHAR7,2,5,'Hello') <> 0 order by cidx;
cidx	CCHAR7
select cidx, CCHAR7 from datatypetestm where INSERT(CCHAR7,-1,5,'Hello') <> 0 order by cidx;
cidx	CCHAR7
select cidx, CCHAR7 from datatypetestm where INSERT(CCHAR7,2,12,'Hello') <> 0 order by cidx;
cidx	CCHAR7
select cidx, CCHAR7 from datatypetestm where INSERT(CCHAR7,1,12,NULL) <> 0 order by cidx;
cidx	CCHAR7
select cidx, CCHAR8 from datatypetestm where INSERT(CCHAR8,2,2,'Hello') <> 0 order by cidx;
cidx	CCHAR8
select cidx, CCHAR8 from datatypetestm where INSERT(CCHAR8,2,5,'Hello') <> 0 order by cidx;
cidx	CCHAR8
select cidx, CCHAR8 from datatypetestm where INSERT(CCHAR8,-1,5,'Hello') <> 0 order by cidx;
cidx	CCHAR8
select cidx, CCHAR8 from datatypetestm where INSERT(CCHAR8,2,12,'Hello') <> 0 order by cidx;
cidx	CCHAR8
select cidx, CCHAR8 from datatypetestm where INSERT(CCHAR8,1,12,NULL) <> 0 order by cidx;
cidx	CCHAR8
select cidx, CCHAR9 from datatypetestm where INSERT(CCHAR9,2,2,'Hello') <> 0 order by cidx;
cidx	CCHAR9
select cidx, CCHAR9 from datatypetestm where INSERT(CCHAR9,2,5,'Hello') <> 0 order by cidx;
cidx	CCHAR9
select cidx, CCHAR9 from datatypetestm where INSERT(CCHAR9,-1,5,'Hello') <> 0 order by cidx;
cidx	CCHAR9
select cidx, CCHAR9 from datatypetestm where INSERT(CCHAR9,2,12,'Hello') <> 0 order by cidx;
cidx	CCHAR9
select cidx, CCHAR9 from datatypetestm where INSERT(CCHAR9,1,12,NULL) <> 0 order by cidx;
cidx	CCHAR9
select cidx, CCHAR255 from datatypetestm where INSERT(CCHAR255,2,2,'Hello') <> 0 order by cidx;
cidx	CCHAR255
select cidx, CCHAR255 from datatypetestm where INSERT(CCHAR255,2,5,'Hello') <> 0 order by cidx;
cidx	CCHAR255
select cidx, CCHAR255 from datatypetestm where INSERT(CCHAR255,-1,5,'Hello') <> 0 order by cidx;
cidx	CCHAR255
select cidx, CCHAR255 from datatypetestm where INSERT(CCHAR255,2,12,'Hello') <> 0 order by cidx;
cidx	CCHAR255
select cidx, CCHAR255 from datatypetestm where INSERT(CCHAR255,1,12,NULL) <> 0 order by cidx;
cidx	CCHAR255
select cidx, CVCHAR1 from datatypetestm where INSERT(CVCHAR1,2,2,'Hello') <> 0 order by cidx;
cidx	CVCHAR1
select cidx, CVCHAR1 from datatypetestm where INSERT(CVCHAR1,2,5,'Hello') <> 0 order by cidx;
cidx	CVCHAR1
select cidx, CVCHAR1 from datatypetestm where INSERT(CVCHAR1,-1,5,'Hello') <> 0 order by cidx;
cidx	CVCHAR1
select cidx, CVCHAR1 from datatypetestm where INSERT(CVCHAR1,2,12,'Hello') <> 0 order by cidx;
cidx	CVCHAR1
select cidx, CVCHAR1 from datatypetestm where INSERT(CVCHAR1,1,12,NULL) <> 0 order by cidx;
cidx	CVCHAR1
select cidx, CVCHAR2 from datatypetestm where INSERT(CVCHAR2,2,2,'Hello') <> 0 order by cidx;
cidx	CVCHAR2
select cidx, CVCHAR2 from datatypetestm where INSERT(CVCHAR2,2,5,'Hello') <> 0 order by cidx;
cidx	CVCHAR2
select cidx, CVCHAR2 from datatypetestm where INSERT(CVCHAR2,-1,5,'Hello') <> 0 order by cidx;
cidx	CVCHAR2
select cidx, CVCHAR2 from datatypetestm where INSERT(CVCHAR2,2,12,'Hello') <> 0 order by cidx;
cidx	CVCHAR2
select cidx, CVCHAR2 from datatypetestm where INSERT(CVCHAR2,1,12,NULL) <> 0 order by cidx;
cidx	CVCHAR2
select cidx, CVCHAR3 from datatypetestm where INSERT(CVCHAR3,2,2,'Hello') <> 0 order by cidx;
cidx	CVCHAR3
select cidx, CVCHAR3 from datatypetestm where INSERT(CVCHAR3,2,5,'Hello') <> 0 order by cidx;
cidx	CVCHAR3
select cidx, CVCHAR3 from datatypetestm where INSERT(CVCHAR3,-1,5,'Hello') <> 0 order by cidx;
cidx	CVCHAR3
select cidx, CVCHAR3 from datatypetestm where INSERT(CVCHAR3,2,12,'Hello') <> 0 order by cidx;
cidx	CVCHAR3
select cidx, CVCHAR3 from datatypetestm where INSERT(CVCHAR3,1,12,NULL) <> 0 order by cidx;
cidx	CVCHAR3
select cidx, CVCHAR4 from datatypetestm where INSERT(CVCHAR4,2,2,'Hello') <> 0 order by cidx;
cidx	CVCHAR4
select cidx, CVCHAR4 from datatypetestm where INSERT(CVCHAR4,2,5,'Hello') <> 0 order by cidx;
cidx	CVCHAR4
select cidx, CVCHAR4 from datatypetestm where INSERT(CVCHAR4,-1,5,'Hello') <> 0 order by cidx;
cidx	CVCHAR4
select cidx, CVCHAR4 from datatypetestm where INSERT(CVCHAR4,2,12,'Hello') <> 0 order by cidx;
cidx	CVCHAR4
select cidx, CVCHAR4 from datatypetestm where INSERT(CVCHAR4,1,12,NULL) <> 0 order by cidx;
cidx	CVCHAR4
select cidx, CVCHAR5 from datatypetestm where INSERT(CVCHAR5,2,2,'Hello') <> 0 order by cidx;
cidx	CVCHAR5
select cidx, CVCHAR5 from datatypetestm where INSERT(CVCHAR5,2,5,'Hello') <> 0 order by cidx;
cidx	CVCHAR5
select cidx, CVCHAR5 from datatypetestm where INSERT(CVCHAR5,-1,5,'Hello') <> 0 order by cidx;
cidx	CVCHAR5
select cidx, CVCHAR5 from datatypetestm where INSERT(CVCHAR5,2,12,'Hello') <> 0 order by cidx;
cidx	CVCHAR5
select cidx, CVCHAR5 from datatypetestm where INSERT(CVCHAR5,1,12,NULL) <> 0 order by cidx;
cidx	CVCHAR5
select cidx, CVCHAR6 from datatypetestm where INSERT(CVCHAR6,2,2,'Hello') <> 0 order by cidx;
cidx	CVCHAR6
select cidx, CVCHAR6 from datatypetestm where INSERT(CVCHAR6,2,5,'Hello') <> 0 order by cidx;
cidx	CVCHAR6
select cidx, CVCHAR6 from datatypetestm where INSERT(CVCHAR6,-1,5,'Hello') <> 0 order by cidx;
cidx	CVCHAR6
select cidx, CVCHAR6 from datatypetestm where INSERT(CVCHAR6,2,12,'Hello') <> 0 order by cidx;
cidx	CVCHAR6
select cidx, CVCHAR6 from datatypetestm where INSERT(CVCHAR6,1,12,NULL) <> 0 order by cidx;
cidx	CVCHAR6
select cidx, CVCHAR7 from datatypetestm where INSERT(CVCHAR7,2,2,'Hello') <> 0 order by cidx;
cidx	CVCHAR7
select cidx, CVCHAR7 from datatypetestm where INSERT(CVCHAR7,2,5,'Hello') <> 0 order by cidx;
cidx	CVCHAR7
select cidx, CVCHAR7 from datatypetestm where INSERT(CVCHAR7,-1,5,'Hello') <> 0 order by cidx;
cidx	CVCHAR7
select cidx, CVCHAR7 from datatypetestm where INSERT(CVCHAR7,2,12,'Hello') <> 0 order by cidx;
cidx	CVCHAR7
select cidx, CVCHAR7 from datatypetestm where INSERT(CVCHAR7,1,12,NULL) <> 0 order by cidx;
cidx	CVCHAR7
select cidx, CVCHAR8 from datatypetestm where INSERT(CVCHAR8,2,2,'Hello') <> 0 order by cidx;
cidx	CVCHAR8
select cidx, CVCHAR8 from datatypetestm where INSERT(CVCHAR8,2,5,'Hello') <> 0 order by cidx;
cidx	CVCHAR8
select cidx, CVCHAR8 from datatypetestm where INSERT(CVCHAR8,-1,5,'Hello') <> 0 order by cidx;
cidx	CVCHAR8
select cidx, CVCHAR8 from datatypetestm where INSERT(CVCHAR8,2,12,'Hello') <> 0 order by cidx;
cidx	CVCHAR8
select cidx, CVCHAR8 from datatypetestm where INSERT(CVCHAR8,1,12,NULL) <> 0 order by cidx;
cidx	CVCHAR8
select cidx, CVCHAR255 from datatypetestm where INSERT(CVCHAR255,2,2,'Hello') <> 0 order by cidx;
cidx	CVCHAR255
select cidx, CVCHAR255 from datatypetestm where INSERT(CVCHAR255,2,5,'Hello') <> 0 order by cidx;
cidx	CVCHAR255
select cidx, CVCHAR255 from datatypetestm where INSERT(CVCHAR255,-1,5,'Hello') <> 0 order by cidx;
cidx	CVCHAR255
select cidx, CVCHAR255 from datatypetestm where INSERT(CVCHAR255,2,12,'Hello') <> 0 order by cidx;
cidx	CVCHAR255
select cidx, CVCHAR255 from datatypetestm where INSERT(CVCHAR255,1,12,NULL) <> 0 order by cidx;
cidx	CVCHAR255
