USE autopilot;
select dtt1.cidx, dtt1.CDATETIME, dtt2.CDECIMAL10 from datatypetestm1 dtt1, datatypetestm2 dtt2 where dtt1.cidx = dtt2.cidx and dtt1.CDATETIME > dtt2.CDECIMAL10 ;
cidx	CDATETIME	CDECIMAL10
1	1997-01-01 00:00:00	-9999999
2	1997-01-01 00:00:01	-9999998
3	1997-01-02 00:00:01	-9999997
4	1997-01-03 00:00:02	-9999996
5	1997-01-04 00:00:03	-9999995
6	2009-12-31 23:59:56	9999995
7	2009-12-31 23:59:57	9999996
8	2009-12-31 23:59:58	9999997
9	2009-12-31 23:59:59	9999998
10	2009-12-31 23:59:59	9999999
11	2009-12-31 23:59:59	0
select dtt1.cidx, dtt1.CDATETIME, dtt2.CDECIMAL10 from datatypetestm1 dtt1, datatypetestm2 dtt2 where dtt1.cidx = dtt2.cidx and dtt1.CDATETIME >= dtt2.CDECIMAL10 ;
cidx	CDATETIME	CDECIMAL10
1	1997-01-01 00:00:00	-9999999
2	1997-01-01 00:00:01	-9999998
3	1997-01-02 00:00:01	-9999997
4	1997-01-03 00:00:02	-9999996
5	1997-01-04 00:00:03	-9999995
6	2009-12-31 23:59:56	9999995
7	2009-12-31 23:59:57	9999996
8	2009-12-31 23:59:58	9999997
9	2009-12-31 23:59:59	9999998
10	2009-12-31 23:59:59	9999999
11	2009-12-31 23:59:59	0
select dtt1.cidx, dtt1.CDATETIME, dtt2.CDECIMAL10 from datatypetestm1 dtt1, datatypetestm2 dtt2 where dtt1.cidx = dtt2.cidx and dtt1.CDATETIME <> dtt2.CDECIMAL10 ;
cidx	CDATETIME	CDECIMAL10
1	1997-01-01 00:00:00	-9999999
2	1997-01-01 00:00:01	-9999998
3	1997-01-02 00:00:01	-9999997
4	1997-01-03 00:00:02	-9999996
5	1997-01-04 00:00:03	-9999995
6	2009-12-31 23:59:56	9999995
7	2009-12-31 23:59:57	9999996
8	2009-12-31 23:59:58	9999997
9	2009-12-31 23:59:59	9999998
10	2009-12-31 23:59:59	9999999
11	2009-12-31 23:59:59	0
select dtt1.cidx, dtt1.CDATETIME, dtt2.CDECIMAL10 from datatypetestm1 dtt1, datatypetestm2 dtt2 where dtt1.cidx = dtt2.cidx and dtt1.CDATETIME < dtt2.CDECIMAL10 ;
cidx	CDATETIME	CDECIMAL10
select dtt1.cidx, dtt1.CDATETIME, dtt2.CDECIMAL10 from datatypetestm1 dtt1, datatypetestm2 dtt2 where dtt1.cidx = dtt2.cidx and dtt1.CDATETIME <= dtt2.CDECIMAL10 ;
cidx	CDATETIME	CDECIMAL10
