USE autopilot;
select dtt1.cidx, dtt1.CBIGINT, dtt2.CDECIMAL10 from datatypetestm1 dtt1, datatypetestm2 dtt2 where dtt1.cidx = dtt2.cidx and dtt1.CBIGINT > dtt2.CDECIMAL10 ;
cidx	CBIGINT	CDECIMAL10
6	72036854775803	9999995
7	72036854775804	9999996
8	72036854775805	9999997
9	72036854775806	9999998
10	72036854775807	9999999
select dtt1.cidx, dtt1.CBIGINT, dtt2.CDECIMAL10 from datatypetestm1 dtt1, datatypetestm2 dtt2 where dtt1.cidx = dtt2.cidx and dtt1.CBIGINT >= dtt2.CDECIMAL10 ;
cidx	CBIGINT	CDECIMAL10
6	72036854775803	9999995
7	72036854775804	9999996
8	72036854775805	9999997
9	72036854775806	9999998
10	72036854775807	9999999
11	0	0
select dtt1.cidx, dtt1.CBIGINT, dtt2.CDECIMAL10 from datatypetestm1 dtt1, datatypetestm2 dtt2 where dtt1.cidx = dtt2.cidx and dtt1.CBIGINT <> dtt2.CDECIMAL10 ;
cidx	CBIGINT	CDECIMAL10
1	-72036854775806	-9999999
2	-72036854775805	-9999998
3	-72036854775804	-9999997
4	-72036854775803	-9999996
5	-72036854775802	-9999995
6	72036854775803	9999995
7	72036854775804	9999996
8	72036854775805	9999997
9	72036854775806	9999998
10	72036854775807	9999999
select dtt1.cidx, dtt1.CBIGINT, dtt2.CDECIMAL10 from datatypetestm1 dtt1, datatypetestm2 dtt2 where dtt1.cidx = dtt2.cidx and dtt1.CBIGINT < dtt2.CDECIMAL10 ;
cidx	CBIGINT	CDECIMAL10
1	-72036854775806	-9999999
2	-72036854775805	-9999998
3	-72036854775804	-9999997
4	-72036854775803	-9999996
5	-72036854775802	-9999995
select dtt1.cidx, dtt1.CBIGINT, dtt2.CDECIMAL10 from datatypetestm1 dtt1, datatypetestm2 dtt2 where dtt1.cidx = dtt2.cidx and dtt1.CBIGINT <= dtt2.CDECIMAL10 ;
cidx	CBIGINT	CDECIMAL10
1	-72036854775806	-9999999
2	-72036854775805	-9999998
3	-72036854775804	-9999997
4	-72036854775803	-9999996
5	-72036854775802	-9999995
11	0	0
