USE autopilot;
select dtt1.cidx, dtt1.CCHAR6, dtt2.CDECIMAL9_2 from datatypetestm1 dtt1, datatypetestm2 dtt2 where dtt1.cidx = dtt2.cidx and dtt1.CCHAR6 > dtt2.CDECIMAL9_2 ;
cidx	CCHAR6	CDECIMAL9_2
1	aaaaaa	-9999.99
2	f	-9999.98
3	ff	-9999.97
4	fff	-9999.96
5	ffff	-9999.95
select dtt1.cidx, dtt1.CCHAR6, dtt2.CDECIMAL9_2 from datatypetestm1 dtt1, datatypetestm2 dtt2 where dtt1.cidx = dtt2.cidx and dtt1.CCHAR6 >= dtt2.CDECIMAL9_2 ;
cidx	CCHAR6	CDECIMAL9_2
1	aaaaaa	-9999.99
2	f	-9999.98
3	ff	-9999.97
4	fff	-9999.96
5	ffff	-9999.95
select dtt1.cidx, dtt1.CCHAR6, dtt2.CDECIMAL9_2 from datatypetestm1 dtt1, datatypetestm2 dtt2 where dtt1.cidx = dtt2.cidx and dtt1.CCHAR6 <> dtt2.CDECIMAL9_2 ;
cidx	CCHAR6	CDECIMAL9_2
1	aaaaaa	-9999.99
2	f	-9999.98
3	ff	-9999.97
4	fff	-9999.96
5	ffff	-9999.95
6	uuuuuu	9999.95
7	uuuuuu	9999.96
8	uuuuuu	9999.97
9	uuuuuu	9999.98
10	zzzzzz	9999.99
select dtt1.cidx, dtt1.CCHAR6, dtt2.CDECIMAL9_2 from datatypetestm1 dtt1, datatypetestm2 dtt2 where dtt1.cidx = dtt2.cidx and dtt1.CCHAR6 < dtt2.CDECIMAL9_2 ;
cidx	CCHAR6	CDECIMAL9_2
6	uuuuuu	9999.95
7	uuuuuu	9999.96
8	uuuuuu	9999.97
9	uuuuuu	9999.98
10	zzzzzz	9999.99
select dtt1.cidx, dtt1.CCHAR6, dtt2.CDECIMAL9_2 from datatypetestm1 dtt1, datatypetestm2 dtt2 where dtt1.cidx = dtt2.cidx and dtt1.CCHAR6 <= dtt2.CDECIMAL9_2 ;
cidx	CCHAR6	CDECIMAL9_2
6	uuuuuu	9999.95
7	uuuuuu	9999.96
8	uuuuuu	9999.97
9	uuuuuu	9999.98
10	zzzzzz	9999.99
