USE autopilot;
select cidx, CCHAR1, UCASE(CCHAR1) from datatypetestm order by cidx;
cidx	CCHAR1	UCASE(CCHAR1)
1	a	A
select cidx, CCHAR2, UCASE(CCHAR2) from datatypetestm order by cidx;
cidx	CCHAR2	UCASE(CCHAR2)
1	aa	AA
select cidx, CCHAR3, UCASE(CCHAR3) from datatypetestm order by cidx;
cidx	CCHAR3	UCASE(CCHAR3)
1	aaa	AAA
select cidx, CCHAR4, UCASE(CCHAR4) from datatypetestm order by cidx;
cidx	CCHAR4	UCASE(CCHAR4)
1	aaaa	AAAA
select cidx, CCHAR5, UCASE(CCHAR5) from datatypetestm order by cidx;
cidx	CCHAR5	UCASE(CCHAR5)
1	aaaaa	AAAAA
select cidx, CCHAR6, UCASE(CCHAR6) from datatypetestm order by cidx;
cidx	CCHAR6	UCASE(CCHAR6)
1	aaaaaa	AAAAAA
select cidx, CCHAR7, UCASE(CCHAR7) from datatypetestm order by cidx;
cidx	CCHAR7	UCASE(CCHAR7)
1	aaaaaaa	AAAAAAA
select cidx, CCHAR8, UCASE(CCHAR8) from datatypetestm order by cidx;
cidx	CCHAR8	UCASE(CCHAR8)
1	aaaaaaaa	AAAAAAAA
select cidx, CCHAR9, UCASE(CCHAR9) from datatypetestm order by cidx;
cidx	CCHAR9	UCASE(CCHAR9)
1	aaaaaaaaa	AAAAAAAAA
select cidx, CCHAR255, UCASE(CCHAR255) from datatypetestm order by cidx;
cidx	CCHAR255	UCASE(CCHAR255)
1	aaaaaaaaaa	AAAAAAAAAA
select cidx, CVCHAR1, UCASE(CVCHAR1) from datatypetestm order by cidx;
cidx	CVCHAR1	UCASE(CVCHAR1)
1	a	A
select cidx, CVCHAR2, UCASE(CVCHAR2) from datatypetestm order by cidx;
cidx	CVCHAR2	UCASE(CVCHAR2)
1	aa	AA
select cidx, CVCHAR3, UCASE(CVCHAR3) from datatypetestm order by cidx;
cidx	CVCHAR3	UCASE(CVCHAR3)
1	aaa	AAA
select cidx, CVCHAR4, UCASE(CVCHAR4) from datatypetestm order by cidx;
cidx	CVCHAR4	UCASE(CVCHAR4)
1	aaaa	AAAA
select cidx, CVCHAR5, UCASE(CVCHAR5) from datatypetestm order by cidx;
cidx	CVCHAR5	UCASE(CVCHAR5)
1	aaaaa	AAAAA
select cidx, CVCHAR6, UCASE(CVCHAR6) from datatypetestm order by cidx;
cidx	CVCHAR6	UCASE(CVCHAR6)
1	aaaaaa	AAAAAA
select cidx, CVCHAR7, UCASE(CVCHAR7) from datatypetestm order by cidx;
cidx	CVCHAR7	UCASE(CVCHAR7)
1	aaaaaaa	AAAAAAA
select cidx, CVCHAR8, UCASE(CVCHAR8) from datatypetestm order by cidx;
cidx	CVCHAR8	UCASE(CVCHAR8)
1	aaaaaaaa	AAAAAAAA
select cidx, CVCHAR255, UCASE(CVCHAR255) from datatypetestm order by cidx;
cidx	CVCHAR255	UCASE(CVCHAR255)
1	aaaaaaaaaa	AAAAAAAAAA
select cidx, CCHAR1 from datatypetestm where UCASE(CCHAR1) <> 0 order by cidx;
cidx	CCHAR1
select cidx, CCHAR2 from datatypetestm where UCASE(CCHAR2) <> 0 order by cidx;
cidx	CCHAR2
select cidx, CCHAR3 from datatypetestm where UCASE(CCHAR3) <> 0 order by cidx;
cidx	CCHAR3
select cidx, CCHAR4 from datatypetestm where UCASE(CCHAR4) <> 0 order by cidx;
cidx	CCHAR4
select cidx, CCHAR5 from datatypetestm where UCASE(CCHAR5) <> 0 order by cidx;
cidx	CCHAR5
select cidx, CCHAR6 from datatypetestm where UCASE(CCHAR6) <> 0 order by cidx;
cidx	CCHAR6
select cidx, CCHAR7 from datatypetestm where UCASE(CCHAR7) <> 0 order by cidx;
cidx	CCHAR7
select cidx, CCHAR8 from datatypetestm where UCASE(CCHAR8) <> 0 order by cidx;
cidx	CCHAR8
select cidx, CCHAR9 from datatypetestm where UCASE(CCHAR9) <> 0 order by cidx;
cidx	CCHAR9
select cidx, CCHAR255 from datatypetestm where UCASE(CCHAR255) <> 0 order by cidx;
cidx	CCHAR255
select cidx, CVCHAR1 from datatypetestm where UCASE(CVCHAR1) <> 0 order by cidx;
cidx	CVCHAR1
select cidx, CVCHAR2 from datatypetestm where UCASE(CVCHAR2) <> 0 order by cidx;
cidx	CVCHAR2
select cidx, CVCHAR3 from datatypetestm where UCASE(CVCHAR3) <> 0 order by cidx;
cidx	CVCHAR3
select cidx, CVCHAR4 from datatypetestm where UCASE(CVCHAR4) <> 0 order by cidx;
cidx	CVCHAR4
select cidx, CVCHAR5 from datatypetestm where UCASE(CVCHAR5) <> 0 order by cidx;
cidx	CVCHAR5
select cidx, CVCHAR6 from datatypetestm where UCASE(CVCHAR6) <> 0 order by cidx;
cidx	CVCHAR6
select cidx, CVCHAR7 from datatypetestm where UCASE(CVCHAR7) <> 0 order by cidx;
cidx	CVCHAR7
select cidx, CVCHAR8 from datatypetestm where UCASE(CVCHAR8) <> 0 order by cidx;
cidx	CVCHAR8
select cidx, CVCHAR255 from datatypetestm where UCASE(CVCHAR255) <> 0 order by cidx;
cidx	CVCHAR255
