USE autopilot;
select dtt1.cidx, dtt1.CDATE, dtt2.CVCHAR255 from datatypetestm1 dtt1, datatypetestm2 dtt2 where dtt1.cidx = dtt2.cidx and dtt1.CDATE > dtt2.CVCHAR255 ;
cidx	CDATE	CVCHAR255
1	1997-01-01	aaaaaaaaaa
2	1997-01-01	j
3	1997-01-02	jj
4	1997-01-03	jjj
5	1997-01-04	jjjj
6	2009-12-28	qqqqqqq
7	2009-12-29	qqqqqqqq
8	2009-12-30	qqqqqqqqq
9	2009-12-31	qqqqqqqqqq
10	2009-12-31	zzzzzzzzzz
select dtt1.cidx, dtt1.CDATE, dtt2.CVCHAR255 from datatypetestm1 dtt1, datatypetestm2 dtt2 where dtt1.cidx = dtt2.cidx and dtt1.CDATE >= dtt2.CVCHAR255 ;
cidx	CDATE	CVCHAR255
1	1997-01-01	aaaaaaaaaa
2	1997-01-01	j
3	1997-01-02	jj
4	1997-01-03	jjj
5	1997-01-04	jjjj
6	2009-12-28	qqqqqqq
7	2009-12-29	qqqqqqqq
8	2009-12-30	qqqqqqqqq
9	2009-12-31	qqqqqqqqqq
10	2009-12-31	zzzzzzzzzz
select dtt1.cidx, dtt1.CDATE, dtt2.CVCHAR255 from datatypetestm1 dtt1, datatypetestm2 dtt2 where dtt1.cidx = dtt2.cidx and dtt1.CDATE <> dtt2.CVCHAR255 ;
cidx	CDATE	CVCHAR255
1	1997-01-01	aaaaaaaaaa
2	1997-01-01	j
3	1997-01-02	jj
4	1997-01-03	jjj
5	1997-01-04	jjjj
6	2009-12-28	qqqqqqq
7	2009-12-29	qqqqqqqq
8	2009-12-30	qqqqqqqqq
9	2009-12-31	qqqqqqqqqq
10	2009-12-31	zzzzzzzzzz
select dtt1.cidx, dtt1.CDATE, dtt2.CVCHAR255 from datatypetestm1 dtt1, datatypetestm2 dtt2 where dtt1.cidx = dtt2.cidx and dtt1.CDATE < dtt2.CVCHAR255 ;
cidx	CDATE	CVCHAR255
select dtt1.cidx, dtt1.CDATE, dtt2.CVCHAR255 from datatypetestm1 dtt1, datatypetestm2 dtt2 where dtt1.cidx = dtt2.cidx and dtt1.CDATE <= dtt2.CVCHAR255 ;
cidx	CDATE	CVCHAR255
