USE autopilot;
select dtt1.cidx, dtt1.CDECIMAL10, dtt2.CCHAR9 from datatypetestm1 dtt1, datatypetestm2 dtt2 where dtt1.cidx = dtt2.cidx and dtt1.CDECIMAL10 > dtt2.CCHAR9 ;
cidx	CDECIMAL10	CCHAR9
6	9999995	rrrrrrr
7	9999996	rrrrrrrr
8	9999997	rrrrrrrrr
9	9999998	rrrrrrrrr
10	9999999	zzzzzzzzz
select dtt1.cidx, dtt1.CDECIMAL10, dtt2.CCHAR9 from datatypetestm1 dtt1, datatypetestm2 dtt2 where dtt1.cidx = dtt2.cidx and dtt1.CDECIMAL10 >= dtt2.CCHAR9 ;
cidx	CDECIMAL10	CCHAR9
6	9999995	rrrrrrr
7	9999996	rrrrrrrr
8	9999997	rrrrrrrrr
9	9999998	rrrrrrrrr
10	9999999	zzzzzzzzz
select dtt1.cidx, dtt1.CDECIMAL10, dtt2.CCHAR9 from datatypetestm1 dtt1, datatypetestm2 dtt2 where dtt1.cidx = dtt2.cidx and dtt1.CDECIMAL10 <> dtt2.CCHAR9 ;
cidx	CDECIMAL10	CCHAR9
1	-9999999	aaaaaaaaa
2	-9999998	i
3	-9999997	ii
4	-9999996	iii
5	-9999995	iiii
6	9999995	rrrrrrr
7	9999996	rrrrrrrr
8	9999997	rrrrrrrrr
9	9999998	rrrrrrrrr
10	9999999	zzzzzzzzz
select dtt1.cidx, dtt1.CDECIMAL10, dtt2.CCHAR9 from datatypetestm1 dtt1, datatypetestm2 dtt2 where dtt1.cidx = dtt2.cidx and dtt1.CDECIMAL10 < dtt2.CCHAR9 ;
cidx	CDECIMAL10	CCHAR9
1	-9999999	aaaaaaaaa
2	-9999998	i
3	-9999997	ii
4	-9999996	iii
5	-9999995	iiii
select dtt1.cidx, dtt1.CDECIMAL10, dtt2.CCHAR9 from datatypetestm1 dtt1, datatypetestm2 dtt2 where dtt1.cidx = dtt2.cidx and dtt1.CDECIMAL10 <= dtt2.CCHAR9 ;
cidx	CDECIMAL10	CCHAR9
1	-9999999	aaaaaaaaa
2	-9999998	i
3	-9999997	ii
4	-9999996	iii
5	-9999995	iiii
