USE autopilot;
select cidx, CBIGINT, INET_ATON(CBIGINT) from datatypetestm order by cidx;
cidx	CBIGINT	INET_ATON(CBIGINT)
1	-72036854775806	NULL
select cidx, CDECIMAL1, INET_ATON(CDECIMAL1) from datatypetestm order by cidx;
cidx	CDECIMAL1	INET_ATON(CDECIMAL1)
1	-9	NULL
select cidx, CDECIMAL4, INET_ATON(CDECIMAL4) from datatypetestm order by cidx;
cidx	CDECIMAL4	INET_ATON(CDECIMAL4)
1	-999	NULL
select cidx, CDECIMAL4_2, INET_ATON(CDECIMAL4_2) from datatypetestm order by cidx;
cidx	CDECIMAL4_2	INET_ATON(CDECIMAL4_2)
1	-9.99	NULL
select cidx, CDECIMAL5, INET_ATON(CDECIMAL5) from datatypetestm order by cidx;
cidx	CDECIMAL5	INET_ATON(CDECIMAL5)
1	-999	NULL
select cidx, CDECIMAL9, INET_ATON(CDECIMAL9) from datatypetestm order by cidx;
cidx	CDECIMAL9	INET_ATON(CDECIMAL9)
1	-999999	NULL
select cidx, CDECIMAL9_2, INET_ATON(CDECIMAL9_2) from datatypetestm order by cidx;
cidx	CDECIMAL9_2	INET_ATON(CDECIMAL9_2)
1	-9999.99	NULL
select cidx, CDECIMAL10, INET_ATON(CDECIMAL10) from datatypetestm order by cidx;
cidx	CDECIMAL10	INET_ATON(CDECIMAL10)
1	-9999999	NULL
select cidx, CDECIMAL18, INET_ATON(CDECIMAL18) from datatypetestm order by cidx;
cidx	CDECIMAL18	INET_ATON(CDECIMAL18)
1	-9999999999999	NULL
select cidx, CDECIMAL18_2, INET_ATON(CDECIMAL18_2) from datatypetestm order by cidx;
cidx	CDECIMAL18_2	INET_ATON(CDECIMAL18_2)
1	-99999999999.99	NULL
select cidx, CINTEGER, INET_ATON(CINTEGER) from datatypetestm order by cidx;
cidx	CINTEGER	INET_ATON(CINTEGER)
1	-7483646	NULL
select cidx, CSMALLINT, INET_ATON(CSMALLINT) from datatypetestm order by cidx;
cidx	CSMALLINT	INET_ATON(CSMALLINT)
1	-766	NULL
select cidx, CTINYINT, INET_ATON(CTINYINT) from datatypetestm order by cidx;
cidx	CTINYINT	INET_ATON(CTINYINT)
1	-26	NULL
select cidx, CDOUBLE, INET_ATON(CDOUBLE) from datatypetestm order by cidx;
cidx	CDOUBLE	INET_ATON(CDOUBLE)
1	-1.797693231e108	NULL
select cidx, CFLOAT, INET_ATON(CFLOAT) from datatypetestm order by cidx;
cidx	CFLOAT	INET_ATON(CFLOAT)
1	-3.40287e18	NULL
select cidx, INET_ATON('0.0.0.0') from datatypetestm order by cidx;
cidx	INET_ATON('0.0.0.0')
1	0
select cidx, INET_ATON('255.255.255.255') from datatypetestm order by cidx;
cidx	INET_ATON('255.255.255.255')
1	4294967295
select cidx, INET_ATON('127.0.0.1') from datatypetestm order by cidx;
cidx	INET_ATON('127.0.0.1')
1	2130706433
select cidx, INET_ATON('192.168.2.1') from datatypetestm order by cidx;
cidx	INET_ATON('192.168.2.1')
1	3232236033
select cidx, CBIGINT from datatypetestm where INET_ATON(CBIGINT) <> 0 order by cidx;
cidx	CBIGINT
select cidx, CDECIMAL1 from datatypetestm where INET_ATON(CDECIMAL1) <> 0 order by cidx;
cidx	CDECIMAL1
select cidx, CDECIMAL4 from datatypetestm where INET_ATON(CDECIMAL4) <> 0 order by cidx;
cidx	CDECIMAL4
select cidx, CDECIMAL4_2 from datatypetestm where INET_ATON(CDECIMAL4_2) <> 0 order by cidx;
cidx	CDECIMAL4_2
select cidx, CDECIMAL5 from datatypetestm where INET_ATON(CDECIMAL5) <> 0 order by cidx;
cidx	CDECIMAL5
select cidx, CDECIMAL9 from datatypetestm where INET_ATON(CDECIMAL9) <> 0 order by cidx;
cidx	CDECIMAL9
select cidx, CDECIMAL9_2 from datatypetestm where INET_ATON(CDECIMAL9_2) <> 0 order by cidx;
cidx	CDECIMAL9_2
select cidx, CDECIMAL10 from datatypetestm where INET_ATON(CDECIMAL10) <> 0 order by cidx;
cidx	CDECIMAL10
select cidx, CDECIMAL18 from datatypetestm where INET_ATON(CDECIMAL18) <> 0 order by cidx;
cidx	CDECIMAL18
select cidx, CDECIMAL18_2 from datatypetestm where INET_ATON(CDECIMAL18_2) <> 0 order by cidx;
cidx	CDECIMAL18_2
select cidx, CINTEGER from datatypetestm where INET_ATON(CINTEGER) <> 0 order by cidx;
cidx	CINTEGER
select cidx, CSMALLINT from datatypetestm where INET_ATON(CSMALLINT) <> 0 order by cidx;
cidx	CSMALLINT
select cidx, CTINYINT from datatypetestm where INET_ATON(CTINYINT) <> 0 order by cidx;
cidx	CTINYINT
select cidx, CDOUBLE from datatypetestm where INET_ATON(CDOUBLE) <> 0 order by cidx;
cidx	CDOUBLE
select cidx, CFLOAT from datatypetestm where INET_ATON(CFLOAT) <> 0 order by cidx;
cidx	CFLOAT
