USE autopilot;
select dtt1.cidx, dtt1.CBIGINT, dtt2.CVCHAR7 from datatypetestm1 dtt1, datatypetestm2 dtt2 where dtt1.cidx = dtt2.cidx and dtt1.CBIGINT > dtt2.CVCHAR7 ;
cidx	CBIGINT	CVCHAR7
6	72036854775803	ttttttt
7	72036854775804	ttttttt
8	72036854775805	ttttttt
9	72036854775806	ttttttt
10	72036854775807	zzzzzzz
select dtt1.cidx, dtt1.CBIGINT, dtt2.CVCHAR7 from datatypetestm1 dtt1, datatypetestm2 dtt2 where dtt1.cidx = dtt2.cidx and dtt1.CBIGINT >= dtt2.CVCHAR7 ;
cidx	CBIGINT	CVCHAR7
6	72036854775803	ttttttt
7	72036854775804	ttttttt
8	72036854775805	ttttttt
9	72036854775806	ttttttt
10	72036854775807	zzzzzzz
select dtt1.cidx, dtt1.CBIGINT, dtt2.CVCHAR7 from datatypetestm1 dtt1, datatypetestm2 dtt2 where dtt1.cidx = dtt2.cidx and dtt1.CBIGINT <> dtt2.CVCHAR7 ;
cidx	CBIGINT	CVCHAR7
1	-72036854775806	aaaaaaa
2	-72036854775805	g
3	-72036854775804	gg
4	-72036854775803	ggg
5	-72036854775802	gggg
6	72036854775803	ttttttt
7	72036854775804	ttttttt
8	72036854775805	ttttttt
9	72036854775806	ttttttt
10	72036854775807	zzzzzzz
select dtt1.cidx, dtt1.CBIGINT, dtt2.CVCHAR7 from datatypetestm1 dtt1, datatypetestm2 dtt2 where dtt1.cidx = dtt2.cidx and dtt1.CBIGINT < dtt2.CVCHAR7 ;
cidx	CBIGINT	CVCHAR7
1	-72036854775806	aaaaaaa
2	-72036854775805	g
3	-72036854775804	gg
4	-72036854775803	ggg
5	-72036854775802	gggg
select dtt1.cidx, dtt1.CBIGINT, dtt2.CVCHAR7 from datatypetestm1 dtt1, datatypetestm2 dtt2 where dtt1.cidx = dtt2.cidx and dtt1.CBIGINT <= dtt2.CVCHAR7 ;
cidx	CBIGINT	CVCHAR7
1	-72036854775806	aaaaaaa
2	-72036854775805	g
3	-72036854775804	gg
4	-72036854775803	ggg
5	-72036854775802	gggg
