USE autopilot;
select dtt1.cidx, dtt1.CDATE, dtt2.CDATETIME from datatypetestm1 dtt1, datatypetestm2 dtt2 where dtt1.cidx = dtt2.cidx and dtt1.CDATE > dtt2.CDATETIME ;
cidx	CDATE	CDATETIME
select dtt1.cidx, dtt1.CDATE, dtt2.CDATETIME from datatypetestm1 dtt1, datatypetestm2 dtt2 where dtt1.cidx = dtt2.cidx and dtt1.CDATE >= dtt2.CDATETIME ;
cidx	CDATE	CDATETIME
1	1997-01-01	1997-01-01 00:00:00
select dtt1.cidx, dtt1.CDATE, dtt2.CDATETIME from datatypetestm1 dtt1, datatypetestm2 dtt2 where dtt1.cidx = dtt2.cidx and dtt1.CDATE <> dtt2.CDATETIME ;
cidx	CDATE	CDATETIME
2	1997-01-01	1997-01-01 00:00:01
3	1997-01-02	1997-01-02 00:00:01
4	1997-01-03	1997-01-03 00:00:02
5	1997-01-04	1997-01-04 00:00:03
6	2009-12-28	2009-12-31 23:59:56
7	2009-12-29	2009-12-31 23:59:57
8	2009-12-30	2009-12-31 23:59:58
9	2009-12-31	2009-12-31 23:59:59
10	2009-12-31	2009-12-31 23:59:59
11	2009-12-31	2009-12-31 23:59:59
select dtt1.cidx, dtt1.CDATE, dtt2.CDATETIME from datatypetestm1 dtt1, datatypetestm2 dtt2 where dtt1.cidx = dtt2.cidx and dtt1.CDATE < dtt2.CDATETIME ;
cidx	CDATE	CDATETIME
2	1997-01-01	1997-01-01 00:00:01
3	1997-01-02	1997-01-02 00:00:01
4	1997-01-03	1997-01-03 00:00:02
5	1997-01-04	1997-01-04 00:00:03
6	2009-12-28	2009-12-31 23:59:56
7	2009-12-29	2009-12-31 23:59:57
8	2009-12-30	2009-12-31 23:59:58
9	2009-12-31	2009-12-31 23:59:59
10	2009-12-31	2009-12-31 23:59:59
11	2009-12-31	2009-12-31 23:59:59
select dtt1.cidx, dtt1.CDATE, dtt2.CDATETIME from datatypetestm1 dtt1, datatypetestm2 dtt2 where dtt1.cidx = dtt2.cidx and dtt1.CDATE <= dtt2.CDATETIME ;
cidx	CDATE	CDATETIME
1	1997-01-01	1997-01-01 00:00:00
2	1997-01-01	1997-01-01 00:00:01
3	1997-01-02	1997-01-02 00:00:01
4	1997-01-03	1997-01-03 00:00:02
5	1997-01-04	1997-01-04 00:00:03
6	2009-12-28	2009-12-31 23:59:56
7	2009-12-29	2009-12-31 23:59:57
8	2009-12-30	2009-12-31 23:59:58
9	2009-12-31	2009-12-31 23:59:59
10	2009-12-31	2009-12-31 23:59:59
11	2009-12-31	2009-12-31 23:59:59
