USE autopilot;
select dtt1.cidx, dtt1.CDECIMAL10, dtt2.CLONGTEXT from datatypetestm1 dtt1, datatypetestm2 dtt2 where dtt1.cidx = dtt2.cidx and dtt1.CDECIMAL10 > dtt2.CLONGTEXT ;
cidx	CDECIMAL10	CLONGTEXT
6	9999995	longtextlongtextlongtext
7	9999996	longtextlongtextlongtext
8	9999997	longtextlongtextlongtext
9	9999998	longtextlongtextlongtext
10	9999999	longtextlongtextlongtext
select dtt1.cidx, dtt1.CDECIMAL10, dtt2.CLONGTEXT from datatypetestm1 dtt1, datatypetestm2 dtt2 where dtt1.cidx = dtt2.cidx and dtt1.CDECIMAL10 >= dtt2.CLONGTEXT ;
cidx	CDECIMAL10	CLONGTEXT
6	9999995	longtextlongtextlongtext
7	9999996	longtextlongtextlongtext
8	9999997	longtextlongtextlongtext
9	9999998	longtextlongtextlongtext
10	9999999	longtextlongtextlongtext
select dtt1.cidx, dtt1.CDECIMAL10, dtt2.CLONGTEXT from datatypetestm1 dtt1, datatypetestm2 dtt2 where dtt1.cidx = dtt2.cidx and dtt1.CDECIMAL10 <> dtt2.CLONGTEXT ;
cidx	CDECIMAL10	CLONGTEXT
1	-9999999	longtextlongtextlongtext
2	-9999998	longtextlongtextlongtext
3	-9999997	longtextlongtextlongtext
4	-9999996	longtextlongtextlongtext
5	-9999995	longtextlongtextlongtext
6	9999995	longtextlongtextlongtext
7	9999996	longtextlongtextlongtext
8	9999997	longtextlongtextlongtext
9	9999998	longtextlongtextlongtext
10	9999999	longtextlongtextlongtext
select dtt1.cidx, dtt1.CDECIMAL10, dtt2.CLONGTEXT from datatypetestm1 dtt1, datatypetestm2 dtt2 where dtt1.cidx = dtt2.cidx and dtt1.CDECIMAL10 < dtt2.CLONGTEXT ;
cidx	CDECIMAL10	CLONGTEXT
1	-9999999	longtextlongtextlongtext
2	-9999998	longtextlongtextlongtext
3	-9999997	longtextlongtextlongtext
4	-9999996	longtextlongtextlongtext
5	-9999995	longtextlongtextlongtext
select dtt1.cidx, dtt1.CDECIMAL10, dtt2.CLONGTEXT from datatypetestm1 dtt1, datatypetestm2 dtt2 where dtt1.cidx = dtt2.cidx and dtt1.CDECIMAL10 <= dtt2.CLONGTEXT ;
cidx	CDECIMAL10	CLONGTEXT
1	-9999999	longtextlongtextlongtext
2	-9999998	longtextlongtextlongtext
3	-9999997	longtextlongtextlongtext
4	-9999996	longtextlongtextlongtext
5	-9999995	longtextlongtextlongtext
