USE autopilot;
select cidx, CBIGINT, ASCII(CBIGINT) from datatypetestm order by cidx;
cidx	CBIGINT	ASCII(CBIGINT)
1	-72036854775806	45
select cidx, CDECIMAL1, ASCII(CDECIMAL1) from datatypetestm order by cidx;
cidx	CDECIMAL1	ASCII(CDECIMAL1)
1	-9	45
select cidx, CDECIMAL4, ASCII(CDECIMAL4) from datatypetestm order by cidx;
cidx	CDECIMAL4	ASCII(CDECIMAL4)
1	-999	45
select cidx, CDECIMAL4_2, ASCII(CDECIMAL4_2) from datatypetestm order by cidx;
cidx	CDECIMAL4_2	ASCII(CDECIMAL4_2)
1	-9.99	45
select cidx, CDECIMAL5, ASCII(CDECIMAL5) from datatypetestm order by cidx;
cidx	CDECIMAL5	ASCII(CDECIMAL5)
1	-999	45
select cidx, CDECIMAL9, ASCII(CDECIMAL9) from datatypetestm order by cidx;
cidx	CDECIMAL9	ASCII(CDECIMAL9)
1	-999999	45
select cidx, CDECIMAL9_2, ASCII(CDECIMAL9_2) from datatypetestm order by cidx;
cidx	CDECIMAL9_2	ASCII(CDECIMAL9_2)
1	-9999.99	45
select cidx, CDECIMAL10, ASCII(CDECIMAL10) from datatypetestm order by cidx;
cidx	CDECIMAL10	ASCII(CDECIMAL10)
1	-9999999	45
select cidx, CDECIMAL18, ASCII(CDECIMAL18) from datatypetestm order by cidx;
cidx	CDECIMAL18	ASCII(CDECIMAL18)
1	-9999999999999	45
select cidx, CDECIMAL18_2, ASCII(CDECIMAL18_2) from datatypetestm order by cidx;
cidx	CDECIMAL18_2	ASCII(CDECIMAL18_2)
1	-99999999999.99	45
select cidx, CINTEGER, ASCII(CINTEGER) from datatypetestm order by cidx;
cidx	CINTEGER	ASCII(CINTEGER)
1	-7483646	45
select cidx, CSMALLINT, ASCII(CSMALLINT) from datatypetestm order by cidx;
cidx	CSMALLINT	ASCII(CSMALLINT)
1	-766	45
select cidx, CTINYINT, ASCII(CTINYINT) from datatypetestm order by cidx;
cidx	CTINYINT	ASCII(CTINYINT)
1	-26	45
select cidx, CDOUBLE, ASCII(CDOUBLE) from datatypetestm order by cidx;
cidx	CDOUBLE	ASCII(CDOUBLE)
1	-1.797693231e108	45
select cidx, CFLOAT, ASCII(CFLOAT) from datatypetestm order by cidx;
cidx	CFLOAT	ASCII(CFLOAT)
1	-3.40287e18	45
select cidx, ASCII('NULL') from datatypetestm order by cidx;
cidx	ASCII('NULL')
1	78
select cidx, ASCII('null') from datatypetestm order by cidx;
cidx	ASCII('null')
1	110
select cidx, ASCII(' ') from datatypetestm order by cidx;
cidx	ASCII(' ')
1	32
select cidx, ASCII(' THIS ') from datatypetestm order by cidx;
cidx	ASCII(' THIS ')
1	32
select cidx, ASCII('this') from datatypetestm order by cidx;
cidx	ASCII('this')
1	116
select cidx, ASCII('t') from datatypetestm order by cidx;
cidx	ASCII('t')
1	116
select cidx, CBIGINT from datatypetestm order by ASCII(CBIGINT), cidx;
cidx	CBIGINT
1	-72036854775806
select cidx, CDECIMAL1 from datatypetestm order by ASCII(CDECIMAL1), cidx;
cidx	CDECIMAL1
1	-9
select cidx, CDECIMAL4 from datatypetestm order by ASCII(CDECIMAL4), cidx;
cidx	CDECIMAL4
1	-999
select cidx, CDECIMAL4_2 from datatypetestm order by ASCII(CDECIMAL4_2), cidx;
cidx	CDECIMAL4_2
1	-9.99
select cidx, CDECIMAL5 from datatypetestm order by ASCII(CDECIMAL5), cidx;
cidx	CDECIMAL5
1	-999
select cidx, CDECIMAL9 from datatypetestm order by ASCII(CDECIMAL9), cidx;
cidx	CDECIMAL9
1	-999999
select cidx, CDECIMAL9_2 from datatypetestm order by ASCII(CDECIMAL9_2), cidx;
cidx	CDECIMAL9_2
1	-9999.99
select cidx, CDECIMAL10 from datatypetestm order by ASCII(CDECIMAL10), cidx;
cidx	CDECIMAL10
1	-9999999
select cidx, CDECIMAL18 from datatypetestm order by ASCII(CDECIMAL18), cidx;
cidx	CDECIMAL18
1	-9999999999999
select cidx, CDECIMAL18_2 from datatypetestm order by ASCII(CDECIMAL18_2), cidx;
cidx	CDECIMAL18_2
1	-99999999999.99
select cidx, CINTEGER from datatypetestm order by ASCII(CINTEGER), cidx;
cidx	CINTEGER
1	-7483646
select cidx, CSMALLINT from datatypetestm order by ASCII(CSMALLINT), cidx;
cidx	CSMALLINT
1	-766
select cidx, CTINYINT from datatypetestm order by ASCII(CTINYINT), cidx;
cidx	CTINYINT
1	-26
select cidx, CDOUBLE from datatypetestm order by ASCII(CDOUBLE), cidx;
cidx	CDOUBLE
1	-1.797693231e108
select cidx, CFLOAT from datatypetestm order by ASCII(CFLOAT), cidx;
cidx	CFLOAT
1	-3.40287e18
