USE autopilot;
select dtt1.cidx, dtt1.CDATE, dtt2.CVCHAR5 from datatypetestm1 dtt1, datatypetestm2 dtt2 where dtt1.cidx = dtt2.cidx and dtt1.CDATE > dtt2.CVCHAR5 ;
cidx	CDATE	CVCHAR5
1	1997-01-01	aaaaa
2	1997-01-01	e
3	1997-01-02	ee
4	1997-01-03	eee
5	1997-01-04	eeee
6	2009-12-28	vvvvv
7	2009-12-29	vvvvv
8	2009-12-30	vvvvv
9	2009-12-31	vvvvv
10	2009-12-31	zzzzz
select dtt1.cidx, dtt1.CDATE, dtt2.CVCHAR5 from datatypetestm1 dtt1, datatypetestm2 dtt2 where dtt1.cidx = dtt2.cidx and dtt1.CDATE >= dtt2.CVCHAR5 ;
cidx	CDATE	CVCHAR5
1	1997-01-01	aaaaa
2	1997-01-01	e
3	1997-01-02	ee
4	1997-01-03	eee
5	1997-01-04	eeee
6	2009-12-28	vvvvv
7	2009-12-29	vvvvv
8	2009-12-30	vvvvv
9	2009-12-31	vvvvv
10	2009-12-31	zzzzz
select dtt1.cidx, dtt1.CDATE, dtt2.CVCHAR5 from datatypetestm1 dtt1, datatypetestm2 dtt2 where dtt1.cidx = dtt2.cidx and dtt1.CDATE <> dtt2.CVCHAR5 ;
cidx	CDATE	CVCHAR5
1	1997-01-01	aaaaa
2	1997-01-01	e
3	1997-01-02	ee
4	1997-01-03	eee
5	1997-01-04	eeee
6	2009-12-28	vvvvv
7	2009-12-29	vvvvv
8	2009-12-30	vvvvv
9	2009-12-31	vvvvv
10	2009-12-31	zzzzz
select dtt1.cidx, dtt1.CDATE, dtt2.CVCHAR5 from datatypetestm1 dtt1, datatypetestm2 dtt2 where dtt1.cidx = dtt2.cidx and dtt1.CDATE < dtt2.CVCHAR5 ;
cidx	CDATE	CVCHAR5
select dtt1.cidx, dtt1.CDATE, dtt2.CVCHAR5 from datatypetestm1 dtt1, datatypetestm2 dtt2 where dtt1.cidx = dtt2.cidx and dtt1.CDATE <= dtt2.CVCHAR5 ;
cidx	CDATE	CVCHAR5
