USE autopilot;
select COUNT(CCHAR1) from datatypetestm;
COUNT(CCHAR1)
1
select COUNT(CCHAR2) from datatypetestm;
COUNT(CCHAR2)
1
select COUNT(CCHAR3) from datatypetestm;
COUNT(CCHAR3)
1
select COUNT(CCHAR4) from datatypetestm;
COUNT(CCHAR4)
1
select COUNT(CCHAR5) from datatypetestm;
COUNT(CCHAR5)
1
select COUNT(CCHAR6) from datatypetestm;
COUNT(CCHAR6)
1
select COUNT(CCHAR7) from datatypetestm;
COUNT(CCHAR7)
1
select COUNT(CCHAR8) from datatypetestm;
COUNT(CCHAR8)
1
select COUNT(CCHAR9) from datatypetestm;
COUNT(CCHAR9)
1
select COUNT(CCHAR255) from datatypetestm;
COUNT(CCHAR255)
1
select COUNT(CVCHAR1) from datatypetestm;
COUNT(CVCHAR1)
1
select COUNT(CVCHAR2) from datatypetestm;
COUNT(CVCHAR2)
1
select COUNT(CVCHAR3) from datatypetestm;
COUNT(CVCHAR3)
1
select COUNT(CVCHAR4) from datatypetestm;
COUNT(CVCHAR4)
1
select COUNT(CVCHAR5) from datatypetestm;
COUNT(CVCHAR5)
1
select COUNT(CVCHAR6) from datatypetestm;
COUNT(CVCHAR6)
1
select COUNT(CVCHAR7) from datatypetestm;
COUNT(CVCHAR7)
1
select COUNT(CVCHAR8) from datatypetestm;
COUNT(CVCHAR8)
1
select COUNT(CVCHAR255) from datatypetestm;
COUNT(CVCHAR255)
1
select cidx, CCHAR1, COUNT(CCHAR1) from datatypetestm group by cidx, CCHAR1 order by cidx;
cidx	CCHAR1	COUNT(CCHAR1)
1	a	1
select cidx, CCHAR2, COUNT(CCHAR2) from datatypetestm group by cidx, CCHAR2 order by cidx;
cidx	CCHAR2	COUNT(CCHAR2)
1	aa	1
select cidx, CCHAR3, COUNT(CCHAR3) from datatypetestm group by cidx, CCHAR3 order by cidx;
cidx	CCHAR3	COUNT(CCHAR3)
1	aaa	1
select cidx, CCHAR4, COUNT(CCHAR4) from datatypetestm group by cidx, CCHAR4 order by cidx;
cidx	CCHAR4	COUNT(CCHAR4)
1	aaaa	1
select cidx, CCHAR5, COUNT(CCHAR5) from datatypetestm group by cidx, CCHAR5 order by cidx;
cidx	CCHAR5	COUNT(CCHAR5)
1	aaaaa	1
select cidx, CCHAR6, COUNT(CCHAR6) from datatypetestm group by cidx, CCHAR6 order by cidx;
cidx	CCHAR6	COUNT(CCHAR6)
1	aaaaaa	1
select cidx, CCHAR7, COUNT(CCHAR7) from datatypetestm group by cidx, CCHAR7 order by cidx;
cidx	CCHAR7	COUNT(CCHAR7)
1	aaaaaaa	1
select cidx, CCHAR8, COUNT(CCHAR8) from datatypetestm group by cidx, CCHAR8 order by cidx;
cidx	CCHAR8	COUNT(CCHAR8)
1	aaaaaaaa	1
select cidx, CCHAR9, COUNT(CCHAR9) from datatypetestm group by cidx, CCHAR9 order by cidx;
cidx	CCHAR9	COUNT(CCHAR9)
1	aaaaaaaaa	1
select cidx, CCHAR255, COUNT(CCHAR255) from datatypetestm group by cidx, CCHAR255 order by cidx;
cidx	CCHAR255	COUNT(CCHAR255)
1	aaaaaaaaaa	1
select cidx, CVCHAR1, COUNT(CVCHAR1) from datatypetestm group by cidx, CVCHAR1 order by cidx;
cidx	CVCHAR1	COUNT(CVCHAR1)
1	a	1
select cidx, CVCHAR2, COUNT(CVCHAR2) from datatypetestm group by cidx, CVCHAR2 order by cidx;
cidx	CVCHAR2	COUNT(CVCHAR2)
1	aa	1
select cidx, CVCHAR3, COUNT(CVCHAR3) from datatypetestm group by cidx, CVCHAR3 order by cidx;
cidx	CVCHAR3	COUNT(CVCHAR3)
1	aaa	1
select cidx, CVCHAR4, COUNT(CVCHAR4) from datatypetestm group by cidx, CVCHAR4 order by cidx;
cidx	CVCHAR4	COUNT(CVCHAR4)
1	aaaa	1
select cidx, CVCHAR5, COUNT(CVCHAR5) from datatypetestm group by cidx, CVCHAR5 order by cidx;
cidx	CVCHAR5	COUNT(CVCHAR5)
1	aaaaa	1
select cidx, CVCHAR6, COUNT(CVCHAR6) from datatypetestm group by cidx, CVCHAR6 order by cidx;
cidx	CVCHAR6	COUNT(CVCHAR6)
1	aaaaaa	1
select cidx, CVCHAR7, COUNT(CVCHAR7) from datatypetestm group by cidx, CVCHAR7 order by cidx;
cidx	CVCHAR7	COUNT(CVCHAR7)
1	aaaaaaa	1
select cidx, CVCHAR8, COUNT(CVCHAR8) from datatypetestm group by cidx, CVCHAR8 order by cidx;
cidx	CVCHAR8	COUNT(CVCHAR8)
1	aaaaaaaa	1
select cidx, CVCHAR255, COUNT(CVCHAR255) from datatypetestm group by cidx, CVCHAR255 order by cidx;
cidx	CVCHAR255	COUNT(CVCHAR255)
1	aaaaaaaaaa	1
