USE autopilot;
select cidx, CBIGINT, SIN(CBIGINT) from datatypetestm order by cidx;
cidx	CBIGINT	SIN(CBIGINT)
1	-72036854775806	0.20381107569343573
select cidx, CDECIMAL1, SIN(CDECIMAL1) from datatypetestm order by cidx;
cidx	CDECIMAL1	SIN(CDECIMAL1)
1	-9	-0.4121184852417566
select cidx, CDECIMAL4, SIN(CDECIMAL4) from datatypetestm order by cidx;
cidx	CDECIMAL4	SIN(CDECIMAL4)
1	-999	0.026460752737064126
select cidx, CDECIMAL4_2, SIN(CDECIMAL4_2) from datatypetestm order by cidx;
cidx	CDECIMAL4_2	SIN(CDECIMAL4_2)
1	-9.99	0.5356033346142913
select cidx, CDECIMAL5, SIN(CDECIMAL5) from datatypetestm order by cidx;
cidx	CDECIMAL5	SIN(CDECIMAL5)
1	-999	0.026460752737064126
select cidx, CDECIMAL9, SIN(CDECIMAL9) from datatypetestm order by cidx;
cidx	CDECIMAL9	SIN(CDECIMAL9)
1	-999999	0.9773520315382229
select cidx, CDECIMAL9_2, SIN(CDECIMAL9_2) from datatypetestm order by cidx;
cidx	CDECIMAL9_2	SIN(CDECIMAL9_2)
1	-9999.99	0.2960777133051159
select cidx, CDECIMAL10, SIN(CDECIMAL10) from datatypetestm order by cidx;
cidx	CDECIMAL10	SIN(CDECIMAL10)
1	-9999999	-0.9906646477361263
select cidx, CDECIMAL18, SIN(CDECIMAL18) from datatypetestm order by cidx;
cidx	CDECIMAL18	SIN(CDECIMAL18)
1	-9999999999999	0.9616791806012042
select cidx, CDECIMAL18_2, SIN(CDECIMAL18_2) from datatypetestm order by cidx;
cidx	CDECIMAL18_2	SIN(CDECIMAL18_2)
1	-99999999999.99	-0.924940898112301
select cidx, CINTEGER, SIN(CINTEGER) from datatypetestm order by cidx;
cidx	CINTEGER	SIN(CINTEGER)
1	-7483646	-0.9997915259435195
select cidx, CSMALLINT, SIN(CSMALLINT) from datatypetestm order by cidx;
cidx	CSMALLINT	SIN(CSMALLINT)
1	-766	0.521499561602246
select cidx, CTINYINT, SIN(CTINYINT) from datatypetestm order by cidx;
cidx	CTINYINT	SIN(CTINYINT)
1	-26	-0.7625584504796027
select cidx, CDOUBLE, SIN(CDOUBLE) from datatypetestm order by cidx;
cidx	CDOUBLE	SIN(CDOUBLE)
1	-1.797693231e108	0.7387411169580271
select cidx, CFLOAT, SIN(CFLOAT) from datatypetestm order by cidx;
cidx	CFLOAT	SIN(CFLOAT)
1	-3.40287e18	0.3269417845340375
select cidx, SIN(0*cidx) from datatypetestm order by cidx;
cidx	SIN(0*cidx)
1	0
select cidx, SIN(60*cidx) from datatypetestm order by cidx;
cidx	SIN(60*cidx)
1	-0.3048106211022167
select cidx, SIN(90*cidx) from datatypetestm order by cidx;
cidx	SIN(90*cidx)
1	0.8939966636005579
select cidx, SIN(180*cidx) from datatypetestm order by cidx;
cidx	SIN(180*cidx)
1	-0.8011526357338304
select cidx, SIN(360*cidx) from datatypetestm order by cidx;
cidx	SIN(360*cidx)
1	0.9589157234143065
select cidx, CBIGINT from datatypetestm order by SIN(CBIGINT), cidx;
cidx	CBIGINT
1	-72036854775806
select cidx, CDECIMAL1 from datatypetestm order by SIN(CDECIMAL1), cidx;
cidx	CDECIMAL1
1	-9
select cidx, CDECIMAL4 from datatypetestm order by SIN(CDECIMAL4), cidx;
cidx	CDECIMAL4
1	-999
select cidx, CDECIMAL4_2 from datatypetestm order by SIN(CDECIMAL4_2), cidx;
cidx	CDECIMAL4_2
1	-9.99
select cidx, CDECIMAL5 from datatypetestm order by SIN(CDECIMAL5), cidx;
cidx	CDECIMAL5
1	-999
select cidx, CDECIMAL9 from datatypetestm order by SIN(CDECIMAL9), cidx;
cidx	CDECIMAL9
1	-999999
select cidx, CDECIMAL9_2 from datatypetestm order by SIN(CDECIMAL9_2), cidx;
cidx	CDECIMAL9_2
1	-9999.99
select cidx, CDECIMAL10 from datatypetestm order by SIN(CDECIMAL10), cidx;
cidx	CDECIMAL10
1	-9999999
select cidx, CDECIMAL18 from datatypetestm order by SIN(CDECIMAL18), cidx;
cidx	CDECIMAL18
1	-9999999999999
select cidx, CDECIMAL18_2 from datatypetestm order by SIN(CDECIMAL18_2), cidx;
cidx	CDECIMAL18_2
1	-99999999999.99
select cidx, CINTEGER from datatypetestm order by SIN(CINTEGER), cidx;
cidx	CINTEGER
1	-7483646
select cidx, CSMALLINT from datatypetestm order by SIN(CSMALLINT), cidx;
cidx	CSMALLINT
1	-766
select cidx, CTINYINT from datatypetestm order by SIN(CTINYINT), cidx;
cidx	CTINYINT
1	-26
select cidx, CDOUBLE from datatypetestm order by SIN(CDOUBLE), cidx;
cidx	CDOUBLE
1	-1.797693231e108
select cidx, CFLOAT from datatypetestm order by SIN(CFLOAT), cidx;
cidx	CFLOAT
1	-3.40287e18
