USE autopilot;
select MIN(CBIGINT) from datatypetestm;
MIN(CBIGINT)
-72036854775806
select MIN(CDECIMAL1) from datatypetestm;
MIN(CDECIMAL1)
-9
select MIN(CDECIMAL4) from datatypetestm;
MIN(CDECIMAL4)
-999
select MIN(CDECIMAL4_2) from datatypetestm;
MIN(CDECIMAL4_2)
-9.99
select MIN(CDECIMAL5) from datatypetestm;
MIN(CDECIMAL5)
-999
select MIN(CDECIMAL9) from datatypetestm;
MIN(CDECIMAL9)
-999999
select MIN(CDECIMAL9_2) from datatypetestm;
MIN(CDECIMAL9_2)
-9999.99
select MIN(CDECIMAL10) from datatypetestm;
MIN(CDECIMAL10)
-9999999
select MIN(CDECIMAL18) from datatypetestm;
MIN(CDECIMAL18)
-9999999999999
select MIN(CDECIMAL18_2) from datatypetestm;
MIN(CDECIMAL18_2)
-99999999999.99
select MIN(CINTEGER) from datatypetestm;
MIN(CINTEGER)
-7483646
select MIN(CSMALLINT) from datatypetestm;
MIN(CSMALLINT)
-766
select MIN(CTINYINT) from datatypetestm;
MIN(CTINYINT)
-26
select MIN(CDOUBLE) from datatypetestm;
MIN(CDOUBLE)
-1.797693231e108
select MIN(CFLOAT) from datatypetestm;
MIN(CFLOAT)
-3.40287e18
select cidx, CBIGINT, MIN(CBIGINT) from datatypetestm group by cidx, CBIGINT order by cidx;
cidx	CBIGINT	MIN(CBIGINT)
1	-72036854775806	-72036854775806
select cidx, CDECIMAL1, MIN(CDECIMAL1) from datatypetestm group by cidx, CDECIMAL1 order by cidx;
cidx	CDECIMAL1	MIN(CDECIMAL1)
1	-9	-9
select cidx, CDECIMAL4, MIN(CDECIMAL4) from datatypetestm group by cidx, CDECIMAL4 order by cidx;
cidx	CDECIMAL4	MIN(CDECIMAL4)
1	-999	-999
select cidx, CDECIMAL4_2, MIN(CDECIMAL4_2) from datatypetestm group by cidx, CDECIMAL4_2 order by cidx;
cidx	CDECIMAL4_2	MIN(CDECIMAL4_2)
1	-9.99	-9.99
select cidx, CDECIMAL5, MIN(CDECIMAL5) from datatypetestm group by cidx, CDECIMAL5 order by cidx;
cidx	CDECIMAL5	MIN(CDECIMAL5)
1	-999	-999
select cidx, CDECIMAL9, MIN(CDECIMAL9) from datatypetestm group by cidx, CDECIMAL9 order by cidx;
cidx	CDECIMAL9	MIN(CDECIMAL9)
1	-999999	-999999
select cidx, CDECIMAL9_2, MIN(CDECIMAL9_2) from datatypetestm group by cidx, CDECIMAL9_2 order by cidx;
cidx	CDECIMAL9_2	MIN(CDECIMAL9_2)
1	-9999.99	-9999.99
select cidx, CDECIMAL10, MIN(CDECIMAL10) from datatypetestm group by cidx, CDECIMAL10 order by cidx;
cidx	CDECIMAL10	MIN(CDECIMAL10)
1	-9999999	-9999999
select cidx, CDECIMAL18, MIN(CDECIMAL18) from datatypetestm group by cidx, CDECIMAL18 order by cidx;
cidx	CDECIMAL18	MIN(CDECIMAL18)
1	-9999999999999	-9999999999999
select cidx, CDECIMAL18_2, MIN(CDECIMAL18_2) from datatypetestm group by cidx, CDECIMAL18_2 order by cidx;
cidx	CDECIMAL18_2	MIN(CDECIMAL18_2)
1	-99999999999.99	-99999999999.99
select cidx, CINTEGER, MIN(CINTEGER) from datatypetestm group by cidx, CINTEGER order by cidx;
cidx	CINTEGER	MIN(CINTEGER)
1	-7483646	-7483646
select cidx, CSMALLINT, MIN(CSMALLINT) from datatypetestm group by cidx, CSMALLINT order by cidx;
cidx	CSMALLINT	MIN(CSMALLINT)
1	-766	-766
select cidx, CTINYINT, MIN(CTINYINT) from datatypetestm group by cidx, CTINYINT order by cidx;
cidx	CTINYINT	MIN(CTINYINT)
1	-26	-26
select cidx, CDOUBLE, MIN(CDOUBLE) from datatypetestm group by cidx, CDOUBLE order by cidx;
cidx	CDOUBLE	MIN(CDOUBLE)
1	-1.797693231e108	-1.797693231e108
select cidx, CFLOAT, MIN(CFLOAT) from datatypetestm group by cidx, CFLOAT order by cidx;
cidx	CFLOAT	MIN(CFLOAT)
1	-3.40287e18	-3.40287e18
