USE autopilot;
select cidx, CDATE, TIME(CDATE) from datatypetestm order by cidx;
cidx	CDATE	TIME(CDATE)
1	1997-01-01	NULL
select cidx, CDATETIME, TIME(CDATETIME) from datatypetestm order by cidx;
cidx	CDATETIME	TIME(CDATETIME)
1	1997-01-01 00:00:00	00:00:00
select cidx, CTIME, TIME(CTIME) from datatypetestm order by cidx;
cidx	CTIME	TIME(CTIME)
1	13:00:00	13:00:00
select cidx, CDATE from datatypetestm where TIME(CDATE) <> 0 order by cidx;
cidx	CDATE
select cidx, CDATETIME from datatypetestm where TIME(CDATETIME) <> 0 order by cidx;
cidx	CDATETIME
select cidx, CTIME from datatypetestm where TIME(CTIME) <> 0 order by cidx;
cidx	CTIME
1	13:00:00
