USE autopilot;
select dtt1.cidx, dtt1.CCHAR5, dtt2.CMEDIUMINT from datatypetestm1 dtt1, datatypetestm2 dtt2 where dtt1.cidx = dtt2.cidx and dtt1.CCHAR5 > dtt2.CMEDIUMINT ;
cidx	CCHAR5	CMEDIUMINT
select dtt1.cidx, dtt1.CCHAR5, dtt2.CMEDIUMINT from datatypetestm1 dtt1, datatypetestm2 dtt2 where dtt1.cidx = dtt2.cidx and dtt1.CCHAR5 >= dtt2.CMEDIUMINT ;
cidx	CCHAR5	CMEDIUMINT
select dtt1.cidx, dtt1.CCHAR5, dtt2.CMEDIUMINT from datatypetestm1 dtt1, datatypetestm2 dtt2 where dtt1.cidx = dtt2.cidx and dtt1.CCHAR5 <> dtt2.CMEDIUMINT ;
cidx	CCHAR5	CMEDIUMINT
1	aaaaa	1000
2	e	1000
3	ee	1000
4	eee	1000
5	eeee	1000
6	vvvvv	1000
7	vvvvv	1000
8	vvvvv	1000
9	vvvvv	1000
10	zzzzz	1000
select dtt1.cidx, dtt1.CCHAR5, dtt2.CMEDIUMINT from datatypetestm1 dtt1, datatypetestm2 dtt2 where dtt1.cidx = dtt2.cidx and dtt1.CCHAR5 < dtt2.CMEDIUMINT ;
cidx	CCHAR5	CMEDIUMINT
1	aaaaa	1000
2	e	1000
3	ee	1000
4	eee	1000
5	eeee	1000
6	vvvvv	1000
7	vvvvv	1000
8	vvvvv	1000
9	vvvvv	1000
10	zzzzz	1000
select dtt1.cidx, dtt1.CCHAR5, dtt2.CMEDIUMINT from datatypetestm1 dtt1, datatypetestm2 dtt2 where dtt1.cidx = dtt2.cidx and dtt1.CCHAR5 <= dtt2.CMEDIUMINT ;
cidx	CCHAR5	CMEDIUMINT
1	aaaaa	1000
2	e	1000
3	ee	1000
4	eee	1000
5	eeee	1000
6	vvvvv	1000
7	vvvvv	1000
8	vvvvv	1000
9	vvvvv	1000
10	zzzzz	1000
