USE autopilot;
select dtt1.cidx, dtt1.CCHAR6, dtt2.CDECIMAL10 from datatypetestm1 dtt1, datatypetestm2 dtt2 where dtt1.cidx = dtt2.cidx and dtt1.CCHAR6 > dtt2.CDECIMAL10 ;
cidx	CCHAR6	CDECIMAL10
1	aaaaaa	-9999999
2	f	-9999998
3	ff	-9999997
4	fff	-9999996
5	ffff	-9999995
select dtt1.cidx, dtt1.CCHAR6, dtt2.CDECIMAL10 from datatypetestm1 dtt1, datatypetestm2 dtt2 where dtt1.cidx = dtt2.cidx and dtt1.CCHAR6 >= dtt2.CDECIMAL10 ;
cidx	CCHAR6	CDECIMAL10
1	aaaaaa	-9999999
2	f	-9999998
3	ff	-9999997
4	fff	-9999996
5	ffff	-9999995
select dtt1.cidx, dtt1.CCHAR6, dtt2.CDECIMAL10 from datatypetestm1 dtt1, datatypetestm2 dtt2 where dtt1.cidx = dtt2.cidx and dtt1.CCHAR6 <> dtt2.CDECIMAL10 ;
cidx	CCHAR6	CDECIMAL10
1	aaaaaa	-9999999
2	f	-9999998
3	ff	-9999997
4	fff	-9999996
5	ffff	-9999995
6	uuuuuu	9999995
7	uuuuuu	9999996
8	uuuuuu	9999997
9	uuuuuu	9999998
10	zzzzzz	9999999
select dtt1.cidx, dtt1.CCHAR6, dtt2.CDECIMAL10 from datatypetestm1 dtt1, datatypetestm2 dtt2 where dtt1.cidx = dtt2.cidx and dtt1.CCHAR6 < dtt2.CDECIMAL10 ;
cidx	CCHAR6	CDECIMAL10
6	uuuuuu	9999995
7	uuuuuu	9999996
8	uuuuuu	9999997
9	uuuuuu	9999998
10	zzzzzz	9999999
select dtt1.cidx, dtt1.CCHAR6, dtt2.CDECIMAL10 from datatypetestm1 dtt1, datatypetestm2 dtt2 where dtt1.cidx = dtt2.cidx and dtt1.CCHAR6 <= dtt2.CDECIMAL10 ;
cidx	CCHAR6	CDECIMAL10
6	uuuuuu	9999995
7	uuuuuu	9999996
8	uuuuuu	9999997
9	uuuuuu	9999998
10	zzzzzz	9999999
