USE autopilot;
select dtt1.cidx, dtt1.CCHAR6, dtt2.CBIGINT from datatypetestm1 dtt1, datatypetestm2 dtt2 where dtt1.cidx = dtt2.cidx and dtt1.CCHAR6 > dtt2.CBIGINT ;
cidx	CCHAR6	CBIGINT
1	aaaaaa	-72036854775806
2	f	-72036854775805
3	ff	-72036854775804
4	fff	-72036854775803
5	ffff	-72036854775802
select dtt1.cidx, dtt1.CCHAR6, dtt2.CBIGINT from datatypetestm1 dtt1, datatypetestm2 dtt2 where dtt1.cidx = dtt2.cidx and dtt1.CCHAR6 >= dtt2.CBIGINT ;
cidx	CCHAR6	CBIGINT
1	aaaaaa	-72036854775806
2	f	-72036854775805
3	ff	-72036854775804
4	fff	-72036854775803
5	ffff	-72036854775802
select dtt1.cidx, dtt1.CCHAR6, dtt2.CBIGINT from datatypetestm1 dtt1, datatypetestm2 dtt2 where dtt1.cidx = dtt2.cidx and dtt1.CCHAR6 <> dtt2.CBIGINT ;
cidx	CCHAR6	CBIGINT
1	aaaaaa	-72036854775806
2	f	-72036854775805
3	ff	-72036854775804
4	fff	-72036854775803
5	ffff	-72036854775802
6	uuuuuu	72036854775803
7	uuuuuu	72036854775804
8	uuuuuu	72036854775805
9	uuuuuu	72036854775806
10	zzzzzz	72036854775807
select dtt1.cidx, dtt1.CCHAR6, dtt2.CBIGINT from datatypetestm1 dtt1, datatypetestm2 dtt2 where dtt1.cidx = dtt2.cidx and dtt1.CCHAR6 < dtt2.CBIGINT ;
cidx	CCHAR6	CBIGINT
6	uuuuuu	72036854775803
7	uuuuuu	72036854775804
8	uuuuuu	72036854775805
9	uuuuuu	72036854775806
10	zzzzzz	72036854775807
select dtt1.cidx, dtt1.CCHAR6, dtt2.CBIGINT from datatypetestm1 dtt1, datatypetestm2 dtt2 where dtt1.cidx = dtt2.cidx and dtt1.CCHAR6 <= dtt2.CBIGINT ;
cidx	CCHAR6	CBIGINT
6	uuuuuu	72036854775803
7	uuuuuu	72036854775804
8	uuuuuu	72036854775805
9	uuuuuu	72036854775806
10	zzzzzz	72036854775807
