USE autopilot;
select MAX(CCHAR1) from datatypetestm;
MAX(CCHAR1)
a
select MAX(CCHAR2) from datatypetestm;
MAX(CCHAR2)
aa
select MAX(CCHAR3) from datatypetestm;
MAX(CCHAR3)
aaa
select MAX(CCHAR4) from datatypetestm;
MAX(CCHAR4)
aaaa
select MAX(CCHAR5) from datatypetestm;
MAX(CCHAR5)
aaaaa
select MAX(CCHAR6) from datatypetestm;
MAX(CCHAR6)
aaaaaa
select MAX(CCHAR7) from datatypetestm;
MAX(CCHAR7)
aaaaaaa
select MAX(CCHAR8) from datatypetestm;
MAX(CCHAR8)
aaaaaaaa
select MAX(CCHAR9) from datatypetestm;
MAX(CCHAR9)
aaaaaaaaa
select MAX(CCHAR255) from datatypetestm;
MAX(CCHAR255)
aaaaaaaaaa
select MAX(CVCHAR1) from datatypetestm;
MAX(CVCHAR1)
a
select MAX(CVCHAR2) from datatypetestm;
MAX(CVCHAR2)
aa
select MAX(CVCHAR3) from datatypetestm;
MAX(CVCHAR3)
aaa
select MAX(CVCHAR4) from datatypetestm;
MAX(CVCHAR4)
aaaa
select MAX(CVCHAR5) from datatypetestm;
MAX(CVCHAR5)
aaaaa
select MAX(CVCHAR6) from datatypetestm;
MAX(CVCHAR6)
aaaaaa
select MAX(CVCHAR7) from datatypetestm;
MAX(CVCHAR7)
aaaaaaa
select MAX(CVCHAR8) from datatypetestm;
MAX(CVCHAR8)
aaaaaaaa
select MAX(CVCHAR255) from datatypetestm;
MAX(CVCHAR255)
aaaaaaaaaa
select cidx, CCHAR1, MAX(CCHAR1) from datatypetestm group by cidx, CCHAR1 order by cidx;
cidx	CCHAR1	MAX(CCHAR1)
1	a	a
select cidx, CCHAR2, MAX(CCHAR2) from datatypetestm group by cidx, CCHAR2 order by cidx;
cidx	CCHAR2	MAX(CCHAR2)
1	aa	aa
select cidx, CCHAR3, MAX(CCHAR3) from datatypetestm group by cidx, CCHAR3 order by cidx;
cidx	CCHAR3	MAX(CCHAR3)
1	aaa	aaa
select cidx, CCHAR4, MAX(CCHAR4) from datatypetestm group by cidx, CCHAR4 order by cidx;
cidx	CCHAR4	MAX(CCHAR4)
1	aaaa	aaaa
select cidx, CCHAR5, MAX(CCHAR5) from datatypetestm group by cidx, CCHAR5 order by cidx;
cidx	CCHAR5	MAX(CCHAR5)
1	aaaaa	aaaaa
select cidx, CCHAR6, MAX(CCHAR6) from datatypetestm group by cidx, CCHAR6 order by cidx;
cidx	CCHAR6	MAX(CCHAR6)
1	aaaaaa	aaaaaa
select cidx, CCHAR7, MAX(CCHAR7) from datatypetestm group by cidx, CCHAR7 order by cidx;
cidx	CCHAR7	MAX(CCHAR7)
1	aaaaaaa	aaaaaaa
select cidx, CCHAR8, MAX(CCHAR8) from datatypetestm group by cidx, CCHAR8 order by cidx;
cidx	CCHAR8	MAX(CCHAR8)
1	aaaaaaaa	aaaaaaaa
select cidx, CCHAR9, MAX(CCHAR9) from datatypetestm group by cidx, CCHAR9 order by cidx;
cidx	CCHAR9	MAX(CCHAR9)
1	aaaaaaaaa	aaaaaaaaa
select cidx, CCHAR255, MAX(CCHAR255) from datatypetestm group by cidx, CCHAR255 order by cidx;
cidx	CCHAR255	MAX(CCHAR255)
1	aaaaaaaaaa	aaaaaaaaaa
select cidx, CVCHAR1, MAX(CVCHAR1) from datatypetestm group by cidx, CVCHAR1 order by cidx;
cidx	CVCHAR1	MAX(CVCHAR1)
1	a	a
select cidx, CVCHAR2, MAX(CVCHAR2) from datatypetestm group by cidx, CVCHAR2 order by cidx;
cidx	CVCHAR2	MAX(CVCHAR2)
1	aa	aa
select cidx, CVCHAR3, MAX(CVCHAR3) from datatypetestm group by cidx, CVCHAR3 order by cidx;
cidx	CVCHAR3	MAX(CVCHAR3)
1	aaa	aaa
select cidx, CVCHAR4, MAX(CVCHAR4) from datatypetestm group by cidx, CVCHAR4 order by cidx;
cidx	CVCHAR4	MAX(CVCHAR4)
1	aaaa	aaaa
select cidx, CVCHAR5, MAX(CVCHAR5) from datatypetestm group by cidx, CVCHAR5 order by cidx;
cidx	CVCHAR5	MAX(CVCHAR5)
1	aaaaa	aaaaa
select cidx, CVCHAR6, MAX(CVCHAR6) from datatypetestm group by cidx, CVCHAR6 order by cidx;
cidx	CVCHAR6	MAX(CVCHAR6)
1	aaaaaa	aaaaaa
select cidx, CVCHAR7, MAX(CVCHAR7) from datatypetestm group by cidx, CVCHAR7 order by cidx;
cidx	CVCHAR7	MAX(CVCHAR7)
1	aaaaaaa	aaaaaaa
select cidx, CVCHAR8, MAX(CVCHAR8) from datatypetestm group by cidx, CVCHAR8 order by cidx;
cidx	CVCHAR8	MAX(CVCHAR8)
1	aaaaaaaa	aaaaaaaa
select cidx, CVCHAR255, MAX(CVCHAR255) from datatypetestm group by cidx, CVCHAR255 order by cidx;
cidx	CVCHAR255	MAX(CVCHAR255)
1	aaaaaaaaaa	aaaaaaaaaa
