USE autopilot;
select dtt1.cidx, dtt1.CDATETIME, dtt2.CTEXT from datatypetestm1 dtt1, datatypetestm2 dtt2 where dtt1.cidx = dtt2.cidx and dtt1.CDATETIME > dtt2.CTEXT ;
cidx	CDATETIME	CTEXT
1	1997-01-01 00:00:00	texttexttext
2	1997-01-01 00:00:01	texttexttext
3	1997-01-02 00:00:01	texttexttext
4	1997-01-03 00:00:02	texttexttext
5	1997-01-04 00:00:03	texttexttext
6	2009-12-31 23:59:56	texttexttext
7	2009-12-31 23:59:57	texttexttext
8	2009-12-31 23:59:58	texttexttext
9	2009-12-31 23:59:59	texttexttext
10	2009-12-31 23:59:59	texttexttext
select dtt1.cidx, dtt1.CDATETIME, dtt2.CTEXT from datatypetestm1 dtt1, datatypetestm2 dtt2 where dtt1.cidx = dtt2.cidx and dtt1.CDATETIME >= dtt2.CTEXT ;
cidx	CDATETIME	CTEXT
1	1997-01-01 00:00:00	texttexttext
2	1997-01-01 00:00:01	texttexttext
3	1997-01-02 00:00:01	texttexttext
4	1997-01-03 00:00:02	texttexttext
5	1997-01-04 00:00:03	texttexttext
6	2009-12-31 23:59:56	texttexttext
7	2009-12-31 23:59:57	texttexttext
8	2009-12-31 23:59:58	texttexttext
9	2009-12-31 23:59:59	texttexttext
10	2009-12-31 23:59:59	texttexttext
select dtt1.cidx, dtt1.CDATETIME, dtt2.CTEXT from datatypetestm1 dtt1, datatypetestm2 dtt2 where dtt1.cidx = dtt2.cidx and dtt1.CDATETIME <> dtt2.CTEXT ;
cidx	CDATETIME	CTEXT
1	1997-01-01 00:00:00	texttexttext
2	1997-01-01 00:00:01	texttexttext
3	1997-01-02 00:00:01	texttexttext
4	1997-01-03 00:00:02	texttexttext
5	1997-01-04 00:00:03	texttexttext
6	2009-12-31 23:59:56	texttexttext
7	2009-12-31 23:59:57	texttexttext
8	2009-12-31 23:59:58	texttexttext
9	2009-12-31 23:59:59	texttexttext
10	2009-12-31 23:59:59	texttexttext
select dtt1.cidx, dtt1.CDATETIME, dtt2.CTEXT from datatypetestm1 dtt1, datatypetestm2 dtt2 where dtt1.cidx = dtt2.cidx and dtt1.CDATETIME < dtt2.CTEXT ;
cidx	CDATETIME	CTEXT
select dtt1.cidx, dtt1.CDATETIME, dtt2.CTEXT from datatypetestm1 dtt1, datatypetestm2 dtt2 where dtt1.cidx = dtt2.cidx and dtt1.CDATETIME <= dtt2.CTEXT ;
cidx	CDATETIME	CTEXT
