USE autopilot;
select dtt1.cidx, dtt1.CDATE, dtt2.CINTEGER from datatypetestm1 dtt1, datatypetestm2 dtt2 where dtt1.cidx = dtt2.cidx and dtt1.CDATE > dtt2.CINTEGER ;
cidx	CDATE	CINTEGER
1	1997-01-01	-7483646
2	1997-01-01	-7483645
3	1997-01-02	-7483644
4	1997-01-03	-7483643
5	1997-01-04	-7483642
6	2009-12-28	7483643
7	2009-12-29	7483644
8	2009-12-30	7483645
9	2009-12-31	7483646
10	2009-12-31	7483647
11	2009-12-31	0
select dtt1.cidx, dtt1.CDATE, dtt2.CINTEGER from datatypetestm1 dtt1, datatypetestm2 dtt2 where dtt1.cidx = dtt2.cidx and dtt1.CDATE >= dtt2.CINTEGER ;
cidx	CDATE	CINTEGER
1	1997-01-01	-7483646
2	1997-01-01	-7483645
3	1997-01-02	-7483644
4	1997-01-03	-7483643
5	1997-01-04	-7483642
6	2009-12-28	7483643
7	2009-12-29	7483644
8	2009-12-30	7483645
9	2009-12-31	7483646
10	2009-12-31	7483647
11	2009-12-31	0
select dtt1.cidx, dtt1.CDATE, dtt2.CINTEGER from datatypetestm1 dtt1, datatypetestm2 dtt2 where dtt1.cidx = dtt2.cidx and dtt1.CDATE <> dtt2.CINTEGER ;
cidx	CDATE	CINTEGER
1	1997-01-01	-7483646
2	1997-01-01	-7483645
3	1997-01-02	-7483644
4	1997-01-03	-7483643
5	1997-01-04	-7483642
6	2009-12-28	7483643
7	2009-12-29	7483644
8	2009-12-30	7483645
9	2009-12-31	7483646
10	2009-12-31	7483647
11	2009-12-31	0
select dtt1.cidx, dtt1.CDATE, dtt2.CINTEGER from datatypetestm1 dtt1, datatypetestm2 dtt2 where dtt1.cidx = dtt2.cidx and dtt1.CDATE < dtt2.CINTEGER ;
cidx	CDATE	CINTEGER
select dtt1.cidx, dtt1.CDATE, dtt2.CINTEGER from datatypetestm1 dtt1, datatypetestm2 dtt2 where dtt1.cidx = dtt2.cidx and dtt1.CDATE <= dtt2.CINTEGER ;
cidx	CDATE	CINTEGER
