USE autopilot;
select dtt1.cidx, dtt1.CDATE, dtt2.CTIME from datatypetestm1 dtt1, datatypetestm2 dtt2 where dtt1.cidx = dtt2.cidx and dtt1.CDATE > dtt2.CTIME ;
cidx	CDATE	CTIME
select dtt1.cidx, dtt1.CDATE, dtt2.CTIME from datatypetestm1 dtt1, datatypetestm2 dtt2 where dtt1.cidx = dtt2.cidx and dtt1.CDATE >= dtt2.CTIME ;
cidx	CDATE	CTIME
select dtt1.cidx, dtt1.CDATE, dtt2.CTIME from datatypetestm1 dtt1, datatypetestm2 dtt2 where dtt1.cidx = dtt2.cidx and dtt1.CDATE <> dtt2.CTIME ;
cidx	CDATE	CTIME
1	1997-01-01	11:58:28
2	1997-01-01	11:58:28
3	1997-01-02	11:58:28
4	1997-01-03	11:58:28
5	1997-01-04	11:58:28
6	2009-12-28	11:58:28
7	2009-12-29	11:58:28
8	2009-12-30	11:58:28
9	2009-12-31	11:58:28
10	2009-12-31	11:58:28
11	2009-12-31	11:58:28
select dtt1.cidx, dtt1.CDATE, dtt2.CTIME from datatypetestm1 dtt1, datatypetestm2 dtt2 where dtt1.cidx = dtt2.cidx and dtt1.CDATE < dtt2.CTIME ;
cidx	CDATE	CTIME
1	1997-01-01	11:58:28
2	1997-01-01	11:58:28
3	1997-01-02	11:58:28
4	1997-01-03	11:58:28
5	1997-01-04	11:58:28
6	2009-12-28	11:58:28
7	2009-12-29	11:58:28
8	2009-12-30	11:58:28
9	2009-12-31	11:58:28
10	2009-12-31	11:58:28
11	2009-12-31	11:58:28
select dtt1.cidx, dtt1.CDATE, dtt2.CTIME from datatypetestm1 dtt1, datatypetestm2 dtt2 where dtt1.cidx = dtt2.cidx and dtt1.CDATE <= dtt2.CTIME ;
cidx	CDATE	CTIME
1	1997-01-01	11:58:28
2	1997-01-01	11:58:28
3	1997-01-02	11:58:28
4	1997-01-03	11:58:28
5	1997-01-04	11:58:28
6	2009-12-28	11:58:28
7	2009-12-29	11:58:28
8	2009-12-30	11:58:28
9	2009-12-31	11:58:28
10	2009-12-31	11:58:28
11	2009-12-31	11:58:28
