USE autopilot;
select cidx, CCHAR1, INET_NTOA(CCHAR1) from datatypetestm order by cidx;
cidx	CCHAR1	INET_NTOA(CCHAR1)
1	a	0.0.0.0
select cidx, CCHAR2, INET_NTOA(CCHAR2) from datatypetestm order by cidx;
cidx	CCHAR2	INET_NTOA(CCHAR2)
1	aa	0.0.0.0
select cidx, CCHAR3, INET_NTOA(CCHAR3) from datatypetestm order by cidx;
cidx	CCHAR3	INET_NTOA(CCHAR3)
1	aaa	0.0.0.0
select cidx, CCHAR4, INET_NTOA(CCHAR4) from datatypetestm order by cidx;
cidx	CCHAR4	INET_NTOA(CCHAR4)
1	aaaa	0.0.0.0
select cidx, CCHAR5, INET_NTOA(CCHAR5) from datatypetestm order by cidx;
cidx	CCHAR5	INET_NTOA(CCHAR5)
1	aaaaa	0.0.0.0
select cidx, CCHAR6, INET_NTOA(CCHAR6) from datatypetestm order by cidx;
cidx	CCHAR6	INET_NTOA(CCHAR6)
1	aaaaaa	0.0.0.0
select cidx, CCHAR7, INET_NTOA(CCHAR7) from datatypetestm order by cidx;
cidx	CCHAR7	INET_NTOA(CCHAR7)
1	aaaaaaa	0.0.0.0
select cidx, CCHAR8, INET_NTOA(CCHAR8) from datatypetestm order by cidx;
cidx	CCHAR8	INET_NTOA(CCHAR8)
1	aaaaaaaa	0.0.0.0
select cidx, CCHAR9, INET_NTOA(CCHAR9) from datatypetestm order by cidx;
cidx	CCHAR9	INET_NTOA(CCHAR9)
1	aaaaaaaaa	0.0.0.0
select cidx, CCHAR255, INET_NTOA(CCHAR255) from datatypetestm order by cidx;
cidx	CCHAR255	INET_NTOA(CCHAR255)
1	aaaaaaaaaa	0.0.0.0
select cidx, CVCHAR1, INET_NTOA(CVCHAR1) from datatypetestm order by cidx;
cidx	CVCHAR1	INET_NTOA(CVCHAR1)
1	a	0.0.0.0
select cidx, CVCHAR2, INET_NTOA(CVCHAR2) from datatypetestm order by cidx;
cidx	CVCHAR2	INET_NTOA(CVCHAR2)
1	aa	0.0.0.0
select cidx, CVCHAR3, INET_NTOA(CVCHAR3) from datatypetestm order by cidx;
cidx	CVCHAR3	INET_NTOA(CVCHAR3)
1	aaa	0.0.0.0
select cidx, CVCHAR4, INET_NTOA(CVCHAR4) from datatypetestm order by cidx;
cidx	CVCHAR4	INET_NTOA(CVCHAR4)
1	aaaa	0.0.0.0
select cidx, CVCHAR5, INET_NTOA(CVCHAR5) from datatypetestm order by cidx;
cidx	CVCHAR5	INET_NTOA(CVCHAR5)
1	aaaaa	0.0.0.0
select cidx, CVCHAR6, INET_NTOA(CVCHAR6) from datatypetestm order by cidx;
cidx	CVCHAR6	INET_NTOA(CVCHAR6)
1	aaaaaa	0.0.0.0
select cidx, CVCHAR7, INET_NTOA(CVCHAR7) from datatypetestm order by cidx;
cidx	CVCHAR7	INET_NTOA(CVCHAR7)
1	aaaaaaa	0.0.0.0
select cidx, CVCHAR8, INET_NTOA(CVCHAR8) from datatypetestm order by cidx;
cidx	CVCHAR8	INET_NTOA(CVCHAR8)
1	aaaaaaaa	0.0.0.0
select cidx, CVCHAR255, INET_NTOA(CVCHAR255) from datatypetestm order by cidx;
cidx	CVCHAR255	INET_NTOA(CVCHAR255)
1	aaaaaaaaaa	0.0.0.0
select cidx, INET_NTOA(12) from datatypetestm order by cidx;
cidx	INET_NTOA(12)
1	0.0.0.12
select cidx, INET_NTOA(123) from datatypetestm order by cidx;
cidx	INET_NTOA(123)
1	0.0.0.123
select cidx, INET_NTOA(1234) from datatypetestm order by cidx;
cidx	INET_NTOA(1234)
1	0.0.4.210
select cidx, INET_NTOA(12345678) from datatypetestm order by cidx;
cidx	INET_NTOA(12345678)
1	0.188.97.78
select cidx, CCHAR1 from datatypetestm where INET_NTOA(CCHAR1) <> 0 order by cidx;
cidx	CCHAR1
select cidx, CCHAR2 from datatypetestm where INET_NTOA(CCHAR2) <> 0 order by cidx;
cidx	CCHAR2
select cidx, CCHAR3 from datatypetestm where INET_NTOA(CCHAR3) <> 0 order by cidx;
cidx	CCHAR3
select cidx, CCHAR4 from datatypetestm where INET_NTOA(CCHAR4) <> 0 order by cidx;
cidx	CCHAR4
select cidx, CCHAR5 from datatypetestm where INET_NTOA(CCHAR5) <> 0 order by cidx;
cidx	CCHAR5
select cidx, CCHAR6 from datatypetestm where INET_NTOA(CCHAR6) <> 0 order by cidx;
cidx	CCHAR6
select cidx, CCHAR7 from datatypetestm where INET_NTOA(CCHAR7) <> 0 order by cidx;
cidx	CCHAR7
select cidx, CCHAR8 from datatypetestm where INET_NTOA(CCHAR8) <> 0 order by cidx;
cidx	CCHAR8
select cidx, CCHAR9 from datatypetestm where INET_NTOA(CCHAR9) <> 0 order by cidx;
cidx	CCHAR9
select cidx, CCHAR255 from datatypetestm where INET_NTOA(CCHAR255) <> 0 order by cidx;
cidx	CCHAR255
select cidx, CVCHAR1 from datatypetestm where INET_NTOA(CVCHAR1) <> 0 order by cidx;
cidx	CVCHAR1
select cidx, CVCHAR2 from datatypetestm where INET_NTOA(CVCHAR2) <> 0 order by cidx;
cidx	CVCHAR2
select cidx, CVCHAR3 from datatypetestm where INET_NTOA(CVCHAR3) <> 0 order by cidx;
cidx	CVCHAR3
select cidx, CVCHAR4 from datatypetestm where INET_NTOA(CVCHAR4) <> 0 order by cidx;
cidx	CVCHAR4
select cidx, CVCHAR5 from datatypetestm where INET_NTOA(CVCHAR5) <> 0 order by cidx;
cidx	CVCHAR5
select cidx, CVCHAR6 from datatypetestm where INET_NTOA(CVCHAR6) <> 0 order by cidx;
cidx	CVCHAR6
select cidx, CVCHAR7 from datatypetestm where INET_NTOA(CVCHAR7) <> 0 order by cidx;
cidx	CVCHAR7
select cidx, CVCHAR8 from datatypetestm where INET_NTOA(CVCHAR8) <> 0 order by cidx;
cidx	CVCHAR8
select cidx, CVCHAR255 from datatypetestm where INET_NTOA(CVCHAR255) <> 0 order by cidx;
cidx	CVCHAR255
