USE autopilot;
select cidx, CDATE, STRCMP(CDATE,CDATE) from datatypetestm order by cidx;
cidx	CDATE	STRCMP(CDATE,CDATE)
1	1997-01-01	0
select cidx, CDATE, STRCMP(CDATE,CDATETIME) from datatypetestm order by cidx;
cidx	CDATE	STRCMP(CDATE,CDATETIME)
1	1997-01-01	-1
select cidx, CDATE, STRCMP(CDATE,'1997-01-01') from datatypetestm order by cidx;
cidx	CDATE	STRCMP(CDATE,'1997-01-01')
1	1997-01-01	0
select cidx, CDATE, STRCMP(CDATE,'1997-01-01 00:00:01') from datatypetestm order by cidx;
cidx	CDATE	STRCMP(CDATE,'1997-01-01 00:00:01')
1	1997-01-01	-1
select cidx, CDATE, STRCMP(CDATE,NULL) from datatypetestm order by cidx;
cidx	CDATE	STRCMP(CDATE,NULL)
1	1997-01-01	NULL
select cidx, CDATETIME, STRCMP(CDATETIME,CDATE) from datatypetestm order by cidx;
cidx	CDATETIME	STRCMP(CDATETIME,CDATE)
1	1997-01-01 00:00:00	1
select cidx, CDATETIME, STRCMP(CDATETIME,CDATETIME) from datatypetestm order by cidx;
cidx	CDATETIME	STRCMP(CDATETIME,CDATETIME)
1	1997-01-01 00:00:00	0
select cidx, CDATETIME, STRCMP(CDATETIME,'1997-01-01') from datatypetestm order by cidx;
cidx	CDATETIME	STRCMP(CDATETIME,'1997-01-01')
1	1997-01-01 00:00:00	1
select cidx, CDATETIME, STRCMP(CDATETIME,'1997-01-01 00:00:01') from datatypetestm order by cidx;
cidx	CDATETIME	STRCMP(CDATETIME,'1997-01-01 00:00:01')
1	1997-01-01 00:00:00	-1
select cidx, CDATETIME, STRCMP(CDATETIME,NULL) from datatypetestm order by cidx;
cidx	CDATETIME	STRCMP(CDATETIME,NULL)
1	1997-01-01 00:00:00	NULL
select cidx, CTIME, STRCMP(CTIME,CDATE) from datatypetestm order by cidx;
cidx	CTIME	STRCMP(CTIME,CDATE)
1	13:00:00	-1
select cidx, CTIME, STRCMP(CTIME,CDATETIME) from datatypetestm order by cidx;
cidx	CTIME	STRCMP(CTIME,CDATETIME)
1	13:00:00	-1
select cidx, CTIME, STRCMP(CTIME,'1997-01-01') from datatypetestm order by cidx;
cidx	CTIME	STRCMP(CTIME,'1997-01-01')
1	13:00:00	-1
select cidx, CTIME, STRCMP(CTIME,'1997-01-01 00:00:01') from datatypetestm order by cidx;
cidx	CTIME	STRCMP(CTIME,'1997-01-01 00:00:01')
1	13:00:00	-1
select cidx, CTIME, STRCMP(CTIME,NULL) from datatypetestm order by cidx;
cidx	CTIME	STRCMP(CTIME,NULL)
1	13:00:00	NULL
select cidx, CDATE from datatypetestm order by STRCMP(CDATE,CDATE), cidx;
cidx	CDATE
1	1997-01-01
select cidx, CDATE from datatypetestm order by STRCMP(CDATE,CDATETIME), cidx;
cidx	CDATE
1	1997-01-01
select cidx, CDATE from datatypetestm order by STRCMP(CDATE,'1997-01-01'), cidx;
cidx	CDATE
1	1997-01-01
select cidx, CDATE from datatypetestm order by STRCMP(CDATE,'1997-01-01 00:00:01'), cidx;
cidx	CDATE
1	1997-01-01
select cidx, CDATE from datatypetestm order by STRCMP(CDATE,NULL), cidx;
cidx	CDATE
1	1997-01-01
select cidx, CDATETIME from datatypetestm order by STRCMP(CDATETIME,CDATE), cidx;
cidx	CDATETIME
1	1997-01-01 00:00:00
select cidx, CDATETIME from datatypetestm order by STRCMP(CDATETIME,CDATETIME), cidx;
cidx	CDATETIME
1	1997-01-01 00:00:00
select cidx, CDATETIME from datatypetestm order by STRCMP(CDATETIME,'1997-01-01'), cidx;
cidx	CDATETIME
1	1997-01-01 00:00:00
select cidx, CDATETIME from datatypetestm order by STRCMP(CDATETIME,'1997-01-01 00:00:01'), cidx;
cidx	CDATETIME
1	1997-01-01 00:00:00
select cidx, CDATETIME from datatypetestm order by STRCMP(CDATETIME,NULL), cidx;
cidx	CDATETIME
1	1997-01-01 00:00:00
select cidx, CTIME from datatypetestm order by STRCMP(CTIME,CDATE), cidx;
cidx	CTIME
1	13:00:00
select cidx, CTIME from datatypetestm order by STRCMP(CTIME,CDATETIME), cidx;
cidx	CTIME
1	13:00:00
select cidx, CTIME from datatypetestm order by STRCMP(CTIME,'1997-01-01'), cidx;
cidx	CTIME
1	13:00:00
select cidx, CTIME from datatypetestm order by STRCMP(CTIME,'1997-01-01 00:00:01'), cidx;
cidx	CTIME
1	13:00:00
select cidx, CTIME from datatypetestm order by STRCMP(CTIME,NULL), cidx;
cidx	CTIME
1	13:00:00
