USE autopilot;
select cidx, CBIGINT, ABS(CBIGINT) from datatypetestm order by cidx;
cidx	CBIGINT	ABS(CBIGINT)
1	-72036854775806	72036854775806
select cidx, CDECIMAL1, ABS(CDECIMAL1) from datatypetestm order by cidx;
cidx	CDECIMAL1	ABS(CDECIMAL1)
1	-9	9
select cidx, CDECIMAL4, ABS(CDECIMAL4) from datatypetestm order by cidx;
cidx	CDECIMAL4	ABS(CDECIMAL4)
1	-999	999
select cidx, CDECIMAL4_2, ABS(CDECIMAL4_2) from datatypetestm order by cidx;
cidx	CDECIMAL4_2	ABS(CDECIMAL4_2)
1	-9.99	9.99
select cidx, CDECIMAL5, ABS(CDECIMAL5) from datatypetestm order by cidx;
cidx	CDECIMAL5	ABS(CDECIMAL5)
1	-999	999
select cidx, CDECIMAL9, ABS(CDECIMAL9) from datatypetestm order by cidx;
cidx	CDECIMAL9	ABS(CDECIMAL9)
1	-999999	999999
select cidx, CDECIMAL9_2, ABS(CDECIMAL9_2) from datatypetestm order by cidx;
cidx	CDECIMAL9_2	ABS(CDECIMAL9_2)
1	-9999.99	9999.99
select cidx, CDECIMAL10, ABS(CDECIMAL10) from datatypetestm order by cidx;
cidx	CDECIMAL10	ABS(CDECIMAL10)
1	-9999999	9999999
select cidx, CDECIMAL18, ABS(CDECIMAL18) from datatypetestm order by cidx;
cidx	CDECIMAL18	ABS(CDECIMAL18)
1	-9999999999999	9999999999999
select cidx, CDECIMAL18_2, ABS(CDECIMAL18_2) from datatypetestm order by cidx;
cidx	CDECIMAL18_2	ABS(CDECIMAL18_2)
1	-99999999999.99	99999999999.99
select cidx, CINTEGER, ABS(CINTEGER) from datatypetestm order by cidx;
cidx	CINTEGER	ABS(CINTEGER)
1	-7483646	7483646
select cidx, CSMALLINT, ABS(CSMALLINT) from datatypetestm order by cidx;
cidx	CSMALLINT	ABS(CSMALLINT)
1	-766	766
select cidx, CTINYINT, ABS(CTINYINT) from datatypetestm order by cidx;
cidx	CTINYINT	ABS(CTINYINT)
1	-26	26
select cidx, CDOUBLE, ABS(CDOUBLE) from datatypetestm order by cidx;
cidx	CDOUBLE	ABS(CDOUBLE)
1	-1.797693231e108	1.797693231e108
select cidx, CFLOAT, ABS(CFLOAT) from datatypetestm order by cidx;
cidx	CFLOAT	ABS(CFLOAT)
1	-3.40287e18	3.402865892420223e18
select cidx, ABS(-5*cidx) from datatypetestm order by cidx;
cidx	ABS(-5*cidx)
1	5
select cidx, ABS(0*cidx) from datatypetestm order by cidx;
cidx	ABS(0*cidx)
1	0
select cidx, ABS(5*cidx) from datatypetestm order by cidx;
cidx	ABS(5*cidx)
1	5
select cidx, ABS(-5.7*cidx) from datatypetestm order by cidx;
cidx	ABS(-5.7*cidx)
1	5.7
select cidx, ABS(0*cidx) from datatypetestm order by cidx;
cidx	ABS(0*cidx)
1	0
select cidx, ABS(5.7*cidx) from datatypetestm order by cidx;
cidx	ABS(5.7*cidx)
1	5.7
select cidx, CBIGINT from datatypetestm where ABS(CBIGINT) <> 0 order by cidx;
cidx	CBIGINT
1	-72036854775806
select cidx, CDECIMAL1 from datatypetestm where ABS(CDECIMAL1) <> 0 order by cidx;
cidx	CDECIMAL1
1	-9
select cidx, CDECIMAL4 from datatypetestm where ABS(CDECIMAL4) <> 0 order by cidx;
cidx	CDECIMAL4
1	-999
select cidx, CDECIMAL4_2 from datatypetestm where ABS(CDECIMAL4_2) <> 0 order by cidx;
cidx	CDECIMAL4_2
1	-9.99
select cidx, CDECIMAL5 from datatypetestm where ABS(CDECIMAL5) <> 0 order by cidx;
cidx	CDECIMAL5
1	-999
select cidx, CDECIMAL9 from datatypetestm where ABS(CDECIMAL9) <> 0 order by cidx;
cidx	CDECIMAL9
1	-999999
select cidx, CDECIMAL9_2 from datatypetestm where ABS(CDECIMAL9_2) <> 0 order by cidx;
cidx	CDECIMAL9_2
1	-9999.99
select cidx, CDECIMAL10 from datatypetestm where ABS(CDECIMAL10) <> 0 order by cidx;
cidx	CDECIMAL10
1	-9999999
select cidx, CDECIMAL18 from datatypetestm where ABS(CDECIMAL18) <> 0 order by cidx;
cidx	CDECIMAL18
1	-9999999999999
select cidx, CDECIMAL18_2 from datatypetestm where ABS(CDECIMAL18_2) <> 0 order by cidx;
cidx	CDECIMAL18_2
1	-99999999999.99
select cidx, CINTEGER from datatypetestm where ABS(CINTEGER) <> 0 order by cidx;
cidx	CINTEGER
1	-7483646
select cidx, CSMALLINT from datatypetestm where ABS(CSMALLINT) <> 0 order by cidx;
cidx	CSMALLINT
1	-766
select cidx, CTINYINT from datatypetestm where ABS(CTINYINT) <> 0 order by cidx;
cidx	CTINYINT
1	-26
select cidx, CDOUBLE from datatypetestm where ABS(CDOUBLE) <> 0 order by cidx;
cidx	CDOUBLE
1	-1.797693231e108
select cidx, CFLOAT from datatypetestm where ABS(CFLOAT) <> 0 order by cidx;
cidx	CFLOAT
1	-3.40287e18
