USE autopilot;
select dtt1.cidx, dtt1.CCHAR1, dtt2.CTINYINT from datatypetestm1 dtt1, datatypetestm2 dtt2 where dtt1.cidx = dtt2.cidx and dtt1.CCHAR1 > dtt2.CTINYINT ;
cidx	CCHAR1	CTINYINT
1	a	-26
2	a	-25
3	a	-24
4	a	-23
5	a	-22
select dtt1.cidx, dtt1.CCHAR1, dtt2.CTINYINT from datatypetestm1 dtt1, datatypetestm2 dtt2 where dtt1.cidx = dtt2.cidx and dtt1.CCHAR1 >= dtt2.CTINYINT ;
cidx	CCHAR1	CTINYINT
1	a	-26
2	a	-25
3	a	-24
4	a	-23
5	a	-22
select dtt1.cidx, dtt1.CCHAR1, dtt2.CTINYINT from datatypetestm1 dtt1, datatypetestm2 dtt2 where dtt1.cidx = dtt2.cidx and dtt1.CCHAR1 <> dtt2.CTINYINT ;
cidx	CCHAR1	CTINYINT
1	a	-26
2	a	-25
3	a	-24
4	a	-23
5	a	-22
6	z	23
7	z	24
8	z	25
9	z	26
10	z	27
select dtt1.cidx, dtt1.CCHAR1, dtt2.CTINYINT from datatypetestm1 dtt1, datatypetestm2 dtt2 where dtt1.cidx = dtt2.cidx and dtt1.CCHAR1 < dtt2.CTINYINT ;
cidx	CCHAR1	CTINYINT
6	z	23
7	z	24
8	z	25
9	z	26
10	z	27
select dtt1.cidx, dtt1.CCHAR1, dtt2.CTINYINT from datatypetestm1 dtt1, datatypetestm2 dtt2 where dtt1.cidx = dtt2.cidx and dtt1.CCHAR1 <= dtt2.CTINYINT ;
cidx	CCHAR1	CTINYINT
6	z	23
7	z	24
8	z	25
9	z	26
10	z	27
