USE autopilot;
select cidx, CBIGINT, FROM_UNIXTIME(CBIGINT) from datatypetestm order by cidx;
cidx	CBIGINT	FROM_UNIXTIME(CBIGINT)
1	-72036854775806	NULL
select cidx, CDECIMAL1, FROM_UNIXTIME(CDECIMAL1) from datatypetestm order by cidx;
cidx	CDECIMAL1	FROM_UNIXTIME(CDECIMAL1)
1	-9	NULL
select cidx, CDECIMAL4, FROM_UNIXTIME(CDECIMAL4) from datatypetestm order by cidx;
cidx	CDECIMAL4	FROM_UNIXTIME(CDECIMAL4)
1	-999	NULL
select cidx, CDECIMAL4_2, FROM_UNIXTIME(CDECIMAL4_2) from datatypetestm order by cidx;
cidx	CDECIMAL4_2	FROM_UNIXTIME(CDECIMAL4_2)
1	-9.99	NULL
select cidx, CDECIMAL5, FROM_UNIXTIME(CDECIMAL5) from datatypetestm order by cidx;
cidx	CDECIMAL5	FROM_UNIXTIME(CDECIMAL5)
1	-999	NULL
select cidx, CDECIMAL9, FROM_UNIXTIME(CDECIMAL9) from datatypetestm order by cidx;
cidx	CDECIMAL9	FROM_UNIXTIME(CDECIMAL9)
1	-999999	NULL
select cidx, CDECIMAL9_2, FROM_UNIXTIME(CDECIMAL9_2) from datatypetestm order by cidx;
cidx	CDECIMAL9_2	FROM_UNIXTIME(CDECIMAL9_2)
1	-9999.99	NULL
select cidx, CDECIMAL10, FROM_UNIXTIME(CDECIMAL10) from datatypetestm order by cidx;
cidx	CDECIMAL10	FROM_UNIXTIME(CDECIMAL10)
1	-9999999	NULL
select cidx, CDECIMAL18, FROM_UNIXTIME(CDECIMAL18) from datatypetestm order by cidx;
cidx	CDECIMAL18	FROM_UNIXTIME(CDECIMAL18)
1	-9999999999999	NULL
select cidx, CDECIMAL18_2, FROM_UNIXTIME(CDECIMAL18_2) from datatypetestm order by cidx;
cidx	CDECIMAL18_2	FROM_UNIXTIME(CDECIMAL18_2)
1	-99999999999.99	NULL
select cidx, CINTEGER, FROM_UNIXTIME(CINTEGER) from datatypetestm order by cidx;
cidx	CINTEGER	FROM_UNIXTIME(CINTEGER)
1	-7483646	NULL
select cidx, CSMALLINT, FROM_UNIXTIME(CSMALLINT) from datatypetestm order by cidx;
cidx	CSMALLINT	FROM_UNIXTIME(CSMALLINT)
1	-766	NULL
select cidx, CTINYINT, FROM_UNIXTIME(CTINYINT) from datatypetestm order by cidx;
cidx	CTINYINT	FROM_UNIXTIME(CTINYINT)
1	-26	NULL
select cidx, CDOUBLE, FROM_UNIXTIME(CDOUBLE) from datatypetestm order by cidx;
cidx	CDOUBLE	FROM_UNIXTIME(CDOUBLE)
1	-1.797693231e108	NULL
select cidx, CFLOAT, FROM_UNIXTIME(CFLOAT) from datatypetestm order by cidx;
cidx	CFLOAT	FROM_UNIXTIME(CFLOAT)
1	-3.40287e18	NULL
select cidx, FROM_UNIXTIME(11235) from datatypetestm order by cidx;
cidx	FROM_UNIXTIME(11235)
1	1970-01-01 03:07:15
select cidx, FROM_UNIXTIME(456) from datatypetestm order by cidx;
cidx	FROM_UNIXTIME(456)
1	1970-01-01 00:07:36
select cidx, FROM_UNIXTIME(233333) from datatypetestm order by cidx;
cidx	FROM_UNIXTIME(233333)
1	1970-01-03 16:48:53
select cidx, FROM_UNIXTIME(12) from datatypetestm order by cidx;
cidx	FROM_UNIXTIME(12)
1	1970-01-01 00:00:12
select cidx, FROM_UNIXTIME(9999) from datatypetestm order by cidx;
cidx	FROM_UNIXTIME(9999)
1	1970-01-01 02:46:39
select cidx, CBIGINT from datatypetestm where FROM_UNIXTIME(CBIGINT) <> 0 order by cidx;
cidx	CBIGINT
select cidx, CDECIMAL1 from datatypetestm where FROM_UNIXTIME(CDECIMAL1) <> 0 order by cidx;
cidx	CDECIMAL1
select cidx, CDECIMAL4 from datatypetestm where FROM_UNIXTIME(CDECIMAL4) <> 0 order by cidx;
cidx	CDECIMAL4
select cidx, CDECIMAL4_2 from datatypetestm where FROM_UNIXTIME(CDECIMAL4_2) <> 0 order by cidx;
cidx	CDECIMAL4_2
select cidx, CDECIMAL5 from datatypetestm where FROM_UNIXTIME(CDECIMAL5) <> 0 order by cidx;
cidx	CDECIMAL5
select cidx, CDECIMAL9 from datatypetestm where FROM_UNIXTIME(CDECIMAL9) <> 0 order by cidx;
cidx	CDECIMAL9
select cidx, CDECIMAL9_2 from datatypetestm where FROM_UNIXTIME(CDECIMAL9_2) <> 0 order by cidx;
cidx	CDECIMAL9_2
select cidx, CDECIMAL10 from datatypetestm where FROM_UNIXTIME(CDECIMAL10) <> 0 order by cidx;
cidx	CDECIMAL10
select cidx, CDECIMAL18 from datatypetestm where FROM_UNIXTIME(CDECIMAL18) <> 0 order by cidx;
cidx	CDECIMAL18
select cidx, CDECIMAL18_2 from datatypetestm where FROM_UNIXTIME(CDECIMAL18_2) <> 0 order by cidx;
cidx	CDECIMAL18_2
select cidx, CINTEGER from datatypetestm where FROM_UNIXTIME(CINTEGER) <> 0 order by cidx;
cidx	CINTEGER
select cidx, CSMALLINT from datatypetestm where FROM_UNIXTIME(CSMALLINT) <> 0 order by cidx;
cidx	CSMALLINT
select cidx, CTINYINT from datatypetestm where FROM_UNIXTIME(CTINYINT) <> 0 order by cidx;
cidx	CTINYINT
select cidx, CDOUBLE from datatypetestm where FROM_UNIXTIME(CDOUBLE) <> 0 order by cidx;
cidx	CDOUBLE
select cidx, CFLOAT from datatypetestm where FROM_UNIXTIME(CFLOAT) <> 0 order by cidx;
cidx	CFLOAT
