USE autopilot;
select dtt1.cidx, dtt1.CBIGINT, dtt2.CMEDIUMINT from datatypetestm1 dtt1, datatypetestm2 dtt2 where dtt1.cidx = dtt2.cidx and dtt1.CBIGINT > dtt2.CMEDIUMINT ;
cidx	CBIGINT	CMEDIUMINT
6	72036854775803	1000
7	72036854775804	1000
8	72036854775805	1000
9	72036854775806	1000
10	72036854775807	1000
select dtt1.cidx, dtt1.CBIGINT, dtt2.CMEDIUMINT from datatypetestm1 dtt1, datatypetestm2 dtt2 where dtt1.cidx = dtt2.cidx and dtt1.CBIGINT >= dtt2.CMEDIUMINT ;
cidx	CBIGINT	CMEDIUMINT
6	72036854775803	1000
7	72036854775804	1000
8	72036854775805	1000
9	72036854775806	1000
10	72036854775807	1000
select dtt1.cidx, dtt1.CBIGINT, dtt2.CMEDIUMINT from datatypetestm1 dtt1, datatypetestm2 dtt2 where dtt1.cidx = dtt2.cidx and dtt1.CBIGINT <> dtt2.CMEDIUMINT ;
cidx	CBIGINT	CMEDIUMINT
1	-72036854775806	1000
2	-72036854775805	1000
3	-72036854775804	1000
4	-72036854775803	1000
5	-72036854775802	1000
6	72036854775803	1000
7	72036854775804	1000
8	72036854775805	1000
9	72036854775806	1000
10	72036854775807	1000
select dtt1.cidx, dtt1.CBIGINT, dtt2.CMEDIUMINT from datatypetestm1 dtt1, datatypetestm2 dtt2 where dtt1.cidx = dtt2.cidx and dtt1.CBIGINT < dtt2.CMEDIUMINT ;
cidx	CBIGINT	CMEDIUMINT
1	-72036854775806	1000
2	-72036854775805	1000
3	-72036854775804	1000
4	-72036854775803	1000
5	-72036854775802	1000
select dtt1.cidx, dtt1.CBIGINT, dtt2.CMEDIUMINT from datatypetestm1 dtt1, datatypetestm2 dtt2 where dtt1.cidx = dtt2.cidx and dtt1.CBIGINT <= dtt2.CMEDIUMINT ;
cidx	CBIGINT	CMEDIUMINT
1	-72036854775806	1000
2	-72036854775805	1000
3	-72036854775804	1000
4	-72036854775803	1000
5	-72036854775802	1000
