USE autopilot;
select cidx, CCHAR1, FIND_IN_SET(CCHAR1,'a,3') from datatypetestm order by cidx;
cidx	CCHAR1	FIND_IN_SET(CCHAR1,'a,3')
1	a	1
select cidx, CCHAR1, FIND_IN_SET(CCHAR1,'b,2') from datatypetestm order by cidx;
cidx	CCHAR1	FIND_IN_SET(CCHAR1,'b,2')
1	a	0
select cidx, CCHAR1, FIND_IN_SET(CCHAR1,'z,5') from datatypetestm order by cidx;
cidx	CCHAR1	FIND_IN_SET(CCHAR1,'z,5')
1	a	0
select cidx, CCHAR1, FIND_IN_SET(CCHAR1,'a,-3') from datatypetestm order by cidx;
cidx	CCHAR1	FIND_IN_SET(CCHAR1,'a,-3')
1	a	1
select cidx, CCHAR1, FIND_IN_SET(CCHAR1,'b,-2') from datatypetestm order by cidx;
cidx	CCHAR1	FIND_IN_SET(CCHAR1,'b,-2')
1	a	0
select cidx, CCHAR1, FIND_IN_SET(CCHAR1,'z,-5') from datatypetestm order by cidx;
cidx	CCHAR1	FIND_IN_SET(CCHAR1,'z,-5')
1	a	0
select cidx, CCHAR2, FIND_IN_SET(CCHAR2,'a,3') from datatypetestm order by cidx;
cidx	CCHAR2	FIND_IN_SET(CCHAR2,'a,3')
1	aa	0
select cidx, CCHAR2, FIND_IN_SET(CCHAR2,'b,2') from datatypetestm order by cidx;
cidx	CCHAR2	FIND_IN_SET(CCHAR2,'b,2')
1	aa	0
select cidx, CCHAR2, FIND_IN_SET(CCHAR2,'z,5') from datatypetestm order by cidx;
cidx	CCHAR2	FIND_IN_SET(CCHAR2,'z,5')
1	aa	0
select cidx, CCHAR2, FIND_IN_SET(CCHAR2,'a,-3') from datatypetestm order by cidx;
cidx	CCHAR2	FIND_IN_SET(CCHAR2,'a,-3')
1	aa	0
select cidx, CCHAR2, FIND_IN_SET(CCHAR2,'b,-2') from datatypetestm order by cidx;
cidx	CCHAR2	FIND_IN_SET(CCHAR2,'b,-2')
1	aa	0
select cidx, CCHAR2, FIND_IN_SET(CCHAR2,'z,-5') from datatypetestm order by cidx;
cidx	CCHAR2	FIND_IN_SET(CCHAR2,'z,-5')
1	aa	0
select cidx, CCHAR3, FIND_IN_SET(CCHAR3,'a,3') from datatypetestm order by cidx;
cidx	CCHAR3	FIND_IN_SET(CCHAR3,'a,3')
1	aaa	0
select cidx, CCHAR3, FIND_IN_SET(CCHAR3,'b,2') from datatypetestm order by cidx;
cidx	CCHAR3	FIND_IN_SET(CCHAR3,'b,2')
1	aaa	0
select cidx, CCHAR3, FIND_IN_SET(CCHAR3,'z,5') from datatypetestm order by cidx;
cidx	CCHAR3	FIND_IN_SET(CCHAR3,'z,5')
1	aaa	0
select cidx, CCHAR3, FIND_IN_SET(CCHAR3,'a,-3') from datatypetestm order by cidx;
cidx	CCHAR3	FIND_IN_SET(CCHAR3,'a,-3')
1	aaa	0
select cidx, CCHAR3, FIND_IN_SET(CCHAR3,'b,-2') from datatypetestm order by cidx;
cidx	CCHAR3	FIND_IN_SET(CCHAR3,'b,-2')
1	aaa	0
select cidx, CCHAR3, FIND_IN_SET(CCHAR3,'z,-5') from datatypetestm order by cidx;
cidx	CCHAR3	FIND_IN_SET(CCHAR3,'z,-5')
1	aaa	0
select cidx, CCHAR4, FIND_IN_SET(CCHAR4,'a,3') from datatypetestm order by cidx;
cidx	CCHAR4	FIND_IN_SET(CCHAR4,'a,3')
1	aaaa	0
select cidx, CCHAR4, FIND_IN_SET(CCHAR4,'b,2') from datatypetestm order by cidx;
cidx	CCHAR4	FIND_IN_SET(CCHAR4,'b,2')
1	aaaa	0
select cidx, CCHAR4, FIND_IN_SET(CCHAR4,'z,5') from datatypetestm order by cidx;
cidx	CCHAR4	FIND_IN_SET(CCHAR4,'z,5')
1	aaaa	0
select cidx, CCHAR4, FIND_IN_SET(CCHAR4,'a,-3') from datatypetestm order by cidx;
cidx	CCHAR4	FIND_IN_SET(CCHAR4,'a,-3')
1	aaaa	0
select cidx, CCHAR4, FIND_IN_SET(CCHAR4,'b,-2') from datatypetestm order by cidx;
cidx	CCHAR4	FIND_IN_SET(CCHAR4,'b,-2')
1	aaaa	0
select cidx, CCHAR4, FIND_IN_SET(CCHAR4,'z,-5') from datatypetestm order by cidx;
cidx	CCHAR4	FIND_IN_SET(CCHAR4,'z,-5')
1	aaaa	0
select cidx, CCHAR5, FIND_IN_SET(CCHAR5,'a,3') from datatypetestm order by cidx;
cidx	CCHAR5	FIND_IN_SET(CCHAR5,'a,3')
1	aaaaa	0
select cidx, CCHAR5, FIND_IN_SET(CCHAR5,'b,2') from datatypetestm order by cidx;
cidx	CCHAR5	FIND_IN_SET(CCHAR5,'b,2')
1	aaaaa	0
select cidx, CCHAR5, FIND_IN_SET(CCHAR5,'z,5') from datatypetestm order by cidx;
cidx	CCHAR5	FIND_IN_SET(CCHAR5,'z,5')
1	aaaaa	0
select cidx, CCHAR5, FIND_IN_SET(CCHAR5,'a,-3') from datatypetestm order by cidx;
cidx	CCHAR5	FIND_IN_SET(CCHAR5,'a,-3')
1	aaaaa	0
select cidx, CCHAR5, FIND_IN_SET(CCHAR5,'b,-2') from datatypetestm order by cidx;
cidx	CCHAR5	FIND_IN_SET(CCHAR5,'b,-2')
1	aaaaa	0
select cidx, CCHAR5, FIND_IN_SET(CCHAR5,'z,-5') from datatypetestm order by cidx;
cidx	CCHAR5	FIND_IN_SET(CCHAR5,'z,-5')
1	aaaaa	0
select cidx, CCHAR6, FIND_IN_SET(CCHAR6,'a,3') from datatypetestm order by cidx;
cidx	CCHAR6	FIND_IN_SET(CCHAR6,'a,3')
1	aaaaaa	0
select cidx, CCHAR6, FIND_IN_SET(CCHAR6,'b,2') from datatypetestm order by cidx;
cidx	CCHAR6	FIND_IN_SET(CCHAR6,'b,2')
1	aaaaaa	0
select cidx, CCHAR6, FIND_IN_SET(CCHAR6,'z,5') from datatypetestm order by cidx;
cidx	CCHAR6	FIND_IN_SET(CCHAR6,'z,5')
1	aaaaaa	0
select cidx, CCHAR6, FIND_IN_SET(CCHAR6,'a,-3') from datatypetestm order by cidx;
cidx	CCHAR6	FIND_IN_SET(CCHAR6,'a,-3')
1	aaaaaa	0
select cidx, CCHAR6, FIND_IN_SET(CCHAR6,'b,-2') from datatypetestm order by cidx;
cidx	CCHAR6	FIND_IN_SET(CCHAR6,'b,-2')
1	aaaaaa	0
select cidx, CCHAR6, FIND_IN_SET(CCHAR6,'z,-5') from datatypetestm order by cidx;
cidx	CCHAR6	FIND_IN_SET(CCHAR6,'z,-5')
1	aaaaaa	0
select cidx, CCHAR7, FIND_IN_SET(CCHAR7,'a,3') from datatypetestm order by cidx;
cidx	CCHAR7	FIND_IN_SET(CCHAR7,'a,3')
1	aaaaaaa	0
select cidx, CCHAR7, FIND_IN_SET(CCHAR7,'b,2') from datatypetestm order by cidx;
cidx	CCHAR7	FIND_IN_SET(CCHAR7,'b,2')
1	aaaaaaa	0
select cidx, CCHAR7, FIND_IN_SET(CCHAR7,'z,5') from datatypetestm order by cidx;
cidx	CCHAR7	FIND_IN_SET(CCHAR7,'z,5')
1	aaaaaaa	0
select cidx, CCHAR7, FIND_IN_SET(CCHAR7,'a,-3') from datatypetestm order by cidx;
cidx	CCHAR7	FIND_IN_SET(CCHAR7,'a,-3')
1	aaaaaaa	0
select cidx, CCHAR7, FIND_IN_SET(CCHAR7,'b,-2') from datatypetestm order by cidx;
cidx	CCHAR7	FIND_IN_SET(CCHAR7,'b,-2')
1	aaaaaaa	0
select cidx, CCHAR7, FIND_IN_SET(CCHAR7,'z,-5') from datatypetestm order by cidx;
cidx	CCHAR7	FIND_IN_SET(CCHAR7,'z,-5')
1	aaaaaaa	0
select cidx, CCHAR8, FIND_IN_SET(CCHAR8,'a,3') from datatypetestm order by cidx;
cidx	CCHAR8	FIND_IN_SET(CCHAR8,'a,3')
1	aaaaaaaa	0
select cidx, CCHAR8, FIND_IN_SET(CCHAR8,'b,2') from datatypetestm order by cidx;
cidx	CCHAR8	FIND_IN_SET(CCHAR8,'b,2')
1	aaaaaaaa	0
select cidx, CCHAR8, FIND_IN_SET(CCHAR8,'z,5') from datatypetestm order by cidx;
cidx	CCHAR8	FIND_IN_SET(CCHAR8,'z,5')
1	aaaaaaaa	0
select cidx, CCHAR8, FIND_IN_SET(CCHAR8,'a,-3') from datatypetestm order by cidx;
cidx	CCHAR8	FIND_IN_SET(CCHAR8,'a,-3')
1	aaaaaaaa	0
select cidx, CCHAR8, FIND_IN_SET(CCHAR8,'b,-2') from datatypetestm order by cidx;
cidx	CCHAR8	FIND_IN_SET(CCHAR8,'b,-2')
1	aaaaaaaa	0
select cidx, CCHAR8, FIND_IN_SET(CCHAR8,'z,-5') from datatypetestm order by cidx;
cidx	CCHAR8	FIND_IN_SET(CCHAR8,'z,-5')
1	aaaaaaaa	0
select cidx, CCHAR9, FIND_IN_SET(CCHAR9,'a,3') from datatypetestm order by cidx;
cidx	CCHAR9	FIND_IN_SET(CCHAR9,'a,3')
1	aaaaaaaaa	0
select cidx, CCHAR9, FIND_IN_SET(CCHAR9,'b,2') from datatypetestm order by cidx;
cidx	CCHAR9	FIND_IN_SET(CCHAR9,'b,2')
1	aaaaaaaaa	0
select cidx, CCHAR9, FIND_IN_SET(CCHAR9,'z,5') from datatypetestm order by cidx;
cidx	CCHAR9	FIND_IN_SET(CCHAR9,'z,5')
1	aaaaaaaaa	0
select cidx, CCHAR9, FIND_IN_SET(CCHAR9,'a,-3') from datatypetestm order by cidx;
cidx	CCHAR9	FIND_IN_SET(CCHAR9,'a,-3')
1	aaaaaaaaa	0
select cidx, CCHAR9, FIND_IN_SET(CCHAR9,'b,-2') from datatypetestm order by cidx;
cidx	CCHAR9	FIND_IN_SET(CCHAR9,'b,-2')
1	aaaaaaaaa	0
select cidx, CCHAR9, FIND_IN_SET(CCHAR9,'z,-5') from datatypetestm order by cidx;
cidx	CCHAR9	FIND_IN_SET(CCHAR9,'z,-5')
1	aaaaaaaaa	0
select cidx, CCHAR255, FIND_IN_SET(CCHAR255,'a,3') from datatypetestm order by cidx;
cidx	CCHAR255	FIND_IN_SET(CCHAR255,'a,3')
1	aaaaaaaaaa	0
select cidx, CCHAR255, FIND_IN_SET(CCHAR255,'b,2') from datatypetestm order by cidx;
cidx	CCHAR255	FIND_IN_SET(CCHAR255,'b,2')
1	aaaaaaaaaa	0
select cidx, CCHAR255, FIND_IN_SET(CCHAR255,'z,5') from datatypetestm order by cidx;
cidx	CCHAR255	FIND_IN_SET(CCHAR255,'z,5')
1	aaaaaaaaaa	0
select cidx, CCHAR255, FIND_IN_SET(CCHAR255,'a,-3') from datatypetestm order by cidx;
cidx	CCHAR255	FIND_IN_SET(CCHAR255,'a,-3')
1	aaaaaaaaaa	0
select cidx, CCHAR255, FIND_IN_SET(CCHAR255,'b,-2') from datatypetestm order by cidx;
cidx	CCHAR255	FIND_IN_SET(CCHAR255,'b,-2')
1	aaaaaaaaaa	0
select cidx, CCHAR255, FIND_IN_SET(CCHAR255,'z,-5') from datatypetestm order by cidx;
cidx	CCHAR255	FIND_IN_SET(CCHAR255,'z,-5')
1	aaaaaaaaaa	0
select cidx, CVCHAR1, FIND_IN_SET(CVCHAR1,'a,3') from datatypetestm order by cidx;
cidx	CVCHAR1	FIND_IN_SET(CVCHAR1,'a,3')
1	a	1
select cidx, CVCHAR1, FIND_IN_SET(CVCHAR1,'b,2') from datatypetestm order by cidx;
cidx	CVCHAR1	FIND_IN_SET(CVCHAR1,'b,2')
1	a	0
select cidx, CVCHAR1, FIND_IN_SET(CVCHAR1,'z,5') from datatypetestm order by cidx;
cidx	CVCHAR1	FIND_IN_SET(CVCHAR1,'z,5')
1	a	0
select cidx, CVCHAR1, FIND_IN_SET(CVCHAR1,'a,-3') from datatypetestm order by cidx;
cidx	CVCHAR1	FIND_IN_SET(CVCHAR1,'a,-3')
1	a	1
select cidx, CVCHAR1, FIND_IN_SET(CVCHAR1,'b,-2') from datatypetestm order by cidx;
cidx	CVCHAR1	FIND_IN_SET(CVCHAR1,'b,-2')
1	a	0
select cidx, CVCHAR1, FIND_IN_SET(CVCHAR1,'z,-5') from datatypetestm order by cidx;
cidx	CVCHAR1	FIND_IN_SET(CVCHAR1,'z,-5')
1	a	0
select cidx, CVCHAR2, FIND_IN_SET(CVCHAR2,'a,3') from datatypetestm order by cidx;
cidx	CVCHAR2	FIND_IN_SET(CVCHAR2,'a,3')
1	aa	0
select cidx, CVCHAR2, FIND_IN_SET(CVCHAR2,'b,2') from datatypetestm order by cidx;
cidx	CVCHAR2	FIND_IN_SET(CVCHAR2,'b,2')
1	aa	0
select cidx, CVCHAR2, FIND_IN_SET(CVCHAR2,'z,5') from datatypetestm order by cidx;
cidx	CVCHAR2	FIND_IN_SET(CVCHAR2,'z,5')
1	aa	0
select cidx, CVCHAR2, FIND_IN_SET(CVCHAR2,'a,-3') from datatypetestm order by cidx;
cidx	CVCHAR2	FIND_IN_SET(CVCHAR2,'a,-3')
1	aa	0
select cidx, CVCHAR2, FIND_IN_SET(CVCHAR2,'b,-2') from datatypetestm order by cidx;
cidx	CVCHAR2	FIND_IN_SET(CVCHAR2,'b,-2')
1	aa	0
select cidx, CVCHAR2, FIND_IN_SET(CVCHAR2,'z,-5') from datatypetestm order by cidx;
cidx	CVCHAR2	FIND_IN_SET(CVCHAR2,'z,-5')
1	aa	0
select cidx, CVCHAR3, FIND_IN_SET(CVCHAR3,'a,3') from datatypetestm order by cidx;
cidx	CVCHAR3	FIND_IN_SET(CVCHAR3,'a,3')
1	aaa	0
select cidx, CVCHAR3, FIND_IN_SET(CVCHAR3,'b,2') from datatypetestm order by cidx;
cidx	CVCHAR3	FIND_IN_SET(CVCHAR3,'b,2')
1	aaa	0
select cidx, CVCHAR3, FIND_IN_SET(CVCHAR3,'z,5') from datatypetestm order by cidx;
cidx	CVCHAR3	FIND_IN_SET(CVCHAR3,'z,5')
1	aaa	0
select cidx, CVCHAR3, FIND_IN_SET(CVCHAR3,'a,-3') from datatypetestm order by cidx;
cidx	CVCHAR3	FIND_IN_SET(CVCHAR3,'a,-3')
1	aaa	0
select cidx, CVCHAR3, FIND_IN_SET(CVCHAR3,'b,-2') from datatypetestm order by cidx;
cidx	CVCHAR3	FIND_IN_SET(CVCHAR3,'b,-2')
1	aaa	0
select cidx, CVCHAR3, FIND_IN_SET(CVCHAR3,'z,-5') from datatypetestm order by cidx;
cidx	CVCHAR3	FIND_IN_SET(CVCHAR3,'z,-5')
1	aaa	0
select cidx, CVCHAR4, FIND_IN_SET(CVCHAR4,'a,3') from datatypetestm order by cidx;
cidx	CVCHAR4	FIND_IN_SET(CVCHAR4,'a,3')
1	aaaa	0
select cidx, CVCHAR4, FIND_IN_SET(CVCHAR4,'b,2') from datatypetestm order by cidx;
cidx	CVCHAR4	FIND_IN_SET(CVCHAR4,'b,2')
1	aaaa	0
select cidx, CVCHAR4, FIND_IN_SET(CVCHAR4,'z,5') from datatypetestm order by cidx;
cidx	CVCHAR4	FIND_IN_SET(CVCHAR4,'z,5')
1	aaaa	0
select cidx, CVCHAR4, FIND_IN_SET(CVCHAR4,'a,-3') from datatypetestm order by cidx;
cidx	CVCHAR4	FIND_IN_SET(CVCHAR4,'a,-3')
1	aaaa	0
select cidx, CVCHAR4, FIND_IN_SET(CVCHAR4,'b,-2') from datatypetestm order by cidx;
cidx	CVCHAR4	FIND_IN_SET(CVCHAR4,'b,-2')
1	aaaa	0
select cidx, CVCHAR4, FIND_IN_SET(CVCHAR4,'z,-5') from datatypetestm order by cidx;
cidx	CVCHAR4	FIND_IN_SET(CVCHAR4,'z,-5')
1	aaaa	0
select cidx, CVCHAR5, FIND_IN_SET(CVCHAR5,'a,3') from datatypetestm order by cidx;
cidx	CVCHAR5	FIND_IN_SET(CVCHAR5,'a,3')
1	aaaaa	0
select cidx, CVCHAR5, FIND_IN_SET(CVCHAR5,'b,2') from datatypetestm order by cidx;
cidx	CVCHAR5	FIND_IN_SET(CVCHAR5,'b,2')
1	aaaaa	0
select cidx, CVCHAR5, FIND_IN_SET(CVCHAR5,'z,5') from datatypetestm order by cidx;
cidx	CVCHAR5	FIND_IN_SET(CVCHAR5,'z,5')
1	aaaaa	0
select cidx, CVCHAR5, FIND_IN_SET(CVCHAR5,'a,-3') from datatypetestm order by cidx;
cidx	CVCHAR5	FIND_IN_SET(CVCHAR5,'a,-3')
1	aaaaa	0
select cidx, CVCHAR5, FIND_IN_SET(CVCHAR5,'b,-2') from datatypetestm order by cidx;
cidx	CVCHAR5	FIND_IN_SET(CVCHAR5,'b,-2')
1	aaaaa	0
select cidx, CVCHAR5, FIND_IN_SET(CVCHAR5,'z,-5') from datatypetestm order by cidx;
cidx	CVCHAR5	FIND_IN_SET(CVCHAR5,'z,-5')
1	aaaaa	0
select cidx, CVCHAR6, FIND_IN_SET(CVCHAR6,'a,3') from datatypetestm order by cidx;
cidx	CVCHAR6	FIND_IN_SET(CVCHAR6,'a,3')
1	aaaaaa	0
select cidx, CVCHAR6, FIND_IN_SET(CVCHAR6,'b,2') from datatypetestm order by cidx;
cidx	CVCHAR6	FIND_IN_SET(CVCHAR6,'b,2')
1	aaaaaa	0
select cidx, CVCHAR6, FIND_IN_SET(CVCHAR6,'z,5') from datatypetestm order by cidx;
cidx	CVCHAR6	FIND_IN_SET(CVCHAR6,'z,5')
1	aaaaaa	0
select cidx, CVCHAR6, FIND_IN_SET(CVCHAR6,'a,-3') from datatypetestm order by cidx;
cidx	CVCHAR6	FIND_IN_SET(CVCHAR6,'a,-3')
1	aaaaaa	0
select cidx, CVCHAR6, FIND_IN_SET(CVCHAR6,'b,-2') from datatypetestm order by cidx;
cidx	CVCHAR6	FIND_IN_SET(CVCHAR6,'b,-2')
1	aaaaaa	0
select cidx, CVCHAR6, FIND_IN_SET(CVCHAR6,'z,-5') from datatypetestm order by cidx;
cidx	CVCHAR6	FIND_IN_SET(CVCHAR6,'z,-5')
1	aaaaaa	0
select cidx, CVCHAR7, FIND_IN_SET(CVCHAR7,'a,3') from datatypetestm order by cidx;
cidx	CVCHAR7	FIND_IN_SET(CVCHAR7,'a,3')
1	aaaaaaa	0
select cidx, CVCHAR7, FIND_IN_SET(CVCHAR7,'b,2') from datatypetestm order by cidx;
cidx	CVCHAR7	FIND_IN_SET(CVCHAR7,'b,2')
1	aaaaaaa	0
select cidx, CVCHAR7, FIND_IN_SET(CVCHAR7,'z,5') from datatypetestm order by cidx;
cidx	CVCHAR7	FIND_IN_SET(CVCHAR7,'z,5')
1	aaaaaaa	0
select cidx, CVCHAR7, FIND_IN_SET(CVCHAR7,'a,-3') from datatypetestm order by cidx;
cidx	CVCHAR7	FIND_IN_SET(CVCHAR7,'a,-3')
1	aaaaaaa	0
select cidx, CVCHAR7, FIND_IN_SET(CVCHAR7,'b,-2') from datatypetestm order by cidx;
cidx	CVCHAR7	FIND_IN_SET(CVCHAR7,'b,-2')
1	aaaaaaa	0
select cidx, CVCHAR7, FIND_IN_SET(CVCHAR7,'z,-5') from datatypetestm order by cidx;
cidx	CVCHAR7	FIND_IN_SET(CVCHAR7,'z,-5')
1	aaaaaaa	0
select cidx, CVCHAR8, FIND_IN_SET(CVCHAR8,'a,3') from datatypetestm order by cidx;
cidx	CVCHAR8	FIND_IN_SET(CVCHAR8,'a,3')
1	aaaaaaaa	0
select cidx, CVCHAR8, FIND_IN_SET(CVCHAR8,'b,2') from datatypetestm order by cidx;
cidx	CVCHAR8	FIND_IN_SET(CVCHAR8,'b,2')
1	aaaaaaaa	0
select cidx, CVCHAR8, FIND_IN_SET(CVCHAR8,'z,5') from datatypetestm order by cidx;
cidx	CVCHAR8	FIND_IN_SET(CVCHAR8,'z,5')
1	aaaaaaaa	0
select cidx, CVCHAR8, FIND_IN_SET(CVCHAR8,'a,-3') from datatypetestm order by cidx;
cidx	CVCHAR8	FIND_IN_SET(CVCHAR8,'a,-3')
1	aaaaaaaa	0
select cidx, CVCHAR8, FIND_IN_SET(CVCHAR8,'b,-2') from datatypetestm order by cidx;
cidx	CVCHAR8	FIND_IN_SET(CVCHAR8,'b,-2')
1	aaaaaaaa	0
select cidx, CVCHAR8, FIND_IN_SET(CVCHAR8,'z,-5') from datatypetestm order by cidx;
cidx	CVCHAR8	FIND_IN_SET(CVCHAR8,'z,-5')
1	aaaaaaaa	0
select cidx, CVCHAR255, FIND_IN_SET(CVCHAR255,'a,3') from datatypetestm order by cidx;
cidx	CVCHAR255	FIND_IN_SET(CVCHAR255,'a,3')
1	aaaaaaaaaa	0
select cidx, CVCHAR255, FIND_IN_SET(CVCHAR255,'b,2') from datatypetestm order by cidx;
cidx	CVCHAR255	FIND_IN_SET(CVCHAR255,'b,2')
1	aaaaaaaaaa	0
select cidx, CVCHAR255, FIND_IN_SET(CVCHAR255,'z,5') from datatypetestm order by cidx;
cidx	CVCHAR255	FIND_IN_SET(CVCHAR255,'z,5')
1	aaaaaaaaaa	0
select cidx, CVCHAR255, FIND_IN_SET(CVCHAR255,'a,-3') from datatypetestm order by cidx;
cidx	CVCHAR255	FIND_IN_SET(CVCHAR255,'a,-3')
1	aaaaaaaaaa	0
select cidx, CVCHAR255, FIND_IN_SET(CVCHAR255,'b,-2') from datatypetestm order by cidx;
cidx	CVCHAR255	FIND_IN_SET(CVCHAR255,'b,-2')
1	aaaaaaaaaa	0
select cidx, CVCHAR255, FIND_IN_SET(CVCHAR255,'z,-5') from datatypetestm order by cidx;
cidx	CVCHAR255	FIND_IN_SET(CVCHAR255,'z,-5')
1	aaaaaaaaaa	0
select cidx, CCHAR1 from datatypetestm where FIND_IN_SET(CCHAR1,'a,3') <> 0 order by cidx;
cidx	CCHAR1
1	a
select cidx, CCHAR1 from datatypetestm where FIND_IN_SET(CCHAR1,'b,2') <> 0 order by cidx;
cidx	CCHAR1
select cidx, CCHAR1 from datatypetestm where FIND_IN_SET(CCHAR1,'z,5') <> 0 order by cidx;
cidx	CCHAR1
select cidx, CCHAR1 from datatypetestm where FIND_IN_SET(CCHAR1,'a,-3') <> 0 order by cidx;
cidx	CCHAR1
1	a
select cidx, CCHAR1 from datatypetestm where FIND_IN_SET(CCHAR1,'b,-2') <> 0 order by cidx;
cidx	CCHAR1
select cidx, CCHAR1 from datatypetestm where FIND_IN_SET(CCHAR1,'z,-5') <> 0 order by cidx;
cidx	CCHAR1
select cidx, CCHAR2 from datatypetestm where FIND_IN_SET(CCHAR2,'a,3') <> 0 order by cidx;
cidx	CCHAR2
select cidx, CCHAR2 from datatypetestm where FIND_IN_SET(CCHAR2,'b,2') <> 0 order by cidx;
cidx	CCHAR2
select cidx, CCHAR2 from datatypetestm where FIND_IN_SET(CCHAR2,'z,5') <> 0 order by cidx;
cidx	CCHAR2
select cidx, CCHAR2 from datatypetestm where FIND_IN_SET(CCHAR2,'a,-3') <> 0 order by cidx;
cidx	CCHAR2
select cidx, CCHAR2 from datatypetestm where FIND_IN_SET(CCHAR2,'b,-2') <> 0 order by cidx;
cidx	CCHAR2
select cidx, CCHAR2 from datatypetestm where FIND_IN_SET(CCHAR2,'z,-5') <> 0 order by cidx;
cidx	CCHAR2
select cidx, CCHAR3 from datatypetestm where FIND_IN_SET(CCHAR3,'a,3') <> 0 order by cidx;
cidx	CCHAR3
select cidx, CCHAR3 from datatypetestm where FIND_IN_SET(CCHAR3,'b,2') <> 0 order by cidx;
cidx	CCHAR3
select cidx, CCHAR3 from datatypetestm where FIND_IN_SET(CCHAR3,'z,5') <> 0 order by cidx;
cidx	CCHAR3
select cidx, CCHAR3 from datatypetestm where FIND_IN_SET(CCHAR3,'a,-3') <> 0 order by cidx;
cidx	CCHAR3
select cidx, CCHAR3 from datatypetestm where FIND_IN_SET(CCHAR3,'b,-2') <> 0 order by cidx;
cidx	CCHAR3
select cidx, CCHAR3 from datatypetestm where FIND_IN_SET(CCHAR3,'z,-5') <> 0 order by cidx;
cidx	CCHAR3
select cidx, CCHAR4 from datatypetestm where FIND_IN_SET(CCHAR4,'a,3') <> 0 order by cidx;
cidx	CCHAR4
select cidx, CCHAR4 from datatypetestm where FIND_IN_SET(CCHAR4,'b,2') <> 0 order by cidx;
cidx	CCHAR4
select cidx, CCHAR4 from datatypetestm where FIND_IN_SET(CCHAR4,'z,5') <> 0 order by cidx;
cidx	CCHAR4
select cidx, CCHAR4 from datatypetestm where FIND_IN_SET(CCHAR4,'a,-3') <> 0 order by cidx;
cidx	CCHAR4
select cidx, CCHAR4 from datatypetestm where FIND_IN_SET(CCHAR4,'b,-2') <> 0 order by cidx;
cidx	CCHAR4
select cidx, CCHAR4 from datatypetestm where FIND_IN_SET(CCHAR4,'z,-5') <> 0 order by cidx;
cidx	CCHAR4
select cidx, CCHAR5 from datatypetestm where FIND_IN_SET(CCHAR5,'a,3') <> 0 order by cidx;
cidx	CCHAR5
select cidx, CCHAR5 from datatypetestm where FIND_IN_SET(CCHAR5,'b,2') <> 0 order by cidx;
cidx	CCHAR5
select cidx, CCHAR5 from datatypetestm where FIND_IN_SET(CCHAR5,'z,5') <> 0 order by cidx;
cidx	CCHAR5
select cidx, CCHAR5 from datatypetestm where FIND_IN_SET(CCHAR5,'a,-3') <> 0 order by cidx;
cidx	CCHAR5
select cidx, CCHAR5 from datatypetestm where FIND_IN_SET(CCHAR5,'b,-2') <> 0 order by cidx;
cidx	CCHAR5
select cidx, CCHAR5 from datatypetestm where FIND_IN_SET(CCHAR5,'z,-5') <> 0 order by cidx;
cidx	CCHAR5
select cidx, CCHAR6 from datatypetestm where FIND_IN_SET(CCHAR6,'a,3') <> 0 order by cidx;
cidx	CCHAR6
select cidx, CCHAR6 from datatypetestm where FIND_IN_SET(CCHAR6,'b,2') <> 0 order by cidx;
cidx	CCHAR6
select cidx, CCHAR6 from datatypetestm where FIND_IN_SET(CCHAR6,'z,5') <> 0 order by cidx;
cidx	CCHAR6
select cidx, CCHAR6 from datatypetestm where FIND_IN_SET(CCHAR6,'a,-3') <> 0 order by cidx;
cidx	CCHAR6
select cidx, CCHAR6 from datatypetestm where FIND_IN_SET(CCHAR6,'b,-2') <> 0 order by cidx;
cidx	CCHAR6
select cidx, CCHAR6 from datatypetestm where FIND_IN_SET(CCHAR6,'z,-5') <> 0 order by cidx;
cidx	CCHAR6
select cidx, CCHAR7 from datatypetestm where FIND_IN_SET(CCHAR7,'a,3') <> 0 order by cidx;
cidx	CCHAR7
select cidx, CCHAR7 from datatypetestm where FIND_IN_SET(CCHAR7,'b,2') <> 0 order by cidx;
cidx	CCHAR7
select cidx, CCHAR7 from datatypetestm where FIND_IN_SET(CCHAR7,'z,5') <> 0 order by cidx;
cidx	CCHAR7
select cidx, CCHAR7 from datatypetestm where FIND_IN_SET(CCHAR7,'a,-3') <> 0 order by cidx;
cidx	CCHAR7
select cidx, CCHAR7 from datatypetestm where FIND_IN_SET(CCHAR7,'b,-2') <> 0 order by cidx;
cidx	CCHAR7
select cidx, CCHAR7 from datatypetestm where FIND_IN_SET(CCHAR7,'z,-5') <> 0 order by cidx;
cidx	CCHAR7
select cidx, CCHAR8 from datatypetestm where FIND_IN_SET(CCHAR8,'a,3') <> 0 order by cidx;
cidx	CCHAR8
select cidx, CCHAR8 from datatypetestm where FIND_IN_SET(CCHAR8,'b,2') <> 0 order by cidx;
cidx	CCHAR8
select cidx, CCHAR8 from datatypetestm where FIND_IN_SET(CCHAR8,'z,5') <> 0 order by cidx;
cidx	CCHAR8
select cidx, CCHAR8 from datatypetestm where FIND_IN_SET(CCHAR8,'a,-3') <> 0 order by cidx;
cidx	CCHAR8
select cidx, CCHAR8 from datatypetestm where FIND_IN_SET(CCHAR8,'b,-2') <> 0 order by cidx;
cidx	CCHAR8
select cidx, CCHAR8 from datatypetestm where FIND_IN_SET(CCHAR8,'z,-5') <> 0 order by cidx;
cidx	CCHAR8
select cidx, CCHAR9 from datatypetestm where FIND_IN_SET(CCHAR9,'a,3') <> 0 order by cidx;
cidx	CCHAR9
select cidx, CCHAR9 from datatypetestm where FIND_IN_SET(CCHAR9,'b,2') <> 0 order by cidx;
cidx	CCHAR9
select cidx, CCHAR9 from datatypetestm where FIND_IN_SET(CCHAR9,'z,5') <> 0 order by cidx;
cidx	CCHAR9
select cidx, CCHAR9 from datatypetestm where FIND_IN_SET(CCHAR9,'a,-3') <> 0 order by cidx;
cidx	CCHAR9
select cidx, CCHAR9 from datatypetestm where FIND_IN_SET(CCHAR9,'b,-2') <> 0 order by cidx;
cidx	CCHAR9
select cidx, CCHAR9 from datatypetestm where FIND_IN_SET(CCHAR9,'z,-5') <> 0 order by cidx;
cidx	CCHAR9
select cidx, CCHAR255 from datatypetestm where FIND_IN_SET(CCHAR255,'a,3') <> 0 order by cidx;
cidx	CCHAR255
select cidx, CCHAR255 from datatypetestm where FIND_IN_SET(CCHAR255,'b,2') <> 0 order by cidx;
cidx	CCHAR255
select cidx, CCHAR255 from datatypetestm where FIND_IN_SET(CCHAR255,'z,5') <> 0 order by cidx;
cidx	CCHAR255
select cidx, CCHAR255 from datatypetestm where FIND_IN_SET(CCHAR255,'a,-3') <> 0 order by cidx;
cidx	CCHAR255
select cidx, CCHAR255 from datatypetestm where FIND_IN_SET(CCHAR255,'b,-2') <> 0 order by cidx;
cidx	CCHAR255
select cidx, CCHAR255 from datatypetestm where FIND_IN_SET(CCHAR255,'z,-5') <> 0 order by cidx;
cidx	CCHAR255
select cidx, CVCHAR1 from datatypetestm where FIND_IN_SET(CVCHAR1,'a,3') <> 0 order by cidx;
cidx	CVCHAR1
1	a
select cidx, CVCHAR1 from datatypetestm where FIND_IN_SET(CVCHAR1,'b,2') <> 0 order by cidx;
cidx	CVCHAR1
select cidx, CVCHAR1 from datatypetestm where FIND_IN_SET(CVCHAR1,'z,5') <> 0 order by cidx;
cidx	CVCHAR1
select cidx, CVCHAR1 from datatypetestm where FIND_IN_SET(CVCHAR1,'a,-3') <> 0 order by cidx;
cidx	CVCHAR1
1	a
select cidx, CVCHAR1 from datatypetestm where FIND_IN_SET(CVCHAR1,'b,-2') <> 0 order by cidx;
cidx	CVCHAR1
select cidx, CVCHAR1 from datatypetestm where FIND_IN_SET(CVCHAR1,'z,-5') <> 0 order by cidx;
cidx	CVCHAR1
select cidx, CVCHAR2 from datatypetestm where FIND_IN_SET(CVCHAR2,'a,3') <> 0 order by cidx;
cidx	CVCHAR2
select cidx, CVCHAR2 from datatypetestm where FIND_IN_SET(CVCHAR2,'b,2') <> 0 order by cidx;
cidx	CVCHAR2
select cidx, CVCHAR2 from datatypetestm where FIND_IN_SET(CVCHAR2,'z,5') <> 0 order by cidx;
cidx	CVCHAR2
select cidx, CVCHAR2 from datatypetestm where FIND_IN_SET(CVCHAR2,'a,-3') <> 0 order by cidx;
cidx	CVCHAR2
select cidx, CVCHAR2 from datatypetestm where FIND_IN_SET(CVCHAR2,'b,-2') <> 0 order by cidx;
cidx	CVCHAR2
select cidx, CVCHAR2 from datatypetestm where FIND_IN_SET(CVCHAR2,'z,-5') <> 0 order by cidx;
cidx	CVCHAR2
select cidx, CVCHAR3 from datatypetestm where FIND_IN_SET(CVCHAR3,'a,3') <> 0 order by cidx;
cidx	CVCHAR3
select cidx, CVCHAR3 from datatypetestm where FIND_IN_SET(CVCHAR3,'b,2') <> 0 order by cidx;
cidx	CVCHAR3
select cidx, CVCHAR3 from datatypetestm where FIND_IN_SET(CVCHAR3,'z,5') <> 0 order by cidx;
cidx	CVCHAR3
select cidx, CVCHAR3 from datatypetestm where FIND_IN_SET(CVCHAR3,'a,-3') <> 0 order by cidx;
cidx	CVCHAR3
select cidx, CVCHAR3 from datatypetestm where FIND_IN_SET(CVCHAR3,'b,-2') <> 0 order by cidx;
cidx	CVCHAR3
select cidx, CVCHAR3 from datatypetestm where FIND_IN_SET(CVCHAR3,'z,-5') <> 0 order by cidx;
cidx	CVCHAR3
select cidx, CVCHAR4 from datatypetestm where FIND_IN_SET(CVCHAR4,'a,3') <> 0 order by cidx;
cidx	CVCHAR4
select cidx, CVCHAR4 from datatypetestm where FIND_IN_SET(CVCHAR4,'b,2') <> 0 order by cidx;
cidx	CVCHAR4
select cidx, CVCHAR4 from datatypetestm where FIND_IN_SET(CVCHAR4,'z,5') <> 0 order by cidx;
cidx	CVCHAR4
select cidx, CVCHAR4 from datatypetestm where FIND_IN_SET(CVCHAR4,'a,-3') <> 0 order by cidx;
cidx	CVCHAR4
select cidx, CVCHAR4 from datatypetestm where FIND_IN_SET(CVCHAR4,'b,-2') <> 0 order by cidx;
cidx	CVCHAR4
select cidx, CVCHAR4 from datatypetestm where FIND_IN_SET(CVCHAR4,'z,-5') <> 0 order by cidx;
cidx	CVCHAR4
select cidx, CVCHAR5 from datatypetestm where FIND_IN_SET(CVCHAR5,'a,3') <> 0 order by cidx;
cidx	CVCHAR5
select cidx, CVCHAR5 from datatypetestm where FIND_IN_SET(CVCHAR5,'b,2') <> 0 order by cidx;
cidx	CVCHAR5
select cidx, CVCHAR5 from datatypetestm where FIND_IN_SET(CVCHAR5,'z,5') <> 0 order by cidx;
cidx	CVCHAR5
select cidx, CVCHAR5 from datatypetestm where FIND_IN_SET(CVCHAR5,'a,-3') <> 0 order by cidx;
cidx	CVCHAR5
select cidx, CVCHAR5 from datatypetestm where FIND_IN_SET(CVCHAR5,'b,-2') <> 0 order by cidx;
cidx	CVCHAR5
select cidx, CVCHAR5 from datatypetestm where FIND_IN_SET(CVCHAR5,'z,-5') <> 0 order by cidx;
cidx	CVCHAR5
select cidx, CVCHAR6 from datatypetestm where FIND_IN_SET(CVCHAR6,'a,3') <> 0 order by cidx;
cidx	CVCHAR6
select cidx, CVCHAR6 from datatypetestm where FIND_IN_SET(CVCHAR6,'b,2') <> 0 order by cidx;
cidx	CVCHAR6
select cidx, CVCHAR6 from datatypetestm where FIND_IN_SET(CVCHAR6,'z,5') <> 0 order by cidx;
cidx	CVCHAR6
select cidx, CVCHAR6 from datatypetestm where FIND_IN_SET(CVCHAR6,'a,-3') <> 0 order by cidx;
cidx	CVCHAR6
select cidx, CVCHAR6 from datatypetestm where FIND_IN_SET(CVCHAR6,'b,-2') <> 0 order by cidx;
cidx	CVCHAR6
select cidx, CVCHAR6 from datatypetestm where FIND_IN_SET(CVCHAR6,'z,-5') <> 0 order by cidx;
cidx	CVCHAR6
select cidx, CVCHAR7 from datatypetestm where FIND_IN_SET(CVCHAR7,'a,3') <> 0 order by cidx;
cidx	CVCHAR7
select cidx, CVCHAR7 from datatypetestm where FIND_IN_SET(CVCHAR7,'b,2') <> 0 order by cidx;
cidx	CVCHAR7
select cidx, CVCHAR7 from datatypetestm where FIND_IN_SET(CVCHAR7,'z,5') <> 0 order by cidx;
cidx	CVCHAR7
select cidx, CVCHAR7 from datatypetestm where FIND_IN_SET(CVCHAR7,'a,-3') <> 0 order by cidx;
cidx	CVCHAR7
select cidx, CVCHAR7 from datatypetestm where FIND_IN_SET(CVCHAR7,'b,-2') <> 0 order by cidx;
cidx	CVCHAR7
select cidx, CVCHAR7 from datatypetestm where FIND_IN_SET(CVCHAR7,'z,-5') <> 0 order by cidx;
cidx	CVCHAR7
select cidx, CVCHAR8 from datatypetestm where FIND_IN_SET(CVCHAR8,'a,3') <> 0 order by cidx;
cidx	CVCHAR8
select cidx, CVCHAR8 from datatypetestm where FIND_IN_SET(CVCHAR8,'b,2') <> 0 order by cidx;
cidx	CVCHAR8
select cidx, CVCHAR8 from datatypetestm where FIND_IN_SET(CVCHAR8,'z,5') <> 0 order by cidx;
cidx	CVCHAR8
select cidx, CVCHAR8 from datatypetestm where FIND_IN_SET(CVCHAR8,'a,-3') <> 0 order by cidx;
cidx	CVCHAR8
select cidx, CVCHAR8 from datatypetestm where FIND_IN_SET(CVCHAR8,'b,-2') <> 0 order by cidx;
cidx	CVCHAR8
select cidx, CVCHAR8 from datatypetestm where FIND_IN_SET(CVCHAR8,'z,-5') <> 0 order by cidx;
cidx	CVCHAR8
select cidx, CVCHAR255 from datatypetestm where FIND_IN_SET(CVCHAR255,'a,3') <> 0 order by cidx;
cidx	CVCHAR255
select cidx, CVCHAR255 from datatypetestm where FIND_IN_SET(CVCHAR255,'b,2') <> 0 order by cidx;
cidx	CVCHAR255
select cidx, CVCHAR255 from datatypetestm where FIND_IN_SET(CVCHAR255,'z,5') <> 0 order by cidx;
cidx	CVCHAR255
select cidx, CVCHAR255 from datatypetestm where FIND_IN_SET(CVCHAR255,'a,-3') <> 0 order by cidx;
cidx	CVCHAR255
select cidx, CVCHAR255 from datatypetestm where FIND_IN_SET(CVCHAR255,'b,-2') <> 0 order by cidx;
cidx	CVCHAR255
select cidx, CVCHAR255 from datatypetestm where FIND_IN_SET(CVCHAR255,'z,-5') <> 0 order by cidx;
cidx	CVCHAR255
