USE autopilot;
select cidx, CCHAR1, LEAST(CCHAR1,CCHAR3,CCHAR7,'MAHALO') from datatypetestm order by cidx;
cidx	CCHAR1	LEAST(CCHAR1,CCHAR3,CCHAR7,'MAHALO')
1	a	a
select cidx, CCHAR1, LEAST(CCHAR1,CCHAR3) from datatypetestm order by cidx;
cidx	CCHAR1	LEAST(CCHAR1,CCHAR3)
1	a	a
select cidx, CCHAR1, LEAST(CCHAR1,CCHAR7) from datatypetestm order by cidx;
cidx	CCHAR1	LEAST(CCHAR1,CCHAR7)
1	a	a
select cidx, CCHAR1, LEAST(CCHAR1,'MAHALO') from datatypetestm order by cidx;
cidx	CCHAR1	LEAST(CCHAR1,'MAHALO')
1	a	a
select cidx, CCHAR2, LEAST(CCHAR2,CCHAR3,CCHAR7,'MAHALO') from datatypetestm order by cidx;
cidx	CCHAR2	LEAST(CCHAR2,CCHAR3,CCHAR7,'MAHALO')
1	aa	aa
select cidx, CCHAR2, LEAST(CCHAR2,CCHAR3) from datatypetestm order by cidx;
cidx	CCHAR2	LEAST(CCHAR2,CCHAR3)
1	aa	aa
select cidx, CCHAR2, LEAST(CCHAR2,CCHAR7) from datatypetestm order by cidx;
cidx	CCHAR2	LEAST(CCHAR2,CCHAR7)
1	aa	aa
select cidx, CCHAR2, LEAST(CCHAR2,'MAHALO') from datatypetestm order by cidx;
cidx	CCHAR2	LEAST(CCHAR2,'MAHALO')
1	aa	aa
select cidx, CCHAR3, LEAST(CCHAR3,CCHAR3,CCHAR7,'MAHALO') from datatypetestm order by cidx;
cidx	CCHAR3	LEAST(CCHAR3,CCHAR3,CCHAR7,'MAHALO')
1	aaa	aaa
select cidx, CCHAR3, LEAST(CCHAR3,CCHAR3) from datatypetestm order by cidx;
cidx	CCHAR3	LEAST(CCHAR3,CCHAR3)
1	aaa	aaa
select cidx, CCHAR3, LEAST(CCHAR3,CCHAR7) from datatypetestm order by cidx;
cidx	CCHAR3	LEAST(CCHAR3,CCHAR7)
1	aaa	aaa
select cidx, CCHAR3, LEAST(CCHAR3,'MAHALO') from datatypetestm order by cidx;
cidx	CCHAR3	LEAST(CCHAR3,'MAHALO')
1	aaa	aaa
select cidx, CCHAR4, LEAST(CCHAR4,CCHAR3,CCHAR7,'MAHALO') from datatypetestm order by cidx;
cidx	CCHAR4	LEAST(CCHAR4,CCHAR3,CCHAR7,'MAHALO')
1	aaaa	aaa
select cidx, CCHAR4, LEAST(CCHAR4,CCHAR3) from datatypetestm order by cidx;
cidx	CCHAR4	LEAST(CCHAR4,CCHAR3)
1	aaaa	aaa
select cidx, CCHAR4, LEAST(CCHAR4,CCHAR7) from datatypetestm order by cidx;
cidx	CCHAR4	LEAST(CCHAR4,CCHAR7)
1	aaaa	aaaa
select cidx, CCHAR4, LEAST(CCHAR4,'MAHALO') from datatypetestm order by cidx;
cidx	CCHAR4	LEAST(CCHAR4,'MAHALO')
1	aaaa	aaaa
select cidx, CCHAR5, LEAST(CCHAR5,CCHAR3,CCHAR7,'MAHALO') from datatypetestm order by cidx;
cidx	CCHAR5	LEAST(CCHAR5,CCHAR3,CCHAR7,'MAHALO')
1	aaaaa	aaa
select cidx, CCHAR5, LEAST(CCHAR5,CCHAR3) from datatypetestm order by cidx;
cidx	CCHAR5	LEAST(CCHAR5,CCHAR3)
1	aaaaa	aaa
select cidx, CCHAR5, LEAST(CCHAR5,CCHAR7) from datatypetestm order by cidx;
cidx	CCHAR5	LEAST(CCHAR5,CCHAR7)
1	aaaaa	aaaaa
select cidx, CCHAR5, LEAST(CCHAR5,'MAHALO') from datatypetestm order by cidx;
cidx	CCHAR5	LEAST(CCHAR5,'MAHALO')
1	aaaaa	aaaaa
select cidx, CCHAR6, LEAST(CCHAR6,CCHAR3,CCHAR7,'MAHALO') from datatypetestm order by cidx;
cidx	CCHAR6	LEAST(CCHAR6,CCHAR3,CCHAR7,'MAHALO')
1	aaaaaa	aaa
select cidx, CCHAR6, LEAST(CCHAR6,CCHAR3) from datatypetestm order by cidx;
cidx	CCHAR6	LEAST(CCHAR6,CCHAR3)
1	aaaaaa	aaa
select cidx, CCHAR6, LEAST(CCHAR6,CCHAR7) from datatypetestm order by cidx;
cidx	CCHAR6	LEAST(CCHAR6,CCHAR7)
1	aaaaaa	aaaaaa
select cidx, CCHAR6, LEAST(CCHAR6,'MAHALO') from datatypetestm order by cidx;
cidx	CCHAR6	LEAST(CCHAR6,'MAHALO')
1	aaaaaa	aaaaaa
select cidx, CCHAR7, LEAST(CCHAR7,CCHAR3,CCHAR7,'MAHALO') from datatypetestm order by cidx;
cidx	CCHAR7	LEAST(CCHAR7,CCHAR3,CCHAR7,'MAHALO')
1	aaaaaaa	aaa
select cidx, CCHAR7, LEAST(CCHAR7,CCHAR3) from datatypetestm order by cidx;
cidx	CCHAR7	LEAST(CCHAR7,CCHAR3)
1	aaaaaaa	aaa
select cidx, CCHAR7, LEAST(CCHAR7,CCHAR7) from datatypetestm order by cidx;
cidx	CCHAR7	LEAST(CCHAR7,CCHAR7)
1	aaaaaaa	aaaaaaa
select cidx, CCHAR7, LEAST(CCHAR7,'MAHALO') from datatypetestm order by cidx;
cidx	CCHAR7	LEAST(CCHAR7,'MAHALO')
1	aaaaaaa	aaaaaaa
select cidx, CCHAR8, LEAST(CCHAR8,CCHAR3,CCHAR7,'MAHALO') from datatypetestm order by cidx;
cidx	CCHAR8	LEAST(CCHAR8,CCHAR3,CCHAR7,'MAHALO')
1	aaaaaaaa	aaa
select cidx, CCHAR8, LEAST(CCHAR8,CCHAR3) from datatypetestm order by cidx;
cidx	CCHAR8	LEAST(CCHAR8,CCHAR3)
1	aaaaaaaa	aaa
select cidx, CCHAR8, LEAST(CCHAR8,CCHAR7) from datatypetestm order by cidx;
cidx	CCHAR8	LEAST(CCHAR8,CCHAR7)
1	aaaaaaaa	aaaaaaa
select cidx, CCHAR8, LEAST(CCHAR8,'MAHALO') from datatypetestm order by cidx;
cidx	CCHAR8	LEAST(CCHAR8,'MAHALO')
1	aaaaaaaa	aaaaaaaa
select cidx, CCHAR9, LEAST(CCHAR9,CCHAR3,CCHAR7,'MAHALO') from datatypetestm order by cidx;
cidx	CCHAR9	LEAST(CCHAR9,CCHAR3,CCHAR7,'MAHALO')
1	aaaaaaaaa	aaa
select cidx, CCHAR9, LEAST(CCHAR9,CCHAR3) from datatypetestm order by cidx;
cidx	CCHAR9	LEAST(CCHAR9,CCHAR3)
1	aaaaaaaaa	aaa
select cidx, CCHAR9, LEAST(CCHAR9,CCHAR7) from datatypetestm order by cidx;
cidx	CCHAR9	LEAST(CCHAR9,CCHAR7)
1	aaaaaaaaa	aaaaaaa
select cidx, CCHAR9, LEAST(CCHAR9,'MAHALO') from datatypetestm order by cidx;
cidx	CCHAR9	LEAST(CCHAR9,'MAHALO')
1	aaaaaaaaa	aaaaaaaaa
select cidx, CCHAR255, LEAST(CCHAR255,CCHAR3,CCHAR7,'MAHALO') from datatypetestm order by cidx;
cidx	CCHAR255	LEAST(CCHAR255,CCHAR3,CCHAR7,'MAHALO')
1	aaaaaaaaaa	aaa
select cidx, CCHAR255, LEAST(CCHAR255,CCHAR3) from datatypetestm order by cidx;
cidx	CCHAR255	LEAST(CCHAR255,CCHAR3)
1	aaaaaaaaaa	aaa
select cidx, CCHAR255, LEAST(CCHAR255,CCHAR7) from datatypetestm order by cidx;
cidx	CCHAR255	LEAST(CCHAR255,CCHAR7)
1	aaaaaaaaaa	aaaaaaa
select cidx, CCHAR255, LEAST(CCHAR255,'MAHALO') from datatypetestm order by cidx;
cidx	CCHAR255	LEAST(CCHAR255,'MAHALO')
1	aaaaaaaaaa	aaaaaaaaaa
select cidx, CVCHAR1, LEAST(CVCHAR1,CCHAR3,CCHAR7,'MAHALO') from datatypetestm order by cidx;
cidx	CVCHAR1	LEAST(CVCHAR1,CCHAR3,CCHAR7,'MAHALO')
1	a	a
select cidx, CVCHAR1, LEAST(CVCHAR1,CCHAR3) from datatypetestm order by cidx;
cidx	CVCHAR1	LEAST(CVCHAR1,CCHAR3)
1	a	a
select cidx, CVCHAR1, LEAST(CVCHAR1,CCHAR7) from datatypetestm order by cidx;
cidx	CVCHAR1	LEAST(CVCHAR1,CCHAR7)
1	a	a
select cidx, CVCHAR1, LEAST(CVCHAR1,'MAHALO') from datatypetestm order by cidx;
cidx	CVCHAR1	LEAST(CVCHAR1,'MAHALO')
1	a	a
select cidx, CVCHAR2, LEAST(CVCHAR2,CCHAR3,CCHAR7,'MAHALO') from datatypetestm order by cidx;
cidx	CVCHAR2	LEAST(CVCHAR2,CCHAR3,CCHAR7,'MAHALO')
1	aa	aa
select cidx, CVCHAR2, LEAST(CVCHAR2,CCHAR3) from datatypetestm order by cidx;
cidx	CVCHAR2	LEAST(CVCHAR2,CCHAR3)
1	aa	aa
select cidx, CVCHAR2, LEAST(CVCHAR2,CCHAR7) from datatypetestm order by cidx;
cidx	CVCHAR2	LEAST(CVCHAR2,CCHAR7)
1	aa	aa
select cidx, CVCHAR2, LEAST(CVCHAR2,'MAHALO') from datatypetestm order by cidx;
cidx	CVCHAR2	LEAST(CVCHAR2,'MAHALO')
1	aa	aa
select cidx, CVCHAR3, LEAST(CVCHAR3,CCHAR3,CCHAR7,'MAHALO') from datatypetestm order by cidx;
cidx	CVCHAR3	LEAST(CVCHAR3,CCHAR3,CCHAR7,'MAHALO')
1	aaa	aaa
select cidx, CVCHAR3, LEAST(CVCHAR3,CCHAR3) from datatypetestm order by cidx;
cidx	CVCHAR3	LEAST(CVCHAR3,CCHAR3)
1	aaa	aaa
select cidx, CVCHAR3, LEAST(CVCHAR3,CCHAR7) from datatypetestm order by cidx;
cidx	CVCHAR3	LEAST(CVCHAR3,CCHAR7)
1	aaa	aaa
select cidx, CVCHAR3, LEAST(CVCHAR3,'MAHALO') from datatypetestm order by cidx;
cidx	CVCHAR3	LEAST(CVCHAR3,'MAHALO')
1	aaa	aaa
select cidx, CVCHAR4, LEAST(CVCHAR4,CCHAR3,CCHAR7,'MAHALO') from datatypetestm order by cidx;
cidx	CVCHAR4	LEAST(CVCHAR4,CCHAR3,CCHAR7,'MAHALO')
1	aaaa	aaa
select cidx, CVCHAR4, LEAST(CVCHAR4,CCHAR3) from datatypetestm order by cidx;
cidx	CVCHAR4	LEAST(CVCHAR4,CCHAR3)
1	aaaa	aaa
select cidx, CVCHAR4, LEAST(CVCHAR4,CCHAR7) from datatypetestm order by cidx;
cidx	CVCHAR4	LEAST(CVCHAR4,CCHAR7)
1	aaaa	aaaa
select cidx, CVCHAR4, LEAST(CVCHAR4,'MAHALO') from datatypetestm order by cidx;
cidx	CVCHAR4	LEAST(CVCHAR4,'MAHALO')
1	aaaa	aaaa
select cidx, CVCHAR5, LEAST(CVCHAR5,CCHAR3,CCHAR7,'MAHALO') from datatypetestm order by cidx;
cidx	CVCHAR5	LEAST(CVCHAR5,CCHAR3,CCHAR7,'MAHALO')
1	aaaaa	aaa
select cidx, CVCHAR5, LEAST(CVCHAR5,CCHAR3) from datatypetestm order by cidx;
cidx	CVCHAR5	LEAST(CVCHAR5,CCHAR3)
1	aaaaa	aaa
select cidx, CVCHAR5, LEAST(CVCHAR5,CCHAR7) from datatypetestm order by cidx;
cidx	CVCHAR5	LEAST(CVCHAR5,CCHAR7)
1	aaaaa	aaaaa
select cidx, CVCHAR5, LEAST(CVCHAR5,'MAHALO') from datatypetestm order by cidx;
cidx	CVCHAR5	LEAST(CVCHAR5,'MAHALO')
1	aaaaa	aaaaa
select cidx, CVCHAR6, LEAST(CVCHAR6,CCHAR3,CCHAR7,'MAHALO') from datatypetestm order by cidx;
cidx	CVCHAR6	LEAST(CVCHAR6,CCHAR3,CCHAR7,'MAHALO')
1	aaaaaa	aaa
select cidx, CVCHAR6, LEAST(CVCHAR6,CCHAR3) from datatypetestm order by cidx;
cidx	CVCHAR6	LEAST(CVCHAR6,CCHAR3)
1	aaaaaa	aaa
select cidx, CVCHAR6, LEAST(CVCHAR6,CCHAR7) from datatypetestm order by cidx;
cidx	CVCHAR6	LEAST(CVCHAR6,CCHAR7)
1	aaaaaa	aaaaaa
select cidx, CVCHAR6, LEAST(CVCHAR6,'MAHALO') from datatypetestm order by cidx;
cidx	CVCHAR6	LEAST(CVCHAR6,'MAHALO')
1	aaaaaa	aaaaaa
select cidx, CVCHAR7, LEAST(CVCHAR7,CCHAR3,CCHAR7,'MAHALO') from datatypetestm order by cidx;
cidx	CVCHAR7	LEAST(CVCHAR7,CCHAR3,CCHAR7,'MAHALO')
1	aaaaaaa	aaa
select cidx, CVCHAR7, LEAST(CVCHAR7,CCHAR3) from datatypetestm order by cidx;
cidx	CVCHAR7	LEAST(CVCHAR7,CCHAR3)
1	aaaaaaa	aaa
select cidx, CVCHAR7, LEAST(CVCHAR7,CCHAR7) from datatypetestm order by cidx;
cidx	CVCHAR7	LEAST(CVCHAR7,CCHAR7)
1	aaaaaaa	aaaaaaa
select cidx, CVCHAR7, LEAST(CVCHAR7,'MAHALO') from datatypetestm order by cidx;
cidx	CVCHAR7	LEAST(CVCHAR7,'MAHALO')
1	aaaaaaa	aaaaaaa
select cidx, CVCHAR8, LEAST(CVCHAR8,CCHAR3,CCHAR7,'MAHALO') from datatypetestm order by cidx;
cidx	CVCHAR8	LEAST(CVCHAR8,CCHAR3,CCHAR7,'MAHALO')
1	aaaaaaaa	aaa
select cidx, CVCHAR8, LEAST(CVCHAR8,CCHAR3) from datatypetestm order by cidx;
cidx	CVCHAR8	LEAST(CVCHAR8,CCHAR3)
1	aaaaaaaa	aaa
select cidx, CVCHAR8, LEAST(CVCHAR8,CCHAR7) from datatypetestm order by cidx;
cidx	CVCHAR8	LEAST(CVCHAR8,CCHAR7)
1	aaaaaaaa	aaaaaaa
select cidx, CVCHAR8, LEAST(CVCHAR8,'MAHALO') from datatypetestm order by cidx;
cidx	CVCHAR8	LEAST(CVCHAR8,'MAHALO')
1	aaaaaaaa	aaaaaaaa
select cidx, CVCHAR255, LEAST(CVCHAR255,CCHAR3,CCHAR7,'MAHALO') from datatypetestm order by cidx;
cidx	CVCHAR255	LEAST(CVCHAR255,CCHAR3,CCHAR7,'MAHALO')
1	aaaaaaaaaa	aaa
select cidx, CVCHAR255, LEAST(CVCHAR255,CCHAR3) from datatypetestm order by cidx;
cidx	CVCHAR255	LEAST(CVCHAR255,CCHAR3)
1	aaaaaaaaaa	aaa
select cidx, CVCHAR255, LEAST(CVCHAR255,CCHAR7) from datatypetestm order by cidx;
cidx	CVCHAR255	LEAST(CVCHAR255,CCHAR7)
1	aaaaaaaaaa	aaaaaaa
select cidx, CVCHAR255, LEAST(CVCHAR255,'MAHALO') from datatypetestm order by cidx;
cidx	CVCHAR255	LEAST(CVCHAR255,'MAHALO')
1	aaaaaaaaaa	aaaaaaaaaa
select cidx, CCHAR1 from datatypetestm order by LEAST(CCHAR1,CCHAR3,CCHAR7,'MAHALO'), cidx;
cidx	CCHAR1
1	a
select cidx, CCHAR1 from datatypetestm order by LEAST(CCHAR1,CCHAR3), cidx;
cidx	CCHAR1
1	a
select cidx, CCHAR1 from datatypetestm order by LEAST(CCHAR1,CCHAR7), cidx;
cidx	CCHAR1
1	a
select cidx, CCHAR1 from datatypetestm order by LEAST(CCHAR1,'MAHALO'), cidx;
cidx	CCHAR1
1	a
select cidx, CCHAR2 from datatypetestm order by LEAST(CCHAR2,CCHAR3,CCHAR7,'MAHALO'), cidx;
cidx	CCHAR2
1	aa
select cidx, CCHAR2 from datatypetestm order by LEAST(CCHAR2,CCHAR3), cidx;
cidx	CCHAR2
1	aa
select cidx, CCHAR2 from datatypetestm order by LEAST(CCHAR2,CCHAR7), cidx;
cidx	CCHAR2
1	aa
select cidx, CCHAR2 from datatypetestm order by LEAST(CCHAR2,'MAHALO'), cidx;
cidx	CCHAR2
1	aa
select cidx, CCHAR3 from datatypetestm order by LEAST(CCHAR3,CCHAR3,CCHAR7,'MAHALO'), cidx;
cidx	CCHAR3
1	aaa
select cidx, CCHAR3 from datatypetestm order by LEAST(CCHAR3,CCHAR3), cidx;
cidx	CCHAR3
1	aaa
select cidx, CCHAR3 from datatypetestm order by LEAST(CCHAR3,CCHAR7), cidx;
cidx	CCHAR3
1	aaa
select cidx, CCHAR3 from datatypetestm order by LEAST(CCHAR3,'MAHALO'), cidx;
cidx	CCHAR3
1	aaa
select cidx, CCHAR4 from datatypetestm order by LEAST(CCHAR4,CCHAR3,CCHAR7,'MAHALO'), cidx;
cidx	CCHAR4
1	aaaa
select cidx, CCHAR4 from datatypetestm order by LEAST(CCHAR4,CCHAR3), cidx;
cidx	CCHAR4
1	aaaa
select cidx, CCHAR4 from datatypetestm order by LEAST(CCHAR4,CCHAR7), cidx;
cidx	CCHAR4
1	aaaa
select cidx, CCHAR4 from datatypetestm order by LEAST(CCHAR4,'MAHALO'), cidx;
cidx	CCHAR4
1	aaaa
select cidx, CCHAR5 from datatypetestm order by LEAST(CCHAR5,CCHAR3,CCHAR7,'MAHALO'), cidx;
cidx	CCHAR5
1	aaaaa
select cidx, CCHAR5 from datatypetestm order by LEAST(CCHAR5,CCHAR3), cidx;
cidx	CCHAR5
1	aaaaa
select cidx, CCHAR5 from datatypetestm order by LEAST(CCHAR5,CCHAR7), cidx;
cidx	CCHAR5
1	aaaaa
select cidx, CCHAR5 from datatypetestm order by LEAST(CCHAR5,'MAHALO'), cidx;
cidx	CCHAR5
1	aaaaa
select cidx, CCHAR6 from datatypetestm order by LEAST(CCHAR6,CCHAR3,CCHAR7,'MAHALO'), cidx;
cidx	CCHAR6
1	aaaaaa
select cidx, CCHAR6 from datatypetestm order by LEAST(CCHAR6,CCHAR3), cidx;
cidx	CCHAR6
1	aaaaaa
select cidx, CCHAR6 from datatypetestm order by LEAST(CCHAR6,CCHAR7), cidx;
cidx	CCHAR6
1	aaaaaa
select cidx, CCHAR6 from datatypetestm order by LEAST(CCHAR6,'MAHALO'), cidx;
cidx	CCHAR6
1	aaaaaa
select cidx, CCHAR7 from datatypetestm order by LEAST(CCHAR7,CCHAR3,CCHAR7,'MAHALO'), cidx;
cidx	CCHAR7
1	aaaaaaa
select cidx, CCHAR7 from datatypetestm order by LEAST(CCHAR7,CCHAR3), cidx;
cidx	CCHAR7
1	aaaaaaa
select cidx, CCHAR7 from datatypetestm order by LEAST(CCHAR7,CCHAR7), cidx;
cidx	CCHAR7
1	aaaaaaa
select cidx, CCHAR7 from datatypetestm order by LEAST(CCHAR7,'MAHALO'), cidx;
cidx	CCHAR7
1	aaaaaaa
select cidx, CCHAR8 from datatypetestm order by LEAST(CCHAR8,CCHAR3,CCHAR7,'MAHALO'), cidx;
cidx	CCHAR8
1	aaaaaaaa
select cidx, CCHAR8 from datatypetestm order by LEAST(CCHAR8,CCHAR3), cidx;
cidx	CCHAR8
1	aaaaaaaa
select cidx, CCHAR8 from datatypetestm order by LEAST(CCHAR8,CCHAR7), cidx;
cidx	CCHAR8
1	aaaaaaaa
select cidx, CCHAR8 from datatypetestm order by LEAST(CCHAR8,'MAHALO'), cidx;
cidx	CCHAR8
1	aaaaaaaa
select cidx, CCHAR9 from datatypetestm order by LEAST(CCHAR9,CCHAR3,CCHAR7,'MAHALO'), cidx;
cidx	CCHAR9
1	aaaaaaaaa
select cidx, CCHAR9 from datatypetestm order by LEAST(CCHAR9,CCHAR3), cidx;
cidx	CCHAR9
1	aaaaaaaaa
select cidx, CCHAR9 from datatypetestm order by LEAST(CCHAR9,CCHAR7), cidx;
cidx	CCHAR9
1	aaaaaaaaa
select cidx, CCHAR9 from datatypetestm order by LEAST(CCHAR9,'MAHALO'), cidx;
cidx	CCHAR9
1	aaaaaaaaa
select cidx, CCHAR255 from datatypetestm order by LEAST(CCHAR255,CCHAR3,CCHAR7,'MAHALO'), cidx;
cidx	CCHAR255
1	aaaaaaaaaa
select cidx, CCHAR255 from datatypetestm order by LEAST(CCHAR255,CCHAR3), cidx;
cidx	CCHAR255
1	aaaaaaaaaa
select cidx, CCHAR255 from datatypetestm order by LEAST(CCHAR255,CCHAR7), cidx;
cidx	CCHAR255
1	aaaaaaaaaa
select cidx, CCHAR255 from datatypetestm order by LEAST(CCHAR255,'MAHALO'), cidx;
cidx	CCHAR255
1	aaaaaaaaaa
select cidx, CVCHAR1 from datatypetestm order by LEAST(CVCHAR1,CCHAR3,CCHAR7,'MAHALO'), cidx;
cidx	CVCHAR1
1	a
select cidx, CVCHAR1 from datatypetestm order by LEAST(CVCHAR1,CCHAR3), cidx;
cidx	CVCHAR1
1	a
select cidx, CVCHAR1 from datatypetestm order by LEAST(CVCHAR1,CCHAR7), cidx;
cidx	CVCHAR1
1	a
select cidx, CVCHAR1 from datatypetestm order by LEAST(CVCHAR1,'MAHALO'), cidx;
cidx	CVCHAR1
1	a
select cidx, CVCHAR2 from datatypetestm order by LEAST(CVCHAR2,CCHAR3,CCHAR7,'MAHALO'), cidx;
cidx	CVCHAR2
1	aa
select cidx, CVCHAR2 from datatypetestm order by LEAST(CVCHAR2,CCHAR3), cidx;
cidx	CVCHAR2
1	aa
select cidx, CVCHAR2 from datatypetestm order by LEAST(CVCHAR2,CCHAR7), cidx;
cidx	CVCHAR2
1	aa
select cidx, CVCHAR2 from datatypetestm order by LEAST(CVCHAR2,'MAHALO'), cidx;
cidx	CVCHAR2
1	aa
select cidx, CVCHAR3 from datatypetestm order by LEAST(CVCHAR3,CCHAR3,CCHAR7,'MAHALO'), cidx;
cidx	CVCHAR3
1	aaa
select cidx, CVCHAR3 from datatypetestm order by LEAST(CVCHAR3,CCHAR3), cidx;
cidx	CVCHAR3
1	aaa
select cidx, CVCHAR3 from datatypetestm order by LEAST(CVCHAR3,CCHAR7), cidx;
cidx	CVCHAR3
1	aaa
select cidx, CVCHAR3 from datatypetestm order by LEAST(CVCHAR3,'MAHALO'), cidx;
cidx	CVCHAR3
1	aaa
select cidx, CVCHAR4 from datatypetestm order by LEAST(CVCHAR4,CCHAR3,CCHAR7,'MAHALO'), cidx;
cidx	CVCHAR4
1	aaaa
select cidx, CVCHAR4 from datatypetestm order by LEAST(CVCHAR4,CCHAR3), cidx;
cidx	CVCHAR4
1	aaaa
select cidx, CVCHAR4 from datatypetestm order by LEAST(CVCHAR4,CCHAR7), cidx;
cidx	CVCHAR4
1	aaaa
select cidx, CVCHAR4 from datatypetestm order by LEAST(CVCHAR4,'MAHALO'), cidx;
cidx	CVCHAR4
1	aaaa
select cidx, CVCHAR5 from datatypetestm order by LEAST(CVCHAR5,CCHAR3,CCHAR7,'MAHALO'), cidx;
cidx	CVCHAR5
1	aaaaa
select cidx, CVCHAR5 from datatypetestm order by LEAST(CVCHAR5,CCHAR3), cidx;
cidx	CVCHAR5
1	aaaaa
select cidx, CVCHAR5 from datatypetestm order by LEAST(CVCHAR5,CCHAR7), cidx;
cidx	CVCHAR5
1	aaaaa
select cidx, CVCHAR5 from datatypetestm order by LEAST(CVCHAR5,'MAHALO'), cidx;
cidx	CVCHAR5
1	aaaaa
select cidx, CVCHAR6 from datatypetestm order by LEAST(CVCHAR6,CCHAR3,CCHAR7,'MAHALO'), cidx;
cidx	CVCHAR6
1	aaaaaa
select cidx, CVCHAR6 from datatypetestm order by LEAST(CVCHAR6,CCHAR3), cidx;
cidx	CVCHAR6
1	aaaaaa
select cidx, CVCHAR6 from datatypetestm order by LEAST(CVCHAR6,CCHAR7), cidx;
cidx	CVCHAR6
1	aaaaaa
select cidx, CVCHAR6 from datatypetestm order by LEAST(CVCHAR6,'MAHALO'), cidx;
cidx	CVCHAR6
1	aaaaaa
select cidx, CVCHAR7 from datatypetestm order by LEAST(CVCHAR7,CCHAR3,CCHAR7,'MAHALO'), cidx;
cidx	CVCHAR7
1	aaaaaaa
select cidx, CVCHAR7 from datatypetestm order by LEAST(CVCHAR7,CCHAR3), cidx;
cidx	CVCHAR7
1	aaaaaaa
select cidx, CVCHAR7 from datatypetestm order by LEAST(CVCHAR7,CCHAR7), cidx;
cidx	CVCHAR7
1	aaaaaaa
select cidx, CVCHAR7 from datatypetestm order by LEAST(CVCHAR7,'MAHALO'), cidx;
cidx	CVCHAR7
1	aaaaaaa
select cidx, CVCHAR8 from datatypetestm order by LEAST(CVCHAR8,CCHAR3,CCHAR7,'MAHALO'), cidx;
cidx	CVCHAR8
1	aaaaaaaa
select cidx, CVCHAR8 from datatypetestm order by LEAST(CVCHAR8,CCHAR3), cidx;
cidx	CVCHAR8
1	aaaaaaaa
select cidx, CVCHAR8 from datatypetestm order by LEAST(CVCHAR8,CCHAR7), cidx;
cidx	CVCHAR8
1	aaaaaaaa
select cidx, CVCHAR8 from datatypetestm order by LEAST(CVCHAR8,'MAHALO'), cidx;
cidx	CVCHAR8
1	aaaaaaaa
select cidx, CVCHAR255 from datatypetestm order by LEAST(CVCHAR255,CCHAR3,CCHAR7,'MAHALO'), cidx;
cidx	CVCHAR255
1	aaaaaaaaaa
select cidx, CVCHAR255 from datatypetestm order by LEAST(CVCHAR255,CCHAR3), cidx;
cidx	CVCHAR255
1	aaaaaaaaaa
select cidx, CVCHAR255 from datatypetestm order by LEAST(CVCHAR255,CCHAR7), cidx;
cidx	CVCHAR255
1	aaaaaaaaaa
select cidx, CVCHAR255 from datatypetestm order by LEAST(CVCHAR255,'MAHALO'), cidx;
cidx	CVCHAR255
1	aaaaaaaaaa
