USE autopilot;
select cidx, CBIGINT, LOG2(CBIGINT) from datatypetestm order by cidx;
cidx	CBIGINT	LOG2(CBIGINT)
1	-72036854775806	NULL
select cidx, CDECIMAL1, LOG2(CDECIMAL1) from datatypetestm order by cidx;
cidx	CDECIMAL1	LOG2(CDECIMAL1)
1	-9	NULL
select cidx, CDECIMAL4, LOG2(CDECIMAL4) from datatypetestm order by cidx;
cidx	CDECIMAL4	LOG2(CDECIMAL4)
1	-999	NULL
select cidx, CDECIMAL4_2, LOG2(CDECIMAL4_2) from datatypetestm order by cidx;
cidx	CDECIMAL4_2	LOG2(CDECIMAL4_2)
1	-9.99	NULL
select cidx, CDECIMAL5, LOG2(CDECIMAL5) from datatypetestm order by cidx;
cidx	CDECIMAL5	LOG2(CDECIMAL5)
1	-999	NULL
select cidx, CDECIMAL9, LOG2(CDECIMAL9) from datatypetestm order by cidx;
cidx	CDECIMAL9	LOG2(CDECIMAL9)
1	-999999	NULL
select cidx, CDECIMAL9_2, LOG2(CDECIMAL9_2) from datatypetestm order by cidx;
cidx	CDECIMAL9_2	LOG2(CDECIMAL9_2)
1	-9999.99	NULL
select cidx, CDECIMAL10, LOG2(CDECIMAL10) from datatypetestm order by cidx;
cidx	CDECIMAL10	LOG2(CDECIMAL10)
1	-9999999	NULL
select cidx, CDECIMAL18, LOG2(CDECIMAL18) from datatypetestm order by cidx;
cidx	CDECIMAL18	LOG2(CDECIMAL18)
1	-9999999999999	NULL
select cidx, CDECIMAL18_2, LOG2(CDECIMAL18_2) from datatypetestm order by cidx;
cidx	CDECIMAL18_2	LOG2(CDECIMAL18_2)
1	-99999999999.99	NULL
select cidx, CINTEGER, LOG2(CINTEGER) from datatypetestm order by cidx;
cidx	CINTEGER	LOG2(CINTEGER)
1	-7483646	NULL
select cidx, CSMALLINT, LOG2(CSMALLINT) from datatypetestm order by cidx;
cidx	CSMALLINT	LOG2(CSMALLINT)
1	-766	NULL
select cidx, CTINYINT, LOG2(CTINYINT) from datatypetestm order by cidx;
cidx	CTINYINT	LOG2(CTINYINT)
1	-26	NULL
select cidx, CDOUBLE, LOG2(CDOUBLE) from datatypetestm order by cidx;
cidx	CDOUBLE	LOG2(CDOUBLE)
1	-1.797693231e108	NULL
select cidx, CFLOAT, LOG2(CFLOAT) from datatypetestm order by cidx;
cidx	CFLOAT	LOG2(CFLOAT)
1	-3.40287e18	NULL
select cidx, LOG2(-1*cidx) from datatypetestm order by cidx;
cidx	LOG2(-1*cidx)
1	NULL
select cidx, LOG2(0*cidx) from datatypetestm order by cidx;
cidx	LOG2(0*cidx)
1	NULL
select cidx, LOG2(2*cidx) from datatypetestm order by cidx;
cidx	LOG2(2*cidx)
1	1
select cidx, LOG2(265536*cidx) from datatypetestm order by cidx;
cidx	LOG2(265536*cidx)
1	18.01854794187165
select cidx, LOG2(1100*cidx) from datatypetestm order by cidx;
cidx	LOG2(1100*cidx)
1	10.103287808412022
select cidx, LOG2(100*cidx) from datatypetestm order by cidx;
cidx	LOG2(100*cidx)
1	6.643856189774724
select cidx, CBIGINT from datatypetestm order by LOG2(CBIGINT), cidx;
cidx	CBIGINT
1	-72036854775806
select cidx, CDECIMAL1 from datatypetestm order by LOG2(CDECIMAL1), cidx;
cidx	CDECIMAL1
1	-9
select cidx, CDECIMAL4 from datatypetestm order by LOG2(CDECIMAL4), cidx;
cidx	CDECIMAL4
1	-999
select cidx, CDECIMAL4_2 from datatypetestm order by LOG2(CDECIMAL4_2), cidx;
cidx	CDECIMAL4_2
1	-9.99
select cidx, CDECIMAL5 from datatypetestm order by LOG2(CDECIMAL5), cidx;
cidx	CDECIMAL5
1	-999
select cidx, CDECIMAL9 from datatypetestm order by LOG2(CDECIMAL9), cidx;
cidx	CDECIMAL9
1	-999999
select cidx, CDECIMAL9_2 from datatypetestm order by LOG2(CDECIMAL9_2), cidx;
cidx	CDECIMAL9_2
1	-9999.99
select cidx, CDECIMAL10 from datatypetestm order by LOG2(CDECIMAL10), cidx;
cidx	CDECIMAL10
1	-9999999
select cidx, CDECIMAL18 from datatypetestm order by LOG2(CDECIMAL18), cidx;
cidx	CDECIMAL18
1	-9999999999999
select cidx, CDECIMAL18_2 from datatypetestm order by LOG2(CDECIMAL18_2), cidx;
cidx	CDECIMAL18_2
1	-99999999999.99
select cidx, CINTEGER from datatypetestm order by LOG2(CINTEGER), cidx;
cidx	CINTEGER
1	-7483646
select cidx, CSMALLINT from datatypetestm order by LOG2(CSMALLINT), cidx;
cidx	CSMALLINT
1	-766
select cidx, CTINYINT from datatypetestm order by LOG2(CTINYINT), cidx;
cidx	CTINYINT
1	-26
select cidx, CDOUBLE from datatypetestm order by LOG2(CDOUBLE), cidx;
cidx	CDOUBLE
1	-1.797693231e108
select cidx, CFLOAT from datatypetestm order by LOG2(CFLOAT), cidx;
cidx	CFLOAT
1	-3.40287e18
