USE autopilot;
select dtt1.cidx, dtt1.CDATETIME, dtt2.CMEDIUMTEXT from datatypetestm1 dtt1, datatypetestm2 dtt2 where dtt1.cidx = dtt2.cidx and dtt1.CDATETIME > dtt2.CMEDIUMTEXT ;
cidx	CDATETIME	CMEDIUMTEXT
1	1997-01-01 00:00:00	mediumtestmediumtest
2	1997-01-01 00:00:01	mediumtestmediumtest
3	1997-01-02 00:00:01	mediumtestmediumtest
4	1997-01-03 00:00:02	mediumtestmediumtest
5	1997-01-04 00:00:03	mediumtestmediumtest
6	2009-12-31 23:59:56	mediumtestmediumtest
7	2009-12-31 23:59:57	mediumtestmediumtest
8	2009-12-31 23:59:58	mediumtestmediumtest
9	2009-12-31 23:59:59	mediumtestmediumtest
10	2009-12-31 23:59:59	mediumtestmediumtest
select dtt1.cidx, dtt1.CDATETIME, dtt2.CMEDIUMTEXT from datatypetestm1 dtt1, datatypetestm2 dtt2 where dtt1.cidx = dtt2.cidx and dtt1.CDATETIME >= dtt2.CMEDIUMTEXT ;
cidx	CDATETIME	CMEDIUMTEXT
1	1997-01-01 00:00:00	mediumtestmediumtest
2	1997-01-01 00:00:01	mediumtestmediumtest
3	1997-01-02 00:00:01	mediumtestmediumtest
4	1997-01-03 00:00:02	mediumtestmediumtest
5	1997-01-04 00:00:03	mediumtestmediumtest
6	2009-12-31 23:59:56	mediumtestmediumtest
7	2009-12-31 23:59:57	mediumtestmediumtest
8	2009-12-31 23:59:58	mediumtestmediumtest
9	2009-12-31 23:59:59	mediumtestmediumtest
10	2009-12-31 23:59:59	mediumtestmediumtest
select dtt1.cidx, dtt1.CDATETIME, dtt2.CMEDIUMTEXT from datatypetestm1 dtt1, datatypetestm2 dtt2 where dtt1.cidx = dtt2.cidx and dtt1.CDATETIME <> dtt2.CMEDIUMTEXT ;
cidx	CDATETIME	CMEDIUMTEXT
1	1997-01-01 00:00:00	mediumtestmediumtest
2	1997-01-01 00:00:01	mediumtestmediumtest
3	1997-01-02 00:00:01	mediumtestmediumtest
4	1997-01-03 00:00:02	mediumtestmediumtest
5	1997-01-04 00:00:03	mediumtestmediumtest
6	2009-12-31 23:59:56	mediumtestmediumtest
7	2009-12-31 23:59:57	mediumtestmediumtest
8	2009-12-31 23:59:58	mediumtestmediumtest
9	2009-12-31 23:59:59	mediumtestmediumtest
10	2009-12-31 23:59:59	mediumtestmediumtest
select dtt1.cidx, dtt1.CDATETIME, dtt2.CMEDIUMTEXT from datatypetestm1 dtt1, datatypetestm2 dtt2 where dtt1.cidx = dtt2.cidx and dtt1.CDATETIME < dtt2.CMEDIUMTEXT ;
cidx	CDATETIME	CMEDIUMTEXT
select dtt1.cidx, dtt1.CDATETIME, dtt2.CMEDIUMTEXT from datatypetestm1 dtt1, datatypetestm2 dtt2 where dtt1.cidx = dtt2.cidx and dtt1.CDATETIME <= dtt2.CMEDIUMTEXT ;
cidx	CDATETIME	CMEDIUMTEXT
