USE autopilot;
select dtt1.cidx, dtt1.CBIGINT, dtt2.CDECIMAL18_2 from datatypetestm1 dtt1, datatypetestm2 dtt2 where dtt1.cidx = dtt2.cidx and dtt1.CBIGINT > dtt2.CDECIMAL18_2 ;
cidx	CBIGINT	CDECIMAL18_2
6	72036854775803	99999999999.95
7	72036854775804	99999999999.96
8	72036854775805	99999999999.97
9	72036854775806	99999999999.98
10	72036854775807	99999999999.99
select dtt1.cidx, dtt1.CBIGINT, dtt2.CDECIMAL18_2 from datatypetestm1 dtt1, datatypetestm2 dtt2 where dtt1.cidx = dtt2.cidx and dtt1.CBIGINT >= dtt2.CDECIMAL18_2 ;
cidx	CBIGINT	CDECIMAL18_2
6	72036854775803	99999999999.95
7	72036854775804	99999999999.96
8	72036854775805	99999999999.97
9	72036854775806	99999999999.98
10	72036854775807	99999999999.99
11	0	0.00
select dtt1.cidx, dtt1.CBIGINT, dtt2.CDECIMAL18_2 from datatypetestm1 dtt1, datatypetestm2 dtt2 where dtt1.cidx = dtt2.cidx and dtt1.CBIGINT <> dtt2.CDECIMAL18_2 ;
cidx	CBIGINT	CDECIMAL18_2
1	-72036854775806	-99999999999.99
2	-72036854775805	-99999999999.98
3	-72036854775804	-99999999999.97
4	-72036854775803	-99999999999.96
5	-72036854775802	-99999999999.95
6	72036854775803	99999999999.95
7	72036854775804	99999999999.96
8	72036854775805	99999999999.97
9	72036854775806	99999999999.98
10	72036854775807	99999999999.99
select dtt1.cidx, dtt1.CBIGINT, dtt2.CDECIMAL18_2 from datatypetestm1 dtt1, datatypetestm2 dtt2 where dtt1.cidx = dtt2.cidx and dtt1.CBIGINT < dtt2.CDECIMAL18_2 ;
cidx	CBIGINT	CDECIMAL18_2
1	-72036854775806	-99999999999.99
2	-72036854775805	-99999999999.98
3	-72036854775804	-99999999999.97
4	-72036854775803	-99999999999.96
5	-72036854775802	-99999999999.95
select dtt1.cidx, dtt1.CBIGINT, dtt2.CDECIMAL18_2 from datatypetestm1 dtt1, datatypetestm2 dtt2 where dtt1.cidx = dtt2.cidx and dtt1.CBIGINT <= dtt2.CDECIMAL18_2 ;
cidx	CBIGINT	CDECIMAL18_2
1	-72036854775806	-99999999999.99
2	-72036854775805	-99999999999.98
3	-72036854775804	-99999999999.97
4	-72036854775803	-99999999999.96
5	-72036854775802	-99999999999.95
11	0	0.00
