USE autopilot;
select VARIANCE(CBIGINT) from datatypetestm;
VARIANCE(CBIGINT)
0.0000
select VARIANCE(CDECIMAL1) from datatypetestm;
VARIANCE(CDECIMAL1)
0.0000
select VARIANCE(CDECIMAL4) from datatypetestm;
VARIANCE(CDECIMAL4)
0.0000
select VARIANCE(CDECIMAL4_2) from datatypetestm;
VARIANCE(CDECIMAL4_2)
0.000000
select VARIANCE(CDECIMAL5) from datatypetestm;
VARIANCE(CDECIMAL5)
0.0000
select VARIANCE(CDECIMAL9) from datatypetestm;
VARIANCE(CDECIMAL9)
0.0000
select VARIANCE(CDECIMAL9_2) from datatypetestm;
VARIANCE(CDECIMAL9_2)
0.000000
select VARIANCE(CDECIMAL10) from datatypetestm;
VARIANCE(CDECIMAL10)
0.0000
select VARIANCE(CDECIMAL18) from datatypetestm;
VARIANCE(CDECIMAL18)
0.0000
select VARIANCE(CDECIMAL18_2) from datatypetestm;
VARIANCE(CDECIMAL18_2)
0.000000
select VARIANCE(CINTEGER) from datatypetestm;
VARIANCE(CINTEGER)
0.0000
select VARIANCE(CSMALLINT) from datatypetestm;
VARIANCE(CSMALLINT)
0.0000
select VARIANCE(CTINYINT) from datatypetestm;
VARIANCE(CTINYINT)
0.0000
select VARIANCE(CDOUBLE) from datatypetestm;
VARIANCE(CDOUBLE)
0
select VARIANCE(CFLOAT) from datatypetestm;
VARIANCE(CFLOAT)
0
select cidx, CBIGINT, VARIANCE(CBIGINT) from datatypetestm group by cidx, CBIGINT order by cidx;
cidx	CBIGINT	VARIANCE(CBIGINT)
1	-72036854775806	0.0000
select cidx, CDECIMAL1, VARIANCE(CDECIMAL1) from datatypetestm group by cidx, CDECIMAL1 order by cidx;
cidx	CDECIMAL1	VARIANCE(CDECIMAL1)
1	-9	0.0000
select cidx, CDECIMAL4, VARIANCE(CDECIMAL4) from datatypetestm group by cidx, CDECIMAL4 order by cidx;
cidx	CDECIMAL4	VARIANCE(CDECIMAL4)
1	-999	0.0000
select cidx, CDECIMAL4_2, VARIANCE(CDECIMAL4_2) from datatypetestm group by cidx, CDECIMAL4_2 order by cidx;
cidx	CDECIMAL4_2	VARIANCE(CDECIMAL4_2)
1	-9.99	0.000000
select cidx, CDECIMAL5, VARIANCE(CDECIMAL5) from datatypetestm group by cidx, CDECIMAL5 order by cidx;
cidx	CDECIMAL5	VARIANCE(CDECIMAL5)
1	-999	0.0000
select cidx, CDECIMAL9, VARIANCE(CDECIMAL9) from datatypetestm group by cidx, CDECIMAL9 order by cidx;
cidx	CDECIMAL9	VARIANCE(CDECIMAL9)
1	-999999	0.0000
select cidx, CDECIMAL9_2, VARIANCE(CDECIMAL9_2) from datatypetestm group by cidx, CDECIMAL9_2 order by cidx;
cidx	CDECIMAL9_2	VARIANCE(CDECIMAL9_2)
1	-9999.99	0.000000
select cidx, CDECIMAL10, VARIANCE(CDECIMAL10) from datatypetestm group by cidx, CDECIMAL10 order by cidx;
cidx	CDECIMAL10	VARIANCE(CDECIMAL10)
1	-9999999	0.0000
select cidx, CDECIMAL18, VARIANCE(CDECIMAL18) from datatypetestm group by cidx, CDECIMAL18 order by cidx;
cidx	CDECIMAL18	VARIANCE(CDECIMAL18)
1	-9999999999999	0.0000
select cidx, CDECIMAL18_2, VARIANCE(CDECIMAL18_2) from datatypetestm group by cidx, CDECIMAL18_2 order by cidx;
cidx	CDECIMAL18_2	VARIANCE(CDECIMAL18_2)
1	-99999999999.99	0.000000
select cidx, CINTEGER, VARIANCE(CINTEGER) from datatypetestm group by cidx, CINTEGER order by cidx;
cidx	CINTEGER	VARIANCE(CINTEGER)
1	-7483646	0.0000
select cidx, CSMALLINT, VARIANCE(CSMALLINT) from datatypetestm group by cidx, CSMALLINT order by cidx;
cidx	CSMALLINT	VARIANCE(CSMALLINT)
1	-766	0.0000
select cidx, CTINYINT, VARIANCE(CTINYINT) from datatypetestm group by cidx, CTINYINT order by cidx;
cidx	CTINYINT	VARIANCE(CTINYINT)
1	-26	0.0000
select cidx, CDOUBLE, VARIANCE(CDOUBLE) from datatypetestm group by cidx, CDOUBLE order by cidx;
cidx	CDOUBLE	VARIANCE(CDOUBLE)
1	-1.797693231e108	0
select cidx, CFLOAT, VARIANCE(CFLOAT) from datatypetestm group by cidx, CFLOAT order by cidx;
cidx	CFLOAT	VARIANCE(CFLOAT)
1	-3.40287e18	0
