USE autopilot;
select dtt1.cidx, dtt1.CCHAR1, dtt2.CMEDIUMINT from datatypetestm1 dtt1, datatypetestm2 dtt2 where dtt1.cidx = dtt2.cidx and dtt1.CCHAR1 > dtt2.CMEDIUMINT ;
cidx	CCHAR1	CMEDIUMINT
select dtt1.cidx, dtt1.CCHAR1, dtt2.CMEDIUMINT from datatypetestm1 dtt1, datatypetestm2 dtt2 where dtt1.cidx = dtt2.cidx and dtt1.CCHAR1 >= dtt2.CMEDIUMINT ;
cidx	CCHAR1	CMEDIUMINT
select dtt1.cidx, dtt1.CCHAR1, dtt2.CMEDIUMINT from datatypetestm1 dtt1, datatypetestm2 dtt2 where dtt1.cidx = dtt2.cidx and dtt1.CCHAR1 <> dtt2.CMEDIUMINT ;
cidx	CCHAR1	CMEDIUMINT
1	a	1000
2	a	1000
3	a	1000
4	a	1000
5	a	1000
6	z	1000
7	z	1000
8	z	1000
9	z	1000
10	z	1000
select dtt1.cidx, dtt1.CCHAR1, dtt2.CMEDIUMINT from datatypetestm1 dtt1, datatypetestm2 dtt2 where dtt1.cidx = dtt2.cidx and dtt1.CCHAR1 < dtt2.CMEDIUMINT ;
cidx	CCHAR1	CMEDIUMINT
1	a	1000
2	a	1000
3	a	1000
4	a	1000
5	a	1000
6	z	1000
7	z	1000
8	z	1000
9	z	1000
10	z	1000
select dtt1.cidx, dtt1.CCHAR1, dtt2.CMEDIUMINT from datatypetestm1 dtt1, datatypetestm2 dtt2 where dtt1.cidx = dtt2.cidx and dtt1.CCHAR1 <= dtt2.CMEDIUMINT ;
cidx	CCHAR1	CMEDIUMINT
1	a	1000
2	a	1000
3	a	1000
4	a	1000
5	a	1000
6	z	1000
7	z	1000
8	z	1000
9	z	1000
10	z	1000
