USE autopilot;
select dtt1.cidx, dtt1.CCHAR7, dtt2.CDOUBLE from datatypetestm1 dtt1, datatypetestm2 dtt2 where dtt1.cidx = dtt2.cidx and dtt1.CCHAR7 > dtt2.CDOUBLE ;
cidx	CCHAR7	CDOUBLE
1	aaaaaaa	-1.797693231e108
2	g	-1.79769323e108
3	gg	-1.797693229e108
4	ggg	-1.797693228e108
5	gggg	-1.797693227e108
select dtt1.cidx, dtt1.CCHAR7, dtt2.CDOUBLE from datatypetestm1 dtt1, datatypetestm2 dtt2 where dtt1.cidx = dtt2.cidx and dtt1.CCHAR7 >= dtt2.CDOUBLE ;
cidx	CCHAR7	CDOUBLE
1	aaaaaaa	-1.797693231e108
2	g	-1.79769323e108
3	gg	-1.797693229e108
4	ggg	-1.797693228e108
5	gggg	-1.797693227e108
select dtt1.cidx, dtt1.CCHAR7, dtt2.CDOUBLE from datatypetestm1 dtt1, datatypetestm2 dtt2 where dtt1.cidx = dtt2.cidx and dtt1.CCHAR7 <> dtt2.CDOUBLE ;
cidx	CCHAR7	CDOUBLE
1	aaaaaaa	-1.797693231e108
2	g	-1.79769323e108
3	gg	-1.797693229e108
4	ggg	-1.797693228e108
5	gggg	-1.797693227e108
6	ttttttt	1.797693227e108
7	ttttttt	1.797693228e108
8	ttttttt	1.797693229e108
9	ttttttt	1.79769323e108
10	zzzzzzz	1.797693231e108
select dtt1.cidx, dtt1.CCHAR7, dtt2.CDOUBLE from datatypetestm1 dtt1, datatypetestm2 dtt2 where dtt1.cidx = dtt2.cidx and dtt1.CCHAR7 < dtt2.CDOUBLE ;
cidx	CCHAR7	CDOUBLE
6	ttttttt	1.797693227e108
7	ttttttt	1.797693228e108
8	ttttttt	1.797693229e108
9	ttttttt	1.79769323e108
10	zzzzzzz	1.797693231e108
select dtt1.cidx, dtt1.CCHAR7, dtt2.CDOUBLE from datatypetestm1 dtt1, datatypetestm2 dtt2 where dtt1.cidx = dtt2.cidx and dtt1.CCHAR7 <= dtt2.CDOUBLE ;
cidx	CCHAR7	CDOUBLE
6	ttttttt	1.797693227e108
7	ttttttt	1.797693228e108
8	ttttttt	1.797693229e108
9	ttttttt	1.79769323e108
10	zzzzzzz	1.797693231e108
