USE autopilot;
select cidx, CDATE, SUBDATE(CDATE, INTERVAL 3 MICROSECOND) from datatypetestm order by cidx;
cidx	CDATE	SUBDATE(CDATE, INTERVAL 3 MICROSECOND)
1	1997-01-01	1996-12-31 23:59:59.999997
select cidx, CDATE, SUBDATE(CDATE, INTERVAL 3 SECOND) from datatypetestm order by cidx;
cidx	CDATE	SUBDATE(CDATE, INTERVAL 3 SECOND)
1	1997-01-01	1996-12-31 23:59:57
select cidx, CDATE, SUBDATE(CDATE, INTERVAL 3 MINUTE) from datatypetestm order by cidx;
cidx	CDATE	SUBDATE(CDATE, INTERVAL 3 MINUTE)
1	1997-01-01	1996-12-31 23:57:00
select cidx, CDATE, SUBDATE(CDATE, INTERVAL 3 HOUR) from datatypetestm order by cidx;
cidx	CDATE	SUBDATE(CDATE, INTERVAL 3 HOUR)
1	1997-01-01	1996-12-31 21:00:00
select cidx, CDATE, SUBDATE(CDATE, INTERVAL 3 DAY) from datatypetestm order by cidx;
cidx	CDATE	SUBDATE(CDATE, INTERVAL 3 DAY)
1	1997-01-01	1996-12-29
select cidx, CDATE, SUBDATE(CDATE, INTERVAL 3 WEEK) from datatypetestm order by cidx;
cidx	CDATE	SUBDATE(CDATE, INTERVAL 3 WEEK)
1	1997-01-01	1996-12-11
select cidx, CDATE, SUBDATE(CDATE, INTERVAL 3 MONTH) from datatypetestm order by cidx;
cidx	CDATE	SUBDATE(CDATE, INTERVAL 3 MONTH)
1	1997-01-01	1996-10-01
select cidx, CDATE, SUBDATE(CDATE, INTERVAL 3 QUARTER) from datatypetestm order by cidx;
cidx	CDATE	SUBDATE(CDATE, INTERVAL 3 QUARTER)
1	1997-01-01	1996-04-01
select cidx, CDATE, SUBDATE(CDATE, INTERVAL 3 YEAR) from datatypetestm order by cidx;
cidx	CDATE	SUBDATE(CDATE, INTERVAL 3 YEAR)
1	1997-01-01	1994-01-01
select cidx, CDATE, SUBDATE(CDATE, INTERVAL 3 SECOND_MICROSECOND) from datatypetestm order by cidx;
cidx	CDATE	SUBDATE(CDATE, INTERVAL 3 SECOND_MICROSECOND)
1	1997-01-01	1996-12-31 23:59:59.999997
select cidx, CDATE, SUBDATE(CDATE, INTERVAL 3 MINUTE_MICROSECOND) from datatypetestm order by cidx;
cidx	CDATE	SUBDATE(CDATE, INTERVAL 3 MINUTE_MICROSECOND)
1	1997-01-01	1996-12-31 23:59:59.999997
select cidx, CDATE, SUBDATE(CDATE, INTERVAL 3 MINUTE_SECOND) from datatypetestm order by cidx;
cidx	CDATE	SUBDATE(CDATE, INTERVAL 3 MINUTE_SECOND)
1	1997-01-01	1996-12-31 23:59:57
select cidx, CDATE, SUBDATE(CDATE, INTERVAL 3 HOUR_MICROSECOND) from datatypetestm order by cidx;
cidx	CDATE	SUBDATE(CDATE, INTERVAL 3 HOUR_MICROSECOND)
1	1997-01-01	1996-12-31 23:59:59.999997
select cidx, CDATE, SUBDATE(CDATE, INTERVAL 3 HOUR_SECOND) from datatypetestm order by cidx;
cidx	CDATE	SUBDATE(CDATE, INTERVAL 3 HOUR_SECOND)
1	1997-01-01	1996-12-31 23:59:57
select cidx, CDATE, SUBDATE(CDATE, INTERVAL 3 HOUR_MINUTE) from datatypetestm order by cidx;
cidx	CDATE	SUBDATE(CDATE, INTERVAL 3 HOUR_MINUTE)
1	1997-01-01	1996-12-31 23:57:00
select cidx, CDATE, SUBDATE(CDATE, INTERVAL 3 DAY_MICROSECOND) from datatypetestm order by cidx;
cidx	CDATE	SUBDATE(CDATE, INTERVAL 3 DAY_MICROSECOND)
1	1997-01-01	1996-12-31 23:59:59.999997
select cidx, CDATE, SUBDATE(CDATE, INTERVAL 3 DAY_SECOND) from datatypetestm order by cidx;
cidx	CDATE	SUBDATE(CDATE, INTERVAL 3 DAY_SECOND)
1	1997-01-01	1996-12-31 23:59:57
select cidx, CDATE, SUBDATE(CDATE, INTERVAL 3 DAY_MINUTE) from datatypetestm order by cidx;
cidx	CDATE	SUBDATE(CDATE, INTERVAL 3 DAY_MINUTE)
1	1997-01-01	1996-12-31 23:57:00
select cidx, CDATE, SUBDATE(CDATE, INTERVAL 3 DAY_HOUR) from datatypetestm order by cidx;
cidx	CDATE	SUBDATE(CDATE, INTERVAL 3 DAY_HOUR)
1	1997-01-01	1996-12-31 21:00:00
select cidx, CDATE, SUBDATE(CDATE, INTERVAL 3 YEAR_MONTH) from datatypetestm order by cidx;
cidx	CDATE	SUBDATE(CDATE, INTERVAL 3 YEAR_MONTH)
1	1997-01-01	1996-10-01
select cidx, CDATETIME, SUBDATE(CDATETIME, INTERVAL 3 MICROSECOND) from datatypetestm order by cidx;
cidx	CDATETIME	SUBDATE(CDATETIME, INTERVAL 3 MICROSECOND)
1	1997-01-01 00:00:00	1996-12-31 23:59:59.999997
select cidx, CDATETIME, SUBDATE(CDATETIME, INTERVAL 3 SECOND) from datatypetestm order by cidx;
cidx	CDATETIME	SUBDATE(CDATETIME, INTERVAL 3 SECOND)
1	1997-01-01 00:00:00	1996-12-31 23:59:57
select cidx, CDATETIME, SUBDATE(CDATETIME, INTERVAL 3 MINUTE) from datatypetestm order by cidx;
cidx	CDATETIME	SUBDATE(CDATETIME, INTERVAL 3 MINUTE)
1	1997-01-01 00:00:00	1996-12-31 23:57:00
select cidx, CDATETIME, SUBDATE(CDATETIME, INTERVAL 3 HOUR) from datatypetestm order by cidx;
cidx	CDATETIME	SUBDATE(CDATETIME, INTERVAL 3 HOUR)
1	1997-01-01 00:00:00	1996-12-31 21:00:00
select cidx, CDATETIME, SUBDATE(CDATETIME, INTERVAL 3 DAY) from datatypetestm order by cidx;
cidx	CDATETIME	SUBDATE(CDATETIME, INTERVAL 3 DAY)
1	1997-01-01 00:00:00	1996-12-29 00:00:00
select cidx, CDATETIME, SUBDATE(CDATETIME, INTERVAL 3 WEEK) from datatypetestm order by cidx;
cidx	CDATETIME	SUBDATE(CDATETIME, INTERVAL 3 WEEK)
1	1997-01-01 00:00:00	1996-12-11 00:00:00
select cidx, CDATETIME, SUBDATE(CDATETIME, INTERVAL 3 MONTH) from datatypetestm order by cidx;
cidx	CDATETIME	SUBDATE(CDATETIME, INTERVAL 3 MONTH)
1	1997-01-01 00:00:00	1996-10-01 00:00:00
select cidx, CDATETIME, SUBDATE(CDATETIME, INTERVAL 3 QUARTER) from datatypetestm order by cidx;
cidx	CDATETIME	SUBDATE(CDATETIME, INTERVAL 3 QUARTER)
1	1997-01-01 00:00:00	1996-04-01 00:00:00
select cidx, CDATETIME, SUBDATE(CDATETIME, INTERVAL 3 YEAR) from datatypetestm order by cidx;
cidx	CDATETIME	SUBDATE(CDATETIME, INTERVAL 3 YEAR)
1	1997-01-01 00:00:00	1994-01-01 00:00:00
select cidx, CDATETIME, SUBDATE(CDATETIME, INTERVAL 3 SECOND_MICROSECOND) from datatypetestm order by cidx;
cidx	CDATETIME	SUBDATE(CDATETIME, INTERVAL 3 SECOND_MICROSECOND)
1	1997-01-01 00:00:00	1996-12-31 23:59:59.999997
select cidx, CDATETIME, SUBDATE(CDATETIME, INTERVAL 3 MINUTE_MICROSECOND) from datatypetestm order by cidx;
cidx	CDATETIME	SUBDATE(CDATETIME, INTERVAL 3 MINUTE_MICROSECOND)
1	1997-01-01 00:00:00	1996-12-31 23:59:59.999997
select cidx, CDATETIME, SUBDATE(CDATETIME, INTERVAL 3 MINUTE_SECOND) from datatypetestm order by cidx;
cidx	CDATETIME	SUBDATE(CDATETIME, INTERVAL 3 MINUTE_SECOND)
1	1997-01-01 00:00:00	1996-12-31 23:59:57
select cidx, CDATETIME, SUBDATE(CDATETIME, INTERVAL 3 HOUR_MICROSECOND) from datatypetestm order by cidx;
cidx	CDATETIME	SUBDATE(CDATETIME, INTERVAL 3 HOUR_MICROSECOND)
1	1997-01-01 00:00:00	1996-12-31 23:59:59.999997
select cidx, CDATETIME, SUBDATE(CDATETIME, INTERVAL 3 HOUR_SECOND) from datatypetestm order by cidx;
cidx	CDATETIME	SUBDATE(CDATETIME, INTERVAL 3 HOUR_SECOND)
1	1997-01-01 00:00:00	1996-12-31 23:59:57
select cidx, CDATETIME, SUBDATE(CDATETIME, INTERVAL 3 HOUR_MINUTE) from datatypetestm order by cidx;
cidx	CDATETIME	SUBDATE(CDATETIME, INTERVAL 3 HOUR_MINUTE)
1	1997-01-01 00:00:00	1996-12-31 23:57:00
select cidx, CDATETIME, SUBDATE(CDATETIME, INTERVAL 3 DAY_MICROSECOND) from datatypetestm order by cidx;
cidx	CDATETIME	SUBDATE(CDATETIME, INTERVAL 3 DAY_MICROSECOND)
1	1997-01-01 00:00:00	1996-12-31 23:59:59.999997
select cidx, CDATETIME, SUBDATE(CDATETIME, INTERVAL 3 DAY_SECOND) from datatypetestm order by cidx;
cidx	CDATETIME	SUBDATE(CDATETIME, INTERVAL 3 DAY_SECOND)
1	1997-01-01 00:00:00	1996-12-31 23:59:57
select cidx, CDATETIME, SUBDATE(CDATETIME, INTERVAL 3 DAY_MINUTE) from datatypetestm order by cidx;
cidx	CDATETIME	SUBDATE(CDATETIME, INTERVAL 3 DAY_MINUTE)
1	1997-01-01 00:00:00	1996-12-31 23:57:00
select cidx, CDATETIME, SUBDATE(CDATETIME, INTERVAL 3 DAY_HOUR) from datatypetestm order by cidx;
cidx	CDATETIME	SUBDATE(CDATETIME, INTERVAL 3 DAY_HOUR)
1	1997-01-01 00:00:00	1996-12-31 21:00:00
select cidx, CDATETIME, SUBDATE(CDATETIME, INTERVAL 3 YEAR_MONTH) from datatypetestm order by cidx;
cidx	CDATETIME	SUBDATE(CDATETIME, INTERVAL 3 YEAR_MONTH)
1	1997-01-01 00:00:00	1996-10-01 00:00:00
select cidx, CTIME, SUBDATE(CTIME, INTERVAL 3 MICROSECOND) from datatypetestm order by cidx;
cidx	CTIME	SUBDATE(CTIME, INTERVAL 3 MICROSECOND)
1	13:00:00	NULL
select cidx, CTIME, SUBDATE(CTIME, INTERVAL 3 SECOND) from datatypetestm order by cidx;
cidx	CTIME	SUBDATE(CTIME, INTERVAL 3 SECOND)
1	13:00:00	NULL
select cidx, CTIME, SUBDATE(CTIME, INTERVAL 3 MINUTE) from datatypetestm order by cidx;
cidx	CTIME	SUBDATE(CTIME, INTERVAL 3 MINUTE)
1	13:00:00	NULL
select cidx, CTIME, SUBDATE(CTIME, INTERVAL 3 HOUR) from datatypetestm order by cidx;
cidx	CTIME	SUBDATE(CTIME, INTERVAL 3 HOUR)
1	13:00:00	NULL
select cidx, CTIME, SUBDATE(CTIME, INTERVAL 3 DAY) from datatypetestm order by cidx;
cidx	CTIME	SUBDATE(CTIME, INTERVAL 3 DAY)
1	13:00:00	NULL
select cidx, CTIME, SUBDATE(CTIME, INTERVAL 3 WEEK) from datatypetestm order by cidx;
cidx	CTIME	SUBDATE(CTIME, INTERVAL 3 WEEK)
1	13:00:00	NULL
select cidx, CTIME, SUBDATE(CTIME, INTERVAL 3 MONTH) from datatypetestm order by cidx;
cidx	CTIME	SUBDATE(CTIME, INTERVAL 3 MONTH)
1	13:00:00	NULL
select cidx, CTIME, SUBDATE(CTIME, INTERVAL 3 QUARTER) from datatypetestm order by cidx;
cidx	CTIME	SUBDATE(CTIME, INTERVAL 3 QUARTER)
1	13:00:00	NULL
select cidx, CTIME, SUBDATE(CTIME, INTERVAL 3 YEAR) from datatypetestm order by cidx;
cidx	CTIME	SUBDATE(CTIME, INTERVAL 3 YEAR)
1	13:00:00	NULL
select cidx, CTIME, SUBDATE(CTIME, INTERVAL 3 SECOND_MICROSECOND) from datatypetestm order by cidx;
cidx	CTIME	SUBDATE(CTIME, INTERVAL 3 SECOND_MICROSECOND)
1	13:00:00	NULL
select cidx, CTIME, SUBDATE(CTIME, INTERVAL 3 MINUTE_MICROSECOND) from datatypetestm order by cidx;
cidx	CTIME	SUBDATE(CTIME, INTERVAL 3 MINUTE_MICROSECOND)
1	13:00:00	NULL
select cidx, CTIME, SUBDATE(CTIME, INTERVAL 3 MINUTE_SECOND) from datatypetestm order by cidx;
cidx	CTIME	SUBDATE(CTIME, INTERVAL 3 MINUTE_SECOND)
1	13:00:00	NULL
select cidx, CTIME, SUBDATE(CTIME, INTERVAL 3 HOUR_MICROSECOND) from datatypetestm order by cidx;
cidx	CTIME	SUBDATE(CTIME, INTERVAL 3 HOUR_MICROSECOND)
1	13:00:00	NULL
select cidx, CTIME, SUBDATE(CTIME, INTERVAL 3 HOUR_SECOND) from datatypetestm order by cidx;
cidx	CTIME	SUBDATE(CTIME, INTERVAL 3 HOUR_SECOND)
1	13:00:00	NULL
select cidx, CTIME, SUBDATE(CTIME, INTERVAL 3 HOUR_MINUTE) from datatypetestm order by cidx;
cidx	CTIME	SUBDATE(CTIME, INTERVAL 3 HOUR_MINUTE)
1	13:00:00	NULL
select cidx, CTIME, SUBDATE(CTIME, INTERVAL 3 DAY_MICROSECOND) from datatypetestm order by cidx;
cidx	CTIME	SUBDATE(CTIME, INTERVAL 3 DAY_MICROSECOND)
1	13:00:00	NULL
select cidx, CTIME, SUBDATE(CTIME, INTERVAL 3 DAY_SECOND) from datatypetestm order by cidx;
cidx	CTIME	SUBDATE(CTIME, INTERVAL 3 DAY_SECOND)
1	13:00:00	NULL
select cidx, CTIME, SUBDATE(CTIME, INTERVAL 3 DAY_MINUTE) from datatypetestm order by cidx;
cidx	CTIME	SUBDATE(CTIME, INTERVAL 3 DAY_MINUTE)
1	13:00:00	NULL
select cidx, CTIME, SUBDATE(CTIME, INTERVAL 3 DAY_HOUR) from datatypetestm order by cidx;
cidx	CTIME	SUBDATE(CTIME, INTERVAL 3 DAY_HOUR)
1	13:00:00	NULL
select cidx, CTIME, SUBDATE(CTIME, INTERVAL 3 YEAR_MONTH) from datatypetestm order by cidx;
cidx	CTIME	SUBDATE(CTIME, INTERVAL 3 YEAR_MONTH)
1	13:00:00	NULL
select cidx, CDATE from datatypetestm where SUBDATE(CDATE, INTERVAL 3 MICROSECOND) <> 0 order by cidx;
cidx	CDATE
1	1997-01-01
select cidx, CDATE from datatypetestm where SUBDATE(CDATE, INTERVAL 3 SECOND) <> 0 order by cidx;
cidx	CDATE
1	1997-01-01
select cidx, CDATE from datatypetestm where SUBDATE(CDATE, INTERVAL 3 MINUTE) <> 0 order by cidx;
cidx	CDATE
1	1997-01-01
select cidx, CDATE from datatypetestm where SUBDATE(CDATE, INTERVAL 3 HOUR) <> 0 order by cidx;
cidx	CDATE
1	1997-01-01
select cidx, CDATE from datatypetestm where SUBDATE(CDATE, INTERVAL 3 DAY) <> 0 order by cidx;
cidx	CDATE
1	1997-01-01
select cidx, CDATE from datatypetestm where SUBDATE(CDATE, INTERVAL 3 WEEK) <> 0 order by cidx;
cidx	CDATE
1	1997-01-01
select cidx, CDATE from datatypetestm where SUBDATE(CDATE, INTERVAL 3 MONTH) <> 0 order by cidx;
cidx	CDATE
1	1997-01-01
select cidx, CDATE from datatypetestm where SUBDATE(CDATE, INTERVAL 3 QUARTER) <> 0 order by cidx;
cidx	CDATE
1	1997-01-01
select cidx, CDATE from datatypetestm where SUBDATE(CDATE, INTERVAL 3 YEAR) <> 0 order by cidx;
cidx	CDATE
1	1997-01-01
select cidx, CDATE from datatypetestm where SUBDATE(CDATE, INTERVAL 3 SECOND_MICROSECOND) <> 0 order by cidx;
cidx	CDATE
1	1997-01-01
select cidx, CDATE from datatypetestm where SUBDATE(CDATE, INTERVAL 3 MINUTE_MICROSECOND) <> 0 order by cidx;
cidx	CDATE
1	1997-01-01
select cidx, CDATE from datatypetestm where SUBDATE(CDATE, INTERVAL 3 MINUTE_SECOND) <> 0 order by cidx;
cidx	CDATE
1	1997-01-01
select cidx, CDATE from datatypetestm where SUBDATE(CDATE, INTERVAL 3 HOUR_MICROSECOND) <> 0 order by cidx;
cidx	CDATE
1	1997-01-01
select cidx, CDATE from datatypetestm where SUBDATE(CDATE, INTERVAL 3 HOUR_SECOND) <> 0 order by cidx;
cidx	CDATE
1	1997-01-01
select cidx, CDATE from datatypetestm where SUBDATE(CDATE, INTERVAL 3 HOUR_MINUTE) <> 0 order by cidx;
cidx	CDATE
1	1997-01-01
select cidx, CDATE from datatypetestm where SUBDATE(CDATE, INTERVAL 3 DAY_MICROSECOND) <> 0 order by cidx;
cidx	CDATE
1	1997-01-01
select cidx, CDATE from datatypetestm where SUBDATE(CDATE, INTERVAL 3 DAY_SECOND) <> 0 order by cidx;
cidx	CDATE
1	1997-01-01
select cidx, CDATE from datatypetestm where SUBDATE(CDATE, INTERVAL 3 DAY_MINUTE) <> 0 order by cidx;
cidx	CDATE
1	1997-01-01
select cidx, CDATE from datatypetestm where SUBDATE(CDATE, INTERVAL 3 DAY_HOUR) <> 0 order by cidx;
cidx	CDATE
1	1997-01-01
select cidx, CDATE from datatypetestm where SUBDATE(CDATE, INTERVAL 3 YEAR_MONTH) <> 0 order by cidx;
cidx	CDATE
1	1997-01-01
select cidx, CDATETIME from datatypetestm where SUBDATE(CDATETIME, INTERVAL 3 MICROSECOND) <> 0 order by cidx;
cidx	CDATETIME
1	1997-01-01 00:00:00
select cidx, CDATETIME from datatypetestm where SUBDATE(CDATETIME, INTERVAL 3 SECOND) <> 0 order by cidx;
cidx	CDATETIME
1	1997-01-01 00:00:00
select cidx, CDATETIME from datatypetestm where SUBDATE(CDATETIME, INTERVAL 3 MINUTE) <> 0 order by cidx;
cidx	CDATETIME
1	1997-01-01 00:00:00
select cidx, CDATETIME from datatypetestm where SUBDATE(CDATETIME, INTERVAL 3 HOUR) <> 0 order by cidx;
cidx	CDATETIME
1	1997-01-01 00:00:00
select cidx, CDATETIME from datatypetestm where SUBDATE(CDATETIME, INTERVAL 3 DAY) <> 0 order by cidx;
cidx	CDATETIME
1	1997-01-01 00:00:00
select cidx, CDATETIME from datatypetestm where SUBDATE(CDATETIME, INTERVAL 3 WEEK) <> 0 order by cidx;
cidx	CDATETIME
1	1997-01-01 00:00:00
select cidx, CDATETIME from datatypetestm where SUBDATE(CDATETIME, INTERVAL 3 MONTH) <> 0 order by cidx;
cidx	CDATETIME
1	1997-01-01 00:00:00
select cidx, CDATETIME from datatypetestm where SUBDATE(CDATETIME, INTERVAL 3 QUARTER) <> 0 order by cidx;
cidx	CDATETIME
1	1997-01-01 00:00:00
select cidx, CDATETIME from datatypetestm where SUBDATE(CDATETIME, INTERVAL 3 YEAR) <> 0 order by cidx;
cidx	CDATETIME
1	1997-01-01 00:00:00
select cidx, CDATETIME from datatypetestm where SUBDATE(CDATETIME, INTERVAL 3 SECOND_MICROSECOND) <> 0 order by cidx;
cidx	CDATETIME
1	1997-01-01 00:00:00
select cidx, CDATETIME from datatypetestm where SUBDATE(CDATETIME, INTERVAL 3 MINUTE_MICROSECOND) <> 0 order by cidx;
cidx	CDATETIME
1	1997-01-01 00:00:00
select cidx, CDATETIME from datatypetestm where SUBDATE(CDATETIME, INTERVAL 3 MINUTE_SECOND) <> 0 order by cidx;
cidx	CDATETIME
1	1997-01-01 00:00:00
select cidx, CDATETIME from datatypetestm where SUBDATE(CDATETIME, INTERVAL 3 HOUR_MICROSECOND) <> 0 order by cidx;
cidx	CDATETIME
1	1997-01-01 00:00:00
select cidx, CDATETIME from datatypetestm where SUBDATE(CDATETIME, INTERVAL 3 HOUR_SECOND) <> 0 order by cidx;
cidx	CDATETIME
1	1997-01-01 00:00:00
select cidx, CDATETIME from datatypetestm where SUBDATE(CDATETIME, INTERVAL 3 HOUR_MINUTE) <> 0 order by cidx;
cidx	CDATETIME
1	1997-01-01 00:00:00
select cidx, CDATETIME from datatypetestm where SUBDATE(CDATETIME, INTERVAL 3 DAY_MICROSECOND) <> 0 order by cidx;
cidx	CDATETIME
1	1997-01-01 00:00:00
select cidx, CDATETIME from datatypetestm where SUBDATE(CDATETIME, INTERVAL 3 DAY_SECOND) <> 0 order by cidx;
cidx	CDATETIME
1	1997-01-01 00:00:00
select cidx, CDATETIME from datatypetestm where SUBDATE(CDATETIME, INTERVAL 3 DAY_MINUTE) <> 0 order by cidx;
cidx	CDATETIME
1	1997-01-01 00:00:00
select cidx, CDATETIME from datatypetestm where SUBDATE(CDATETIME, INTERVAL 3 DAY_HOUR) <> 0 order by cidx;
cidx	CDATETIME
1	1997-01-01 00:00:00
select cidx, CDATETIME from datatypetestm where SUBDATE(CDATETIME, INTERVAL 3 YEAR_MONTH) <> 0 order by cidx;
cidx	CDATETIME
1	1997-01-01 00:00:00
select cidx, CTIME from datatypetestm where SUBDATE(CTIME, INTERVAL 3 MICROSECOND) <> 0 order by cidx;
cidx	CTIME
select cidx, CTIME from datatypetestm where SUBDATE(CTIME, INTERVAL 3 SECOND) <> 0 order by cidx;
cidx	CTIME
select cidx, CTIME from datatypetestm where SUBDATE(CTIME, INTERVAL 3 MINUTE) <> 0 order by cidx;
cidx	CTIME
select cidx, CTIME from datatypetestm where SUBDATE(CTIME, INTERVAL 3 HOUR) <> 0 order by cidx;
cidx	CTIME
select cidx, CTIME from datatypetestm where SUBDATE(CTIME, INTERVAL 3 DAY) <> 0 order by cidx;
cidx	CTIME
select cidx, CTIME from datatypetestm where SUBDATE(CTIME, INTERVAL 3 WEEK) <> 0 order by cidx;
cidx	CTIME
select cidx, CTIME from datatypetestm where SUBDATE(CTIME, INTERVAL 3 MONTH) <> 0 order by cidx;
cidx	CTIME
select cidx, CTIME from datatypetestm where SUBDATE(CTIME, INTERVAL 3 QUARTER) <> 0 order by cidx;
cidx	CTIME
select cidx, CTIME from datatypetestm where SUBDATE(CTIME, INTERVAL 3 YEAR) <> 0 order by cidx;
cidx	CTIME
select cidx, CTIME from datatypetestm where SUBDATE(CTIME, INTERVAL 3 SECOND_MICROSECOND) <> 0 order by cidx;
cidx	CTIME
select cidx, CTIME from datatypetestm where SUBDATE(CTIME, INTERVAL 3 MINUTE_MICROSECOND) <> 0 order by cidx;
cidx	CTIME
select cidx, CTIME from datatypetestm where SUBDATE(CTIME, INTERVAL 3 MINUTE_SECOND) <> 0 order by cidx;
cidx	CTIME
select cidx, CTIME from datatypetestm where SUBDATE(CTIME, INTERVAL 3 HOUR_MICROSECOND) <> 0 order by cidx;
cidx	CTIME
select cidx, CTIME from datatypetestm where SUBDATE(CTIME, INTERVAL 3 HOUR_SECOND) <> 0 order by cidx;
cidx	CTIME
select cidx, CTIME from datatypetestm where SUBDATE(CTIME, INTERVAL 3 HOUR_MINUTE) <> 0 order by cidx;
cidx	CTIME
select cidx, CTIME from datatypetestm where SUBDATE(CTIME, INTERVAL 3 DAY_MICROSECOND) <> 0 order by cidx;
cidx	CTIME
select cidx, CTIME from datatypetestm where SUBDATE(CTIME, INTERVAL 3 DAY_SECOND) <> 0 order by cidx;
cidx	CTIME
select cidx, CTIME from datatypetestm where SUBDATE(CTIME, INTERVAL 3 DAY_MINUTE) <> 0 order by cidx;
cidx	CTIME
select cidx, CTIME from datatypetestm where SUBDATE(CTIME, INTERVAL 3 DAY_HOUR) <> 0 order by cidx;
cidx	CTIME
select cidx, CTIME from datatypetestm where SUBDATE(CTIME, INTERVAL 3 YEAR_MONTH) <> 0 order by cidx;
cidx	CTIME
