USE autopilot;
select dtt1.cidx, dtt1.CBIGINT, dtt2.CTIME from datatypetestm1 dtt1, datatypetestm2 dtt2 where dtt1.cidx = dtt2.cidx and dtt1.CBIGINT > dtt2.CTIME ;
cidx	CBIGINT	CTIME
select dtt1.cidx, dtt1.CBIGINT, dtt2.CTIME from datatypetestm1 dtt1, datatypetestm2 dtt2 where dtt1.cidx = dtt2.cidx and dtt1.CBIGINT >= dtt2.CTIME ;
cidx	CBIGINT	CTIME
select dtt1.cidx, dtt1.CBIGINT, dtt2.CTIME from datatypetestm1 dtt1, datatypetestm2 dtt2 where dtt1.cidx = dtt2.cidx and dtt1.CBIGINT <> dtt2.CTIME ;
cidx	CBIGINT	CTIME
1	-72036854775806	11:58:28
2	-72036854775805	11:58:28
3	-72036854775804	11:58:28
4	-72036854775803	11:58:28
5	-72036854775802	11:58:28
6	72036854775803	11:58:28
7	72036854775804	11:58:28
8	72036854775805	11:58:28
9	72036854775806	11:58:28
10	72036854775807	11:58:28
11	0	11:58:28
select dtt1.cidx, dtt1.CBIGINT, dtt2.CTIME from datatypetestm1 dtt1, datatypetestm2 dtt2 where dtt1.cidx = dtt2.cidx and dtt1.CBIGINT < dtt2.CTIME ;
cidx	CBIGINT	CTIME
1	-72036854775806	11:58:28
2	-72036854775805	11:58:28
3	-72036854775804	11:58:28
4	-72036854775803	11:58:28
5	-72036854775802	11:58:28
6	72036854775803	11:58:28
7	72036854775804	11:58:28
8	72036854775805	11:58:28
9	72036854775806	11:58:28
10	72036854775807	11:58:28
11	0	11:58:28
select dtt1.cidx, dtt1.CBIGINT, dtt2.CTIME from datatypetestm1 dtt1, datatypetestm2 dtt2 where dtt1.cidx = dtt2.cidx and dtt1.CBIGINT <= dtt2.CTIME ;
cidx	CBIGINT	CTIME
1	-72036854775806	11:58:28
2	-72036854775805	11:58:28
3	-72036854775804	11:58:28
4	-72036854775803	11:58:28
5	-72036854775802	11:58:28
6	72036854775803	11:58:28
7	72036854775804	11:58:28
8	72036854775805	11:58:28
9	72036854775806	11:58:28
10	72036854775807	11:58:28
11	0	11:58:28
