USE autopilot;
select dtt1.cidx, dtt1.CDATE, dtt2.CDECIMAL10 from datatypetestm1 dtt1, datatypetestm2 dtt2 where dtt1.cidx = dtt2.cidx and dtt1.CDATE > dtt2.CDECIMAL10 ;
cidx	CDATE	CDECIMAL10
1	1997-01-01	-9999999
2	1997-01-01	-9999998
3	1997-01-02	-9999997
4	1997-01-03	-9999996
5	1997-01-04	-9999995
6	2009-12-28	9999995
7	2009-12-29	9999996
8	2009-12-30	9999997
9	2009-12-31	9999998
10	2009-12-31	9999999
11	2009-12-31	0
select dtt1.cidx, dtt1.CDATE, dtt2.CDECIMAL10 from datatypetestm1 dtt1, datatypetestm2 dtt2 where dtt1.cidx = dtt2.cidx and dtt1.CDATE >= dtt2.CDECIMAL10 ;
cidx	CDATE	CDECIMAL10
1	1997-01-01	-9999999
2	1997-01-01	-9999998
3	1997-01-02	-9999997
4	1997-01-03	-9999996
5	1997-01-04	-9999995
6	2009-12-28	9999995
7	2009-12-29	9999996
8	2009-12-30	9999997
9	2009-12-31	9999998
10	2009-12-31	9999999
11	2009-12-31	0
select dtt1.cidx, dtt1.CDATE, dtt2.CDECIMAL10 from datatypetestm1 dtt1, datatypetestm2 dtt2 where dtt1.cidx = dtt2.cidx and dtt1.CDATE <> dtt2.CDECIMAL10 ;
cidx	CDATE	CDECIMAL10
1	1997-01-01	-9999999
2	1997-01-01	-9999998
3	1997-01-02	-9999997
4	1997-01-03	-9999996
5	1997-01-04	-9999995
6	2009-12-28	9999995
7	2009-12-29	9999996
8	2009-12-30	9999997
9	2009-12-31	9999998
10	2009-12-31	9999999
11	2009-12-31	0
select dtt1.cidx, dtt1.CDATE, dtt2.CDECIMAL10 from datatypetestm1 dtt1, datatypetestm2 dtt2 where dtt1.cidx = dtt2.cidx and dtt1.CDATE < dtt2.CDECIMAL10 ;
cidx	CDATE	CDECIMAL10
select dtt1.cidx, dtt1.CDATE, dtt2.CDECIMAL10 from datatypetestm1 dtt1, datatypetestm2 dtt2 where dtt1.cidx = dtt2.cidx and dtt1.CDATE <= dtt2.CDECIMAL10 ;
cidx	CDATE	CDECIMAL10
