USE autopilot;
select dtt1.cidx, dtt1.CBIGINT, dtt2.CINTEGER from datatypetestm1 dtt1, datatypetestm2 dtt2 where dtt1.cidx = dtt2.cidx and dtt1.CBIGINT > dtt2.CINTEGER ;
cidx	CBIGINT	CINTEGER
6	72036854775803	7483643
7	72036854775804	7483644
8	72036854775805	7483645
9	72036854775806	7483646
10	72036854775807	7483647
select dtt1.cidx, dtt1.CBIGINT, dtt2.CINTEGER from datatypetestm1 dtt1, datatypetestm2 dtt2 where dtt1.cidx = dtt2.cidx and dtt1.CBIGINT >= dtt2.CINTEGER ;
cidx	CBIGINT	CINTEGER
6	72036854775803	7483643
7	72036854775804	7483644
8	72036854775805	7483645
9	72036854775806	7483646
10	72036854775807	7483647
11	0	0
select dtt1.cidx, dtt1.CBIGINT, dtt2.CINTEGER from datatypetestm1 dtt1, datatypetestm2 dtt2 where dtt1.cidx = dtt2.cidx and dtt1.CBIGINT <> dtt2.CINTEGER ;
cidx	CBIGINT	CINTEGER
1	-72036854775806	-7483646
2	-72036854775805	-7483645
3	-72036854775804	-7483644
4	-72036854775803	-7483643
5	-72036854775802	-7483642
6	72036854775803	7483643
7	72036854775804	7483644
8	72036854775805	7483645
9	72036854775806	7483646
10	72036854775807	7483647
select dtt1.cidx, dtt1.CBIGINT, dtt2.CINTEGER from datatypetestm1 dtt1, datatypetestm2 dtt2 where dtt1.cidx = dtt2.cidx and dtt1.CBIGINT < dtt2.CINTEGER ;
cidx	CBIGINT	CINTEGER
1	-72036854775806	-7483646
2	-72036854775805	-7483645
3	-72036854775804	-7483644
4	-72036854775803	-7483643
5	-72036854775802	-7483642
select dtt1.cidx, dtt1.CBIGINT, dtt2.CINTEGER from datatypetestm1 dtt1, datatypetestm2 dtt2 where dtt1.cidx = dtt2.cidx and dtt1.CBIGINT <= dtt2.CINTEGER ;
cidx	CBIGINT	CINTEGER
1	-72036854775806	-7483646
2	-72036854775805	-7483645
3	-72036854775804	-7483644
4	-72036854775803	-7483643
5	-72036854775802	-7483642
11	0	0
