USE autopilot;
select cidx, CDATE, PERIOD_DIFF(EXTRACT(YEAR_MONTH FROM CDATE), '201105') from datatypetestm order by cidx;
cidx	CDATE	PERIOD_DIFF(EXTRACT(YEAR_MONTH FROM CDATE), '201105')
1	1997-01-01	-172
select cidx, CDATE, PERIOD_DIFF(EXTRACT(YEAR_MONTH FROM CDATE), '196208') from datatypetestm order by cidx;
cidx	CDATE	PERIOD_DIFF(EXTRACT(YEAR_MONTH FROM CDATE), '196208')
1	1997-01-01	413
select cidx, CDATETIME, PERIOD_DIFF(EXTRACT(YEAR_MONTH FROM CDATETIME), '201105') from datatypetestm order by cidx;
cidx	CDATETIME	PERIOD_DIFF(EXTRACT(YEAR_MONTH FROM CDATETIME), '201105')
1	1997-01-01 00:00:00	-172
select cidx, CDATETIME, PERIOD_DIFF(EXTRACT(YEAR_MONTH FROM CDATETIME), '196208') from datatypetestm order by cidx;
cidx	CDATETIME	PERIOD_DIFF(EXTRACT(YEAR_MONTH FROM CDATETIME), '196208')
1	1997-01-01 00:00:00	413
select cidx, CTIME, PERIOD_DIFF(EXTRACT(YEAR_MONTH FROM CTIME), '201105') from datatypetestm order by cidx;
cidx	CTIME	PERIOD_DIFF(EXTRACT(YEAR_MONTH FROM CTIME), '201105')
1	13:00:00	-24136
select cidx, CTIME, PERIOD_DIFF(EXTRACT(YEAR_MONTH FROM CTIME), '196208') from datatypetestm order by cidx;
cidx	CTIME	PERIOD_DIFF(EXTRACT(YEAR_MONTH FROM CTIME), '196208')
1	13:00:00	-23551
select cidx, CDATE from datatypetestm order by PERIOD_DIFF(EXTRACT(YEAR_MONTH FROM CDATE), '201105'), cidx;
cidx	CDATE
1	1997-01-01
select cidx, CDATE from datatypetestm order by PERIOD_DIFF(EXTRACT(YEAR_MONTH FROM CDATE), '196208'), cidx;
cidx	CDATE
1	1997-01-01
select cidx, CDATETIME from datatypetestm order by PERIOD_DIFF(EXTRACT(YEAR_MONTH FROM CDATETIME), '201105'), cidx;
cidx	CDATETIME
1	1997-01-01 00:00:00
select cidx, CDATETIME from datatypetestm order by PERIOD_DIFF(EXTRACT(YEAR_MONTH FROM CDATETIME), '196208'), cidx;
cidx	CDATETIME
1	1997-01-01 00:00:00
select cidx, CTIME from datatypetestm order by PERIOD_DIFF(EXTRACT(YEAR_MONTH FROM CTIME), '201105'), cidx;
cidx	CTIME
1	13:00:00
select cidx, CTIME from datatypetestm order by PERIOD_DIFF(EXTRACT(YEAR_MONTH FROM CTIME), '196208'), cidx;
cidx	CTIME
1	13:00:00
