USE autopilot;
select dtt1.cidx, dtt1.CCHAR9, dtt2.CINTEGER from datatypetestm1 dtt1, datatypetestm2 dtt2 where dtt1.cidx = dtt2.cidx and dtt1.CCHAR9 > dtt2.CINTEGER ;
cidx	CCHAR9	CINTEGER
1	aaaaaaaaa	-7483646
2	i	-7483645
3	ii	-7483644
4	iii	-7483643
5	iiii	-7483642
select dtt1.cidx, dtt1.CCHAR9, dtt2.CINTEGER from datatypetestm1 dtt1, datatypetestm2 dtt2 where dtt1.cidx = dtt2.cidx and dtt1.CCHAR9 >= dtt2.CINTEGER ;
cidx	CCHAR9	CINTEGER
1	aaaaaaaaa	-7483646
2	i	-7483645
3	ii	-7483644
4	iii	-7483643
5	iiii	-7483642
select dtt1.cidx, dtt1.CCHAR9, dtt2.CINTEGER from datatypetestm1 dtt1, datatypetestm2 dtt2 where dtt1.cidx = dtt2.cidx and dtt1.CCHAR9 <> dtt2.CINTEGER ;
cidx	CCHAR9	CINTEGER
1	aaaaaaaaa	-7483646
2	i	-7483645
3	ii	-7483644
4	iii	-7483643
5	iiii	-7483642
6	rrrrrrr	7483643
7	rrrrrrrr	7483644
8	rrrrrrrrr	7483645
9	rrrrrrrrr	7483646
10	zzzzzzzzz	7483647
select dtt1.cidx, dtt1.CCHAR9, dtt2.CINTEGER from datatypetestm1 dtt1, datatypetestm2 dtt2 where dtt1.cidx = dtt2.cidx and dtt1.CCHAR9 < dtt2.CINTEGER ;
cidx	CCHAR9	CINTEGER
6	rrrrrrr	7483643
7	rrrrrrrr	7483644
8	rrrrrrrrr	7483645
9	rrrrrrrrr	7483646
10	zzzzzzzzz	7483647
select dtt1.cidx, dtt1.CCHAR9, dtt2.CINTEGER from datatypetestm1 dtt1, datatypetestm2 dtt2 where dtt1.cidx = dtt2.cidx and dtt1.CCHAR9 <= dtt2.CINTEGER ;
cidx	CCHAR9	CINTEGER
6	rrrrrrr	7483643
7	rrrrrrrr	7483644
8	rrrrrrrrr	7483645
9	rrrrrrrrr	7483646
10	zzzzzzzzz	7483647
