USE autopilot;
select dtt1.cidx, dtt1.CCHAR7, dtt2.CBIGINT from datatypetestm1 dtt1, datatypetestm2 dtt2 where dtt1.cidx = dtt2.cidx and dtt1.CCHAR7 > dtt2.CBIGINT ;
cidx	CCHAR7	CBIGINT
1	aaaaaaa	-72036854775806
2	g	-72036854775805
3	gg	-72036854775804
4	ggg	-72036854775803
5	gggg	-72036854775802
select dtt1.cidx, dtt1.CCHAR7, dtt2.CBIGINT from datatypetestm1 dtt1, datatypetestm2 dtt2 where dtt1.cidx = dtt2.cidx and dtt1.CCHAR7 >= dtt2.CBIGINT ;
cidx	CCHAR7	CBIGINT
1	aaaaaaa	-72036854775806
2	g	-72036854775805
3	gg	-72036854775804
4	ggg	-72036854775803
5	gggg	-72036854775802
select dtt1.cidx, dtt1.CCHAR7, dtt2.CBIGINT from datatypetestm1 dtt1, datatypetestm2 dtt2 where dtt1.cidx = dtt2.cidx and dtt1.CCHAR7 <> dtt2.CBIGINT ;
cidx	CCHAR7	CBIGINT
1	aaaaaaa	-72036854775806
2	g	-72036854775805
3	gg	-72036854775804
4	ggg	-72036854775803
5	gggg	-72036854775802
6	ttttttt	72036854775803
7	ttttttt	72036854775804
8	ttttttt	72036854775805
9	ttttttt	72036854775806
10	zzzzzzz	72036854775807
select dtt1.cidx, dtt1.CCHAR7, dtt2.CBIGINT from datatypetestm1 dtt1, datatypetestm2 dtt2 where dtt1.cidx = dtt2.cidx and dtt1.CCHAR7 < dtt2.CBIGINT ;
cidx	CCHAR7	CBIGINT
6	ttttttt	72036854775803
7	ttttttt	72036854775804
8	ttttttt	72036854775805
9	ttttttt	72036854775806
10	zzzzzzz	72036854775807
select dtt1.cidx, dtt1.CCHAR7, dtt2.CBIGINT from datatypetestm1 dtt1, datatypetestm2 dtt2 where dtt1.cidx = dtt2.cidx and dtt1.CCHAR7 <= dtt2.CBIGINT ;
cidx	CCHAR7	CBIGINT
6	ttttttt	72036854775803
7	ttttttt	72036854775804
8	ttttttt	72036854775805
9	ttttttt	72036854775806
10	zzzzzzz	72036854775807
