USE autopilot;
select dtt1.cidx, dtt1.CDATETIME, dtt2.CDECIMAL9 from datatypetestm1 dtt1, datatypetestm2 dtt2 where dtt1.cidx = dtt2.cidx and dtt1.CDATETIME > dtt2.CDECIMAL9 ;
cidx	CDATETIME	CDECIMAL9
1	1997-01-01 00:00:00	-999999
2	1997-01-01 00:00:01	-999998
3	1997-01-02 00:00:01	-999997
4	1997-01-03 00:00:02	-999996
5	1997-01-04 00:00:03	-999995
6	2009-12-31 23:59:56	999995
7	2009-12-31 23:59:57	999996
8	2009-12-31 23:59:58	999997
9	2009-12-31 23:59:59	999998
10	2009-12-31 23:59:59	999999
11	2009-12-31 23:59:59	0
select dtt1.cidx, dtt1.CDATETIME, dtt2.CDECIMAL9 from datatypetestm1 dtt1, datatypetestm2 dtt2 where dtt1.cidx = dtt2.cidx and dtt1.CDATETIME >= dtt2.CDECIMAL9 ;
cidx	CDATETIME	CDECIMAL9
1	1997-01-01 00:00:00	-999999
2	1997-01-01 00:00:01	-999998
3	1997-01-02 00:00:01	-999997
4	1997-01-03 00:00:02	-999996
5	1997-01-04 00:00:03	-999995
6	2009-12-31 23:59:56	999995
7	2009-12-31 23:59:57	999996
8	2009-12-31 23:59:58	999997
9	2009-12-31 23:59:59	999998
10	2009-12-31 23:59:59	999999
11	2009-12-31 23:59:59	0
select dtt1.cidx, dtt1.CDATETIME, dtt2.CDECIMAL9 from datatypetestm1 dtt1, datatypetestm2 dtt2 where dtt1.cidx = dtt2.cidx and dtt1.CDATETIME <> dtt2.CDECIMAL9 ;
cidx	CDATETIME	CDECIMAL9
1	1997-01-01 00:00:00	-999999
2	1997-01-01 00:00:01	-999998
3	1997-01-02 00:00:01	-999997
4	1997-01-03 00:00:02	-999996
5	1997-01-04 00:00:03	-999995
6	2009-12-31 23:59:56	999995
7	2009-12-31 23:59:57	999996
8	2009-12-31 23:59:58	999997
9	2009-12-31 23:59:59	999998
10	2009-12-31 23:59:59	999999
11	2009-12-31 23:59:59	0
select dtt1.cidx, dtt1.CDATETIME, dtt2.CDECIMAL9 from datatypetestm1 dtt1, datatypetestm2 dtt2 where dtt1.cidx = dtt2.cidx and dtt1.CDATETIME < dtt2.CDECIMAL9 ;
cidx	CDATETIME	CDECIMAL9
select dtt1.cidx, dtt1.CDATETIME, dtt2.CDECIMAL9 from datatypetestm1 dtt1, datatypetestm2 dtt2 where dtt1.cidx = dtt2.cidx and dtt1.CDATETIME <= dtt2.CDECIMAL9 ;
cidx	CDATETIME	CDECIMAL9
