USE autopilot;
select dtt1.cidx, dtt1.CCHAR4, dtt2.CCHAR1 from datatypetestm1 dtt1, datatypetestm2 dtt2 where dtt1.cidx = dtt2.cidx and dtt1.CCHAR4 > dtt2.CCHAR1 ;
cidx	CCHAR4	CCHAR1
1	aaaa	a
2	d	a
3	dd	a
4	ddd	a
5	dddd	a
10	zzzz	z
select dtt1.cidx, dtt1.CCHAR4, dtt2.CCHAR1 from datatypetestm1 dtt1, datatypetestm2 dtt2 where dtt1.cidx = dtt2.cidx and dtt1.CCHAR4 >= dtt2.CCHAR1 ;
cidx	CCHAR4	CCHAR1
1	aaaa	a
2	d	a
3	dd	a
4	ddd	a
5	dddd	a
10	zzzz	z
select dtt1.cidx, dtt1.CCHAR4, dtt2.CCHAR1 from datatypetestm1 dtt1, datatypetestm2 dtt2 where dtt1.cidx = dtt2.cidx and dtt1.CCHAR4 <> dtt2.CCHAR1 ;
cidx	CCHAR4	CCHAR1
1	aaaa	a
2	d	a
3	dd	a
4	ddd	a
5	dddd	a
6	wwww	z
7	wwww	z
8	wwww	z
9	wwww	z
10	zzzz	z
select dtt1.cidx, dtt1.CCHAR4, dtt2.CCHAR1 from datatypetestm1 dtt1, datatypetestm2 dtt2 where dtt1.cidx = dtt2.cidx and dtt1.CCHAR4 < dtt2.CCHAR1 ;
cidx	CCHAR4	CCHAR1
6	wwww	z
7	wwww	z
8	wwww	z
9	wwww	z
select dtt1.cidx, dtt1.CCHAR4, dtt2.CCHAR1 from datatypetestm1 dtt1, datatypetestm2 dtt2 where dtt1.cidx = dtt2.cidx and dtt1.CCHAR4 <= dtt2.CCHAR1 ;
cidx	CCHAR4	CCHAR1
6	wwww	z
7	wwww	z
8	wwww	z
9	wwww	z
