USE autopilot;
select dtt1.cidx, dtt1.CDATETIME, dtt2.CDATE from datatypetestm1 dtt1, datatypetestm2 dtt2 where dtt1.cidx = dtt2.cidx and dtt1.CDATETIME > dtt2.CDATE ;
cidx	CDATETIME	CDATE
2	1997-01-01 00:00:01	1997-01-01
3	1997-01-02 00:00:01	1997-01-02
4	1997-01-03 00:00:02	1997-01-03
5	1997-01-04 00:00:03	1997-01-04
6	2009-12-31 23:59:56	2009-12-28
7	2009-12-31 23:59:57	2009-12-29
8	2009-12-31 23:59:58	2009-12-30
9	2009-12-31 23:59:59	2009-12-31
10	2009-12-31 23:59:59	2009-12-31
11	2009-12-31 23:59:59	2009-12-31
select dtt1.cidx, dtt1.CDATETIME, dtt2.CDATE from datatypetestm1 dtt1, datatypetestm2 dtt2 where dtt1.cidx = dtt2.cidx and dtt1.CDATETIME >= dtt2.CDATE ;
cidx	CDATETIME	CDATE
1	1997-01-01 00:00:00	1997-01-01
2	1997-01-01 00:00:01	1997-01-01
3	1997-01-02 00:00:01	1997-01-02
4	1997-01-03 00:00:02	1997-01-03
5	1997-01-04 00:00:03	1997-01-04
6	2009-12-31 23:59:56	2009-12-28
7	2009-12-31 23:59:57	2009-12-29
8	2009-12-31 23:59:58	2009-12-30
9	2009-12-31 23:59:59	2009-12-31
10	2009-12-31 23:59:59	2009-12-31
11	2009-12-31 23:59:59	2009-12-31
select dtt1.cidx, dtt1.CDATETIME, dtt2.CDATE from datatypetestm1 dtt1, datatypetestm2 dtt2 where dtt1.cidx = dtt2.cidx and dtt1.CDATETIME <> dtt2.CDATE ;
cidx	CDATETIME	CDATE
2	1997-01-01 00:00:01	1997-01-01
3	1997-01-02 00:00:01	1997-01-02
4	1997-01-03 00:00:02	1997-01-03
5	1997-01-04 00:00:03	1997-01-04
6	2009-12-31 23:59:56	2009-12-28
7	2009-12-31 23:59:57	2009-12-29
8	2009-12-31 23:59:58	2009-12-30
9	2009-12-31 23:59:59	2009-12-31
10	2009-12-31 23:59:59	2009-12-31
11	2009-12-31 23:59:59	2009-12-31
select dtt1.cidx, dtt1.CDATETIME, dtt2.CDATE from datatypetestm1 dtt1, datatypetestm2 dtt2 where dtt1.cidx = dtt2.cidx and dtt1.CDATETIME < dtt2.CDATE ;
cidx	CDATETIME	CDATE
select dtt1.cidx, dtt1.CDATETIME, dtt2.CDATE from datatypetestm1 dtt1, datatypetestm2 dtt2 where dtt1.cidx = dtt2.cidx and dtt1.CDATETIME <= dtt2.CDATE ;
cidx	CDATETIME	CDATE
1	1997-01-01 00:00:00	1997-01-01
