USE autopilot;
select cidx, CDATE, COALESCE(CDATE,'2011-01-01',NULL) from datatypetestm order by cidx;
cidx	CDATE	COALESCE(CDATE,'2011-01-01',NULL)
1	1997-01-01	1997-01-01
select cidx, CDATE, COALESCE(CDATE,NULL,'2011-01-02') from datatypetestm order by cidx;
cidx	CDATE	COALESCE(CDATE,NULL,'2011-01-02')
1	1997-01-01	1997-01-01
select cidx, CDATE, COALESCE(CDATE,NULL) from datatypetestm order by cidx;
cidx	CDATE	COALESCE(CDATE,NULL)
1	1997-01-01	1997-01-01
select cidx, CDATETIME, COALESCE(CDATETIME,'2011-01-01',NULL) from datatypetestm order by cidx;
cidx	CDATETIME	COALESCE(CDATETIME,'2011-01-01',NULL)
1	1997-01-01 00:00:00	1997-01-01 00:00:00
select cidx, CDATETIME, COALESCE(CDATETIME,NULL,'2011-01-02') from datatypetestm order by cidx;
cidx	CDATETIME	COALESCE(CDATETIME,NULL,'2011-01-02')
1	1997-01-01 00:00:00	1997-01-01 00:00:00
select cidx, CDATETIME, COALESCE(CDATETIME,NULL) from datatypetestm order by cidx;
cidx	CDATETIME	COALESCE(CDATETIME,NULL)
1	1997-01-01 00:00:00	1997-01-01 00:00:00
select cidx, CTIME, COALESCE(CTIME,'2011-01-01',NULL) from datatypetestm order by cidx;
cidx	CTIME	COALESCE(CTIME,'2011-01-01',NULL)
1	13:00:00	13:00:00
select cidx, CTIME, COALESCE(CTIME,NULL,'2011-01-02') from datatypetestm order by cidx;
cidx	CTIME	COALESCE(CTIME,NULL,'2011-01-02')
1	13:00:00	13:00:00
select cidx, CTIME, COALESCE(CTIME,NULL) from datatypetestm order by cidx;
cidx	CTIME	COALESCE(CTIME,NULL)
1	13:00:00	13:00:00
select cidx, CDATE from datatypetestm where COALESCE(CDATE,'2011-01-01',NULL) <> 0 order by cidx;
cidx	CDATE
1	1997-01-01
select cidx, CDATE from datatypetestm where COALESCE(CDATE,NULL,'2011-01-02') <> 0 order by cidx;
cidx	CDATE
1	1997-01-01
select cidx, CDATE from datatypetestm where COALESCE(CDATE,NULL) <> 0 order by cidx;
cidx	CDATE
1	1997-01-01
select cidx, CDATETIME from datatypetestm where COALESCE(CDATETIME,'2011-01-01',NULL) <> 0 order by cidx;
cidx	CDATETIME
1	1997-01-01 00:00:00
select cidx, CDATETIME from datatypetestm where COALESCE(CDATETIME,NULL,'2011-01-02') <> 0 order by cidx;
cidx	CDATETIME
1	1997-01-01 00:00:00
select cidx, CDATETIME from datatypetestm where COALESCE(CDATETIME,NULL) <> 0 order by cidx;
cidx	CDATETIME
1	1997-01-01 00:00:00
select cidx, CTIME from datatypetestm where COALESCE(CTIME,'2011-01-01',NULL) <> 0 order by cidx;
cidx	CTIME
1	13:00:00
select cidx, CTIME from datatypetestm where COALESCE(CTIME,NULL,'2011-01-02') <> 0 order by cidx;
cidx	CTIME
1	13:00:00
select cidx, CTIME from datatypetestm where COALESCE(CTIME,NULL) <> 0 order by cidx;
cidx	CTIME
1	13:00:00
