USE autopilot;
select dtt1.cidx, dtt1.CCHAR3, dtt2.CBIGINT from datatypetestm1 dtt1, datatypetestm2 dtt2 where dtt1.cidx = dtt2.cidx and dtt1.CCHAR3 > dtt2.CBIGINT ;
cidx	CCHAR3	CBIGINT
1	aaa	-72036854775806
2	c	-72036854775805
3	cc	-72036854775804
4	ccc	-72036854775803
5	ccc	-72036854775802
select dtt1.cidx, dtt1.CCHAR3, dtt2.CBIGINT from datatypetestm1 dtt1, datatypetestm2 dtt2 where dtt1.cidx = dtt2.cidx and dtt1.CCHAR3 >= dtt2.CBIGINT ;
cidx	CCHAR3	CBIGINT
1	aaa	-72036854775806
2	c	-72036854775805
3	cc	-72036854775804
4	ccc	-72036854775803
5	ccc	-72036854775802
select dtt1.cidx, dtt1.CCHAR3, dtt2.CBIGINT from datatypetestm1 dtt1, datatypetestm2 dtt2 where dtt1.cidx = dtt2.cidx and dtt1.CCHAR3 <> dtt2.CBIGINT ;
cidx	CCHAR3	CBIGINT
1	aaa	-72036854775806
2	c	-72036854775805
3	cc	-72036854775804
4	ccc	-72036854775803
5	ccc	-72036854775802
6	xxx	72036854775803
7	xxx	72036854775804
8	xxx	72036854775805
9	xxx	72036854775806
10	zzz	72036854775807
select dtt1.cidx, dtt1.CCHAR3, dtt2.CBIGINT from datatypetestm1 dtt1, datatypetestm2 dtt2 where dtt1.cidx = dtt2.cidx and dtt1.CCHAR3 < dtt2.CBIGINT ;
cidx	CCHAR3	CBIGINT
6	xxx	72036854775803
7	xxx	72036854775804
8	xxx	72036854775805
9	xxx	72036854775806
10	zzz	72036854775807
select dtt1.cidx, dtt1.CCHAR3, dtt2.CBIGINT from datatypetestm1 dtt1, datatypetestm2 dtt2 where dtt1.cidx = dtt2.cidx and dtt1.CCHAR3 <= dtt2.CBIGINT ;
cidx	CCHAR3	CBIGINT
6	xxx	72036854775803
7	xxx	72036854775804
8	xxx	72036854775805
9	xxx	72036854775806
10	zzz	72036854775807
