USE autopilot;
select dtt1.cidx, dtt1.CCHAR6, dtt2.CDECIMAL4_2 from datatypetestm1 dtt1, datatypetestm2 dtt2 where dtt1.cidx = dtt2.cidx and dtt1.CCHAR6 > dtt2.CDECIMAL4_2 ;
cidx	CCHAR6	CDECIMAL4_2
1	aaaaaa	-9.99
2	f	-9.98
3	ff	-9.97
4	fff	-9.96
5	ffff	-9.95
select dtt1.cidx, dtt1.CCHAR6, dtt2.CDECIMAL4_2 from datatypetestm1 dtt1, datatypetestm2 dtt2 where dtt1.cidx = dtt2.cidx and dtt1.CCHAR6 >= dtt2.CDECIMAL4_2 ;
cidx	CCHAR6	CDECIMAL4_2
1	aaaaaa	-9.99
2	f	-9.98
3	ff	-9.97
4	fff	-9.96
5	ffff	-9.95
select dtt1.cidx, dtt1.CCHAR6, dtt2.CDECIMAL4_2 from datatypetestm1 dtt1, datatypetestm2 dtt2 where dtt1.cidx = dtt2.cidx and dtt1.CCHAR6 <> dtt2.CDECIMAL4_2 ;
cidx	CCHAR6	CDECIMAL4_2
1	aaaaaa	-9.99
2	f	-9.98
3	ff	-9.97
4	fff	-9.96
5	ffff	-9.95
6	uuuuuu	9.95
7	uuuuuu	9.96
8	uuuuuu	9.97
9	uuuuuu	9.98
10	zzzzzz	9.99
select dtt1.cidx, dtt1.CCHAR6, dtt2.CDECIMAL4_2 from datatypetestm1 dtt1, datatypetestm2 dtt2 where dtt1.cidx = dtt2.cidx and dtt1.CCHAR6 < dtt2.CDECIMAL4_2 ;
cidx	CCHAR6	CDECIMAL4_2
6	uuuuuu	9.95
7	uuuuuu	9.96
8	uuuuuu	9.97
9	uuuuuu	9.98
10	zzzzzz	9.99
select dtt1.cidx, dtt1.CCHAR6, dtt2.CDECIMAL4_2 from datatypetestm1 dtt1, datatypetestm2 dtt2 where dtt1.cidx = dtt2.cidx and dtt1.CCHAR6 <= dtt2.CDECIMAL4_2 ;
cidx	CCHAR6	CDECIMAL4_2
6	uuuuuu	9.95
7	uuuuuu	9.96
8	uuuuuu	9.97
9	uuuuuu	9.98
10	zzzzzz	9.99
