USE autopilot;
select cidx, CCHAR1, RIGHT(CCHAR1,2) from datatypetestm order by cidx;
cidx	CCHAR1	RIGHT(CCHAR1,2)
1	a	a
select cidx, CCHAR1, RIGHT(CCHAR1,5) from datatypetestm order by cidx;
cidx	CCHAR1	RIGHT(CCHAR1,5)
1	a	a
select cidx, CCHAR1, RIGHT(CCHAR1,7) from datatypetestm order by cidx;
cidx	CCHAR1	RIGHT(CCHAR1,7)
1	a	a
select cidx, CCHAR1, RIGHT(CCHAR1,8) from datatypetestm order by cidx;
cidx	CCHAR1	RIGHT(CCHAR1,8)
1	a	a
select cidx, CCHAR1, RIGHT(CCHAR1,9) from datatypetestm order by cidx;
cidx	CCHAR1	RIGHT(CCHAR1,9)
1	a	a
select cidx, CCHAR1, RIGHT(CCHAR1,25) from datatypetestm order by cidx;
cidx	CCHAR1	RIGHT(CCHAR1,25)
1	a	a
select cidx, CCHAR2, RIGHT(CCHAR2,2) from datatypetestm order by cidx;
cidx	CCHAR2	RIGHT(CCHAR2,2)
1	aa	aa
select cidx, CCHAR2, RIGHT(CCHAR2,5) from datatypetestm order by cidx;
cidx	CCHAR2	RIGHT(CCHAR2,5)
1	aa	aa
select cidx, CCHAR2, RIGHT(CCHAR2,7) from datatypetestm order by cidx;
cidx	CCHAR2	RIGHT(CCHAR2,7)
1	aa	aa
select cidx, CCHAR2, RIGHT(CCHAR2,8) from datatypetestm order by cidx;
cidx	CCHAR2	RIGHT(CCHAR2,8)
1	aa	aa
select cidx, CCHAR2, RIGHT(CCHAR2,9) from datatypetestm order by cidx;
cidx	CCHAR2	RIGHT(CCHAR2,9)
1	aa	aa
select cidx, CCHAR2, RIGHT(CCHAR2,25) from datatypetestm order by cidx;
cidx	CCHAR2	RIGHT(CCHAR2,25)
1	aa	aa
select cidx, CCHAR3, RIGHT(CCHAR3,2) from datatypetestm order by cidx;
cidx	CCHAR3	RIGHT(CCHAR3,2)
1	aaa	aa
select cidx, CCHAR3, RIGHT(CCHAR3,5) from datatypetestm order by cidx;
cidx	CCHAR3	RIGHT(CCHAR3,5)
1	aaa	aaa
select cidx, CCHAR3, RIGHT(CCHAR3,7) from datatypetestm order by cidx;
cidx	CCHAR3	RIGHT(CCHAR3,7)
1	aaa	aaa
select cidx, CCHAR3, RIGHT(CCHAR3,8) from datatypetestm order by cidx;
cidx	CCHAR3	RIGHT(CCHAR3,8)
1	aaa	aaa
select cidx, CCHAR3, RIGHT(CCHAR3,9) from datatypetestm order by cidx;
cidx	CCHAR3	RIGHT(CCHAR3,9)
1	aaa	aaa
select cidx, CCHAR3, RIGHT(CCHAR3,25) from datatypetestm order by cidx;
cidx	CCHAR3	RIGHT(CCHAR3,25)
1	aaa	aaa
select cidx, CCHAR4, RIGHT(CCHAR4,2) from datatypetestm order by cidx;
cidx	CCHAR4	RIGHT(CCHAR4,2)
1	aaaa	aa
select cidx, CCHAR4, RIGHT(CCHAR4,5) from datatypetestm order by cidx;
cidx	CCHAR4	RIGHT(CCHAR4,5)
1	aaaa	aaaa
select cidx, CCHAR4, RIGHT(CCHAR4,7) from datatypetestm order by cidx;
cidx	CCHAR4	RIGHT(CCHAR4,7)
1	aaaa	aaaa
select cidx, CCHAR4, RIGHT(CCHAR4,8) from datatypetestm order by cidx;
cidx	CCHAR4	RIGHT(CCHAR4,8)
1	aaaa	aaaa
select cidx, CCHAR4, RIGHT(CCHAR4,9) from datatypetestm order by cidx;
cidx	CCHAR4	RIGHT(CCHAR4,9)
1	aaaa	aaaa
select cidx, CCHAR4, RIGHT(CCHAR4,25) from datatypetestm order by cidx;
cidx	CCHAR4	RIGHT(CCHAR4,25)
1	aaaa	aaaa
select cidx, CCHAR5, RIGHT(CCHAR5,2) from datatypetestm order by cidx;
cidx	CCHAR5	RIGHT(CCHAR5,2)
1	aaaaa	aa
select cidx, CCHAR5, RIGHT(CCHAR5,5) from datatypetestm order by cidx;
cidx	CCHAR5	RIGHT(CCHAR5,5)
1	aaaaa	aaaaa
select cidx, CCHAR5, RIGHT(CCHAR5,7) from datatypetestm order by cidx;
cidx	CCHAR5	RIGHT(CCHAR5,7)
1	aaaaa	aaaaa
select cidx, CCHAR5, RIGHT(CCHAR5,8) from datatypetestm order by cidx;
cidx	CCHAR5	RIGHT(CCHAR5,8)
1	aaaaa	aaaaa
select cidx, CCHAR5, RIGHT(CCHAR5,9) from datatypetestm order by cidx;
cidx	CCHAR5	RIGHT(CCHAR5,9)
1	aaaaa	aaaaa
select cidx, CCHAR5, RIGHT(CCHAR5,25) from datatypetestm order by cidx;
cidx	CCHAR5	RIGHT(CCHAR5,25)
1	aaaaa	aaaaa
select cidx, CCHAR6, RIGHT(CCHAR6,2) from datatypetestm order by cidx;
cidx	CCHAR6	RIGHT(CCHAR6,2)
1	aaaaaa	aa
select cidx, CCHAR6, RIGHT(CCHAR6,5) from datatypetestm order by cidx;
cidx	CCHAR6	RIGHT(CCHAR6,5)
1	aaaaaa	aaaaa
select cidx, CCHAR6, RIGHT(CCHAR6,7) from datatypetestm order by cidx;
cidx	CCHAR6	RIGHT(CCHAR6,7)
1	aaaaaa	aaaaaa
select cidx, CCHAR6, RIGHT(CCHAR6,8) from datatypetestm order by cidx;
cidx	CCHAR6	RIGHT(CCHAR6,8)
1	aaaaaa	aaaaaa
select cidx, CCHAR6, RIGHT(CCHAR6,9) from datatypetestm order by cidx;
cidx	CCHAR6	RIGHT(CCHAR6,9)
1	aaaaaa	aaaaaa
select cidx, CCHAR6, RIGHT(CCHAR6,25) from datatypetestm order by cidx;
cidx	CCHAR6	RIGHT(CCHAR6,25)
1	aaaaaa	aaaaaa
select cidx, CCHAR7, RIGHT(CCHAR7,2) from datatypetestm order by cidx;
cidx	CCHAR7	RIGHT(CCHAR7,2)
1	aaaaaaa	aa
select cidx, CCHAR7, RIGHT(CCHAR7,5) from datatypetestm order by cidx;
cidx	CCHAR7	RIGHT(CCHAR7,5)
1	aaaaaaa	aaaaa
select cidx, CCHAR7, RIGHT(CCHAR7,7) from datatypetestm order by cidx;
cidx	CCHAR7	RIGHT(CCHAR7,7)
1	aaaaaaa	aaaaaaa
select cidx, CCHAR7, RIGHT(CCHAR7,8) from datatypetestm order by cidx;
cidx	CCHAR7	RIGHT(CCHAR7,8)
1	aaaaaaa	aaaaaaa
select cidx, CCHAR7, RIGHT(CCHAR7,9) from datatypetestm order by cidx;
cidx	CCHAR7	RIGHT(CCHAR7,9)
1	aaaaaaa	aaaaaaa
select cidx, CCHAR7, RIGHT(CCHAR7,25) from datatypetestm order by cidx;
cidx	CCHAR7	RIGHT(CCHAR7,25)
1	aaaaaaa	aaaaaaa
select cidx, CCHAR8, RIGHT(CCHAR8,2) from datatypetestm order by cidx;
cidx	CCHAR8	RIGHT(CCHAR8,2)
1	aaaaaaaa	aa
select cidx, CCHAR8, RIGHT(CCHAR8,5) from datatypetestm order by cidx;
cidx	CCHAR8	RIGHT(CCHAR8,5)
1	aaaaaaaa	aaaaa
select cidx, CCHAR8, RIGHT(CCHAR8,7) from datatypetestm order by cidx;
cidx	CCHAR8	RIGHT(CCHAR8,7)
1	aaaaaaaa	aaaaaaa
select cidx, CCHAR8, RIGHT(CCHAR8,8) from datatypetestm order by cidx;
cidx	CCHAR8	RIGHT(CCHAR8,8)
1	aaaaaaaa	aaaaaaaa
select cidx, CCHAR8, RIGHT(CCHAR8,9) from datatypetestm order by cidx;
cidx	CCHAR8	RIGHT(CCHAR8,9)
1	aaaaaaaa	aaaaaaaa
select cidx, CCHAR8, RIGHT(CCHAR8,25) from datatypetestm order by cidx;
cidx	CCHAR8	RIGHT(CCHAR8,25)
1	aaaaaaaa	aaaaaaaa
select cidx, CCHAR9, RIGHT(CCHAR9,2) from datatypetestm order by cidx;
cidx	CCHAR9	RIGHT(CCHAR9,2)
1	aaaaaaaaa	aa
select cidx, CCHAR9, RIGHT(CCHAR9,5) from datatypetestm order by cidx;
cidx	CCHAR9	RIGHT(CCHAR9,5)
1	aaaaaaaaa	aaaaa
select cidx, CCHAR9, RIGHT(CCHAR9,7) from datatypetestm order by cidx;
cidx	CCHAR9	RIGHT(CCHAR9,7)
1	aaaaaaaaa	aaaaaaa
select cidx, CCHAR9, RIGHT(CCHAR9,8) from datatypetestm order by cidx;
cidx	CCHAR9	RIGHT(CCHAR9,8)
1	aaaaaaaaa	aaaaaaaa
select cidx, CCHAR9, RIGHT(CCHAR9,9) from datatypetestm order by cidx;
cidx	CCHAR9	RIGHT(CCHAR9,9)
1	aaaaaaaaa	aaaaaaaaa
select cidx, CCHAR9, RIGHT(CCHAR9,25) from datatypetestm order by cidx;
cidx	CCHAR9	RIGHT(CCHAR9,25)
1	aaaaaaaaa	aaaaaaaaa
select cidx, CCHAR255, RIGHT(CCHAR255,2) from datatypetestm order by cidx;
cidx	CCHAR255	RIGHT(CCHAR255,2)
1	aaaaaaaaaa	aa
select cidx, CCHAR255, RIGHT(CCHAR255,5) from datatypetestm order by cidx;
cidx	CCHAR255	RIGHT(CCHAR255,5)
1	aaaaaaaaaa	aaaaa
select cidx, CCHAR255, RIGHT(CCHAR255,7) from datatypetestm order by cidx;
cidx	CCHAR255	RIGHT(CCHAR255,7)
1	aaaaaaaaaa	aaaaaaa
select cidx, CCHAR255, RIGHT(CCHAR255,8) from datatypetestm order by cidx;
cidx	CCHAR255	RIGHT(CCHAR255,8)
1	aaaaaaaaaa	aaaaaaaa
select cidx, CCHAR255, RIGHT(CCHAR255,9) from datatypetestm order by cidx;
cidx	CCHAR255	RIGHT(CCHAR255,9)
1	aaaaaaaaaa	aaaaaaaaa
select cidx, CCHAR255, RIGHT(CCHAR255,25) from datatypetestm order by cidx;
cidx	CCHAR255	RIGHT(CCHAR255,25)
1	aaaaaaaaaa	aaaaaaaaaa
select cidx, CVCHAR1, RIGHT(CVCHAR1,2) from datatypetestm order by cidx;
cidx	CVCHAR1	RIGHT(CVCHAR1,2)
1	a	a
select cidx, CVCHAR1, RIGHT(CVCHAR1,5) from datatypetestm order by cidx;
cidx	CVCHAR1	RIGHT(CVCHAR1,5)
1	a	a
select cidx, CVCHAR1, RIGHT(CVCHAR1,7) from datatypetestm order by cidx;
cidx	CVCHAR1	RIGHT(CVCHAR1,7)
1	a	a
select cidx, CVCHAR1, RIGHT(CVCHAR1,8) from datatypetestm order by cidx;
cidx	CVCHAR1	RIGHT(CVCHAR1,8)
1	a	a
select cidx, CVCHAR1, RIGHT(CVCHAR1,9) from datatypetestm order by cidx;
cidx	CVCHAR1	RIGHT(CVCHAR1,9)
1	a	a
select cidx, CVCHAR1, RIGHT(CVCHAR1,25) from datatypetestm order by cidx;
cidx	CVCHAR1	RIGHT(CVCHAR1,25)
1	a	a
select cidx, CVCHAR2, RIGHT(CVCHAR2,2) from datatypetestm order by cidx;
cidx	CVCHAR2	RIGHT(CVCHAR2,2)
1	aa	aa
select cidx, CVCHAR2, RIGHT(CVCHAR2,5) from datatypetestm order by cidx;
cidx	CVCHAR2	RIGHT(CVCHAR2,5)
1	aa	aa
select cidx, CVCHAR2, RIGHT(CVCHAR2,7) from datatypetestm order by cidx;
cidx	CVCHAR2	RIGHT(CVCHAR2,7)
1	aa	aa
select cidx, CVCHAR2, RIGHT(CVCHAR2,8) from datatypetestm order by cidx;
cidx	CVCHAR2	RIGHT(CVCHAR2,8)
1	aa	aa
select cidx, CVCHAR2, RIGHT(CVCHAR2,9) from datatypetestm order by cidx;
cidx	CVCHAR2	RIGHT(CVCHAR2,9)
1	aa	aa
select cidx, CVCHAR2, RIGHT(CVCHAR2,25) from datatypetestm order by cidx;
cidx	CVCHAR2	RIGHT(CVCHAR2,25)
1	aa	aa
select cidx, CVCHAR3, RIGHT(CVCHAR3,2) from datatypetestm order by cidx;
cidx	CVCHAR3	RIGHT(CVCHAR3,2)
1	aaa	aa
select cidx, CVCHAR3, RIGHT(CVCHAR3,5) from datatypetestm order by cidx;
cidx	CVCHAR3	RIGHT(CVCHAR3,5)
1	aaa	aaa
select cidx, CVCHAR3, RIGHT(CVCHAR3,7) from datatypetestm order by cidx;
cidx	CVCHAR3	RIGHT(CVCHAR3,7)
1	aaa	aaa
select cidx, CVCHAR3, RIGHT(CVCHAR3,8) from datatypetestm order by cidx;
cidx	CVCHAR3	RIGHT(CVCHAR3,8)
1	aaa	aaa
select cidx, CVCHAR3, RIGHT(CVCHAR3,9) from datatypetestm order by cidx;
cidx	CVCHAR3	RIGHT(CVCHAR3,9)
1	aaa	aaa
select cidx, CVCHAR3, RIGHT(CVCHAR3,25) from datatypetestm order by cidx;
cidx	CVCHAR3	RIGHT(CVCHAR3,25)
1	aaa	aaa
select cidx, CVCHAR4, RIGHT(CVCHAR4,2) from datatypetestm order by cidx;
cidx	CVCHAR4	RIGHT(CVCHAR4,2)
1	aaaa	aa
select cidx, CVCHAR4, RIGHT(CVCHAR4,5) from datatypetestm order by cidx;
cidx	CVCHAR4	RIGHT(CVCHAR4,5)
1	aaaa	aaaa
select cidx, CVCHAR4, RIGHT(CVCHAR4,7) from datatypetestm order by cidx;
cidx	CVCHAR4	RIGHT(CVCHAR4,7)
1	aaaa	aaaa
select cidx, CVCHAR4, RIGHT(CVCHAR4,8) from datatypetestm order by cidx;
cidx	CVCHAR4	RIGHT(CVCHAR4,8)
1	aaaa	aaaa
select cidx, CVCHAR4, RIGHT(CVCHAR4,9) from datatypetestm order by cidx;
cidx	CVCHAR4	RIGHT(CVCHAR4,9)
1	aaaa	aaaa
select cidx, CVCHAR4, RIGHT(CVCHAR4,25) from datatypetestm order by cidx;
cidx	CVCHAR4	RIGHT(CVCHAR4,25)
1	aaaa	aaaa
select cidx, CVCHAR5, RIGHT(CVCHAR5,2) from datatypetestm order by cidx;
cidx	CVCHAR5	RIGHT(CVCHAR5,2)
1	aaaaa	aa
select cidx, CVCHAR5, RIGHT(CVCHAR5,5) from datatypetestm order by cidx;
cidx	CVCHAR5	RIGHT(CVCHAR5,5)
1	aaaaa	aaaaa
select cidx, CVCHAR5, RIGHT(CVCHAR5,7) from datatypetestm order by cidx;
cidx	CVCHAR5	RIGHT(CVCHAR5,7)
1	aaaaa	aaaaa
select cidx, CVCHAR5, RIGHT(CVCHAR5,8) from datatypetestm order by cidx;
cidx	CVCHAR5	RIGHT(CVCHAR5,8)
1	aaaaa	aaaaa
select cidx, CVCHAR5, RIGHT(CVCHAR5,9) from datatypetestm order by cidx;
cidx	CVCHAR5	RIGHT(CVCHAR5,9)
1	aaaaa	aaaaa
select cidx, CVCHAR5, RIGHT(CVCHAR5,25) from datatypetestm order by cidx;
cidx	CVCHAR5	RIGHT(CVCHAR5,25)
1	aaaaa	aaaaa
select cidx, CVCHAR6, RIGHT(CVCHAR6,2) from datatypetestm order by cidx;
cidx	CVCHAR6	RIGHT(CVCHAR6,2)
1	aaaaaa	aa
select cidx, CVCHAR6, RIGHT(CVCHAR6,5) from datatypetestm order by cidx;
cidx	CVCHAR6	RIGHT(CVCHAR6,5)
1	aaaaaa	aaaaa
select cidx, CVCHAR6, RIGHT(CVCHAR6,7) from datatypetestm order by cidx;
cidx	CVCHAR6	RIGHT(CVCHAR6,7)
1	aaaaaa	aaaaaa
select cidx, CVCHAR6, RIGHT(CVCHAR6,8) from datatypetestm order by cidx;
cidx	CVCHAR6	RIGHT(CVCHAR6,8)
1	aaaaaa	aaaaaa
select cidx, CVCHAR6, RIGHT(CVCHAR6,9) from datatypetestm order by cidx;
cidx	CVCHAR6	RIGHT(CVCHAR6,9)
1	aaaaaa	aaaaaa
select cidx, CVCHAR6, RIGHT(CVCHAR6,25) from datatypetestm order by cidx;
cidx	CVCHAR6	RIGHT(CVCHAR6,25)
1	aaaaaa	aaaaaa
select cidx, CVCHAR7, RIGHT(CVCHAR7,2) from datatypetestm order by cidx;
cidx	CVCHAR7	RIGHT(CVCHAR7,2)
1	aaaaaaa	aa
select cidx, CVCHAR7, RIGHT(CVCHAR7,5) from datatypetestm order by cidx;
cidx	CVCHAR7	RIGHT(CVCHAR7,5)
1	aaaaaaa	aaaaa
select cidx, CVCHAR7, RIGHT(CVCHAR7,7) from datatypetestm order by cidx;
cidx	CVCHAR7	RIGHT(CVCHAR7,7)
1	aaaaaaa	aaaaaaa
select cidx, CVCHAR7, RIGHT(CVCHAR7,8) from datatypetestm order by cidx;
cidx	CVCHAR7	RIGHT(CVCHAR7,8)
1	aaaaaaa	aaaaaaa
select cidx, CVCHAR7, RIGHT(CVCHAR7,9) from datatypetestm order by cidx;
cidx	CVCHAR7	RIGHT(CVCHAR7,9)
1	aaaaaaa	aaaaaaa
select cidx, CVCHAR7, RIGHT(CVCHAR7,25) from datatypetestm order by cidx;
cidx	CVCHAR7	RIGHT(CVCHAR7,25)
1	aaaaaaa	aaaaaaa
select cidx, CVCHAR8, RIGHT(CVCHAR8,2) from datatypetestm order by cidx;
cidx	CVCHAR8	RIGHT(CVCHAR8,2)
1	aaaaaaaa	aa
select cidx, CVCHAR8, RIGHT(CVCHAR8,5) from datatypetestm order by cidx;
cidx	CVCHAR8	RIGHT(CVCHAR8,5)
1	aaaaaaaa	aaaaa
select cidx, CVCHAR8, RIGHT(CVCHAR8,7) from datatypetestm order by cidx;
cidx	CVCHAR8	RIGHT(CVCHAR8,7)
1	aaaaaaaa	aaaaaaa
select cidx, CVCHAR8, RIGHT(CVCHAR8,8) from datatypetestm order by cidx;
cidx	CVCHAR8	RIGHT(CVCHAR8,8)
1	aaaaaaaa	aaaaaaaa
select cidx, CVCHAR8, RIGHT(CVCHAR8,9) from datatypetestm order by cidx;
cidx	CVCHAR8	RIGHT(CVCHAR8,9)
1	aaaaaaaa	aaaaaaaa
select cidx, CVCHAR8, RIGHT(CVCHAR8,25) from datatypetestm order by cidx;
cidx	CVCHAR8	RIGHT(CVCHAR8,25)
1	aaaaaaaa	aaaaaaaa
select cidx, CVCHAR255, RIGHT(CVCHAR255,2) from datatypetestm order by cidx;
cidx	CVCHAR255	RIGHT(CVCHAR255,2)
1	aaaaaaaaaa	aa
select cidx, CVCHAR255, RIGHT(CVCHAR255,5) from datatypetestm order by cidx;
cidx	CVCHAR255	RIGHT(CVCHAR255,5)
1	aaaaaaaaaa	aaaaa
select cidx, CVCHAR255, RIGHT(CVCHAR255,7) from datatypetestm order by cidx;
cidx	CVCHAR255	RIGHT(CVCHAR255,7)
1	aaaaaaaaaa	aaaaaaa
select cidx, CVCHAR255, RIGHT(CVCHAR255,8) from datatypetestm order by cidx;
cidx	CVCHAR255	RIGHT(CVCHAR255,8)
1	aaaaaaaaaa	aaaaaaaa
select cidx, CVCHAR255, RIGHT(CVCHAR255,9) from datatypetestm order by cidx;
cidx	CVCHAR255	RIGHT(CVCHAR255,9)
1	aaaaaaaaaa	aaaaaaaaa
select cidx, CVCHAR255, RIGHT(CVCHAR255,25) from datatypetestm order by cidx;
cidx	CVCHAR255	RIGHT(CVCHAR255,25)
1	aaaaaaaaaa	aaaaaaaaaa
select cidx, CCHAR1 from datatypetestm where RIGHT(CCHAR1,2) <> 0 order by cidx;
cidx	CCHAR1
select cidx, CCHAR1 from datatypetestm where RIGHT(CCHAR1,5) <> 0 order by cidx;
cidx	CCHAR1
select cidx, CCHAR1 from datatypetestm where RIGHT(CCHAR1,7) <> 0 order by cidx;
cidx	CCHAR1
select cidx, CCHAR1 from datatypetestm where RIGHT(CCHAR1,8) <> 0 order by cidx;
cidx	CCHAR1
select cidx, CCHAR1 from datatypetestm where RIGHT(CCHAR1,9) <> 0 order by cidx;
cidx	CCHAR1
select cidx, CCHAR1 from datatypetestm where RIGHT(CCHAR1,25) <> 0 order by cidx;
cidx	CCHAR1
select cidx, CCHAR2 from datatypetestm where RIGHT(CCHAR2,2) <> 0 order by cidx;
cidx	CCHAR2
select cidx, CCHAR2 from datatypetestm where RIGHT(CCHAR2,5) <> 0 order by cidx;
cidx	CCHAR2
select cidx, CCHAR2 from datatypetestm where RIGHT(CCHAR2,7) <> 0 order by cidx;
cidx	CCHAR2
select cidx, CCHAR2 from datatypetestm where RIGHT(CCHAR2,8) <> 0 order by cidx;
cidx	CCHAR2
select cidx, CCHAR2 from datatypetestm where RIGHT(CCHAR2,9) <> 0 order by cidx;
cidx	CCHAR2
select cidx, CCHAR2 from datatypetestm where RIGHT(CCHAR2,25) <> 0 order by cidx;
cidx	CCHAR2
select cidx, CCHAR3 from datatypetestm where RIGHT(CCHAR3,2) <> 0 order by cidx;
cidx	CCHAR3
select cidx, CCHAR3 from datatypetestm where RIGHT(CCHAR3,5) <> 0 order by cidx;
cidx	CCHAR3
select cidx, CCHAR3 from datatypetestm where RIGHT(CCHAR3,7) <> 0 order by cidx;
cidx	CCHAR3
select cidx, CCHAR3 from datatypetestm where RIGHT(CCHAR3,8) <> 0 order by cidx;
cidx	CCHAR3
select cidx, CCHAR3 from datatypetestm where RIGHT(CCHAR3,9) <> 0 order by cidx;
cidx	CCHAR3
select cidx, CCHAR3 from datatypetestm where RIGHT(CCHAR3,25) <> 0 order by cidx;
cidx	CCHAR3
select cidx, CCHAR4 from datatypetestm where RIGHT(CCHAR4,2) <> 0 order by cidx;
cidx	CCHAR4
select cidx, CCHAR4 from datatypetestm where RIGHT(CCHAR4,5) <> 0 order by cidx;
cidx	CCHAR4
select cidx, CCHAR4 from datatypetestm where RIGHT(CCHAR4,7) <> 0 order by cidx;
cidx	CCHAR4
select cidx, CCHAR4 from datatypetestm where RIGHT(CCHAR4,8) <> 0 order by cidx;
cidx	CCHAR4
select cidx, CCHAR4 from datatypetestm where RIGHT(CCHAR4,9) <> 0 order by cidx;
cidx	CCHAR4
select cidx, CCHAR4 from datatypetestm where RIGHT(CCHAR4,25) <> 0 order by cidx;
cidx	CCHAR4
select cidx, CCHAR5 from datatypetestm where RIGHT(CCHAR5,2) <> 0 order by cidx;
cidx	CCHAR5
select cidx, CCHAR5 from datatypetestm where RIGHT(CCHAR5,5) <> 0 order by cidx;
cidx	CCHAR5
select cidx, CCHAR5 from datatypetestm where RIGHT(CCHAR5,7) <> 0 order by cidx;
cidx	CCHAR5
select cidx, CCHAR5 from datatypetestm where RIGHT(CCHAR5,8) <> 0 order by cidx;
cidx	CCHAR5
select cidx, CCHAR5 from datatypetestm where RIGHT(CCHAR5,9) <> 0 order by cidx;
cidx	CCHAR5
select cidx, CCHAR5 from datatypetestm where RIGHT(CCHAR5,25) <> 0 order by cidx;
cidx	CCHAR5
select cidx, CCHAR6 from datatypetestm where RIGHT(CCHAR6,2) <> 0 order by cidx;
cidx	CCHAR6
select cidx, CCHAR6 from datatypetestm where RIGHT(CCHAR6,5) <> 0 order by cidx;
cidx	CCHAR6
select cidx, CCHAR6 from datatypetestm where RIGHT(CCHAR6,7) <> 0 order by cidx;
cidx	CCHAR6
select cidx, CCHAR6 from datatypetestm where RIGHT(CCHAR6,8) <> 0 order by cidx;
cidx	CCHAR6
select cidx, CCHAR6 from datatypetestm where RIGHT(CCHAR6,9) <> 0 order by cidx;
cidx	CCHAR6
select cidx, CCHAR6 from datatypetestm where RIGHT(CCHAR6,25) <> 0 order by cidx;
cidx	CCHAR6
select cidx, CCHAR7 from datatypetestm where RIGHT(CCHAR7,2) <> 0 order by cidx;
cidx	CCHAR7
select cidx, CCHAR7 from datatypetestm where RIGHT(CCHAR7,5) <> 0 order by cidx;
cidx	CCHAR7
select cidx, CCHAR7 from datatypetestm where RIGHT(CCHAR7,7) <> 0 order by cidx;
cidx	CCHAR7
select cidx, CCHAR7 from datatypetestm where RIGHT(CCHAR7,8) <> 0 order by cidx;
cidx	CCHAR7
select cidx, CCHAR7 from datatypetestm where RIGHT(CCHAR7,9) <> 0 order by cidx;
cidx	CCHAR7
select cidx, CCHAR7 from datatypetestm where RIGHT(CCHAR7,25) <> 0 order by cidx;
cidx	CCHAR7
select cidx, CCHAR8 from datatypetestm where RIGHT(CCHAR8,2) <> 0 order by cidx;
cidx	CCHAR8
select cidx, CCHAR8 from datatypetestm where RIGHT(CCHAR8,5) <> 0 order by cidx;
cidx	CCHAR8
select cidx, CCHAR8 from datatypetestm where RIGHT(CCHAR8,7) <> 0 order by cidx;
cidx	CCHAR8
select cidx, CCHAR8 from datatypetestm where RIGHT(CCHAR8,8) <> 0 order by cidx;
cidx	CCHAR8
select cidx, CCHAR8 from datatypetestm where RIGHT(CCHAR8,9) <> 0 order by cidx;
cidx	CCHAR8
select cidx, CCHAR8 from datatypetestm where RIGHT(CCHAR8,25) <> 0 order by cidx;
cidx	CCHAR8
select cidx, CCHAR9 from datatypetestm where RIGHT(CCHAR9,2) <> 0 order by cidx;
cidx	CCHAR9
select cidx, CCHAR9 from datatypetestm where RIGHT(CCHAR9,5) <> 0 order by cidx;
cidx	CCHAR9
select cidx, CCHAR9 from datatypetestm where RIGHT(CCHAR9,7) <> 0 order by cidx;
cidx	CCHAR9
select cidx, CCHAR9 from datatypetestm where RIGHT(CCHAR9,8) <> 0 order by cidx;
cidx	CCHAR9
select cidx, CCHAR9 from datatypetestm where RIGHT(CCHAR9,9) <> 0 order by cidx;
cidx	CCHAR9
select cidx, CCHAR9 from datatypetestm where RIGHT(CCHAR9,25) <> 0 order by cidx;
cidx	CCHAR9
select cidx, CCHAR255 from datatypetestm where RIGHT(CCHAR255,2) <> 0 order by cidx;
cidx	CCHAR255
select cidx, CCHAR255 from datatypetestm where RIGHT(CCHAR255,5) <> 0 order by cidx;
cidx	CCHAR255
select cidx, CCHAR255 from datatypetestm where RIGHT(CCHAR255,7) <> 0 order by cidx;
cidx	CCHAR255
select cidx, CCHAR255 from datatypetestm where RIGHT(CCHAR255,8) <> 0 order by cidx;
cidx	CCHAR255
select cidx, CCHAR255 from datatypetestm where RIGHT(CCHAR255,9) <> 0 order by cidx;
cidx	CCHAR255
select cidx, CCHAR255 from datatypetestm where RIGHT(CCHAR255,25) <> 0 order by cidx;
cidx	CCHAR255
select cidx, CVCHAR1 from datatypetestm where RIGHT(CVCHAR1,2) <> 0 order by cidx;
cidx	CVCHAR1
select cidx, CVCHAR1 from datatypetestm where RIGHT(CVCHAR1,5) <> 0 order by cidx;
cidx	CVCHAR1
select cidx, CVCHAR1 from datatypetestm where RIGHT(CVCHAR1,7) <> 0 order by cidx;
cidx	CVCHAR1
select cidx, CVCHAR1 from datatypetestm where RIGHT(CVCHAR1,8) <> 0 order by cidx;
cidx	CVCHAR1
select cidx, CVCHAR1 from datatypetestm where RIGHT(CVCHAR1,9) <> 0 order by cidx;
cidx	CVCHAR1
select cidx, CVCHAR1 from datatypetestm where RIGHT(CVCHAR1,25) <> 0 order by cidx;
cidx	CVCHAR1
select cidx, CVCHAR2 from datatypetestm where RIGHT(CVCHAR2,2) <> 0 order by cidx;
cidx	CVCHAR2
select cidx, CVCHAR2 from datatypetestm where RIGHT(CVCHAR2,5) <> 0 order by cidx;
cidx	CVCHAR2
select cidx, CVCHAR2 from datatypetestm where RIGHT(CVCHAR2,7) <> 0 order by cidx;
cidx	CVCHAR2
select cidx, CVCHAR2 from datatypetestm where RIGHT(CVCHAR2,8) <> 0 order by cidx;
cidx	CVCHAR2
select cidx, CVCHAR2 from datatypetestm where RIGHT(CVCHAR2,9) <> 0 order by cidx;
cidx	CVCHAR2
select cidx, CVCHAR2 from datatypetestm where RIGHT(CVCHAR2,25) <> 0 order by cidx;
cidx	CVCHAR2
select cidx, CVCHAR3 from datatypetestm where RIGHT(CVCHAR3,2) <> 0 order by cidx;
cidx	CVCHAR3
select cidx, CVCHAR3 from datatypetestm where RIGHT(CVCHAR3,5) <> 0 order by cidx;
cidx	CVCHAR3
select cidx, CVCHAR3 from datatypetestm where RIGHT(CVCHAR3,7) <> 0 order by cidx;
cidx	CVCHAR3
select cidx, CVCHAR3 from datatypetestm where RIGHT(CVCHAR3,8) <> 0 order by cidx;
cidx	CVCHAR3
select cidx, CVCHAR3 from datatypetestm where RIGHT(CVCHAR3,9) <> 0 order by cidx;
cidx	CVCHAR3
select cidx, CVCHAR3 from datatypetestm where RIGHT(CVCHAR3,25) <> 0 order by cidx;
cidx	CVCHAR3
select cidx, CVCHAR4 from datatypetestm where RIGHT(CVCHAR4,2) <> 0 order by cidx;
cidx	CVCHAR4
select cidx, CVCHAR4 from datatypetestm where RIGHT(CVCHAR4,5) <> 0 order by cidx;
cidx	CVCHAR4
select cidx, CVCHAR4 from datatypetestm where RIGHT(CVCHAR4,7) <> 0 order by cidx;
cidx	CVCHAR4
select cidx, CVCHAR4 from datatypetestm where RIGHT(CVCHAR4,8) <> 0 order by cidx;
cidx	CVCHAR4
select cidx, CVCHAR4 from datatypetestm where RIGHT(CVCHAR4,9) <> 0 order by cidx;
cidx	CVCHAR4
select cidx, CVCHAR4 from datatypetestm where RIGHT(CVCHAR4,25) <> 0 order by cidx;
cidx	CVCHAR4
select cidx, CVCHAR5 from datatypetestm where RIGHT(CVCHAR5,2) <> 0 order by cidx;
cidx	CVCHAR5
select cidx, CVCHAR5 from datatypetestm where RIGHT(CVCHAR5,5) <> 0 order by cidx;
cidx	CVCHAR5
select cidx, CVCHAR5 from datatypetestm where RIGHT(CVCHAR5,7) <> 0 order by cidx;
cidx	CVCHAR5
select cidx, CVCHAR5 from datatypetestm where RIGHT(CVCHAR5,8) <> 0 order by cidx;
cidx	CVCHAR5
select cidx, CVCHAR5 from datatypetestm where RIGHT(CVCHAR5,9) <> 0 order by cidx;
cidx	CVCHAR5
select cidx, CVCHAR5 from datatypetestm where RIGHT(CVCHAR5,25) <> 0 order by cidx;
cidx	CVCHAR5
select cidx, CVCHAR6 from datatypetestm where RIGHT(CVCHAR6,2) <> 0 order by cidx;
cidx	CVCHAR6
select cidx, CVCHAR6 from datatypetestm where RIGHT(CVCHAR6,5) <> 0 order by cidx;
cidx	CVCHAR6
select cidx, CVCHAR6 from datatypetestm where RIGHT(CVCHAR6,7) <> 0 order by cidx;
cidx	CVCHAR6
select cidx, CVCHAR6 from datatypetestm where RIGHT(CVCHAR6,8) <> 0 order by cidx;
cidx	CVCHAR6
select cidx, CVCHAR6 from datatypetestm where RIGHT(CVCHAR6,9) <> 0 order by cidx;
cidx	CVCHAR6
select cidx, CVCHAR6 from datatypetestm where RIGHT(CVCHAR6,25) <> 0 order by cidx;
cidx	CVCHAR6
select cidx, CVCHAR7 from datatypetestm where RIGHT(CVCHAR7,2) <> 0 order by cidx;
cidx	CVCHAR7
select cidx, CVCHAR7 from datatypetestm where RIGHT(CVCHAR7,5) <> 0 order by cidx;
cidx	CVCHAR7
select cidx, CVCHAR7 from datatypetestm where RIGHT(CVCHAR7,7) <> 0 order by cidx;
cidx	CVCHAR7
select cidx, CVCHAR7 from datatypetestm where RIGHT(CVCHAR7,8) <> 0 order by cidx;
cidx	CVCHAR7
select cidx, CVCHAR7 from datatypetestm where RIGHT(CVCHAR7,9) <> 0 order by cidx;
cidx	CVCHAR7
select cidx, CVCHAR7 from datatypetestm where RIGHT(CVCHAR7,25) <> 0 order by cidx;
cidx	CVCHAR7
select cidx, CVCHAR8 from datatypetestm where RIGHT(CVCHAR8,2) <> 0 order by cidx;
cidx	CVCHAR8
select cidx, CVCHAR8 from datatypetestm where RIGHT(CVCHAR8,5) <> 0 order by cidx;
cidx	CVCHAR8
select cidx, CVCHAR8 from datatypetestm where RIGHT(CVCHAR8,7) <> 0 order by cidx;
cidx	CVCHAR8
select cidx, CVCHAR8 from datatypetestm where RIGHT(CVCHAR8,8) <> 0 order by cidx;
cidx	CVCHAR8
select cidx, CVCHAR8 from datatypetestm where RIGHT(CVCHAR8,9) <> 0 order by cidx;
cidx	CVCHAR8
select cidx, CVCHAR8 from datatypetestm where RIGHT(CVCHAR8,25) <> 0 order by cidx;
cidx	CVCHAR8
select cidx, CVCHAR255 from datatypetestm where RIGHT(CVCHAR255,2) <> 0 order by cidx;
cidx	CVCHAR255
select cidx, CVCHAR255 from datatypetestm where RIGHT(CVCHAR255,5) <> 0 order by cidx;
cidx	CVCHAR255
select cidx, CVCHAR255 from datatypetestm where RIGHT(CVCHAR255,7) <> 0 order by cidx;
cidx	CVCHAR255
select cidx, CVCHAR255 from datatypetestm where RIGHT(CVCHAR255,8) <> 0 order by cidx;
cidx	CVCHAR255
select cidx, CVCHAR255 from datatypetestm where RIGHT(CVCHAR255,9) <> 0 order by cidx;
cidx	CVCHAR255
select cidx, CVCHAR255 from datatypetestm where RIGHT(CVCHAR255,25) <> 0 order by cidx;
cidx	CVCHAR255
