USE autopilot;
select dtt1.cidx, dtt1.CCHAR8, dtt2.CDECIMAL9_2 from datatypetestm1 dtt1, datatypetestm2 dtt2 where dtt1.cidx = dtt2.cidx and dtt1.CCHAR8 > dtt2.CDECIMAL9_2 ;
cidx	CCHAR8	CDECIMAL9_2
1	aaaaaaaa	-9999.99
2	h	-9999.98
3	hh	-9999.97
4	hhh	-9999.96
5	hhhh	-9999.95
select dtt1.cidx, dtt1.CCHAR8, dtt2.CDECIMAL9_2 from datatypetestm1 dtt1, datatypetestm2 dtt2 where dtt1.cidx = dtt2.cidx and dtt1.CCHAR8 >= dtt2.CDECIMAL9_2 ;
cidx	CCHAR8	CDECIMAL9_2
1	aaaaaaaa	-9999.99
2	h	-9999.98
3	hh	-9999.97
4	hhh	-9999.96
5	hhhh	-9999.95
select dtt1.cidx, dtt1.CCHAR8, dtt2.CDECIMAL9_2 from datatypetestm1 dtt1, datatypetestm2 dtt2 where dtt1.cidx = dtt2.cidx and dtt1.CCHAR8 <> dtt2.CDECIMAL9_2 ;
cidx	CCHAR8	CDECIMAL9_2
1	aaaaaaaa	-9999.99
2	h	-9999.98
3	hh	-9999.97
4	hhh	-9999.96
5	hhhh	-9999.95
6	sssssss	9999.95
7	ssssssss	9999.96
8	ssssssss	9999.97
9	ssssssss	9999.98
10	zzzzzzzz	9999.99
select dtt1.cidx, dtt1.CCHAR8, dtt2.CDECIMAL9_2 from datatypetestm1 dtt1, datatypetestm2 dtt2 where dtt1.cidx = dtt2.cidx and dtt1.CCHAR8 < dtt2.CDECIMAL9_2 ;
cidx	CCHAR8	CDECIMAL9_2
6	sssssss	9999.95
7	ssssssss	9999.96
8	ssssssss	9999.97
9	ssssssss	9999.98
10	zzzzzzzz	9999.99
select dtt1.cidx, dtt1.CCHAR8, dtt2.CDECIMAL9_2 from datatypetestm1 dtt1, datatypetestm2 dtt2 where dtt1.cidx = dtt2.cidx and dtt1.CCHAR8 <= dtt2.CDECIMAL9_2 ;
cidx	CCHAR8	CDECIMAL9_2
6	sssssss	9999.95
7	ssssssss	9999.96
8	ssssssss	9999.97
9	ssssssss	9999.98
10	zzzzzzzz	9999.99
