USE autopilot;
select cidx, CCHAR1, REVERSE(CCHAR1) from datatypetestm order by cidx;
cidx	CCHAR1	REVERSE(CCHAR1)
1	a	a
select cidx, CCHAR2, REVERSE(CCHAR2) from datatypetestm order by cidx;
cidx	CCHAR2	REVERSE(CCHAR2)
1	aa	aa
select cidx, CCHAR3, REVERSE(CCHAR3) from datatypetestm order by cidx;
cidx	CCHAR3	REVERSE(CCHAR3)
1	aaa	aaa
select cidx, CCHAR4, REVERSE(CCHAR4) from datatypetestm order by cidx;
cidx	CCHAR4	REVERSE(CCHAR4)
1	aaaa	aaaa
select cidx, CCHAR5, REVERSE(CCHAR5) from datatypetestm order by cidx;
cidx	CCHAR5	REVERSE(CCHAR5)
1	aaaaa	aaaaa
select cidx, CCHAR6, REVERSE(CCHAR6) from datatypetestm order by cidx;
cidx	CCHAR6	REVERSE(CCHAR6)
1	aaaaaa	aaaaaa
select cidx, CCHAR7, REVERSE(CCHAR7) from datatypetestm order by cidx;
cidx	CCHAR7	REVERSE(CCHAR7)
1	aaaaaaa	aaaaaaa
select cidx, CCHAR8, REVERSE(CCHAR8) from datatypetestm order by cidx;
cidx	CCHAR8	REVERSE(CCHAR8)
1	aaaaaaaa	aaaaaaaa
select cidx, CCHAR9, REVERSE(CCHAR9) from datatypetestm order by cidx;
cidx	CCHAR9	REVERSE(CCHAR9)
1	aaaaaaaaa	aaaaaaaaa
select cidx, CCHAR255, REVERSE(CCHAR255) from datatypetestm order by cidx;
cidx	CCHAR255	REVERSE(CCHAR255)
1	aaaaaaaaaa	aaaaaaaaaa
select cidx, CVCHAR1, REVERSE(CVCHAR1) from datatypetestm order by cidx;
cidx	CVCHAR1	REVERSE(CVCHAR1)
1	a	a
select cidx, CVCHAR2, REVERSE(CVCHAR2) from datatypetestm order by cidx;
cidx	CVCHAR2	REVERSE(CVCHAR2)
1	aa	aa
select cidx, CVCHAR3, REVERSE(CVCHAR3) from datatypetestm order by cidx;
cidx	CVCHAR3	REVERSE(CVCHAR3)
1	aaa	aaa
select cidx, CVCHAR4, REVERSE(CVCHAR4) from datatypetestm order by cidx;
cidx	CVCHAR4	REVERSE(CVCHAR4)
1	aaaa	aaaa
select cidx, CVCHAR5, REVERSE(CVCHAR5) from datatypetestm order by cidx;
cidx	CVCHAR5	REVERSE(CVCHAR5)
1	aaaaa	aaaaa
select cidx, CVCHAR6, REVERSE(CVCHAR6) from datatypetestm order by cidx;
cidx	CVCHAR6	REVERSE(CVCHAR6)
1	aaaaaa	aaaaaa
select cidx, CVCHAR7, REVERSE(CVCHAR7) from datatypetestm order by cidx;
cidx	CVCHAR7	REVERSE(CVCHAR7)
1	aaaaaaa	aaaaaaa
select cidx, CVCHAR8, REVERSE(CVCHAR8) from datatypetestm order by cidx;
cidx	CVCHAR8	REVERSE(CVCHAR8)
1	aaaaaaaa	aaaaaaaa
select cidx, CVCHAR255, REVERSE(CVCHAR255) from datatypetestm order by cidx;
cidx	CVCHAR255	REVERSE(CVCHAR255)
1	aaaaaaaaaa	aaaaaaaaaa
select cidx, REVERSE('THIS IS A TEST') from datatypetestm order by cidx;
cidx	REVERSE('THIS IS A TEST')
1	TSET A SI SIHT
select cidx, REVERSE('Hello, World') from datatypetestm order by cidx;
cidx	REVERSE('Hello, World')
1	dlroW ,olleH
select cidx, CCHAR1 from datatypetestm order by REVERSE(CCHAR1), cidx;
cidx	CCHAR1
1	a
select cidx, CCHAR2 from datatypetestm order by REVERSE(CCHAR2), cidx;
cidx	CCHAR2
1	aa
select cidx, CCHAR3 from datatypetestm order by REVERSE(CCHAR3), cidx;
cidx	CCHAR3
1	aaa
select cidx, CCHAR4 from datatypetestm order by REVERSE(CCHAR4), cidx;
cidx	CCHAR4
1	aaaa
select cidx, CCHAR5 from datatypetestm order by REVERSE(CCHAR5), cidx;
cidx	CCHAR5
1	aaaaa
select cidx, CCHAR6 from datatypetestm order by REVERSE(CCHAR6), cidx;
cidx	CCHAR6
1	aaaaaa
select cidx, CCHAR7 from datatypetestm order by REVERSE(CCHAR7), cidx;
cidx	CCHAR7
1	aaaaaaa
select cidx, CCHAR8 from datatypetestm order by REVERSE(CCHAR8), cidx;
cidx	CCHAR8
1	aaaaaaaa
select cidx, CCHAR9 from datatypetestm order by REVERSE(CCHAR9), cidx;
cidx	CCHAR9
1	aaaaaaaaa
select cidx, CCHAR255 from datatypetestm order by REVERSE(CCHAR255), cidx;
cidx	CCHAR255
1	aaaaaaaaaa
select cidx, CVCHAR1 from datatypetestm order by REVERSE(CVCHAR1), cidx;
cidx	CVCHAR1
1	a
select cidx, CVCHAR2 from datatypetestm order by REVERSE(CVCHAR2), cidx;
cidx	CVCHAR2
1	aa
select cidx, CVCHAR3 from datatypetestm order by REVERSE(CVCHAR3), cidx;
cidx	CVCHAR3
1	aaa
select cidx, CVCHAR4 from datatypetestm order by REVERSE(CVCHAR4), cidx;
cidx	CVCHAR4
1	aaaa
select cidx, CVCHAR5 from datatypetestm order by REVERSE(CVCHAR5), cidx;
cidx	CVCHAR5
1	aaaaa
select cidx, CVCHAR6 from datatypetestm order by REVERSE(CVCHAR6), cidx;
cidx	CVCHAR6
1	aaaaaa
select cidx, CVCHAR7 from datatypetestm order by REVERSE(CVCHAR7), cidx;
cidx	CVCHAR7
1	aaaaaaa
select cidx, CVCHAR8 from datatypetestm order by REVERSE(CVCHAR8), cidx;
cidx	CVCHAR8
1	aaaaaaaa
select cidx, CVCHAR255 from datatypetestm order by REVERSE(CVCHAR255), cidx;
cidx	CVCHAR255
1	aaaaaaaaaa
