USE autopilot;
select cidx, CBIGINT, CASE CBIGINT WHEN 32766 THEN 1 WHEN 32766 THEN 1 ELSE NULL END CaseCol from datatypetestm order by cidx;
cidx	CBIGINT	CaseCol
1	-72036854775806	NULL
select cidx, CBIGINT, CASE CBIGINT WHEN -32766 THEN 1 WHEN -32766 THEN 1 ELSE NULL END CaseCol from datatypetestm order by cidx;
cidx	CBIGINT	CaseCol
1	-72036854775806	NULL
select cidx, CBIGINT, CASE CBIGINT WHEN -9999999.99 THEN 1 WHEN -9999999.99 THEN 1 ELSE NULL END CaseCol from datatypetestm order by cidx;
cidx	CBIGINT	CaseCol
1	-72036854775806	NULL
select cidx, CDECIMAL1, CASE CDECIMAL1 WHEN 32766 THEN 1 WHEN 32766 THEN 1 ELSE NULL END CaseCol from datatypetestm order by cidx;
cidx	CDECIMAL1	CaseCol
1	-9	NULL
select cidx, CDECIMAL1, CASE CDECIMAL1 WHEN -32766 THEN 1 WHEN -32766 THEN 1 ELSE NULL END CaseCol from datatypetestm order by cidx;
cidx	CDECIMAL1	CaseCol
1	-9	NULL
select cidx, CDECIMAL1, CASE CDECIMAL1 WHEN -9999999.99 THEN 1 WHEN -9999999.99 THEN 1 ELSE NULL END CaseCol from datatypetestm order by cidx;
cidx	CDECIMAL1	CaseCol
1	-9	NULL
select cidx, CDECIMAL4, CASE CDECIMAL4 WHEN 32766 THEN 1 WHEN 32766 THEN 1 ELSE NULL END CaseCol from datatypetestm order by cidx;
cidx	CDECIMAL4	CaseCol
1	-999	NULL
select cidx, CDECIMAL4, CASE CDECIMAL4 WHEN -32766 THEN 1 WHEN -32766 THEN 1 ELSE NULL END CaseCol from datatypetestm order by cidx;
cidx	CDECIMAL4	CaseCol
1	-999	NULL
select cidx, CDECIMAL4, CASE CDECIMAL4 WHEN -9999999.99 THEN 1 WHEN -9999999.99 THEN 1 ELSE NULL END CaseCol from datatypetestm order by cidx;
cidx	CDECIMAL4	CaseCol
1	-999	NULL
select cidx, CDECIMAL4_2, CASE CDECIMAL4_2 WHEN 32766 THEN 1 WHEN 32766 THEN 1 ELSE NULL END CaseCol from datatypetestm order by cidx;
cidx	CDECIMAL4_2	CaseCol
1	-9.99	NULL
select cidx, CDECIMAL4_2, CASE CDECIMAL4_2 WHEN -32766 THEN 1 WHEN -32766 THEN 1 ELSE NULL END CaseCol from datatypetestm order by cidx;
cidx	CDECIMAL4_2	CaseCol
1	-9.99	NULL
select cidx, CDECIMAL4_2, CASE CDECIMAL4_2 WHEN -9999999.99 THEN 1 WHEN -9999999.99 THEN 1 ELSE NULL END CaseCol from datatypetestm order by cidx;
cidx	CDECIMAL4_2	CaseCol
1	-9.99	NULL
select cidx, CDECIMAL5, CASE CDECIMAL5 WHEN 32766 THEN 1 WHEN 32766 THEN 1 ELSE NULL END CaseCol from datatypetestm order by cidx;
cidx	CDECIMAL5	CaseCol
1	-999	NULL
select cidx, CDECIMAL5, CASE CDECIMAL5 WHEN -32766 THEN 1 WHEN -32766 THEN 1 ELSE NULL END CaseCol from datatypetestm order by cidx;
cidx	CDECIMAL5	CaseCol
1	-999	NULL
select cidx, CDECIMAL5, CASE CDECIMAL5 WHEN -9999999.99 THEN 1 WHEN -9999999.99 THEN 1 ELSE NULL END CaseCol from datatypetestm order by cidx;
cidx	CDECIMAL5	CaseCol
1	-999	NULL
select cidx, CDECIMAL9, CASE CDECIMAL9 WHEN 32766 THEN 1 WHEN 32766 THEN 1 ELSE NULL END CaseCol from datatypetestm order by cidx;
cidx	CDECIMAL9	CaseCol
1	-999999	NULL
select cidx, CDECIMAL9, CASE CDECIMAL9 WHEN -32766 THEN 1 WHEN -32766 THEN 1 ELSE NULL END CaseCol from datatypetestm order by cidx;
cidx	CDECIMAL9	CaseCol
1	-999999	NULL
select cidx, CDECIMAL9, CASE CDECIMAL9 WHEN -9999999.99 THEN 1 WHEN -9999999.99 THEN 1 ELSE NULL END CaseCol from datatypetestm order by cidx;
cidx	CDECIMAL9	CaseCol
1	-999999	NULL
select cidx, CDECIMAL9_2, CASE CDECIMAL9_2 WHEN 32766 THEN 1 WHEN 32766 THEN 1 ELSE NULL END CaseCol from datatypetestm order by cidx;
cidx	CDECIMAL9_2	CaseCol
1	-9999.99	NULL
select cidx, CDECIMAL9_2, CASE CDECIMAL9_2 WHEN -32766 THEN 1 WHEN -32766 THEN 1 ELSE NULL END CaseCol from datatypetestm order by cidx;
cidx	CDECIMAL9_2	CaseCol
1	-9999.99	NULL
select cidx, CDECIMAL9_2, CASE CDECIMAL9_2 WHEN -9999999.99 THEN 1 WHEN -9999999.99 THEN 1 ELSE NULL END CaseCol from datatypetestm order by cidx;
cidx	CDECIMAL9_2	CaseCol
1	-9999.99	NULL
select cidx, CDECIMAL10, CASE CDECIMAL10 WHEN 32766 THEN 1 WHEN 32766 THEN 1 ELSE NULL END CaseCol from datatypetestm order by cidx;
cidx	CDECIMAL10	CaseCol
1	-9999999	NULL
select cidx, CDECIMAL10, CASE CDECIMAL10 WHEN -32766 THEN 1 WHEN -32766 THEN 1 ELSE NULL END CaseCol from datatypetestm order by cidx;
cidx	CDECIMAL10	CaseCol
1	-9999999	NULL
select cidx, CDECIMAL10, CASE CDECIMAL10 WHEN -9999999.99 THEN 1 WHEN -9999999.99 THEN 1 ELSE NULL END CaseCol from datatypetestm order by cidx;
cidx	CDECIMAL10	CaseCol
1	-9999999	NULL
select cidx, CDECIMAL18, CASE CDECIMAL18 WHEN 32766 THEN 1 WHEN 32766 THEN 1 ELSE NULL END CaseCol from datatypetestm order by cidx;
cidx	CDECIMAL18	CaseCol
1	-9999999999999	NULL
select cidx, CDECIMAL18, CASE CDECIMAL18 WHEN -32766 THEN 1 WHEN -32766 THEN 1 ELSE NULL END CaseCol from datatypetestm order by cidx;
cidx	CDECIMAL18	CaseCol
1	-9999999999999	NULL
select cidx, CDECIMAL18, CASE CDECIMAL18 WHEN -9999999.99 THEN 1 WHEN -9999999.99 THEN 1 ELSE NULL END CaseCol from datatypetestm order by cidx;
cidx	CDECIMAL18	CaseCol
1	-9999999999999	NULL
select cidx, CDECIMAL18_2, CASE CDECIMAL18_2 WHEN 32766 THEN 1 WHEN 32766 THEN 1 ELSE NULL END CaseCol from datatypetestm order by cidx;
cidx	CDECIMAL18_2	CaseCol
1	-99999999999.99	NULL
select cidx, CDECIMAL18_2, CASE CDECIMAL18_2 WHEN -32766 THEN 1 WHEN -32766 THEN 1 ELSE NULL END CaseCol from datatypetestm order by cidx;
cidx	CDECIMAL18_2	CaseCol
1	-99999999999.99	NULL
select cidx, CDECIMAL18_2, CASE CDECIMAL18_2 WHEN -9999999.99 THEN 1 WHEN -9999999.99 THEN 1 ELSE NULL END CaseCol from datatypetestm order by cidx;
cidx	CDECIMAL18_2	CaseCol
1	-99999999999.99	NULL
select cidx, CINTEGER, CASE CINTEGER WHEN 32766 THEN 1 WHEN 32766 THEN 1 ELSE NULL END CaseCol from datatypetestm order by cidx;
cidx	CINTEGER	CaseCol
1	-7483646	NULL
select cidx, CINTEGER, CASE CINTEGER WHEN -32766 THEN 1 WHEN -32766 THEN 1 ELSE NULL END CaseCol from datatypetestm order by cidx;
cidx	CINTEGER	CaseCol
1	-7483646	NULL
select cidx, CINTEGER, CASE CINTEGER WHEN -9999999.99 THEN 1 WHEN -9999999.99 THEN 1 ELSE NULL END CaseCol from datatypetestm order by cidx;
cidx	CINTEGER	CaseCol
1	-7483646	NULL
select cidx, CSMALLINT, CASE CSMALLINT WHEN 32766 THEN 1 WHEN 32766 THEN 1 ELSE NULL END CaseCol from datatypetestm order by cidx;
cidx	CSMALLINT	CaseCol
1	-766	NULL
select cidx, CSMALLINT, CASE CSMALLINT WHEN -32766 THEN 1 WHEN -32766 THEN 1 ELSE NULL END CaseCol from datatypetestm order by cidx;
cidx	CSMALLINT	CaseCol
1	-766	NULL
select cidx, CSMALLINT, CASE CSMALLINT WHEN -9999999.99 THEN 1 WHEN -9999999.99 THEN 1 ELSE NULL END CaseCol from datatypetestm order by cidx;
cidx	CSMALLINT	CaseCol
1	-766	NULL
select cidx, CTINYINT, CASE CTINYINT WHEN 32766 THEN 1 WHEN 32766 THEN 1 ELSE NULL END CaseCol from datatypetestm order by cidx;
cidx	CTINYINT	CaseCol
1	-26	NULL
select cidx, CTINYINT, CASE CTINYINT WHEN -32766 THEN 1 WHEN -32766 THEN 1 ELSE NULL END CaseCol from datatypetestm order by cidx;
cidx	CTINYINT	CaseCol
1	-26	NULL
select cidx, CTINYINT, CASE CTINYINT WHEN -9999999.99 THEN 1 WHEN -9999999.99 THEN 1 ELSE NULL END CaseCol from datatypetestm order by cidx;
cidx	CTINYINT	CaseCol
1	-26	NULL
select cidx, CDOUBLE, CASE CDOUBLE WHEN 32766 THEN 1 WHEN 32766 THEN 1 ELSE NULL END CaseCol from datatypetestm order by cidx;
cidx	CDOUBLE	CaseCol
1	-1.797693231e108	NULL
select cidx, CDOUBLE, CASE CDOUBLE WHEN -32766 THEN 1 WHEN -32766 THEN 1 ELSE NULL END CaseCol from datatypetestm order by cidx;
cidx	CDOUBLE	CaseCol
1	-1.797693231e108	NULL
select cidx, CDOUBLE, CASE CDOUBLE WHEN -9999999.99 THEN 1 WHEN -9999999.99 THEN 1 ELSE NULL END CaseCol from datatypetestm order by cidx;
cidx	CDOUBLE	CaseCol
1	-1.797693231e108	NULL
select cidx, CFLOAT, CASE CFLOAT WHEN 32766 THEN 1 WHEN 32766 THEN 1 ELSE NULL END CaseCol from datatypetestm order by cidx;
cidx	CFLOAT	CaseCol
1	-3.40287e18	NULL
select cidx, CFLOAT, CASE CFLOAT WHEN -32766 THEN 1 WHEN -32766 THEN 1 ELSE NULL END CaseCol from datatypetestm order by cidx;
cidx	CFLOAT	CaseCol
1	-3.40287e18	NULL
select cidx, CFLOAT, CASE CFLOAT WHEN -9999999.99 THEN 1 WHEN -9999999.99 THEN 1 ELSE NULL END CaseCol from datatypetestm order by cidx;
cidx	CFLOAT	CaseCol
1	-3.40287e18	NULL
select cidx, CBIGINT from datatypetestm order by CASE CBIGINT WHEN 32766 THEN 1 WHEN 32766 THEN 1 ELSE NULL END, cidx;
cidx	CBIGINT
1	-72036854775806
select cidx, CBIGINT from datatypetestm order by CASE CBIGINT WHEN -32766 THEN 1 WHEN -32766 THEN 1 ELSE NULL END, cidx;
cidx	CBIGINT
1	-72036854775806
select cidx, CBIGINT from datatypetestm order by CASE CBIGINT WHEN -9999999.99 THEN 1 WHEN -9999999.99 THEN 1 ELSE NULL END, cidx;
cidx	CBIGINT
1	-72036854775806
select cidx, CDECIMAL1 from datatypetestm order by CASE CDECIMAL1 WHEN 32766 THEN 1 WHEN 32766 THEN 1 ELSE NULL END, cidx;
cidx	CDECIMAL1
1	-9
select cidx, CDECIMAL1 from datatypetestm order by CASE CDECIMAL1 WHEN -32766 THEN 1 WHEN -32766 THEN 1 ELSE NULL END, cidx;
cidx	CDECIMAL1
1	-9
select cidx, CDECIMAL1 from datatypetestm order by CASE CDECIMAL1 WHEN -9999999.99 THEN 1 WHEN -9999999.99 THEN 1 ELSE NULL END, cidx;
cidx	CDECIMAL1
1	-9
select cidx, CDECIMAL4 from datatypetestm order by CASE CDECIMAL4 WHEN 32766 THEN 1 WHEN 32766 THEN 1 ELSE NULL END, cidx;
cidx	CDECIMAL4
1	-999
select cidx, CDECIMAL4 from datatypetestm order by CASE CDECIMAL4 WHEN -32766 THEN 1 WHEN -32766 THEN 1 ELSE NULL END, cidx;
cidx	CDECIMAL4
1	-999
select cidx, CDECIMAL4 from datatypetestm order by CASE CDECIMAL4 WHEN -9999999.99 THEN 1 WHEN -9999999.99 THEN 1 ELSE NULL END, cidx;
cidx	CDECIMAL4
1	-999
select cidx, CDECIMAL4_2 from datatypetestm order by CASE CDECIMAL4_2 WHEN 32766 THEN 1 WHEN 32766 THEN 1 ELSE NULL END, cidx;
cidx	CDECIMAL4_2
1	-9.99
select cidx, CDECIMAL4_2 from datatypetestm order by CASE CDECIMAL4_2 WHEN -32766 THEN 1 WHEN -32766 THEN 1 ELSE NULL END, cidx;
cidx	CDECIMAL4_2
1	-9.99
select cidx, CDECIMAL4_2 from datatypetestm order by CASE CDECIMAL4_2 WHEN -9999999.99 THEN 1 WHEN -9999999.99 THEN 1 ELSE NULL END, cidx;
cidx	CDECIMAL4_2
1	-9.99
select cidx, CDECIMAL5 from datatypetestm order by CASE CDECIMAL5 WHEN 32766 THEN 1 WHEN 32766 THEN 1 ELSE NULL END, cidx;
cidx	CDECIMAL5
1	-999
select cidx, CDECIMAL5 from datatypetestm order by CASE CDECIMAL5 WHEN -32766 THEN 1 WHEN -32766 THEN 1 ELSE NULL END, cidx;
cidx	CDECIMAL5
1	-999
select cidx, CDECIMAL5 from datatypetestm order by CASE CDECIMAL5 WHEN -9999999.99 THEN 1 WHEN -9999999.99 THEN 1 ELSE NULL END, cidx;
cidx	CDECIMAL5
1	-999
select cidx, CDECIMAL9 from datatypetestm order by CASE CDECIMAL9 WHEN 32766 THEN 1 WHEN 32766 THEN 1 ELSE NULL END, cidx;
cidx	CDECIMAL9
1	-999999
select cidx, CDECIMAL9 from datatypetestm order by CASE CDECIMAL9 WHEN -32766 THEN 1 WHEN -32766 THEN 1 ELSE NULL END, cidx;
cidx	CDECIMAL9
1	-999999
select cidx, CDECIMAL9 from datatypetestm order by CASE CDECIMAL9 WHEN -9999999.99 THEN 1 WHEN -9999999.99 THEN 1 ELSE NULL END, cidx;
cidx	CDECIMAL9
1	-999999
select cidx, CDECIMAL9_2 from datatypetestm order by CASE CDECIMAL9_2 WHEN 32766 THEN 1 WHEN 32766 THEN 1 ELSE NULL END, cidx;
cidx	CDECIMAL9_2
1	-9999.99
select cidx, CDECIMAL9_2 from datatypetestm order by CASE CDECIMAL9_2 WHEN -32766 THEN 1 WHEN -32766 THEN 1 ELSE NULL END, cidx;
cidx	CDECIMAL9_2
1	-9999.99
select cidx, CDECIMAL9_2 from datatypetestm order by CASE CDECIMAL9_2 WHEN -9999999.99 THEN 1 WHEN -9999999.99 THEN 1 ELSE NULL END, cidx;
cidx	CDECIMAL9_2
1	-9999.99
select cidx, CDECIMAL10 from datatypetestm order by CASE CDECIMAL10 WHEN 32766 THEN 1 WHEN 32766 THEN 1 ELSE NULL END, cidx;
cidx	CDECIMAL10
1	-9999999
select cidx, CDECIMAL10 from datatypetestm order by CASE CDECIMAL10 WHEN -32766 THEN 1 WHEN -32766 THEN 1 ELSE NULL END, cidx;
cidx	CDECIMAL10
1	-9999999
select cidx, CDECIMAL10 from datatypetestm order by CASE CDECIMAL10 WHEN -9999999.99 THEN 1 WHEN -9999999.99 THEN 1 ELSE NULL END, cidx;
cidx	CDECIMAL10
1	-9999999
select cidx, CDECIMAL18 from datatypetestm order by CASE CDECIMAL18 WHEN 32766 THEN 1 WHEN 32766 THEN 1 ELSE NULL END, cidx;
cidx	CDECIMAL18
1	-9999999999999
select cidx, CDECIMAL18 from datatypetestm order by CASE CDECIMAL18 WHEN -32766 THEN 1 WHEN -32766 THEN 1 ELSE NULL END, cidx;
cidx	CDECIMAL18
1	-9999999999999
select cidx, CDECIMAL18 from datatypetestm order by CASE CDECIMAL18 WHEN -9999999.99 THEN 1 WHEN -9999999.99 THEN 1 ELSE NULL END, cidx;
cidx	CDECIMAL18
1	-9999999999999
select cidx, CDECIMAL18_2 from datatypetestm order by CASE CDECIMAL18_2 WHEN 32766 THEN 1 WHEN 32766 THEN 1 ELSE NULL END, cidx;
cidx	CDECIMAL18_2
1	-99999999999.99
select cidx, CDECIMAL18_2 from datatypetestm order by CASE CDECIMAL18_2 WHEN -32766 THEN 1 WHEN -32766 THEN 1 ELSE NULL END, cidx;
cidx	CDECIMAL18_2
1	-99999999999.99
select cidx, CDECIMAL18_2 from datatypetestm order by CASE CDECIMAL18_2 WHEN -9999999.99 THEN 1 WHEN -9999999.99 THEN 1 ELSE NULL END, cidx;
cidx	CDECIMAL18_2
1	-99999999999.99
select cidx, CINTEGER from datatypetestm order by CASE CINTEGER WHEN 32766 THEN 1 WHEN 32766 THEN 1 ELSE NULL END, cidx;
cidx	CINTEGER
1	-7483646
select cidx, CINTEGER from datatypetestm order by CASE CINTEGER WHEN -32766 THEN 1 WHEN -32766 THEN 1 ELSE NULL END, cidx;
cidx	CINTEGER
1	-7483646
select cidx, CINTEGER from datatypetestm order by CASE CINTEGER WHEN -9999999.99 THEN 1 WHEN -9999999.99 THEN 1 ELSE NULL END, cidx;
cidx	CINTEGER
1	-7483646
select cidx, CSMALLINT from datatypetestm order by CASE CSMALLINT WHEN 32766 THEN 1 WHEN 32766 THEN 1 ELSE NULL END, cidx;
cidx	CSMALLINT
1	-766
select cidx, CSMALLINT from datatypetestm order by CASE CSMALLINT WHEN -32766 THEN 1 WHEN -32766 THEN 1 ELSE NULL END, cidx;
cidx	CSMALLINT
1	-766
select cidx, CSMALLINT from datatypetestm order by CASE CSMALLINT WHEN -9999999.99 THEN 1 WHEN -9999999.99 THEN 1 ELSE NULL END, cidx;
cidx	CSMALLINT
1	-766
select cidx, CTINYINT from datatypetestm order by CASE CTINYINT WHEN 32766 THEN 1 WHEN 32766 THEN 1 ELSE NULL END, cidx;
cidx	CTINYINT
1	-26
select cidx, CTINYINT from datatypetestm order by CASE CTINYINT WHEN -32766 THEN 1 WHEN -32766 THEN 1 ELSE NULL END, cidx;
cidx	CTINYINT
1	-26
select cidx, CTINYINT from datatypetestm order by CASE CTINYINT WHEN -9999999.99 THEN 1 WHEN -9999999.99 THEN 1 ELSE NULL END, cidx;
cidx	CTINYINT
1	-26
select cidx, CDOUBLE from datatypetestm order by CASE CDOUBLE WHEN 32766 THEN 1 WHEN 32766 THEN 1 ELSE NULL END, cidx;
cidx	CDOUBLE
1	-1.797693231e108
select cidx, CDOUBLE from datatypetestm order by CASE CDOUBLE WHEN -32766 THEN 1 WHEN -32766 THEN 1 ELSE NULL END, cidx;
cidx	CDOUBLE
1	-1.797693231e108
select cidx, CDOUBLE from datatypetestm order by CASE CDOUBLE WHEN -9999999.99 THEN 1 WHEN -9999999.99 THEN 1 ELSE NULL END, cidx;
cidx	CDOUBLE
1	-1.797693231e108
select cidx, CFLOAT from datatypetestm order by CASE CFLOAT WHEN 32766 THEN 1 WHEN 32766 THEN 1 ELSE NULL END, cidx;
cidx	CFLOAT
1	-3.40287e18
select cidx, CFLOAT from datatypetestm order by CASE CFLOAT WHEN -32766 THEN 1 WHEN -32766 THEN 1 ELSE NULL END, cidx;
cidx	CFLOAT
1	-3.40287e18
select cidx, CFLOAT from datatypetestm order by CASE CFLOAT WHEN -9999999.99 THEN 1 WHEN -9999999.99 THEN 1 ELSE NULL END, cidx;
cidx	CFLOAT
1	-3.40287e18
