USE autopilot;
select cidx, CDATE, CONCAT(CDATE,CCHAR3,CCHAR7,'ALOHA') from datatypetestm order by cidx;
cidx	CDATE	CONCAT(CDATE,CCHAR3,CCHAR7,'ALOHA')
1	1997-01-01	1997-01-01aaaaaaaaaaALOHA
select cidx, CDATE, CONCAT(CDATE,CCHAR3) from datatypetestm order by cidx;
cidx	CDATE	CONCAT(CDATE,CCHAR3)
1	1997-01-01	1997-01-01aaa
select cidx, CDATE, CONCAT(CDATE,CCHAR7) from datatypetestm order by cidx;
cidx	CDATE	CONCAT(CDATE,CCHAR7)
1	1997-01-01	1997-01-01aaaaaaa
select cidx, CDATE, CONCAT(CDATE,'ALOHA') from datatypetestm order by cidx;
cidx	CDATE	CONCAT(CDATE,'ALOHA')
1	1997-01-01	1997-01-01ALOHA
select cidx, CDATETIME, CONCAT(CDATETIME,CCHAR3,CCHAR7,'ALOHA') from datatypetestm order by cidx;
cidx	CDATETIME	CONCAT(CDATETIME,CCHAR3,CCHAR7,'ALOHA')
1	1997-01-01 00:00:00	1997-01-01 00:00:00aaaaaaaaaaALOHA
select cidx, CDATETIME, CONCAT(CDATETIME,CCHAR3) from datatypetestm order by cidx;
cidx	CDATETIME	CONCAT(CDATETIME,CCHAR3)
1	1997-01-01 00:00:00	1997-01-01 00:00:00aaa
select cidx, CDATETIME, CONCAT(CDATETIME,CCHAR7) from datatypetestm order by cidx;
cidx	CDATETIME	CONCAT(CDATETIME,CCHAR7)
1	1997-01-01 00:00:00	1997-01-01 00:00:00aaaaaaa
select cidx, CDATETIME, CONCAT(CDATETIME,'ALOHA') from datatypetestm order by cidx;
cidx	CDATETIME	CONCAT(CDATETIME,'ALOHA')
1	1997-01-01 00:00:00	1997-01-01 00:00:00ALOHA
select cidx, CTIME, CONCAT(CTIME,CCHAR3,CCHAR7,'ALOHA') from datatypetestm order by cidx;
cidx	CTIME	CONCAT(CTIME,CCHAR3,CCHAR7,'ALOHA')
1	13:00:00	13:00:00aaaaaaaaaaALOHA
select cidx, CTIME, CONCAT(CTIME,CCHAR3) from datatypetestm order by cidx;
cidx	CTIME	CONCAT(CTIME,CCHAR3)
1	13:00:00	13:00:00aaa
select cidx, CTIME, CONCAT(CTIME,CCHAR7) from datatypetestm order by cidx;
cidx	CTIME	CONCAT(CTIME,CCHAR7)
1	13:00:00	13:00:00aaaaaaa
select cidx, CTIME, CONCAT(CTIME,'ALOHA') from datatypetestm order by cidx;
cidx	CTIME	CONCAT(CTIME,'ALOHA')
1	13:00:00	13:00:00ALOHA
select cidx, CDATE from datatypetestm order by CONCAT(CDATE,CCHAR3,CCHAR7,'ALOHA'), cidx;
cidx	CDATE
1	1997-01-01
select cidx, CDATE from datatypetestm order by CONCAT(CDATE,CCHAR3), cidx;
cidx	CDATE
1	1997-01-01
select cidx, CDATE from datatypetestm order by CONCAT(CDATE,CCHAR7), cidx;
cidx	CDATE
1	1997-01-01
select cidx, CDATE from datatypetestm order by CONCAT(CDATE,'ALOHA'), cidx;
cidx	CDATE
1	1997-01-01
select cidx, CDATETIME from datatypetestm order by CONCAT(CDATETIME,CCHAR3,CCHAR7,'ALOHA'), cidx;
cidx	CDATETIME
1	1997-01-01 00:00:00
select cidx, CDATETIME from datatypetestm order by CONCAT(CDATETIME,CCHAR3), cidx;
cidx	CDATETIME
1	1997-01-01 00:00:00
select cidx, CDATETIME from datatypetestm order by CONCAT(CDATETIME,CCHAR7), cidx;
cidx	CDATETIME
1	1997-01-01 00:00:00
select cidx, CDATETIME from datatypetestm order by CONCAT(CDATETIME,'ALOHA'), cidx;
cidx	CDATETIME
1	1997-01-01 00:00:00
select cidx, CTIME from datatypetestm order by CONCAT(CTIME,CCHAR3,CCHAR7,'ALOHA'), cidx;
cidx	CTIME
1	13:00:00
select cidx, CTIME from datatypetestm order by CONCAT(CTIME,CCHAR3), cidx;
cidx	CTIME
1	13:00:00
select cidx, CTIME from datatypetestm order by CONCAT(CTIME,CCHAR7), cidx;
cidx	CTIME
1	13:00:00
select cidx, CTIME from datatypetestm order by CONCAT(CTIME,'ALOHA'), cidx;
cidx	CTIME
1	13:00:00
