USE autopilot;
select dtt1.cidx, dtt1.CCHAR4, dtt2.CDECIMAL18 from datatypetestm1 dtt1, datatypetestm2 dtt2 where dtt1.cidx = dtt2.cidx and dtt1.CCHAR4 > dtt2.CDECIMAL18 ;
cidx	CCHAR4	CDECIMAL18
1	aaaa	-9999999999999
2	d	-9999999999998
3	dd	-9999999999997
4	ddd	-9999999999996
5	dddd	-9999999999995
select dtt1.cidx, dtt1.CCHAR4, dtt2.CDECIMAL18 from datatypetestm1 dtt1, datatypetestm2 dtt2 where dtt1.cidx = dtt2.cidx and dtt1.CCHAR4 >= dtt2.CDECIMAL18 ;
cidx	CCHAR4	CDECIMAL18
1	aaaa	-9999999999999
2	d	-9999999999998
3	dd	-9999999999997
4	ddd	-9999999999996
5	dddd	-9999999999995
select dtt1.cidx, dtt1.CCHAR4, dtt2.CDECIMAL18 from datatypetestm1 dtt1, datatypetestm2 dtt2 where dtt1.cidx = dtt2.cidx and dtt1.CCHAR4 <> dtt2.CDECIMAL18 ;
cidx	CCHAR4	CDECIMAL18
1	aaaa	-9999999999999
2	d	-9999999999998
3	dd	-9999999999997
4	ddd	-9999999999996
5	dddd	-9999999999995
6	wwww	9999999999995
7	wwww	9999999999996
8	wwww	9999999999997
9	wwww	9999999999998
10	zzzz	9999999999999
select dtt1.cidx, dtt1.CCHAR4, dtt2.CDECIMAL18 from datatypetestm1 dtt1, datatypetestm2 dtt2 where dtt1.cidx = dtt2.cidx and dtt1.CCHAR4 < dtt2.CDECIMAL18 ;
cidx	CCHAR4	CDECIMAL18
6	wwww	9999999999995
7	wwww	9999999999996
8	wwww	9999999999997
9	wwww	9999999999998
10	zzzz	9999999999999
select dtt1.cidx, dtt1.CCHAR4, dtt2.CDECIMAL18 from datatypetestm1 dtt1, datatypetestm2 dtt2 where dtt1.cidx = dtt2.cidx and dtt1.CCHAR4 <= dtt2.CDECIMAL18 ;
cidx	CCHAR4	CDECIMAL18
6	wwww	9999999999995
7	wwww	9999999999996
8	wwww	9999999999997
9	wwww	9999999999998
10	zzzz	9999999999999
