USE autopilot;
select dtt1.cidx, dtt1.CDATETIME, dtt2.CSMALLINT from datatypetestm1 dtt1, datatypetestm2 dtt2 where dtt1.cidx = dtt2.cidx and dtt1.CDATETIME > dtt2.CSMALLINT ;
cidx	CDATETIME	CSMALLINT
1	1997-01-01 00:00:00	-766
2	1997-01-01 00:00:01	-765
3	1997-01-02 00:00:01	-764
4	1997-01-03 00:00:02	-763
5	1997-01-04 00:00:03	-762
6	2009-12-31 23:59:56	763
7	2009-12-31 23:59:57	764
8	2009-12-31 23:59:58	765
9	2009-12-31 23:59:59	766
10	2009-12-31 23:59:59	767
11	2009-12-31 23:59:59	0
select dtt1.cidx, dtt1.CDATETIME, dtt2.CSMALLINT from datatypetestm1 dtt1, datatypetestm2 dtt2 where dtt1.cidx = dtt2.cidx and dtt1.CDATETIME >= dtt2.CSMALLINT ;
cidx	CDATETIME	CSMALLINT
1	1997-01-01 00:00:00	-766
2	1997-01-01 00:00:01	-765
3	1997-01-02 00:00:01	-764
4	1997-01-03 00:00:02	-763
5	1997-01-04 00:00:03	-762
6	2009-12-31 23:59:56	763
7	2009-12-31 23:59:57	764
8	2009-12-31 23:59:58	765
9	2009-12-31 23:59:59	766
10	2009-12-31 23:59:59	767
11	2009-12-31 23:59:59	0
select dtt1.cidx, dtt1.CDATETIME, dtt2.CSMALLINT from datatypetestm1 dtt1, datatypetestm2 dtt2 where dtt1.cidx = dtt2.cidx and dtt1.CDATETIME <> dtt2.CSMALLINT ;
cidx	CDATETIME	CSMALLINT
1	1997-01-01 00:00:00	-766
2	1997-01-01 00:00:01	-765
3	1997-01-02 00:00:01	-764
4	1997-01-03 00:00:02	-763
5	1997-01-04 00:00:03	-762
6	2009-12-31 23:59:56	763
7	2009-12-31 23:59:57	764
8	2009-12-31 23:59:58	765
9	2009-12-31 23:59:59	766
10	2009-12-31 23:59:59	767
11	2009-12-31 23:59:59	0
select dtt1.cidx, dtt1.CDATETIME, dtt2.CSMALLINT from datatypetestm1 dtt1, datatypetestm2 dtt2 where dtt1.cidx = dtt2.cidx and dtt1.CDATETIME < dtt2.CSMALLINT ;
cidx	CDATETIME	CSMALLINT
select dtt1.cidx, dtt1.CDATETIME, dtt2.CSMALLINT from datatypetestm1 dtt1, datatypetestm2 dtt2 where dtt1.cidx = dtt2.cidx and dtt1.CDATETIME <= dtt2.CSMALLINT ;
cidx	CDATETIME	CSMALLINT
