USE autopilot;
select cidx, CDATE, WEEK(CDATE) from datatypetestm order by cidx;
cidx	CDATE	WEEK(CDATE)
1	1997-01-01	0
select cidx, CDATETIME, WEEK(CDATETIME) from datatypetestm order by cidx;
cidx	CDATETIME	WEEK(CDATETIME)
1	1997-01-01 00:00:00	0
select cidx, CTIME, WEEK(CTIME) from datatypetestm order by cidx;
cidx	CTIME	WEEK(CTIME)
1	13:00:00	REPLACEDVALUE
select cidx, CDATE from datatypetestm order by WEEK(CDATE), cidx;
cidx	CDATE
1	1997-01-01
select cidx, CDATETIME from datatypetestm order by WEEK(CDATETIME), cidx;
cidx	CDATETIME
1	1997-01-01 00:00:00
