USE autopilot;
select STDDEV(CBIGINT) from datatypetestm;
STDDEV(CBIGINT)
0.0000
select STDDEV(CDECIMAL1) from datatypetestm;
STDDEV(CDECIMAL1)
0.0000
select STDDEV(CDECIMAL4) from datatypetestm;
STDDEV(CDECIMAL4)
0.0000
select STDDEV(CDECIMAL4_2) from datatypetestm;
STDDEV(CDECIMAL4_2)
0.000000
select STDDEV(CDECIMAL5) from datatypetestm;
STDDEV(CDECIMAL5)
0.0000
select STDDEV(CDECIMAL9) from datatypetestm;
STDDEV(CDECIMAL9)
0.0000
select STDDEV(CDECIMAL9_2) from datatypetestm;
STDDEV(CDECIMAL9_2)
0.000000
select STDDEV(CDECIMAL10) from datatypetestm;
STDDEV(CDECIMAL10)
0.0000
select STDDEV(CDECIMAL18) from datatypetestm;
STDDEV(CDECIMAL18)
0.0000
select STDDEV(CDECIMAL18_2) from datatypetestm;
STDDEV(CDECIMAL18_2)
0.000000
select STDDEV(CINTEGER) from datatypetestm;
STDDEV(CINTEGER)
0.0000
select STDDEV(CSMALLINT) from datatypetestm;
STDDEV(CSMALLINT)
0.0000
select STDDEV(CTINYINT) from datatypetestm;
STDDEV(CTINYINT)
0.0000
select STDDEV(CDOUBLE) from datatypetestm;
STDDEV(CDOUBLE)
0
select STDDEV(CFLOAT) from datatypetestm;
STDDEV(CFLOAT)
0
select cidx, CBIGINT, STDDEV(CBIGINT) from datatypetestm group by cidx, CBIGINT order by cidx;
cidx	CBIGINT	STDDEV(CBIGINT)
1	-72036854775806	0.0000
select cidx, CDECIMAL1, STDDEV(CDECIMAL1) from datatypetestm group by cidx, CDECIMAL1 order by cidx;
cidx	CDECIMAL1	STDDEV(CDECIMAL1)
1	-9	0.0000
select cidx, CDECIMAL4, STDDEV(CDECIMAL4) from datatypetestm group by cidx, CDECIMAL4 order by cidx;
cidx	CDECIMAL4	STDDEV(CDECIMAL4)
1	-999	0.0000
select cidx, CDECIMAL4_2, STDDEV(CDECIMAL4_2) from datatypetestm group by cidx, CDECIMAL4_2 order by cidx;
cidx	CDECIMAL4_2	STDDEV(CDECIMAL4_2)
1	-9.99	0.000000
select cidx, CDECIMAL5, STDDEV(CDECIMAL5) from datatypetestm group by cidx, CDECIMAL5 order by cidx;
cidx	CDECIMAL5	STDDEV(CDECIMAL5)
1	-999	0.0000
select cidx, CDECIMAL9, STDDEV(CDECIMAL9) from datatypetestm group by cidx, CDECIMAL9 order by cidx;
cidx	CDECIMAL9	STDDEV(CDECIMAL9)
1	-999999	0.0000
select cidx, CDECIMAL9_2, STDDEV(CDECIMAL9_2) from datatypetestm group by cidx, CDECIMAL9_2 order by cidx;
cidx	CDECIMAL9_2	STDDEV(CDECIMAL9_2)
1	-9999.99	0.000000
select cidx, CDECIMAL10, STDDEV(CDECIMAL10) from datatypetestm group by cidx, CDECIMAL10 order by cidx;
cidx	CDECIMAL10	STDDEV(CDECIMAL10)
1	-9999999	0.0000
select cidx, CDECIMAL18, STDDEV(CDECIMAL18) from datatypetestm group by cidx, CDECIMAL18 order by cidx;
cidx	CDECIMAL18	STDDEV(CDECIMAL18)
1	-9999999999999	0.0000
select cidx, CDECIMAL18_2, STDDEV(CDECIMAL18_2) from datatypetestm group by cidx, CDECIMAL18_2 order by cidx;
cidx	CDECIMAL18_2	STDDEV(CDECIMAL18_2)
1	-99999999999.99	0.000000
select cidx, CINTEGER, STDDEV(CINTEGER) from datatypetestm group by cidx, CINTEGER order by cidx;
cidx	CINTEGER	STDDEV(CINTEGER)
1	-7483646	0.0000
select cidx, CSMALLINT, STDDEV(CSMALLINT) from datatypetestm group by cidx, CSMALLINT order by cidx;
cidx	CSMALLINT	STDDEV(CSMALLINT)
1	-766	0.0000
select cidx, CTINYINT, STDDEV(CTINYINT) from datatypetestm group by cidx, CTINYINT order by cidx;
cidx	CTINYINT	STDDEV(CTINYINT)
1	-26	0.0000
select cidx, CDOUBLE, STDDEV(CDOUBLE) from datatypetestm group by cidx, CDOUBLE order by cidx;
cidx	CDOUBLE	STDDEV(CDOUBLE)
1	-1.797693231e108	0
select cidx, CFLOAT, STDDEV(CFLOAT) from datatypetestm group by cidx, CFLOAT order by cidx;
cidx	CFLOAT	STDDEV(CFLOAT)
1	-3.40287e18	0
