USE autopilot;
select dtt1.cidx, dtt1.CCHAR8, dtt2.CDECIMAL18_2 from datatypetestm1 dtt1, datatypetestm2 dtt2 where dtt1.cidx = dtt2.cidx and dtt1.CCHAR8 > dtt2.CDECIMAL18_2 ;
cidx	CCHAR8	CDECIMAL18_2
1	aaaaaaaa	-99999999999.99
2	h	-99999999999.98
3	hh	-99999999999.97
4	hhh	-99999999999.96
5	hhhh	-99999999999.95
select dtt1.cidx, dtt1.CCHAR8, dtt2.CDECIMAL18_2 from datatypetestm1 dtt1, datatypetestm2 dtt2 where dtt1.cidx = dtt2.cidx and dtt1.CCHAR8 >= dtt2.CDECIMAL18_2 ;
cidx	CCHAR8	CDECIMAL18_2
1	aaaaaaaa	-99999999999.99
2	h	-99999999999.98
3	hh	-99999999999.97
4	hhh	-99999999999.96
5	hhhh	-99999999999.95
select dtt1.cidx, dtt1.CCHAR8, dtt2.CDECIMAL18_2 from datatypetestm1 dtt1, datatypetestm2 dtt2 where dtt1.cidx = dtt2.cidx and dtt1.CCHAR8 <> dtt2.CDECIMAL18_2 ;
cidx	CCHAR8	CDECIMAL18_2
1	aaaaaaaa	-99999999999.99
2	h	-99999999999.98
3	hh	-99999999999.97
4	hhh	-99999999999.96
5	hhhh	-99999999999.95
6	sssssss	99999999999.95
7	ssssssss	99999999999.96
8	ssssssss	99999999999.97
9	ssssssss	99999999999.98
10	zzzzzzzz	99999999999.99
select dtt1.cidx, dtt1.CCHAR8, dtt2.CDECIMAL18_2 from datatypetestm1 dtt1, datatypetestm2 dtt2 where dtt1.cidx = dtt2.cidx and dtt1.CCHAR8 < dtt2.CDECIMAL18_2 ;
cidx	CCHAR8	CDECIMAL18_2
6	sssssss	99999999999.95
7	ssssssss	99999999999.96
8	ssssssss	99999999999.97
9	ssssssss	99999999999.98
10	zzzzzzzz	99999999999.99
select dtt1.cidx, dtt1.CCHAR8, dtt2.CDECIMAL18_2 from datatypetestm1 dtt1, datatypetestm2 dtt2 where dtt1.cidx = dtt2.cidx and dtt1.CCHAR8 <= dtt2.CDECIMAL18_2 ;
cidx	CCHAR8	CDECIMAL18_2
6	sssssss	99999999999.95
7	ssssssss	99999999999.96
8	ssssssss	99999999999.97
9	ssssssss	99999999999.98
10	zzzzzzzz	99999999999.99
