USE autopilot;
select dtt1.cidx, dtt1.CBIGINT, dtt2.CDECIMAL4 from datatypetestm1 dtt1, datatypetestm2 dtt2 where dtt1.cidx = dtt2.cidx and dtt1.CBIGINT > dtt2.CDECIMAL4 ;
cidx	CBIGINT	CDECIMAL4
6	72036854775803	995
7	72036854775804	996
8	72036854775805	997
9	72036854775806	998
10	72036854775807	999
select dtt1.cidx, dtt1.CBIGINT, dtt2.CDECIMAL4 from datatypetestm1 dtt1, datatypetestm2 dtt2 where dtt1.cidx = dtt2.cidx and dtt1.CBIGINT >= dtt2.CDECIMAL4 ;
cidx	CBIGINT	CDECIMAL4
6	72036854775803	995
7	72036854775804	996
8	72036854775805	997
9	72036854775806	998
10	72036854775807	999
11	0	0
select dtt1.cidx, dtt1.CBIGINT, dtt2.CDECIMAL4 from datatypetestm1 dtt1, datatypetestm2 dtt2 where dtt1.cidx = dtt2.cidx and dtt1.CBIGINT <> dtt2.CDECIMAL4 ;
cidx	CBIGINT	CDECIMAL4
1	-72036854775806	-999
2	-72036854775805	-998
3	-72036854775804	-997
4	-72036854775803	-996
5	-72036854775802	-995
6	72036854775803	995
7	72036854775804	996
8	72036854775805	997
9	72036854775806	998
10	72036854775807	999
select dtt1.cidx, dtt1.CBIGINT, dtt2.CDECIMAL4 from datatypetestm1 dtt1, datatypetestm2 dtt2 where dtt1.cidx = dtt2.cidx and dtt1.CBIGINT < dtt2.CDECIMAL4 ;
cidx	CBIGINT	CDECIMAL4
1	-72036854775806	-999
2	-72036854775805	-998
3	-72036854775804	-997
4	-72036854775803	-996
5	-72036854775802	-995
select dtt1.cidx, dtt1.CBIGINT, dtt2.CDECIMAL4 from datatypetestm1 dtt1, datatypetestm2 dtt2 where dtt1.cidx = dtt2.cidx and dtt1.CBIGINT <= dtt2.CDECIMAL4 ;
cidx	CBIGINT	CDECIMAL4
1	-72036854775806	-999
2	-72036854775805	-998
3	-72036854775804	-997
4	-72036854775803	-996
5	-72036854775802	-995
11	0	0
