USE autopilot;
select cidx, CBIGINT, CONVERT(CBIGINT,SIGNED) from datatypetestm order by cidx;
cidx	CBIGINT	CONVERT(CBIGINT,SIGNED)
1	-72036854775806	-72036854775806
select cidx, CBIGINT, CONVERT(CBIGINT,DECIMAL(9)) from datatypetestm order by cidx;
cidx	CBIGINT	CONVERT(CBIGINT,DECIMAL(9))
1	-72036854775806	-999999999
select cidx, CBIGINT, CONVERT(CBIGINT,DECIMAL(9,2)) from datatypetestm order by cidx;
cidx	CBIGINT	CONVERT(CBIGINT,DECIMAL(9,2))
1	-72036854775806	-9999999.99
select cidx, CDECIMAL1, CONVERT(CDECIMAL1,SIGNED) from datatypetestm order by cidx;
cidx	CDECIMAL1	CONVERT(CDECIMAL1,SIGNED)
1	-9	-9
select cidx, CDECIMAL1, CONVERT(CDECIMAL1,DECIMAL(9)) from datatypetestm order by cidx;
cidx	CDECIMAL1	CONVERT(CDECIMAL1,DECIMAL(9))
1	-9	-9
select cidx, CDECIMAL1, CONVERT(CDECIMAL1,DECIMAL(9,2)) from datatypetestm order by cidx;
cidx	CDECIMAL1	CONVERT(CDECIMAL1,DECIMAL(9,2))
1	-9	-9.00
select cidx, CDECIMAL4, CONVERT(CDECIMAL4,SIGNED) from datatypetestm order by cidx;
cidx	CDECIMAL4	CONVERT(CDECIMAL4,SIGNED)
1	-999	-999
select cidx, CDECIMAL4, CONVERT(CDECIMAL4,DECIMAL(9)) from datatypetestm order by cidx;
cidx	CDECIMAL4	CONVERT(CDECIMAL4,DECIMAL(9))
1	-999	-999
select cidx, CDECIMAL4, CONVERT(CDECIMAL4,DECIMAL(9,2)) from datatypetestm order by cidx;
cidx	CDECIMAL4	CONVERT(CDECIMAL4,DECIMAL(9,2))
1	-999	-999.00
select cidx, CDECIMAL4_2, CONVERT(CDECIMAL4_2,SIGNED) from datatypetestm order by cidx;
cidx	CDECIMAL4_2	CONVERT(CDECIMAL4_2,SIGNED)
1	-9.99	-10
select cidx, CDECIMAL4_2, CONVERT(CDECIMAL4_2,DECIMAL(9)) from datatypetestm order by cidx;
cidx	CDECIMAL4_2	CONVERT(CDECIMAL4_2,DECIMAL(9))
1	-9.99	-10
select cidx, CDECIMAL4_2, CONVERT(CDECIMAL4_2,DECIMAL(9,2)) from datatypetestm order by cidx;
cidx	CDECIMAL4_2	CONVERT(CDECIMAL4_2,DECIMAL(9,2))
1	-9.99	-9.99
select cidx, CDECIMAL5, CONVERT(CDECIMAL5,SIGNED) from datatypetestm order by cidx;
cidx	CDECIMAL5	CONVERT(CDECIMAL5,SIGNED)
1	-999	-999
select cidx, CDECIMAL5, CONVERT(CDECIMAL5,DECIMAL(9)) from datatypetestm order by cidx;
cidx	CDECIMAL5	CONVERT(CDECIMAL5,DECIMAL(9))
1	-999	-999
select cidx, CDECIMAL5, CONVERT(CDECIMAL5,DECIMAL(9,2)) from datatypetestm order by cidx;
cidx	CDECIMAL5	CONVERT(CDECIMAL5,DECIMAL(9,2))
1	-999	-999.00
select cidx, CDECIMAL9, CONVERT(CDECIMAL9,SIGNED) from datatypetestm order by cidx;
cidx	CDECIMAL9	CONVERT(CDECIMAL9,SIGNED)
1	-999999	-999999
select cidx, CDECIMAL9, CONVERT(CDECIMAL9,DECIMAL(9)) from datatypetestm order by cidx;
cidx	CDECIMAL9	CONVERT(CDECIMAL9,DECIMAL(9))
1	-999999	-999999
select cidx, CDECIMAL9, CONVERT(CDECIMAL9,DECIMAL(9,2)) from datatypetestm order by cidx;
cidx	CDECIMAL9	CONVERT(CDECIMAL9,DECIMAL(9,2))
1	-999999	-999999.00
select cidx, CDECIMAL9_2, CONVERT(CDECIMAL9_2,SIGNED) from datatypetestm order by cidx;
cidx	CDECIMAL9_2	CONVERT(CDECIMAL9_2,SIGNED)
1	-9999.99	-10000
select cidx, CDECIMAL9_2, CONVERT(CDECIMAL9_2,DECIMAL(9)) from datatypetestm order by cidx;
cidx	CDECIMAL9_2	CONVERT(CDECIMAL9_2,DECIMAL(9))
1	-9999.99	-10000
select cidx, CDECIMAL9_2, CONVERT(CDECIMAL9_2,DECIMAL(9,2)) from datatypetestm order by cidx;
cidx	CDECIMAL9_2	CONVERT(CDECIMAL9_2,DECIMAL(9,2))
1	-9999.99	-9999.99
select cidx, CDECIMAL10, CONVERT(CDECIMAL10,SIGNED) from datatypetestm order by cidx;
cidx	CDECIMAL10	CONVERT(CDECIMAL10,SIGNED)
1	-9999999	-9999999
select cidx, CDECIMAL10, CONVERT(CDECIMAL10,DECIMAL(9)) from datatypetestm order by cidx;
cidx	CDECIMAL10	CONVERT(CDECIMAL10,DECIMAL(9))
1	-9999999	-9999999
select cidx, CDECIMAL10, CONVERT(CDECIMAL10,DECIMAL(9,2)) from datatypetestm order by cidx;
cidx	CDECIMAL10	CONVERT(CDECIMAL10,DECIMAL(9,2))
1	-9999999	-9999999.00
select cidx, CDECIMAL18, CONVERT(CDECIMAL18,SIGNED) from datatypetestm order by cidx;
cidx	CDECIMAL18	CONVERT(CDECIMAL18,SIGNED)
1	-9999999999999	-9999999999999
select cidx, CDECIMAL18, CONVERT(CDECIMAL18,DECIMAL(9)) from datatypetestm order by cidx;
cidx	CDECIMAL18	CONVERT(CDECIMAL18,DECIMAL(9))
1	-9999999999999	-999999999
select cidx, CDECIMAL18, CONVERT(CDECIMAL18,DECIMAL(9,2)) from datatypetestm order by cidx;
cidx	CDECIMAL18	CONVERT(CDECIMAL18,DECIMAL(9,2))
1	-9999999999999	-9999999.99
select cidx, CDECIMAL18_2, CONVERT(CDECIMAL18_2,SIGNED) from datatypetestm order by cidx;
cidx	CDECIMAL18_2	CONVERT(CDECIMAL18_2,SIGNED)
1	-99999999999.99	-100000000000
select cidx, CDECIMAL18_2, CONVERT(CDECIMAL18_2,DECIMAL(9)) from datatypetestm order by cidx;
cidx	CDECIMAL18_2	CONVERT(CDECIMAL18_2,DECIMAL(9))
1	-99999999999.99	-999999999
select cidx, CDECIMAL18_2, CONVERT(CDECIMAL18_2,DECIMAL(9,2)) from datatypetestm order by cidx;
cidx	CDECIMAL18_2	CONVERT(CDECIMAL18_2,DECIMAL(9,2))
1	-99999999999.99	-9999999.99
select cidx, CINTEGER, CONVERT(CINTEGER,SIGNED) from datatypetestm order by cidx;
cidx	CINTEGER	CONVERT(CINTEGER,SIGNED)
1	-7483646	-7483646
select cidx, CINTEGER, CONVERT(CINTEGER,DECIMAL(9)) from datatypetestm order by cidx;
cidx	CINTEGER	CONVERT(CINTEGER,DECIMAL(9))
1	-7483646	-7483646
select cidx, CINTEGER, CONVERT(CINTEGER,DECIMAL(9,2)) from datatypetestm order by cidx;
cidx	CINTEGER	CONVERT(CINTEGER,DECIMAL(9,2))
1	-7483646	-7483646.00
select cidx, CSMALLINT, CONVERT(CSMALLINT,SIGNED) from datatypetestm order by cidx;
cidx	CSMALLINT	CONVERT(CSMALLINT,SIGNED)
1	-766	-766
select cidx, CSMALLINT, CONVERT(CSMALLINT,DECIMAL(9)) from datatypetestm order by cidx;
cidx	CSMALLINT	CONVERT(CSMALLINT,DECIMAL(9))
1	-766	-766
select cidx, CSMALLINT, CONVERT(CSMALLINT,DECIMAL(9,2)) from datatypetestm order by cidx;
cidx	CSMALLINT	CONVERT(CSMALLINT,DECIMAL(9,2))
1	-766	-766.00
select cidx, CTINYINT, CONVERT(CTINYINT,SIGNED) from datatypetestm order by cidx;
cidx	CTINYINT	CONVERT(CTINYINT,SIGNED)
1	-26	-26
select cidx, CTINYINT, CONVERT(CTINYINT,DECIMAL(9)) from datatypetestm order by cidx;
cidx	CTINYINT	CONVERT(CTINYINT,DECIMAL(9))
1	-26	-26
select cidx, CTINYINT, CONVERT(CTINYINT,DECIMAL(9,2)) from datatypetestm order by cidx;
cidx	CTINYINT	CONVERT(CTINYINT,DECIMAL(9,2))
1	-26	-26.00
select cidx, CDOUBLE, CONVERT(CDOUBLE,SIGNED) from datatypetestm order by cidx;
cidx	CDOUBLE	CONVERT(CDOUBLE,SIGNED)
1	-1.797693231e108	-9223372036854775806
select cidx, CDOUBLE, CONVERT(CDOUBLE,DECIMAL(9)) from datatypetestm order by cidx;
cidx	CDOUBLE	CONVERT(CDOUBLE,DECIMAL(9))
1	-1.797693231e108	-999999999
select cidx, CDOUBLE, CONVERT(CDOUBLE,DECIMAL(9,2)) from datatypetestm order by cidx;
cidx	CDOUBLE	CONVERT(CDOUBLE,DECIMAL(9,2))
1	-1.797693231e108	-9999999.99
select cidx, CFLOAT, CONVERT(CFLOAT,SIGNED) from datatypetestm order by cidx;
cidx	CFLOAT	CONVERT(CFLOAT,SIGNED)
1	-3.40287e18	-3402865892420222976
select cidx, CFLOAT, CONVERT(CFLOAT,DECIMAL(9)) from datatypetestm order by cidx;
cidx	CFLOAT	CONVERT(CFLOAT,DECIMAL(9))
1	-3.40287e18	-999999999
select cidx, CFLOAT, CONVERT(CFLOAT,DECIMAL(9,2)) from datatypetestm order by cidx;
cidx	CFLOAT	CONVERT(CFLOAT,DECIMAL(9,2))
1	-3.40287e18	-9999999.99
select cidx, CBIGINT from datatypetestm where CONVERT(CBIGINT,SIGNED) <> 0 order by cidx;
cidx	CBIGINT
1	-72036854775806
select cidx, CBIGINT from datatypetestm where CONVERT(CBIGINT,DECIMAL(9)) <> 0 order by cidx;
cidx	CBIGINT
1	-72036854775806
select cidx, CBIGINT from datatypetestm where CONVERT(CBIGINT,DECIMAL(9,2)) <> 0 order by cidx;
cidx	CBIGINT
1	-72036854775806
select cidx, CDECIMAL1 from datatypetestm where CONVERT(CDECIMAL1,SIGNED) <> 0 order by cidx;
cidx	CDECIMAL1
1	-9
select cidx, CDECIMAL1 from datatypetestm where CONVERT(CDECIMAL1,DECIMAL(9)) <> 0 order by cidx;
cidx	CDECIMAL1
1	-9
select cidx, CDECIMAL1 from datatypetestm where CONVERT(CDECIMAL1,DECIMAL(9,2)) <> 0 order by cidx;
cidx	CDECIMAL1
1	-9
select cidx, CDECIMAL4 from datatypetestm where CONVERT(CDECIMAL4,SIGNED) <> 0 order by cidx;
cidx	CDECIMAL4
1	-999
select cidx, CDECIMAL4 from datatypetestm where CONVERT(CDECIMAL4,DECIMAL(9)) <> 0 order by cidx;
cidx	CDECIMAL4
1	-999
select cidx, CDECIMAL4 from datatypetestm where CONVERT(CDECIMAL4,DECIMAL(9,2)) <> 0 order by cidx;
cidx	CDECIMAL4
1	-999
select cidx, CDECIMAL4_2 from datatypetestm where CONVERT(CDECIMAL4_2,SIGNED) <> 0 order by cidx;
cidx	CDECIMAL4_2
1	-9.99
select cidx, CDECIMAL4_2 from datatypetestm where CONVERT(CDECIMAL4_2,DECIMAL(9)) <> 0 order by cidx;
cidx	CDECIMAL4_2
1	-9.99
select cidx, CDECIMAL4_2 from datatypetestm where CONVERT(CDECIMAL4_2,DECIMAL(9,2)) <> 0 order by cidx;
cidx	CDECIMAL4_2
1	-9.99
select cidx, CDECIMAL5 from datatypetestm where CONVERT(CDECIMAL5,SIGNED) <> 0 order by cidx;
cidx	CDECIMAL5
1	-999
select cidx, CDECIMAL5 from datatypetestm where CONVERT(CDECIMAL5,DECIMAL(9)) <> 0 order by cidx;
cidx	CDECIMAL5
1	-999
select cidx, CDECIMAL5 from datatypetestm where CONVERT(CDECIMAL5,DECIMAL(9,2)) <> 0 order by cidx;
cidx	CDECIMAL5
1	-999
select cidx, CDECIMAL9 from datatypetestm where CONVERT(CDECIMAL9,SIGNED) <> 0 order by cidx;
cidx	CDECIMAL9
1	-999999
select cidx, CDECIMAL9 from datatypetestm where CONVERT(CDECIMAL9,DECIMAL(9)) <> 0 order by cidx;
cidx	CDECIMAL9
1	-999999
select cidx, CDECIMAL9 from datatypetestm where CONVERT(CDECIMAL9,DECIMAL(9,2)) <> 0 order by cidx;
cidx	CDECIMAL9
1	-999999
select cidx, CDECIMAL9_2 from datatypetestm where CONVERT(CDECIMAL9_2,SIGNED) <> 0 order by cidx;
cidx	CDECIMAL9_2
1	-9999.99
select cidx, CDECIMAL9_2 from datatypetestm where CONVERT(CDECIMAL9_2,DECIMAL(9)) <> 0 order by cidx;
cidx	CDECIMAL9_2
1	-9999.99
select cidx, CDECIMAL9_2 from datatypetestm where CONVERT(CDECIMAL9_2,DECIMAL(9,2)) <> 0 order by cidx;
cidx	CDECIMAL9_2
1	-9999.99
select cidx, CDECIMAL10 from datatypetestm where CONVERT(CDECIMAL10,SIGNED) <> 0 order by cidx;
cidx	CDECIMAL10
1	-9999999
select cidx, CDECIMAL10 from datatypetestm where CONVERT(CDECIMAL10,DECIMAL(9)) <> 0 order by cidx;
cidx	CDECIMAL10
1	-9999999
select cidx, CDECIMAL10 from datatypetestm where CONVERT(CDECIMAL10,DECIMAL(9,2)) <> 0 order by cidx;
cidx	CDECIMAL10
1	-9999999
select cidx, CDECIMAL18 from datatypetestm where CONVERT(CDECIMAL18,SIGNED) <> 0 order by cidx;
cidx	CDECIMAL18
1	-9999999999999
select cidx, CDECIMAL18 from datatypetestm where CONVERT(CDECIMAL18,DECIMAL(9)) <> 0 order by cidx;
cidx	CDECIMAL18
1	-9999999999999
select cidx, CDECIMAL18 from datatypetestm where CONVERT(CDECIMAL18,DECIMAL(9,2)) <> 0 order by cidx;
cidx	CDECIMAL18
1	-9999999999999
select cidx, CDECIMAL18_2 from datatypetestm where CONVERT(CDECIMAL18_2,SIGNED) <> 0 order by cidx;
cidx	CDECIMAL18_2
1	-99999999999.99
select cidx, CDECIMAL18_2 from datatypetestm where CONVERT(CDECIMAL18_2,DECIMAL(9)) <> 0 order by cidx;
cidx	CDECIMAL18_2
1	-99999999999.99
select cidx, CDECIMAL18_2 from datatypetestm where CONVERT(CDECIMAL18_2,DECIMAL(9,2)) <> 0 order by cidx;
cidx	CDECIMAL18_2
1	-99999999999.99
select cidx, CINTEGER from datatypetestm where CONVERT(CINTEGER,SIGNED) <> 0 order by cidx;
cidx	CINTEGER
1	-7483646
select cidx, CINTEGER from datatypetestm where CONVERT(CINTEGER,DECIMAL(9)) <> 0 order by cidx;
cidx	CINTEGER
1	-7483646
select cidx, CINTEGER from datatypetestm where CONVERT(CINTEGER,DECIMAL(9,2)) <> 0 order by cidx;
cidx	CINTEGER
1	-7483646
select cidx, CSMALLINT from datatypetestm where CONVERT(CSMALLINT,SIGNED) <> 0 order by cidx;
cidx	CSMALLINT
1	-766
select cidx, CSMALLINT from datatypetestm where CONVERT(CSMALLINT,DECIMAL(9)) <> 0 order by cidx;
cidx	CSMALLINT
1	-766
select cidx, CSMALLINT from datatypetestm where CONVERT(CSMALLINT,DECIMAL(9,2)) <> 0 order by cidx;
cidx	CSMALLINT
1	-766
select cidx, CTINYINT from datatypetestm where CONVERT(CTINYINT,SIGNED) <> 0 order by cidx;
cidx	CTINYINT
1	-26
select cidx, CTINYINT from datatypetestm where CONVERT(CTINYINT,DECIMAL(9)) <> 0 order by cidx;
cidx	CTINYINT
1	-26
select cidx, CTINYINT from datatypetestm where CONVERT(CTINYINT,DECIMAL(9,2)) <> 0 order by cidx;
cidx	CTINYINT
1	-26
select cidx, CDOUBLE from datatypetestm where CONVERT(CDOUBLE,SIGNED) <> 0 order by cidx;
cidx	CDOUBLE
1	-1.797693231e108
select cidx, CDOUBLE from datatypetestm where CONVERT(CDOUBLE,DECIMAL(9)) <> 0 order by cidx;
cidx	CDOUBLE
1	-1.797693231e108
select cidx, CDOUBLE from datatypetestm where CONVERT(CDOUBLE,DECIMAL(9,2)) <> 0 order by cidx;
cidx	CDOUBLE
1	-1.797693231e108
select cidx, CFLOAT from datatypetestm where CONVERT(CFLOAT,SIGNED) <> 0 order by cidx;
cidx	CFLOAT
1	-3.40287e18
select cidx, CFLOAT from datatypetestm where CONVERT(CFLOAT,DECIMAL(9)) <> 0 order by cidx;
cidx	CFLOAT
1	-3.40287e18
select cidx, CFLOAT from datatypetestm where CONVERT(CFLOAT,DECIMAL(9,2)) <> 0 order by cidx;
cidx	CFLOAT
1	-3.40287e18
