USE autopilot;
select dtt1.cidx, dtt1.CCHAR8, dtt2.CINTEGER from datatypetestm1 dtt1, datatypetestm2 dtt2 where dtt1.cidx = dtt2.cidx and dtt1.CCHAR8 > dtt2.CINTEGER ;
cidx	CCHAR8	CINTEGER
1	aaaaaaaa	-7483646
2	h	-7483645
3	hh	-7483644
4	hhh	-7483643
5	hhhh	-7483642
select dtt1.cidx, dtt1.CCHAR8, dtt2.CINTEGER from datatypetestm1 dtt1, datatypetestm2 dtt2 where dtt1.cidx = dtt2.cidx and dtt1.CCHAR8 >= dtt2.CINTEGER ;
cidx	CCHAR8	CINTEGER
1	aaaaaaaa	-7483646
2	h	-7483645
3	hh	-7483644
4	hhh	-7483643
5	hhhh	-7483642
select dtt1.cidx, dtt1.CCHAR8, dtt2.CINTEGER from datatypetestm1 dtt1, datatypetestm2 dtt2 where dtt1.cidx = dtt2.cidx and dtt1.CCHAR8 <> dtt2.CINTEGER ;
cidx	CCHAR8	CINTEGER
1	aaaaaaaa	-7483646
2	h	-7483645
3	hh	-7483644
4	hhh	-7483643
5	hhhh	-7483642
6	sssssss	7483643
7	ssssssss	7483644
8	ssssssss	7483645
9	ssssssss	7483646
10	zzzzzzzz	7483647
select dtt1.cidx, dtt1.CCHAR8, dtt2.CINTEGER from datatypetestm1 dtt1, datatypetestm2 dtt2 where dtt1.cidx = dtt2.cidx and dtt1.CCHAR8 < dtt2.CINTEGER ;
cidx	CCHAR8	CINTEGER
6	sssssss	7483643
7	ssssssss	7483644
8	ssssssss	7483645
9	ssssssss	7483646
10	zzzzzzzz	7483647
select dtt1.cidx, dtt1.CCHAR8, dtt2.CINTEGER from datatypetestm1 dtt1, datatypetestm2 dtt2 where dtt1.cidx = dtt2.cidx and dtt1.CCHAR8 <= dtt2.CINTEGER ;
cidx	CCHAR8	CINTEGER
6	sssssss	7483643
7	ssssssss	7483644
8	ssssssss	7483645
9	ssssssss	7483646
10	zzzzzzzz	7483647
