USE autopilot;
select dtt1.cidx, dtt1.CCHAR7, dtt2.CSMALLINT from datatypetestm1 dtt1, datatypetestm2 dtt2 where dtt1.cidx = dtt2.cidx and dtt1.CCHAR7 > dtt2.CSMALLINT ;
cidx	CCHAR7	CSMALLINT
1	aaaaaaa	-766
2	g	-765
3	gg	-764
4	ggg	-763
5	gggg	-762
select dtt1.cidx, dtt1.CCHAR7, dtt2.CSMALLINT from datatypetestm1 dtt1, datatypetestm2 dtt2 where dtt1.cidx = dtt2.cidx and dtt1.CCHAR7 >= dtt2.CSMALLINT ;
cidx	CCHAR7	CSMALLINT
1	aaaaaaa	-766
2	g	-765
3	gg	-764
4	ggg	-763
5	gggg	-762
select dtt1.cidx, dtt1.CCHAR7, dtt2.CSMALLINT from datatypetestm1 dtt1, datatypetestm2 dtt2 where dtt1.cidx = dtt2.cidx and dtt1.CCHAR7 <> dtt2.CSMALLINT ;
cidx	CCHAR7	CSMALLINT
1	aaaaaaa	-766
2	g	-765
3	gg	-764
4	ggg	-763
5	gggg	-762
6	ttttttt	763
7	ttttttt	764
8	ttttttt	765
9	ttttttt	766
10	zzzzzzz	767
select dtt1.cidx, dtt1.CCHAR7, dtt2.CSMALLINT from datatypetestm1 dtt1, datatypetestm2 dtt2 where dtt1.cidx = dtt2.cidx and dtt1.CCHAR7 < dtt2.CSMALLINT ;
cidx	CCHAR7	CSMALLINT
6	ttttttt	763
7	ttttttt	764
8	ttttttt	765
9	ttttttt	766
10	zzzzzzz	767
select dtt1.cidx, dtt1.CCHAR7, dtt2.CSMALLINT from datatypetestm1 dtt1, datatypetestm2 dtt2 where dtt1.cidx = dtt2.cidx and dtt1.CCHAR7 <= dtt2.CSMALLINT ;
cidx	CCHAR7	CSMALLINT
6	ttttttt	763
7	ttttttt	764
8	ttttttt	765
9	ttttttt	766
10	zzzzzzz	767
