USE autopilot;
select dtt1.cidx, dtt1.CBIGINT, dtt2.CVCHAR8 from datatypetestm1 dtt1, datatypetestm2 dtt2 where dtt1.cidx = dtt2.cidx and dtt1.CBIGINT > dtt2.CVCHAR8 ;
cidx	CBIGINT	CVCHAR8
6	72036854775803	sssssss
7	72036854775804	ssssssss
8	72036854775805	ssssssss
9	72036854775806	ssssssss
10	72036854775807	zzzzzzzz
select dtt1.cidx, dtt1.CBIGINT, dtt2.CVCHAR8 from datatypetestm1 dtt1, datatypetestm2 dtt2 where dtt1.cidx = dtt2.cidx and dtt1.CBIGINT >= dtt2.CVCHAR8 ;
cidx	CBIGINT	CVCHAR8
6	72036854775803	sssssss
7	72036854775804	ssssssss
8	72036854775805	ssssssss
9	72036854775806	ssssssss
10	72036854775807	zzzzzzzz
select dtt1.cidx, dtt1.CBIGINT, dtt2.CVCHAR8 from datatypetestm1 dtt1, datatypetestm2 dtt2 where dtt1.cidx = dtt2.cidx and dtt1.CBIGINT <> dtt2.CVCHAR8 ;
cidx	CBIGINT	CVCHAR8
1	-72036854775806	aaaaaaaa
2	-72036854775805	h
3	-72036854775804	hh
4	-72036854775803	hhh
5	-72036854775802	hhhh
6	72036854775803	sssssss
7	72036854775804	ssssssss
8	72036854775805	ssssssss
9	72036854775806	ssssssss
10	72036854775807	zzzzzzzz
select dtt1.cidx, dtt1.CBIGINT, dtt2.CVCHAR8 from datatypetestm1 dtt1, datatypetestm2 dtt2 where dtt1.cidx = dtt2.cidx and dtt1.CBIGINT < dtt2.CVCHAR8 ;
cidx	CBIGINT	CVCHAR8
1	-72036854775806	aaaaaaaa
2	-72036854775805	h
3	-72036854775804	hh
4	-72036854775803	hhh
5	-72036854775802	hhhh
select dtt1.cidx, dtt1.CBIGINT, dtt2.CVCHAR8 from datatypetestm1 dtt1, datatypetestm2 dtt2 where dtt1.cidx = dtt2.cidx and dtt1.CBIGINT <= dtt2.CVCHAR8 ;
cidx	CBIGINT	CVCHAR8
1	-72036854775806	aaaaaaaa
2	-72036854775805	h
3	-72036854775804	hh
4	-72036854775803	hhh
5	-72036854775802	hhhh
