USE autopilot;
select cidx, CBIGINT, MAKEDATE(2010, CBIGINT) from datatypetestm order by cidx;
cidx	CBIGINT	MAKEDATE(2010, CBIGINT)
1	-72036854775806	NULL
select cidx, CBIGINT, MAKEDATE(2011, CBIGINT) from datatypetestm order by cidx;
cidx	CBIGINT	MAKEDATE(2011, CBIGINT)
1	-72036854775806	NULL
select cidx, CDECIMAL1, MAKEDATE(2010, CDECIMAL1) from datatypetestm order by cidx;
cidx	CDECIMAL1	MAKEDATE(2010, CDECIMAL1)
1	-9	NULL
select cidx, CDECIMAL1, MAKEDATE(2011, CDECIMAL1) from datatypetestm order by cidx;
cidx	CDECIMAL1	MAKEDATE(2011, CDECIMAL1)
1	-9	NULL
select cidx, CDECIMAL4, MAKEDATE(2010, CDECIMAL4) from datatypetestm order by cidx;
cidx	CDECIMAL4	MAKEDATE(2010, CDECIMAL4)
1	-999	NULL
select cidx, CDECIMAL4, MAKEDATE(2011, CDECIMAL4) from datatypetestm order by cidx;
cidx	CDECIMAL4	MAKEDATE(2011, CDECIMAL4)
1	-999	NULL
select cidx, CDECIMAL4_2, MAKEDATE(2010, CDECIMAL4_2) from datatypetestm order by cidx;
cidx	CDECIMAL4_2	MAKEDATE(2010, CDECIMAL4_2)
1	-9.99	NULL
select cidx, CDECIMAL4_2, MAKEDATE(2011, CDECIMAL4_2) from datatypetestm order by cidx;
cidx	CDECIMAL4_2	MAKEDATE(2011, CDECIMAL4_2)
1	-9.99	NULL
select cidx, CDECIMAL5, MAKEDATE(2010, CDECIMAL5) from datatypetestm order by cidx;
cidx	CDECIMAL5	MAKEDATE(2010, CDECIMAL5)
1	-999	NULL
select cidx, CDECIMAL5, MAKEDATE(2011, CDECIMAL5) from datatypetestm order by cidx;
cidx	CDECIMAL5	MAKEDATE(2011, CDECIMAL5)
1	-999	NULL
select cidx, CDECIMAL9, MAKEDATE(2010, CDECIMAL9) from datatypetestm order by cidx;
cidx	CDECIMAL9	MAKEDATE(2010, CDECIMAL9)
1	-999999	NULL
select cidx, CDECIMAL9, MAKEDATE(2011, CDECIMAL9) from datatypetestm order by cidx;
cidx	CDECIMAL9	MAKEDATE(2011, CDECIMAL9)
1	-999999	NULL
select cidx, CDECIMAL9_2, MAKEDATE(2010, CDECIMAL9_2) from datatypetestm order by cidx;
cidx	CDECIMAL9_2	MAKEDATE(2010, CDECIMAL9_2)
1	-9999.99	NULL
select cidx, CDECIMAL9_2, MAKEDATE(2011, CDECIMAL9_2) from datatypetestm order by cidx;
cidx	CDECIMAL9_2	MAKEDATE(2011, CDECIMAL9_2)
1	-9999.99	NULL
select cidx, CDECIMAL10, MAKEDATE(2010, CDECIMAL10) from datatypetestm order by cidx;
cidx	CDECIMAL10	MAKEDATE(2010, CDECIMAL10)
1	-9999999	NULL
select cidx, CDECIMAL10, MAKEDATE(2011, CDECIMAL10) from datatypetestm order by cidx;
cidx	CDECIMAL10	MAKEDATE(2011, CDECIMAL10)
1	-9999999	NULL
select cidx, CDECIMAL18, MAKEDATE(2010, CDECIMAL18) from datatypetestm order by cidx;
cidx	CDECIMAL18	MAKEDATE(2010, CDECIMAL18)
1	-9999999999999	NULL
select cidx, CDECIMAL18, MAKEDATE(2011, CDECIMAL18) from datatypetestm order by cidx;
cidx	CDECIMAL18	MAKEDATE(2011, CDECIMAL18)
1	-9999999999999	NULL
select cidx, CDECIMAL18_2, MAKEDATE(2010, CDECIMAL18_2) from datatypetestm order by cidx;
cidx	CDECIMAL18_2	MAKEDATE(2010, CDECIMAL18_2)
1	-99999999999.99	NULL
select cidx, CDECIMAL18_2, MAKEDATE(2011, CDECIMAL18_2) from datatypetestm order by cidx;
cidx	CDECIMAL18_2	MAKEDATE(2011, CDECIMAL18_2)
1	-99999999999.99	NULL
select cidx, CINTEGER, MAKEDATE(2010, CINTEGER) from datatypetestm order by cidx;
cidx	CINTEGER	MAKEDATE(2010, CINTEGER)
1	-7483646	NULL
select cidx, CINTEGER, MAKEDATE(2011, CINTEGER) from datatypetestm order by cidx;
cidx	CINTEGER	MAKEDATE(2011, CINTEGER)
1	-7483646	NULL
select cidx, CSMALLINT, MAKEDATE(2010, CSMALLINT) from datatypetestm order by cidx;
cidx	CSMALLINT	MAKEDATE(2010, CSMALLINT)
1	-766	NULL
select cidx, CSMALLINT, MAKEDATE(2011, CSMALLINT) from datatypetestm order by cidx;
cidx	CSMALLINT	MAKEDATE(2011, CSMALLINT)
1	-766	NULL
select cidx, CTINYINT, MAKEDATE(2010, CTINYINT) from datatypetestm order by cidx;
cidx	CTINYINT	MAKEDATE(2010, CTINYINT)
1	-26	NULL
select cidx, CTINYINT, MAKEDATE(2011, CTINYINT) from datatypetestm order by cidx;
cidx	CTINYINT	MAKEDATE(2011, CTINYINT)
1	-26	NULL
select cidx, CDOUBLE, MAKEDATE(2010, CDOUBLE) from datatypetestm order by cidx;
cidx	CDOUBLE	MAKEDATE(2010, CDOUBLE)
1	-1.797693231e108	NULL
select cidx, CDOUBLE, MAKEDATE(2011, CDOUBLE) from datatypetestm order by cidx;
cidx	CDOUBLE	MAKEDATE(2011, CDOUBLE)
1	-1.797693231e108	NULL
select cidx, CFLOAT, MAKEDATE(2010, CFLOAT) from datatypetestm order by cidx;
cidx	CFLOAT	MAKEDATE(2010, CFLOAT)
1	-3.40287e18	NULL
select cidx, CFLOAT, MAKEDATE(2011, CFLOAT) from datatypetestm order by cidx;
cidx	CFLOAT	MAKEDATE(2011, CFLOAT)
1	-3.40287e18	NULL
select cidx, CBIGINT from datatypetestm where MAKEDATE(2010, CBIGINT) <> 0 order by cidx;
cidx	CBIGINT
select cidx, CBIGINT from datatypetestm where MAKEDATE(2011, CBIGINT) <> 0 order by cidx;
cidx	CBIGINT
select cidx, CDECIMAL1 from datatypetestm where MAKEDATE(2010, CDECIMAL1) <> 0 order by cidx;
cidx	CDECIMAL1
select cidx, CDECIMAL1 from datatypetestm where MAKEDATE(2011, CDECIMAL1) <> 0 order by cidx;
cidx	CDECIMAL1
select cidx, CDECIMAL4 from datatypetestm where MAKEDATE(2010, CDECIMAL4) <> 0 order by cidx;
cidx	CDECIMAL4
select cidx, CDECIMAL4 from datatypetestm where MAKEDATE(2011, CDECIMAL4) <> 0 order by cidx;
cidx	CDECIMAL4
select cidx, CDECIMAL4_2 from datatypetestm where MAKEDATE(2010, CDECIMAL4_2) <> 0 order by cidx;
cidx	CDECIMAL4_2
select cidx, CDECIMAL4_2 from datatypetestm where MAKEDATE(2011, CDECIMAL4_2) <> 0 order by cidx;
cidx	CDECIMAL4_2
select cidx, CDECIMAL5 from datatypetestm where MAKEDATE(2010, CDECIMAL5) <> 0 order by cidx;
cidx	CDECIMAL5
select cidx, CDECIMAL5 from datatypetestm where MAKEDATE(2011, CDECIMAL5) <> 0 order by cidx;
cidx	CDECIMAL5
select cidx, CDECIMAL9 from datatypetestm where MAKEDATE(2010, CDECIMAL9) <> 0 order by cidx;
cidx	CDECIMAL9
select cidx, CDECIMAL9 from datatypetestm where MAKEDATE(2011, CDECIMAL9) <> 0 order by cidx;
cidx	CDECIMAL9
select cidx, CDECIMAL9_2 from datatypetestm where MAKEDATE(2010, CDECIMAL9_2) <> 0 order by cidx;
cidx	CDECIMAL9_2
select cidx, CDECIMAL9_2 from datatypetestm where MAKEDATE(2011, CDECIMAL9_2) <> 0 order by cidx;
cidx	CDECIMAL9_2
select cidx, CDECIMAL10 from datatypetestm where MAKEDATE(2010, CDECIMAL10) <> 0 order by cidx;
cidx	CDECIMAL10
select cidx, CDECIMAL10 from datatypetestm where MAKEDATE(2011, CDECIMAL10) <> 0 order by cidx;
cidx	CDECIMAL10
select cidx, CDECIMAL18 from datatypetestm where MAKEDATE(2010, CDECIMAL18) <> 0 order by cidx;
cidx	CDECIMAL18
select cidx, CDECIMAL18 from datatypetestm where MAKEDATE(2011, CDECIMAL18) <> 0 order by cidx;
cidx	CDECIMAL18
select cidx, CDECIMAL18_2 from datatypetestm where MAKEDATE(2010, CDECIMAL18_2) <> 0 order by cidx;
cidx	CDECIMAL18_2
select cidx, CDECIMAL18_2 from datatypetestm where MAKEDATE(2011, CDECIMAL18_2) <> 0 order by cidx;
cidx	CDECIMAL18_2
select cidx, CINTEGER from datatypetestm where MAKEDATE(2010, CINTEGER) <> 0 order by cidx;
cidx	CINTEGER
select cidx, CINTEGER from datatypetestm where MAKEDATE(2011, CINTEGER) <> 0 order by cidx;
cidx	CINTEGER
select cidx, CSMALLINT from datatypetestm where MAKEDATE(2010, CSMALLINT) <> 0 order by cidx;
cidx	CSMALLINT
select cidx, CSMALLINT from datatypetestm where MAKEDATE(2011, CSMALLINT) <> 0 order by cidx;
cidx	CSMALLINT
select cidx, CTINYINT from datatypetestm where MAKEDATE(2010, CTINYINT) <> 0 order by cidx;
cidx	CTINYINT
select cidx, CTINYINT from datatypetestm where MAKEDATE(2011, CTINYINT) <> 0 order by cidx;
cidx	CTINYINT
select cidx, CDOUBLE from datatypetestm where MAKEDATE(2010, CDOUBLE) <> 0 order by cidx;
cidx	CDOUBLE
select cidx, CDOUBLE from datatypetestm where MAKEDATE(2011, CDOUBLE) <> 0 order by cidx;
cidx	CDOUBLE
select cidx, CFLOAT from datatypetestm where MAKEDATE(2010, CFLOAT) <> 0 order by cidx;
cidx	CFLOAT
select cidx, CFLOAT from datatypetestm where MAKEDATE(2011, CFLOAT) <> 0 order by cidx;
cidx	CFLOAT
