USE autopilot;
select dtt1.cidx, dtt1.CBIGINT, dtt2.CSMALLINT from datatypetestm1 dtt1, datatypetestm2 dtt2 where dtt1.cidx = dtt2.cidx and dtt1.CBIGINT > dtt2.CSMALLINT ;
cidx	CBIGINT	CSMALLINT
6	72036854775803	763
7	72036854775804	764
8	72036854775805	765
9	72036854775806	766
10	72036854775807	767
select dtt1.cidx, dtt1.CBIGINT, dtt2.CSMALLINT from datatypetestm1 dtt1, datatypetestm2 dtt2 where dtt1.cidx = dtt2.cidx and dtt1.CBIGINT >= dtt2.CSMALLINT ;
cidx	CBIGINT	CSMALLINT
6	72036854775803	763
7	72036854775804	764
8	72036854775805	765
9	72036854775806	766
10	72036854775807	767
11	0	0
select dtt1.cidx, dtt1.CBIGINT, dtt2.CSMALLINT from datatypetestm1 dtt1, datatypetestm2 dtt2 where dtt1.cidx = dtt2.cidx and dtt1.CBIGINT <> dtt2.CSMALLINT ;
cidx	CBIGINT	CSMALLINT
1	-72036854775806	-766
2	-72036854775805	-765
3	-72036854775804	-764
4	-72036854775803	-763
5	-72036854775802	-762
6	72036854775803	763
7	72036854775804	764
8	72036854775805	765
9	72036854775806	766
10	72036854775807	767
select dtt1.cidx, dtt1.CBIGINT, dtt2.CSMALLINT from datatypetestm1 dtt1, datatypetestm2 dtt2 where dtt1.cidx = dtt2.cidx and dtt1.CBIGINT < dtt2.CSMALLINT ;
cidx	CBIGINT	CSMALLINT
1	-72036854775806	-766
2	-72036854775805	-765
3	-72036854775804	-764
4	-72036854775803	-763
5	-72036854775802	-762
select dtt1.cidx, dtt1.CBIGINT, dtt2.CSMALLINT from datatypetestm1 dtt1, datatypetestm2 dtt2 where dtt1.cidx = dtt2.cidx and dtt1.CBIGINT <= dtt2.CSMALLINT ;
cidx	CBIGINT	CSMALLINT
1	-72036854775806	-766
2	-72036854775805	-765
3	-72036854775804	-764
4	-72036854775803	-763
5	-72036854775802	-762
11	0	0
