USE autopilot;
select dtt1.cidx, dtt1.CCHAR8, dtt2.CDECIMAL9 from datatypetestm1 dtt1, datatypetestm2 dtt2 where dtt1.cidx = dtt2.cidx and dtt1.CCHAR8 > dtt2.CDECIMAL9 ;
cidx	CCHAR8	CDECIMAL9
1	aaaaaaaa	-999999
2	h	-999998
3	hh	-999997
4	hhh	-999996
5	hhhh	-999995
select dtt1.cidx, dtt1.CCHAR8, dtt2.CDECIMAL9 from datatypetestm1 dtt1, datatypetestm2 dtt2 where dtt1.cidx = dtt2.cidx and dtt1.CCHAR8 >= dtt2.CDECIMAL9 ;
cidx	CCHAR8	CDECIMAL9
1	aaaaaaaa	-999999
2	h	-999998
3	hh	-999997
4	hhh	-999996
5	hhhh	-999995
select dtt1.cidx, dtt1.CCHAR8, dtt2.CDECIMAL9 from datatypetestm1 dtt1, datatypetestm2 dtt2 where dtt1.cidx = dtt2.cidx and dtt1.CCHAR8 <> dtt2.CDECIMAL9 ;
cidx	CCHAR8	CDECIMAL9
1	aaaaaaaa	-999999
2	h	-999998
3	hh	-999997
4	hhh	-999996
5	hhhh	-999995
6	sssssss	999995
7	ssssssss	999996
8	ssssssss	999997
9	ssssssss	999998
10	zzzzzzzz	999999
select dtt1.cidx, dtt1.CCHAR8, dtt2.CDECIMAL9 from datatypetestm1 dtt1, datatypetestm2 dtt2 where dtt1.cidx = dtt2.cidx and dtt1.CCHAR8 < dtt2.CDECIMAL9 ;
cidx	CCHAR8	CDECIMAL9
6	sssssss	999995
7	ssssssss	999996
8	ssssssss	999997
9	ssssssss	999998
10	zzzzzzzz	999999
select dtt1.cidx, dtt1.CCHAR8, dtt2.CDECIMAL9 from datatypetestm1 dtt1, datatypetestm2 dtt2 where dtt1.cidx = dtt2.cidx and dtt1.CCHAR8 <= dtt2.CDECIMAL9 ;
cidx	CCHAR8	CDECIMAL9
6	sssssss	999995
7	ssssssss	999996
8	ssssssss	999997
9	ssssssss	999998
10	zzzzzzzz	999999
