USE autopilot;
select dtt1.cidx, dtt1.CCHAR5, dtt2.CTINYTEXT from datatypetestm1 dtt1, datatypetestm2 dtt2 where dtt1.cidx = dtt2.cidx and dtt1.CCHAR5 > dtt2.CTINYTEXT ;
cidx	CCHAR5	CTINYTEXT
6	vvvvv	tinytext
7	vvvvv	tinytext
8	vvvvv	tinytext
9	vvvvv	tinytext
10	zzzzz	tinytext
select dtt1.cidx, dtt1.CCHAR5, dtt2.CTINYTEXT from datatypetestm1 dtt1, datatypetestm2 dtt2 where dtt1.cidx = dtt2.cidx and dtt1.CCHAR5 >= dtt2.CTINYTEXT ;
cidx	CCHAR5	CTINYTEXT
6	vvvvv	tinytext
7	vvvvv	tinytext
8	vvvvv	tinytext
9	vvvvv	tinytext
10	zzzzz	tinytext
select dtt1.cidx, dtt1.CCHAR5, dtt2.CTINYTEXT from datatypetestm1 dtt1, datatypetestm2 dtt2 where dtt1.cidx = dtt2.cidx and dtt1.CCHAR5 <> dtt2.CTINYTEXT ;
cidx	CCHAR5	CTINYTEXT
1	aaaaa	tinytext
2	e	tinytext
3	ee	tinytext
4	eee	tinytext
5	eeee	tinytext
6	vvvvv	tinytext
7	vvvvv	tinytext
8	vvvvv	tinytext
9	vvvvv	tinytext
10	zzzzz	tinytext
select dtt1.cidx, dtt1.CCHAR5, dtt2.CTINYTEXT from datatypetestm1 dtt1, datatypetestm2 dtt2 where dtt1.cidx = dtt2.cidx and dtt1.CCHAR5 < dtt2.CTINYTEXT ;
cidx	CCHAR5	CTINYTEXT
1	aaaaa	tinytext
2	e	tinytext
3	ee	tinytext
4	eee	tinytext
5	eeee	tinytext
select dtt1.cidx, dtt1.CCHAR5, dtt2.CTINYTEXT from datatypetestm1 dtt1, datatypetestm2 dtt2 where dtt1.cidx = dtt2.cidx and dtt1.CCHAR5 <= dtt2.CTINYTEXT ;
cidx	CCHAR5	CTINYTEXT
1	aaaaa	tinytext
2	e	tinytext
3	ee	tinytext
4	eee	tinytext
5	eeee	tinytext
