USE autopilot;
select dtt1.cidx, dtt1.CCHAR8, dtt2.CDECIMAL4_2 from datatypetestm1 dtt1, datatypetestm2 dtt2 where dtt1.cidx = dtt2.cidx and dtt1.CCHAR8 > dtt2.CDECIMAL4_2 ;
cidx	CCHAR8	CDECIMAL4_2
1	aaaaaaaa	-9.99
2	h	-9.98
3	hh	-9.97
4	hhh	-9.96
5	hhhh	-9.95
select dtt1.cidx, dtt1.CCHAR8, dtt2.CDECIMAL4_2 from datatypetestm1 dtt1, datatypetestm2 dtt2 where dtt1.cidx = dtt2.cidx and dtt1.CCHAR8 >= dtt2.CDECIMAL4_2 ;
cidx	CCHAR8	CDECIMAL4_2
1	aaaaaaaa	-9.99
2	h	-9.98
3	hh	-9.97
4	hhh	-9.96
5	hhhh	-9.95
select dtt1.cidx, dtt1.CCHAR8, dtt2.CDECIMAL4_2 from datatypetestm1 dtt1, datatypetestm2 dtt2 where dtt1.cidx = dtt2.cidx and dtt1.CCHAR8 <> dtt2.CDECIMAL4_2 ;
cidx	CCHAR8	CDECIMAL4_2
1	aaaaaaaa	-9.99
2	h	-9.98
3	hh	-9.97
4	hhh	-9.96
5	hhhh	-9.95
6	sssssss	9.95
7	ssssssss	9.96
8	ssssssss	9.97
9	ssssssss	9.98
10	zzzzzzzz	9.99
select dtt1.cidx, dtt1.CCHAR8, dtt2.CDECIMAL4_2 from datatypetestm1 dtt1, datatypetestm2 dtt2 where dtt1.cidx = dtt2.cidx and dtt1.CCHAR8 < dtt2.CDECIMAL4_2 ;
cidx	CCHAR8	CDECIMAL4_2
6	sssssss	9.95
7	ssssssss	9.96
8	ssssssss	9.97
9	ssssssss	9.98
10	zzzzzzzz	9.99
select dtt1.cidx, dtt1.CCHAR8, dtt2.CDECIMAL4_2 from datatypetestm1 dtt1, datatypetestm2 dtt2 where dtt1.cidx = dtt2.cidx and dtt1.CCHAR8 <= dtt2.CDECIMAL4_2 ;
cidx	CCHAR8	CDECIMAL4_2
6	sssssss	9.95
7	ssssssss	9.96
8	ssssssss	9.97
9	ssssssss	9.98
10	zzzzzzzz	9.99
