USE autopilot;
select dtt1.cidx, dtt1.CCHAR7, dtt2.CVCHAR1 from datatypetestm1 dtt1, datatypetestm2 dtt2 where dtt1.cidx = dtt2.cidx and dtt1.CCHAR7 > dtt2.CVCHAR1 ;
cidx	CCHAR7	CVCHAR1
1	aaaaaaa	a
2	g	a
3	gg	a
4	ggg	a
5	gggg	a
10	zzzzzzz	z
select dtt1.cidx, dtt1.CCHAR7, dtt2.CVCHAR1 from datatypetestm1 dtt1, datatypetestm2 dtt2 where dtt1.cidx = dtt2.cidx and dtt1.CCHAR7 >= dtt2.CVCHAR1 ;
cidx	CCHAR7	CVCHAR1
1	aaaaaaa	a
2	g	a
3	gg	a
4	ggg	a
5	gggg	a
10	zzzzzzz	z
select dtt1.cidx, dtt1.CCHAR7, dtt2.CVCHAR1 from datatypetestm1 dtt1, datatypetestm2 dtt2 where dtt1.cidx = dtt2.cidx and dtt1.CCHAR7 <> dtt2.CVCHAR1 ;
cidx	CCHAR7	CVCHAR1
1	aaaaaaa	a
2	g	a
3	gg	a
4	ggg	a
5	gggg	a
6	ttttttt	z
7	ttttttt	z
8	ttttttt	z
9	ttttttt	z
10	zzzzzzz	z
select dtt1.cidx, dtt1.CCHAR7, dtt2.CVCHAR1 from datatypetestm1 dtt1, datatypetestm2 dtt2 where dtt1.cidx = dtt2.cidx and dtt1.CCHAR7 < dtt2.CVCHAR1 ;
cidx	CCHAR7	CVCHAR1
6	ttttttt	z
7	ttttttt	z
8	ttttttt	z
9	ttttttt	z
select dtt1.cidx, dtt1.CCHAR7, dtt2.CVCHAR1 from datatypetestm1 dtt1, datatypetestm2 dtt2 where dtt1.cidx = dtt2.cidx and dtt1.CCHAR7 <= dtt2.CVCHAR1 ;
cidx	CCHAR7	CVCHAR1
6	ttttttt	z
7	ttttttt	z
8	ttttttt	z
9	ttttttt	z
