USE autopilot;
select cidx, CBIGINT, CHAR_LENGTH(CBIGINT) from datatypetestm order by cidx;
cidx	CBIGINT	CHAR_LENGTH(CBIGINT)
1	-72036854775806	15
select cidx, CDECIMAL1, CHAR_LENGTH(CDECIMAL1) from datatypetestm order by cidx;
cidx	CDECIMAL1	CHAR_LENGTH(CDECIMAL1)
1	-9	2
select cidx, CDECIMAL4, CHAR_LENGTH(CDECIMAL4) from datatypetestm order by cidx;
cidx	CDECIMAL4	CHAR_LENGTH(CDECIMAL4)
1	-999	4
select cidx, CDECIMAL4_2, CHAR_LENGTH(CDECIMAL4_2) from datatypetestm order by cidx;
cidx	CDECIMAL4_2	CHAR_LENGTH(CDECIMAL4_2)
1	-9.99	5
select cidx, CDECIMAL5, CHAR_LENGTH(CDECIMAL5) from datatypetestm order by cidx;
cidx	CDECIMAL5	CHAR_LENGTH(CDECIMAL5)
1	-999	4
select cidx, CDECIMAL9, CHAR_LENGTH(CDECIMAL9) from datatypetestm order by cidx;
cidx	CDECIMAL9	CHAR_LENGTH(CDECIMAL9)
1	-999999	7
select cidx, CDECIMAL9_2, CHAR_LENGTH(CDECIMAL9_2) from datatypetestm order by cidx;
cidx	CDECIMAL9_2	CHAR_LENGTH(CDECIMAL9_2)
1	-9999.99	8
select cidx, CDECIMAL10, CHAR_LENGTH(CDECIMAL10) from datatypetestm order by cidx;
cidx	CDECIMAL10	CHAR_LENGTH(CDECIMAL10)
1	-9999999	8
select cidx, CDECIMAL18, CHAR_LENGTH(CDECIMAL18) from datatypetestm order by cidx;
cidx	CDECIMAL18	CHAR_LENGTH(CDECIMAL18)
1	-9999999999999	14
select cidx, CDECIMAL18_2, CHAR_LENGTH(CDECIMAL18_2) from datatypetestm order by cidx;
cidx	CDECIMAL18_2	CHAR_LENGTH(CDECIMAL18_2)
1	-99999999999.99	15
select cidx, CINTEGER, CHAR_LENGTH(CINTEGER) from datatypetestm order by cidx;
cidx	CINTEGER	CHAR_LENGTH(CINTEGER)
1	-7483646	8
select cidx, CSMALLINT, CHAR_LENGTH(CSMALLINT) from datatypetestm order by cidx;
cidx	CSMALLINT	CHAR_LENGTH(CSMALLINT)
1	-766	4
select cidx, CTINYINT, CHAR_LENGTH(CTINYINT) from datatypetestm order by cidx;
cidx	CTINYINT	CHAR_LENGTH(CTINYINT)
1	-26	3
select cidx, CDOUBLE, CHAR_LENGTH(CDOUBLE) from datatypetestm order by cidx;
cidx	CDOUBLE	CHAR_LENGTH(CDOUBLE)
1	-1.797693231e108	16
select cidx, CFLOAT, CHAR_LENGTH(CFLOAT) from datatypetestm order by cidx;
cidx	CFLOAT	CHAR_LENGTH(CFLOAT)
1	-3.40287e18	11
select cidx, CBIGINT from datatypetestm order by CHAR_LENGTH(CBIGINT), cidx;
cidx	CBIGINT
1	-72036854775806
select cidx, CDECIMAL1 from datatypetestm order by CHAR_LENGTH(CDECIMAL1), cidx;
cidx	CDECIMAL1
1	-9
select cidx, CDECIMAL4 from datatypetestm order by CHAR_LENGTH(CDECIMAL4), cidx;
cidx	CDECIMAL4
1	-999
select cidx, CDECIMAL4_2 from datatypetestm order by CHAR_LENGTH(CDECIMAL4_2), cidx;
cidx	CDECIMAL4_2
1	-9.99
select cidx, CDECIMAL5 from datatypetestm order by CHAR_LENGTH(CDECIMAL5), cidx;
cidx	CDECIMAL5
1	-999
select cidx, CDECIMAL9 from datatypetestm order by CHAR_LENGTH(CDECIMAL9), cidx;
cidx	CDECIMAL9
1	-999999
select cidx, CDECIMAL9_2 from datatypetestm order by CHAR_LENGTH(CDECIMAL9_2), cidx;
cidx	CDECIMAL9_2
1	-9999.99
select cidx, CDECIMAL10 from datatypetestm order by CHAR_LENGTH(CDECIMAL10), cidx;
cidx	CDECIMAL10
1	-9999999
select cidx, CDECIMAL18 from datatypetestm order by CHAR_LENGTH(CDECIMAL18), cidx;
cidx	CDECIMAL18
1	-9999999999999
select cidx, CDECIMAL18_2 from datatypetestm order by CHAR_LENGTH(CDECIMAL18_2), cidx;
cidx	CDECIMAL18_2
1	-99999999999.99
select cidx, CINTEGER from datatypetestm order by CHAR_LENGTH(CINTEGER), cidx;
cidx	CINTEGER
1	-7483646
select cidx, CSMALLINT from datatypetestm order by CHAR_LENGTH(CSMALLINT), cidx;
cidx	CSMALLINT
1	-766
select cidx, CTINYINT from datatypetestm order by CHAR_LENGTH(CTINYINT), cidx;
cidx	CTINYINT
1	-26
select cidx, CDOUBLE from datatypetestm order by CHAR_LENGTH(CDOUBLE), cidx;
cidx	CDOUBLE
1	-1.797693231e108
select cidx, CFLOAT from datatypetestm order by CHAR_LENGTH(CFLOAT), cidx;
cidx	CFLOAT
1	-3.40287e18
