USE autopilot;
select dtt1.cidx, dtt1.CDATETIME, dtt2.CCHAR3 from datatypetestm1 dtt1, datatypetestm2 dtt2 where dtt1.cidx = dtt2.cidx and dtt1.CDATETIME > dtt2.CCHAR3 ;
cidx	CDATETIME	CCHAR3
1	1997-01-01 00:00:00	aaa
2	1997-01-01 00:00:01	c
3	1997-01-02 00:00:01	cc
4	1997-01-03 00:00:02	ccc
5	1997-01-04 00:00:03	ccc
6	2009-12-31 23:59:56	xxx
7	2009-12-31 23:59:57	xxx
8	2009-12-31 23:59:58	xxx
9	2009-12-31 23:59:59	xxx
10	2009-12-31 23:59:59	zzz
select dtt1.cidx, dtt1.CDATETIME, dtt2.CCHAR3 from datatypetestm1 dtt1, datatypetestm2 dtt2 where dtt1.cidx = dtt2.cidx and dtt1.CDATETIME >= dtt2.CCHAR3 ;
cidx	CDATETIME	CCHAR3
1	1997-01-01 00:00:00	aaa
2	1997-01-01 00:00:01	c
3	1997-01-02 00:00:01	cc
4	1997-01-03 00:00:02	ccc
5	1997-01-04 00:00:03	ccc
6	2009-12-31 23:59:56	xxx
7	2009-12-31 23:59:57	xxx
8	2009-12-31 23:59:58	xxx
9	2009-12-31 23:59:59	xxx
10	2009-12-31 23:59:59	zzz
select dtt1.cidx, dtt1.CDATETIME, dtt2.CCHAR3 from datatypetestm1 dtt1, datatypetestm2 dtt2 where dtt1.cidx = dtt2.cidx and dtt1.CDATETIME <> dtt2.CCHAR3 ;
cidx	CDATETIME	CCHAR3
1	1997-01-01 00:00:00	aaa
2	1997-01-01 00:00:01	c
3	1997-01-02 00:00:01	cc
4	1997-01-03 00:00:02	ccc
5	1997-01-04 00:00:03	ccc
6	2009-12-31 23:59:56	xxx
7	2009-12-31 23:59:57	xxx
8	2009-12-31 23:59:58	xxx
9	2009-12-31 23:59:59	xxx
10	2009-12-31 23:59:59	zzz
select dtt1.cidx, dtt1.CDATETIME, dtt2.CCHAR3 from datatypetestm1 dtt1, datatypetestm2 dtt2 where dtt1.cidx = dtt2.cidx and dtt1.CDATETIME < dtt2.CCHAR3 ;
cidx	CDATETIME	CCHAR3
select dtt1.cidx, dtt1.CDATETIME, dtt2.CCHAR3 from datatypetestm1 dtt1, datatypetestm2 dtt2 where dtt1.cidx = dtt2.cidx and dtt1.CDATETIME <= dtt2.CCHAR3 ;
cidx	CDATETIME	CCHAR3
