USE autopilot;
select dtt1.cidx, dtt1.CCHAR6, dtt2.CMEDIUMINT from datatypetestm1 dtt1, datatypetestm2 dtt2 where dtt1.cidx = dtt2.cidx and dtt1.CCHAR6 > dtt2.CMEDIUMINT ;
cidx	CCHAR6	CMEDIUMINT
select dtt1.cidx, dtt1.CCHAR6, dtt2.CMEDIUMINT from datatypetestm1 dtt1, datatypetestm2 dtt2 where dtt1.cidx = dtt2.cidx and dtt1.CCHAR6 >= dtt2.CMEDIUMINT ;
cidx	CCHAR6	CMEDIUMINT
select dtt1.cidx, dtt1.CCHAR6, dtt2.CMEDIUMINT from datatypetestm1 dtt1, datatypetestm2 dtt2 where dtt1.cidx = dtt2.cidx and dtt1.CCHAR6 <> dtt2.CMEDIUMINT ;
cidx	CCHAR6	CMEDIUMINT
1	aaaaaa	1000
2	f	1000
3	ff	1000
4	fff	1000
5	ffff	1000
6	uuuuuu	1000
7	uuuuuu	1000
8	uuuuuu	1000
9	uuuuuu	1000
10	zzzzzz	1000
select dtt1.cidx, dtt1.CCHAR6, dtt2.CMEDIUMINT from datatypetestm1 dtt1, datatypetestm2 dtt2 where dtt1.cidx = dtt2.cidx and dtt1.CCHAR6 < dtt2.CMEDIUMINT ;
cidx	CCHAR6	CMEDIUMINT
1	aaaaaa	1000
2	f	1000
3	ff	1000
4	fff	1000
5	ffff	1000
6	uuuuuu	1000
7	uuuuuu	1000
8	uuuuuu	1000
9	uuuuuu	1000
10	zzzzzz	1000
select dtt1.cidx, dtt1.CCHAR6, dtt2.CMEDIUMINT from datatypetestm1 dtt1, datatypetestm2 dtt2 where dtt1.cidx = dtt2.cidx and dtt1.CCHAR6 <= dtt2.CMEDIUMINT ;
cidx	CCHAR6	CMEDIUMINT
1	aaaaaa	1000
2	f	1000
3	ff	1000
4	fff	1000
5	ffff	1000
6	uuuuuu	1000
7	uuuuuu	1000
8	uuuuuu	1000
9	uuuuuu	1000
10	zzzzzz	1000
