USE autopilot;
select cidx, CBIGINT, ROUND(CBIGINT) from datatypetestm order by cidx;
cidx	CBIGINT	ROUND(CBIGINT)
1	-72036854775806	-72036854775806
select cidx, CBIGINT, ROUND(CBIGINT,1) from datatypetestm order by cidx;
cidx	CBIGINT	ROUND(CBIGINT,1)
1	-72036854775806	-72036854775806
select cidx, CBIGINT, ROUND(CBIGINT,2) from datatypetestm order by cidx;
cidx	CBIGINT	ROUND(CBIGINT,2)
1	-72036854775806	-72036854775806
select cidx, CBIGINT, ROUND(CBIGINT,0) from datatypetestm order by cidx;
cidx	CBIGINT	ROUND(CBIGINT,0)
1	-72036854775806	-72036854775806
select cidx, CBIGINT, ROUND(CBIGINT,-2) from datatypetestm order by cidx;
cidx	CBIGINT	ROUND(CBIGINT,-2)
1	-72036854775806	-72036854775800
select cidx, CBIGINT, ROUND(CBIGINT,-1) from datatypetestm order by cidx;
cidx	CBIGINT	ROUND(CBIGINT,-1)
1	-72036854775806	-72036854775810
select cidx, CDECIMAL1, ROUND(CDECIMAL1) from datatypetestm order by cidx;
cidx	CDECIMAL1	ROUND(CDECIMAL1)
1	-9	-9
select cidx, CDECIMAL1, ROUND(CDECIMAL1,1) from datatypetestm order by cidx;
cidx	CDECIMAL1	ROUND(CDECIMAL1,1)
1	-9	-9.0
select cidx, CDECIMAL1, ROUND(CDECIMAL1,2) from datatypetestm order by cidx;
cidx	CDECIMAL1	ROUND(CDECIMAL1,2)
1	-9	-9.00
select cidx, CDECIMAL1, ROUND(CDECIMAL1,0) from datatypetestm order by cidx;
cidx	CDECIMAL1	ROUND(CDECIMAL1,0)
1	-9	-9
select cidx, CDECIMAL1, ROUND(CDECIMAL1,-2) from datatypetestm order by cidx;
cidx	CDECIMAL1	ROUND(CDECIMAL1,-2)
1	-9	0
select cidx, CDECIMAL1, ROUND(CDECIMAL1,-1) from datatypetestm order by cidx;
cidx	CDECIMAL1	ROUND(CDECIMAL1,-1)
1	-9	-9
select cidx, CDECIMAL4, ROUND(CDECIMAL4) from datatypetestm order by cidx;
cidx	CDECIMAL4	ROUND(CDECIMAL4)
1	-999	-999
select cidx, CDECIMAL4, ROUND(CDECIMAL4,1) from datatypetestm order by cidx;
cidx	CDECIMAL4	ROUND(CDECIMAL4,1)
1	-999	-999.0
select cidx, CDECIMAL4, ROUND(CDECIMAL4,2) from datatypetestm order by cidx;
cidx	CDECIMAL4	ROUND(CDECIMAL4,2)
1	-999	-999.00
select cidx, CDECIMAL4, ROUND(CDECIMAL4,0) from datatypetestm order by cidx;
cidx	CDECIMAL4	ROUND(CDECIMAL4,0)
1	-999	-999
select cidx, CDECIMAL4, ROUND(CDECIMAL4,-2) from datatypetestm order by cidx;
cidx	CDECIMAL4	ROUND(CDECIMAL4,-2)
1	-999	-1000
select cidx, CDECIMAL4, ROUND(CDECIMAL4,-1) from datatypetestm order by cidx;
cidx	CDECIMAL4	ROUND(CDECIMAL4,-1)
1	-999	-1000
select cidx, CDECIMAL4_2, ROUND(CDECIMAL4_2) from datatypetestm order by cidx;
cidx	CDECIMAL4_2	ROUND(CDECIMAL4_2)
1	-9.99	-10
select cidx, CDECIMAL4_2, ROUND(CDECIMAL4_2,1) from datatypetestm order by cidx;
cidx	CDECIMAL4_2	ROUND(CDECIMAL4_2,1)
1	-9.99	-10.0
select cidx, CDECIMAL4_2, ROUND(CDECIMAL4_2,2) from datatypetestm order by cidx;
cidx	CDECIMAL4_2	ROUND(CDECIMAL4_2,2)
1	-9.99	-9.99
select cidx, CDECIMAL4_2, ROUND(CDECIMAL4_2,0) from datatypetestm order by cidx;
cidx	CDECIMAL4_2	ROUND(CDECIMAL4_2,0)
1	-9.99	-10
select cidx, CDECIMAL4_2, ROUND(CDECIMAL4_2,-2) from datatypetestm order by cidx;
cidx	CDECIMAL4_2	ROUND(CDECIMAL4_2,-2)
1	-9.99	0
select cidx, CDECIMAL4_2, ROUND(CDECIMAL4_2,-1) from datatypetestm order by cidx;
cidx	CDECIMAL4_2	ROUND(CDECIMAL4_2,-1)
1	-9.99	-10
select cidx, CDECIMAL5, ROUND(CDECIMAL5) from datatypetestm order by cidx;
cidx	CDECIMAL5	ROUND(CDECIMAL5)
1	-999	-999
select cidx, CDECIMAL5, ROUND(CDECIMAL5,1) from datatypetestm order by cidx;
cidx	CDECIMAL5	ROUND(CDECIMAL5,1)
1	-999	-999.0
select cidx, CDECIMAL5, ROUND(CDECIMAL5,2) from datatypetestm order by cidx;
cidx	CDECIMAL5	ROUND(CDECIMAL5,2)
1	-999	-999.00
select cidx, CDECIMAL5, ROUND(CDECIMAL5,0) from datatypetestm order by cidx;
cidx	CDECIMAL5	ROUND(CDECIMAL5,0)
1	-999	-999
select cidx, CDECIMAL5, ROUND(CDECIMAL5,-2) from datatypetestm order by cidx;
cidx	CDECIMAL5	ROUND(CDECIMAL5,-2)
1	-999	-1000
select cidx, CDECIMAL5, ROUND(CDECIMAL5,-1) from datatypetestm order by cidx;
cidx	CDECIMAL5	ROUND(CDECIMAL5,-1)
1	-999	-1000
select cidx, CDECIMAL9, ROUND(CDECIMAL9) from datatypetestm order by cidx;
cidx	CDECIMAL9	ROUND(CDECIMAL9)
1	-999999	-999999
select cidx, CDECIMAL9, ROUND(CDECIMAL9,1) from datatypetestm order by cidx;
cidx	CDECIMAL9	ROUND(CDECIMAL9,1)
1	-999999	-999999.0
select cidx, CDECIMAL9, ROUND(CDECIMAL9,2) from datatypetestm order by cidx;
cidx	CDECIMAL9	ROUND(CDECIMAL9,2)
1	-999999	-999999.00
select cidx, CDECIMAL9, ROUND(CDECIMAL9,0) from datatypetestm order by cidx;
cidx	CDECIMAL9	ROUND(CDECIMAL9,0)
1	-999999	-999999
select cidx, CDECIMAL9, ROUND(CDECIMAL9,-2) from datatypetestm order by cidx;
cidx	CDECIMAL9	ROUND(CDECIMAL9,-2)
1	-999999	-1000000
select cidx, CDECIMAL9, ROUND(CDECIMAL9,-1) from datatypetestm order by cidx;
cidx	CDECIMAL9	ROUND(CDECIMAL9,-1)
1	-999999	-1000000
select cidx, CDECIMAL9_2, ROUND(CDECIMAL9_2) from datatypetestm order by cidx;
cidx	CDECIMAL9_2	ROUND(CDECIMAL9_2)
1	-9999.99	-10000
select cidx, CDECIMAL9_2, ROUND(CDECIMAL9_2,1) from datatypetestm order by cidx;
cidx	CDECIMAL9_2	ROUND(CDECIMAL9_2,1)
1	-9999.99	-10000.0
select cidx, CDECIMAL9_2, ROUND(CDECIMAL9_2,2) from datatypetestm order by cidx;
cidx	CDECIMAL9_2	ROUND(CDECIMAL9_2,2)
1	-9999.99	-9999.99
select cidx, CDECIMAL9_2, ROUND(CDECIMAL9_2,0) from datatypetestm order by cidx;
cidx	CDECIMAL9_2	ROUND(CDECIMAL9_2,0)
1	-9999.99	-10000
select cidx, CDECIMAL9_2, ROUND(CDECIMAL9_2,-2) from datatypetestm order by cidx;
cidx	CDECIMAL9_2	ROUND(CDECIMAL9_2,-2)
1	-9999.99	-10000
select cidx, CDECIMAL9_2, ROUND(CDECIMAL9_2,-1) from datatypetestm order by cidx;
cidx	CDECIMAL9_2	ROUND(CDECIMAL9_2,-1)
1	-9999.99	-10000
select cidx, CDECIMAL10, ROUND(CDECIMAL10) from datatypetestm order by cidx;
cidx	CDECIMAL10	ROUND(CDECIMAL10)
1	-9999999	-9999999
select cidx, CDECIMAL10, ROUND(CDECIMAL10,1) from datatypetestm order by cidx;
cidx	CDECIMAL10	ROUND(CDECIMAL10,1)
1	-9999999	-9999999.0
select cidx, CDECIMAL10, ROUND(CDECIMAL10,2) from datatypetestm order by cidx;
cidx	CDECIMAL10	ROUND(CDECIMAL10,2)
1	-9999999	-9999999.00
select cidx, CDECIMAL10, ROUND(CDECIMAL10,0) from datatypetestm order by cidx;
cidx	CDECIMAL10	ROUND(CDECIMAL10,0)
1	-9999999	-9999999
select cidx, CDECIMAL10, ROUND(CDECIMAL10,-2) from datatypetestm order by cidx;
cidx	CDECIMAL10	ROUND(CDECIMAL10,-2)
1	-9999999	-10000000
select cidx, CDECIMAL10, ROUND(CDECIMAL10,-1) from datatypetestm order by cidx;
cidx	CDECIMAL10	ROUND(CDECIMAL10,-1)
1	-9999999	-10000000
select cidx, CDECIMAL18, ROUND(CDECIMAL18) from datatypetestm order by cidx;
cidx	CDECIMAL18	ROUND(CDECIMAL18)
1	-9999999999999	-9999999999999
select cidx, CDECIMAL18, ROUND(CDECIMAL18,1) from datatypetestm order by cidx;
cidx	CDECIMAL18	ROUND(CDECIMAL18,1)
1	-9999999999999	-9999999999999.0
select cidx, CDECIMAL18, ROUND(CDECIMAL18,2) from datatypetestm order by cidx;
cidx	CDECIMAL18	ROUND(CDECIMAL18,2)
1	-9999999999999	-9999999999999.00
select cidx, CDECIMAL18, ROUND(CDECIMAL18,0) from datatypetestm order by cidx;
cidx	CDECIMAL18	ROUND(CDECIMAL18,0)
1	-9999999999999	-9999999999999
select cidx, CDECIMAL18, ROUND(CDECIMAL18,-2) from datatypetestm order by cidx;
cidx	CDECIMAL18	ROUND(CDECIMAL18,-2)
1	-9999999999999	-10000000000000
select cidx, CDECIMAL18, ROUND(CDECIMAL18,-1) from datatypetestm order by cidx;
cidx	CDECIMAL18	ROUND(CDECIMAL18,-1)
1	-9999999999999	-10000000000000
select cidx, CDECIMAL18_2, ROUND(CDECIMAL18_2) from datatypetestm order by cidx;
cidx	CDECIMAL18_2	ROUND(CDECIMAL18_2)
1	-99999999999.99	-100000000000
select cidx, CDECIMAL18_2, ROUND(CDECIMAL18_2,1) from datatypetestm order by cidx;
cidx	CDECIMAL18_2	ROUND(CDECIMAL18_2,1)
1	-99999999999.99	-100000000000.0
select cidx, CDECIMAL18_2, ROUND(CDECIMAL18_2,2) from datatypetestm order by cidx;
cidx	CDECIMAL18_2	ROUND(CDECIMAL18_2,2)
1	-99999999999.99	-99999999999.99
select cidx, CDECIMAL18_2, ROUND(CDECIMAL18_2,0) from datatypetestm order by cidx;
cidx	CDECIMAL18_2	ROUND(CDECIMAL18_2,0)
1	-99999999999.99	-100000000000
select cidx, CDECIMAL18_2, ROUND(CDECIMAL18_2,-2) from datatypetestm order by cidx;
cidx	CDECIMAL18_2	ROUND(CDECIMAL18_2,-2)
1	-99999999999.99	-100000000000
select cidx, CDECIMAL18_2, ROUND(CDECIMAL18_2,-1) from datatypetestm order by cidx;
cidx	CDECIMAL18_2	ROUND(CDECIMAL18_2,-1)
1	-99999999999.99	-100000000000
select cidx, CINTEGER, ROUND(CINTEGER) from datatypetestm order by cidx;
cidx	CINTEGER	ROUND(CINTEGER)
1	-7483646	-7483646
select cidx, CINTEGER, ROUND(CINTEGER,1) from datatypetestm order by cidx;
cidx	CINTEGER	ROUND(CINTEGER,1)
1	-7483646	-7483646
select cidx, CINTEGER, ROUND(CINTEGER,2) from datatypetestm order by cidx;
cidx	CINTEGER	ROUND(CINTEGER,2)
1	-7483646	-7483646
select cidx, CINTEGER, ROUND(CINTEGER,0) from datatypetestm order by cidx;
cidx	CINTEGER	ROUND(CINTEGER,0)
1	-7483646	-7483646
select cidx, CINTEGER, ROUND(CINTEGER,-2) from datatypetestm order by cidx;
cidx	CINTEGER	ROUND(CINTEGER,-2)
1	-7483646	-7483600
select cidx, CINTEGER, ROUND(CINTEGER,-1) from datatypetestm order by cidx;
cidx	CINTEGER	ROUND(CINTEGER,-1)
1	-7483646	-7483650
select cidx, CSMALLINT, ROUND(CSMALLINT) from datatypetestm order by cidx;
cidx	CSMALLINT	ROUND(CSMALLINT)
1	-766	-766
select cidx, CSMALLINT, ROUND(CSMALLINT,1) from datatypetestm order by cidx;
cidx	CSMALLINT	ROUND(CSMALLINT,1)
1	-766	-766
select cidx, CSMALLINT, ROUND(CSMALLINT,2) from datatypetestm order by cidx;
cidx	CSMALLINT	ROUND(CSMALLINT,2)
1	-766	-766
select cidx, CSMALLINT, ROUND(CSMALLINT,0) from datatypetestm order by cidx;
cidx	CSMALLINT	ROUND(CSMALLINT,0)
1	-766	-766
select cidx, CSMALLINT, ROUND(CSMALLINT,-2) from datatypetestm order by cidx;
cidx	CSMALLINT	ROUND(CSMALLINT,-2)
1	-766	-800
select cidx, CSMALLINT, ROUND(CSMALLINT,-1) from datatypetestm order by cidx;
cidx	CSMALLINT	ROUND(CSMALLINT,-1)
1	-766	-770
select cidx, CTINYINT, ROUND(CTINYINT) from datatypetestm order by cidx;
cidx	CTINYINT	ROUND(CTINYINT)
1	-26	-26
select cidx, CTINYINT, ROUND(CTINYINT,1) from datatypetestm order by cidx;
cidx	CTINYINT	ROUND(CTINYINT,1)
1	-26	-26
select cidx, CTINYINT, ROUND(CTINYINT,2) from datatypetestm order by cidx;
cidx	CTINYINT	ROUND(CTINYINT,2)
1	-26	-26
select cidx, CTINYINT, ROUND(CTINYINT,0) from datatypetestm order by cidx;
cidx	CTINYINT	ROUND(CTINYINT,0)
1	-26	-26
select cidx, CTINYINT, ROUND(CTINYINT,-2) from datatypetestm order by cidx;
cidx	CTINYINT	ROUND(CTINYINT,-2)
1	-26	0
select cidx, CTINYINT, ROUND(CTINYINT,-1) from datatypetestm order by cidx;
cidx	CTINYINT	ROUND(CTINYINT,-1)
1	-26	-30
select cidx, CDOUBLE, ROUND(CDOUBLE) from datatypetestm order by cidx;
cidx	CDOUBLE	ROUND(CDOUBLE)
1	-1.797693231e108	-1797693231000000000000000000000000000000000000000000000000000000000000000000000000000000000000000000000000000
select cidx, CDOUBLE, ROUND(CDOUBLE,1) from datatypetestm order by cidx;
cidx	CDOUBLE	ROUND(CDOUBLE,1)
1	-1.797693231e108	-1797693231000000000000000000000000000000000000000000000000000000000000000000000000000000000000000000000000000.0
select cidx, CDOUBLE, ROUND(CDOUBLE,2) from datatypetestm order by cidx;
cidx	CDOUBLE	ROUND(CDOUBLE,2)
1	-1.797693231e108	-1797693231000000000000000000000000000000000000000000000000000000000000000000000000000000000000000000000000000.00
select cidx, CDOUBLE, ROUND(CDOUBLE,0) from datatypetestm order by cidx;
cidx	CDOUBLE	ROUND(CDOUBLE,0)
1	-1.797693231e108	-1797693231000000000000000000000000000000000000000000000000000000000000000000000000000000000000000000000000000
select cidx, CDOUBLE, ROUND(CDOUBLE,-2) from datatypetestm order by cidx;
cidx	CDOUBLE	ROUND(CDOUBLE,-2)
1	-1.797693231e108	-1797693231000000000000000000000000000000000000000000000000000000000000000000000000000000000000000000000000000
select cidx, CDOUBLE, ROUND(CDOUBLE,-1) from datatypetestm order by cidx;
cidx	CDOUBLE	ROUND(CDOUBLE,-1)
1	-1.797693231e108	-1797693231000000200000000000000000000000000000000000000000000000000000000000000000000000000000000000000000000
select cidx, CFLOAT, ROUND(CFLOAT) from datatypetestm order by cidx;
cidx	CFLOAT	ROUND(CFLOAT)
1	-3.40287e18	-3402865892420223000
select cidx, CFLOAT, ROUND(CFLOAT,1) from datatypetestm order by cidx;
cidx	CFLOAT	ROUND(CFLOAT,1)
1	-3.40287e18	-3402865892420223000.0
select cidx, CFLOAT, ROUND(CFLOAT,2) from datatypetestm order by cidx;
cidx	CFLOAT	ROUND(CFLOAT,2)
1	-3.40287e18	-3402865892420223000.00
select cidx, CFLOAT, ROUND(CFLOAT,0) from datatypetestm order by cidx;
cidx	CFLOAT	ROUND(CFLOAT,0)
1	-3.40287e18	-3402865892420223000
select cidx, CFLOAT, ROUND(CFLOAT,-2) from datatypetestm order by cidx;
cidx	CFLOAT	ROUND(CFLOAT,-2)
1	-3.40287e18	-3402865892420223000
select cidx, CFLOAT, ROUND(CFLOAT,-1) from datatypetestm order by cidx;
cidx	CFLOAT	ROUND(CFLOAT,-1)
1	-3.40287e18	-3402865892420223000
select cidx, CBIGINT from datatypetestm where ROUND(CBIGINT) <> 0 order by cidx;
cidx	CBIGINT
1	-72036854775806
select cidx, CBIGINT from datatypetestm where ROUND(CBIGINT,1) <> 0 order by cidx;
cidx	CBIGINT
1	-72036854775806
select cidx, CBIGINT from datatypetestm where ROUND(CBIGINT,2) <> 0 order by cidx;
cidx	CBIGINT
1	-72036854775806
select cidx, CBIGINT from datatypetestm where ROUND(CBIGINT,0) <> 0 order by cidx;
cidx	CBIGINT
1	-72036854775806
select cidx, CBIGINT from datatypetestm where ROUND(CBIGINT,-2) <> 0 order by cidx;
cidx	CBIGINT
1	-72036854775806
select cidx, CBIGINT from datatypetestm where ROUND(CBIGINT,-1) <> 0 order by cidx;
cidx	CBIGINT
1	-72036854775806
select cidx, CDECIMAL1 from datatypetestm where ROUND(CDECIMAL1) <> 0 order by cidx;
cidx	CDECIMAL1
1	-9
select cidx, CDECIMAL1 from datatypetestm where ROUND(CDECIMAL1,1) <> 0 order by cidx;
cidx	CDECIMAL1
1	-9
select cidx, CDECIMAL1 from datatypetestm where ROUND(CDECIMAL1,2) <> 0 order by cidx;
cidx	CDECIMAL1
1	-9
select cidx, CDECIMAL1 from datatypetestm where ROUND(CDECIMAL1,0) <> 0 order by cidx;
cidx	CDECIMAL1
1	-9
select cidx, CDECIMAL1 from datatypetestm where ROUND(CDECIMAL1,-2) <> 0 order by cidx;
cidx	CDECIMAL1
select cidx, CDECIMAL1 from datatypetestm where ROUND(CDECIMAL1,-1) <> 0 order by cidx;
cidx	CDECIMAL1
1	-9
select cidx, CDECIMAL4 from datatypetestm where ROUND(CDECIMAL4) <> 0 order by cidx;
cidx	CDECIMAL4
1	-999
select cidx, CDECIMAL4 from datatypetestm where ROUND(CDECIMAL4,1) <> 0 order by cidx;
cidx	CDECIMAL4
1	-999
select cidx, CDECIMAL4 from datatypetestm where ROUND(CDECIMAL4,2) <> 0 order by cidx;
cidx	CDECIMAL4
1	-999
select cidx, CDECIMAL4 from datatypetestm where ROUND(CDECIMAL4,0) <> 0 order by cidx;
cidx	CDECIMAL4
1	-999
select cidx, CDECIMAL4 from datatypetestm where ROUND(CDECIMAL4,-2) <> 0 order by cidx;
cidx	CDECIMAL4
1	-999
select cidx, CDECIMAL4 from datatypetestm where ROUND(CDECIMAL4,-1) <> 0 order by cidx;
cidx	CDECIMAL4
1	-999
select cidx, CDECIMAL4_2 from datatypetestm where ROUND(CDECIMAL4_2) <> 0 order by cidx;
cidx	CDECIMAL4_2
1	-9.99
select cidx, CDECIMAL4_2 from datatypetestm where ROUND(CDECIMAL4_2,1) <> 0 order by cidx;
cidx	CDECIMAL4_2
1	-9.99
select cidx, CDECIMAL4_2 from datatypetestm where ROUND(CDECIMAL4_2,2) <> 0 order by cidx;
cidx	CDECIMAL4_2
1	-9.99
select cidx, CDECIMAL4_2 from datatypetestm where ROUND(CDECIMAL4_2,0) <> 0 order by cidx;
cidx	CDECIMAL4_2
1	-9.99
select cidx, CDECIMAL4_2 from datatypetestm where ROUND(CDECIMAL4_2,-2) <> 0 order by cidx;
cidx	CDECIMAL4_2
select cidx, CDECIMAL4_2 from datatypetestm where ROUND(CDECIMAL4_2,-1) <> 0 order by cidx;
cidx	CDECIMAL4_2
1	-9.99
select cidx, CDECIMAL5 from datatypetestm where ROUND(CDECIMAL5) <> 0 order by cidx;
cidx	CDECIMAL5
1	-999
select cidx, CDECIMAL5 from datatypetestm where ROUND(CDECIMAL5,1) <> 0 order by cidx;
cidx	CDECIMAL5
1	-999
select cidx, CDECIMAL5 from datatypetestm where ROUND(CDECIMAL5,2) <> 0 order by cidx;
cidx	CDECIMAL5
1	-999
select cidx, CDECIMAL5 from datatypetestm where ROUND(CDECIMAL5,0) <> 0 order by cidx;
cidx	CDECIMAL5
1	-999
select cidx, CDECIMAL5 from datatypetestm where ROUND(CDECIMAL5,-2) <> 0 order by cidx;
cidx	CDECIMAL5
1	-999
select cidx, CDECIMAL5 from datatypetestm where ROUND(CDECIMAL5,-1) <> 0 order by cidx;
cidx	CDECIMAL5
1	-999
select cidx, CDECIMAL9 from datatypetestm where ROUND(CDECIMAL9) <> 0 order by cidx;
cidx	CDECIMAL9
1	-999999
select cidx, CDECIMAL9 from datatypetestm where ROUND(CDECIMAL9,1) <> 0 order by cidx;
cidx	CDECIMAL9
1	-999999
select cidx, CDECIMAL9 from datatypetestm where ROUND(CDECIMAL9,2) <> 0 order by cidx;
cidx	CDECIMAL9
1	-999999
select cidx, CDECIMAL9 from datatypetestm where ROUND(CDECIMAL9,0) <> 0 order by cidx;
cidx	CDECIMAL9
1	-999999
select cidx, CDECIMAL9 from datatypetestm where ROUND(CDECIMAL9,-2) <> 0 order by cidx;
cidx	CDECIMAL9
1	-999999
select cidx, CDECIMAL9 from datatypetestm where ROUND(CDECIMAL9,-1) <> 0 order by cidx;
cidx	CDECIMAL9
1	-999999
select cidx, CDECIMAL9_2 from datatypetestm where ROUND(CDECIMAL9_2) <> 0 order by cidx;
cidx	CDECIMAL9_2
1	-9999.99
select cidx, CDECIMAL9_2 from datatypetestm where ROUND(CDECIMAL9_2,1) <> 0 order by cidx;
cidx	CDECIMAL9_2
1	-9999.99
select cidx, CDECIMAL9_2 from datatypetestm where ROUND(CDECIMAL9_2,2) <> 0 order by cidx;
cidx	CDECIMAL9_2
1	-9999.99
select cidx, CDECIMAL9_2 from datatypetestm where ROUND(CDECIMAL9_2,0) <> 0 order by cidx;
cidx	CDECIMAL9_2
1	-9999.99
select cidx, CDECIMAL9_2 from datatypetestm where ROUND(CDECIMAL9_2,-2) <> 0 order by cidx;
cidx	CDECIMAL9_2
1	-9999.99
select cidx, CDECIMAL9_2 from datatypetestm where ROUND(CDECIMAL9_2,-1) <> 0 order by cidx;
cidx	CDECIMAL9_2
1	-9999.99
select cidx, CDECIMAL10 from datatypetestm where ROUND(CDECIMAL10) <> 0 order by cidx;
cidx	CDECIMAL10
1	-9999999
select cidx, CDECIMAL10 from datatypetestm where ROUND(CDECIMAL10,1) <> 0 order by cidx;
cidx	CDECIMAL10
1	-9999999
select cidx, CDECIMAL10 from datatypetestm where ROUND(CDECIMAL10,2) <> 0 order by cidx;
cidx	CDECIMAL10
1	-9999999
select cidx, CDECIMAL10 from datatypetestm where ROUND(CDECIMAL10,0) <> 0 order by cidx;
cidx	CDECIMAL10
1	-9999999
select cidx, CDECIMAL10 from datatypetestm where ROUND(CDECIMAL10,-2) <> 0 order by cidx;
cidx	CDECIMAL10
1	-9999999
select cidx, CDECIMAL10 from datatypetestm where ROUND(CDECIMAL10,-1) <> 0 order by cidx;
cidx	CDECIMAL10
1	-9999999
select cidx, CDECIMAL18 from datatypetestm where ROUND(CDECIMAL18) <> 0 order by cidx;
cidx	CDECIMAL18
1	-9999999999999
select cidx, CDECIMAL18 from datatypetestm where ROUND(CDECIMAL18,1) <> 0 order by cidx;
cidx	CDECIMAL18
1	-9999999999999
select cidx, CDECIMAL18 from datatypetestm where ROUND(CDECIMAL18,2) <> 0 order by cidx;
cidx	CDECIMAL18
1	-9999999999999
select cidx, CDECIMAL18 from datatypetestm where ROUND(CDECIMAL18,0) <> 0 order by cidx;
cidx	CDECIMAL18
1	-9999999999999
select cidx, CDECIMAL18 from datatypetestm where ROUND(CDECIMAL18,-2) <> 0 order by cidx;
cidx	CDECIMAL18
1	-9999999999999
select cidx, CDECIMAL18 from datatypetestm where ROUND(CDECIMAL18,-1) <> 0 order by cidx;
cidx	CDECIMAL18
1	-9999999999999
select cidx, CDECIMAL18_2 from datatypetestm where ROUND(CDECIMAL18_2) <> 0 order by cidx;
cidx	CDECIMAL18_2
1	-99999999999.99
select cidx, CDECIMAL18_2 from datatypetestm where ROUND(CDECIMAL18_2,1) <> 0 order by cidx;
cidx	CDECIMAL18_2
1	-99999999999.99
select cidx, CDECIMAL18_2 from datatypetestm where ROUND(CDECIMAL18_2,2) <> 0 order by cidx;
cidx	CDECIMAL18_2
1	-99999999999.99
select cidx, CDECIMAL18_2 from datatypetestm where ROUND(CDECIMAL18_2,0) <> 0 order by cidx;
cidx	CDECIMAL18_2
1	-99999999999.99
select cidx, CDECIMAL18_2 from datatypetestm where ROUND(CDECIMAL18_2,-2) <> 0 order by cidx;
cidx	CDECIMAL18_2
1	-99999999999.99
select cidx, CDECIMAL18_2 from datatypetestm where ROUND(CDECIMAL18_2,-1) <> 0 order by cidx;
cidx	CDECIMAL18_2
1	-99999999999.99
select cidx, CINTEGER from datatypetestm where ROUND(CINTEGER) <> 0 order by cidx;
cidx	CINTEGER
1	-7483646
select cidx, CINTEGER from datatypetestm where ROUND(CINTEGER,1) <> 0 order by cidx;
cidx	CINTEGER
1	-7483646
select cidx, CINTEGER from datatypetestm where ROUND(CINTEGER,2) <> 0 order by cidx;
cidx	CINTEGER
1	-7483646
select cidx, CINTEGER from datatypetestm where ROUND(CINTEGER,0) <> 0 order by cidx;
cidx	CINTEGER
1	-7483646
select cidx, CINTEGER from datatypetestm where ROUND(CINTEGER,-2) <> 0 order by cidx;
cidx	CINTEGER
1	-7483646
select cidx, CINTEGER from datatypetestm where ROUND(CINTEGER,-1) <> 0 order by cidx;
cidx	CINTEGER
1	-7483646
select cidx, CSMALLINT from datatypetestm where ROUND(CSMALLINT) <> 0 order by cidx;
cidx	CSMALLINT
1	-766
select cidx, CSMALLINT from datatypetestm where ROUND(CSMALLINT,1) <> 0 order by cidx;
cidx	CSMALLINT
1	-766
select cidx, CSMALLINT from datatypetestm where ROUND(CSMALLINT,2) <> 0 order by cidx;
cidx	CSMALLINT
1	-766
select cidx, CSMALLINT from datatypetestm where ROUND(CSMALLINT,0) <> 0 order by cidx;
cidx	CSMALLINT
1	-766
select cidx, CSMALLINT from datatypetestm where ROUND(CSMALLINT,-2) <> 0 order by cidx;
cidx	CSMALLINT
1	-766
select cidx, CSMALLINT from datatypetestm where ROUND(CSMALLINT,-1) <> 0 order by cidx;
cidx	CSMALLINT
1	-766
select cidx, CTINYINT from datatypetestm where ROUND(CTINYINT) <> 0 order by cidx;
cidx	CTINYINT
1	-26
select cidx, CTINYINT from datatypetestm where ROUND(CTINYINT,1) <> 0 order by cidx;
cidx	CTINYINT
1	-26
select cidx, CTINYINT from datatypetestm where ROUND(CTINYINT,2) <> 0 order by cidx;
cidx	CTINYINT
1	-26
select cidx, CTINYINT from datatypetestm where ROUND(CTINYINT,0) <> 0 order by cidx;
cidx	CTINYINT
1	-26
select cidx, CTINYINT from datatypetestm where ROUND(CTINYINT,-2) <> 0 order by cidx;
cidx	CTINYINT
select cidx, CTINYINT from datatypetestm where ROUND(CTINYINT,-1) <> 0 order by cidx;
cidx	CTINYINT
1	-26
select cidx, CDOUBLE from datatypetestm where ROUND(CDOUBLE) <> 0 order by cidx;
cidx	CDOUBLE
1	-1.797693231e108
select cidx, CDOUBLE from datatypetestm where ROUND(CDOUBLE,1) <> 0 order by cidx;
cidx	CDOUBLE
1	-1.797693231e108
select cidx, CDOUBLE from datatypetestm where ROUND(CDOUBLE,2) <> 0 order by cidx;
cidx	CDOUBLE
1	-1.797693231e108
select cidx, CDOUBLE from datatypetestm where ROUND(CDOUBLE,0) <> 0 order by cidx;
cidx	CDOUBLE
1	-1.797693231e108
select cidx, CDOUBLE from datatypetestm where ROUND(CDOUBLE,-2) <> 0 order by cidx;
cidx	CDOUBLE
1	-1.797693231e108
select cidx, CDOUBLE from datatypetestm where ROUND(CDOUBLE,-1) <> 0 order by cidx;
cidx	CDOUBLE
1	-1.797693231e108
select cidx, CFLOAT from datatypetestm where ROUND(CFLOAT) <> 0 order by cidx;
cidx	CFLOAT
1	-3.40287e18
select cidx, CFLOAT from datatypetestm where ROUND(CFLOAT,1) <> 0 order by cidx;
cidx	CFLOAT
1	-3.40287e18
select cidx, CFLOAT from datatypetestm where ROUND(CFLOAT,2) <> 0 order by cidx;
cidx	CFLOAT
1	-3.40287e18
select cidx, CFLOAT from datatypetestm where ROUND(CFLOAT,0) <> 0 order by cidx;
cidx	CFLOAT
1	-3.40287e18
select cidx, CFLOAT from datatypetestm where ROUND(CFLOAT,-2) <> 0 order by cidx;
cidx	CFLOAT
1	-3.40287e18
select cidx, CFLOAT from datatypetestm where ROUND(CFLOAT,-1) <> 0 order by cidx;
cidx	CFLOAT
1	-3.40287e18
