USE autopilot;
select dtt1.cidx, dtt1.CDECIMAL10, dtt2.CMEDIUMINT from datatypetestm1 dtt1, datatypetestm2 dtt2 where dtt1.cidx = dtt2.cidx and dtt1.CDECIMAL10 > dtt2.CMEDIUMINT ;
cidx	CDECIMAL10	CMEDIUMINT
6	9999995	1000
7	9999996	1000
8	9999997	1000
9	9999998	1000
10	9999999	1000
select dtt1.cidx, dtt1.CDECIMAL10, dtt2.CMEDIUMINT from datatypetestm1 dtt1, datatypetestm2 dtt2 where dtt1.cidx = dtt2.cidx and dtt1.CDECIMAL10 >= dtt2.CMEDIUMINT ;
cidx	CDECIMAL10	CMEDIUMINT
6	9999995	1000
7	9999996	1000
8	9999997	1000
9	9999998	1000
10	9999999	1000
select dtt1.cidx, dtt1.CDECIMAL10, dtt2.CMEDIUMINT from datatypetestm1 dtt1, datatypetestm2 dtt2 where dtt1.cidx = dtt2.cidx and dtt1.CDECIMAL10 <> dtt2.CMEDIUMINT ;
cidx	CDECIMAL10	CMEDIUMINT
1	-9999999	1000
2	-9999998	1000
3	-9999997	1000
4	-9999996	1000
5	-9999995	1000
6	9999995	1000
7	9999996	1000
8	9999997	1000
9	9999998	1000
10	9999999	1000
select dtt1.cidx, dtt1.CDECIMAL10, dtt2.CMEDIUMINT from datatypetestm1 dtt1, datatypetestm2 dtt2 where dtt1.cidx = dtt2.cidx and dtt1.CDECIMAL10 < dtt2.CMEDIUMINT ;
cidx	CDECIMAL10	CMEDIUMINT
1	-9999999	1000
2	-9999998	1000
3	-9999997	1000
4	-9999996	1000
5	-9999995	1000
select dtt1.cidx, dtt1.CDECIMAL10, dtt2.CMEDIUMINT from datatypetestm1 dtt1, datatypetestm2 dtt2 where dtt1.cidx = dtt2.cidx and dtt1.CDECIMAL10 <= dtt2.CMEDIUMINT ;
cidx	CDECIMAL10	CMEDIUMINT
1	-9999999	1000
2	-9999998	1000
3	-9999997	1000
4	-9999996	1000
5	-9999995	1000
