USE autopilot;
select dtt1.cidx, dtt1.CDATETIME, dtt2.CCHAR2 from datatypetestm1 dtt1, datatypetestm2 dtt2 where dtt1.cidx = dtt2.cidx and dtt1.CDATETIME > dtt2.CCHAR2 ;
cidx	CDATETIME	CCHAR2
1	1997-01-01 00:00:00	aa
2	1997-01-01 00:00:01	b
3	1997-01-02 00:00:01	bb
4	1997-01-03 00:00:02	bb
5	1997-01-04 00:00:03	bb
6	2009-12-31 23:59:56	yy
7	2009-12-31 23:59:57	yy
8	2009-12-31 23:59:58	yy
9	2009-12-31 23:59:59	yy
10	2009-12-31 23:59:59	zz
select dtt1.cidx, dtt1.CDATETIME, dtt2.CCHAR2 from datatypetestm1 dtt1, datatypetestm2 dtt2 where dtt1.cidx = dtt2.cidx and dtt1.CDATETIME >= dtt2.CCHAR2 ;
cidx	CDATETIME	CCHAR2
1	1997-01-01 00:00:00	aa
2	1997-01-01 00:00:01	b
3	1997-01-02 00:00:01	bb
4	1997-01-03 00:00:02	bb
5	1997-01-04 00:00:03	bb
6	2009-12-31 23:59:56	yy
7	2009-12-31 23:59:57	yy
8	2009-12-31 23:59:58	yy
9	2009-12-31 23:59:59	yy
10	2009-12-31 23:59:59	zz
select dtt1.cidx, dtt1.CDATETIME, dtt2.CCHAR2 from datatypetestm1 dtt1, datatypetestm2 dtt2 where dtt1.cidx = dtt2.cidx and dtt1.CDATETIME <> dtt2.CCHAR2 ;
cidx	CDATETIME	CCHAR2
1	1997-01-01 00:00:00	aa
2	1997-01-01 00:00:01	b
3	1997-01-02 00:00:01	bb
4	1997-01-03 00:00:02	bb
5	1997-01-04 00:00:03	bb
6	2009-12-31 23:59:56	yy
7	2009-12-31 23:59:57	yy
8	2009-12-31 23:59:58	yy
9	2009-12-31 23:59:59	yy
10	2009-12-31 23:59:59	zz
select dtt1.cidx, dtt1.CDATETIME, dtt2.CCHAR2 from datatypetestm1 dtt1, datatypetestm2 dtt2 where dtt1.cidx = dtt2.cidx and dtt1.CDATETIME < dtt2.CCHAR2 ;
cidx	CDATETIME	CCHAR2
select dtt1.cidx, dtt1.CDATETIME, dtt2.CCHAR2 from datatypetestm1 dtt1, datatypetestm2 dtt2 where dtt1.cidx = dtt2.cidx and dtt1.CDATETIME <= dtt2.CCHAR2 ;
cidx	CDATETIME	CCHAR2
