USE autopilot;
select dtt1.cidx, dtt1.CCHAR2, dtt2.CDECIMAL18 from datatypetestm1 dtt1, datatypetestm2 dtt2 where dtt1.cidx = dtt2.cidx and dtt1.CCHAR2 > dtt2.CDECIMAL18 ;
cidx	CCHAR2	CDECIMAL18
1	aa	-9999999999999
2	b	-9999999999998
3	bb	-9999999999997
4	bb	-9999999999996
5	bb	-9999999999995
select dtt1.cidx, dtt1.CCHAR2, dtt2.CDECIMAL18 from datatypetestm1 dtt1, datatypetestm2 dtt2 where dtt1.cidx = dtt2.cidx and dtt1.CCHAR2 >= dtt2.CDECIMAL18 ;
cidx	CCHAR2	CDECIMAL18
1	aa	-9999999999999
2	b	-9999999999998
3	bb	-9999999999997
4	bb	-9999999999996
5	bb	-9999999999995
select dtt1.cidx, dtt1.CCHAR2, dtt2.CDECIMAL18 from datatypetestm1 dtt1, datatypetestm2 dtt2 where dtt1.cidx = dtt2.cidx and dtt1.CCHAR2 <> dtt2.CDECIMAL18 ;
cidx	CCHAR2	CDECIMAL18
1	aa	-9999999999999
2	b	-9999999999998
3	bb	-9999999999997
4	bb	-9999999999996
5	bb	-9999999999995
6	yy	9999999999995
7	yy	9999999999996
8	yy	9999999999997
9	yy	9999999999998
10	zz	9999999999999
select dtt1.cidx, dtt1.CCHAR2, dtt2.CDECIMAL18 from datatypetestm1 dtt1, datatypetestm2 dtt2 where dtt1.cidx = dtt2.cidx and dtt1.CCHAR2 < dtt2.CDECIMAL18 ;
cidx	CCHAR2	CDECIMAL18
6	yy	9999999999995
7	yy	9999999999996
8	yy	9999999999997
9	yy	9999999999998
10	zz	9999999999999
select dtt1.cidx, dtt1.CCHAR2, dtt2.CDECIMAL18 from datatypetestm1 dtt1, datatypetestm2 dtt2 where dtt1.cidx = dtt2.cidx and dtt1.CCHAR2 <= dtt2.CDECIMAL18 ;
cidx	CCHAR2	CDECIMAL18
6	yy	9999999999995
7	yy	9999999999996
8	yy	9999999999997
9	yy	9999999999998
10	zz	9999999999999
