USE autopilot;
select dtt1.cidx, dtt1.CDECIMAL10, dtt2.CFLOAT from datatypetestm1 dtt1, datatypetestm2 dtt2 where dtt1.cidx = dtt2.cidx and dtt1.CDECIMAL10 > dtt2.CFLOAT ;
cidx	CDECIMAL10	CFLOAT
1	-9999999	-3.40287e18
2	-9999998	-3.40287e18
3	-9999997	-3.40286e18
4	-9999996	-3.40286e18
5	-9999995	-3.40286e18
select dtt1.cidx, dtt1.CDECIMAL10, dtt2.CFLOAT from datatypetestm1 dtt1, datatypetestm2 dtt2 where dtt1.cidx = dtt2.cidx and dtt1.CDECIMAL10 >= dtt2.CFLOAT ;
cidx	CDECIMAL10	CFLOAT
1	-9999999	-3.40287e18
2	-9999998	-3.40287e18
3	-9999997	-3.40286e18
4	-9999996	-3.40286e18
5	-9999995	-3.40286e18
11	0	0
select dtt1.cidx, dtt1.CDECIMAL10, dtt2.CFLOAT from datatypetestm1 dtt1, datatypetestm2 dtt2 where dtt1.cidx = dtt2.cidx and dtt1.CDECIMAL10 <> dtt2.CFLOAT ;
cidx	CDECIMAL10	CFLOAT
1	-9999999	-3.40287e18
2	-9999998	-3.40287e18
3	-9999997	-3.40286e18
4	-9999996	-3.40286e18
5	-9999995	-3.40286e18
6	9999995	3.40286e18
7	9999996	3.40286e18
8	9999997	3.40286e18
9	9999998	3.40287e18
10	9999999	3.40287e18
select dtt1.cidx, dtt1.CDECIMAL10, dtt2.CFLOAT from datatypetestm1 dtt1, datatypetestm2 dtt2 where dtt1.cidx = dtt2.cidx and dtt1.CDECIMAL10 < dtt2.CFLOAT ;
cidx	CDECIMAL10	CFLOAT
6	9999995	3.40286e18
7	9999996	3.40286e18
8	9999997	3.40286e18
9	9999998	3.40287e18
10	9999999	3.40287e18
select dtt1.cidx, dtt1.CDECIMAL10, dtt2.CFLOAT from datatypetestm1 dtt1, datatypetestm2 dtt2 where dtt1.cidx = dtt2.cidx and dtt1.CDECIMAL10 <= dtt2.CFLOAT ;
cidx	CDECIMAL10	CFLOAT
6	9999995	3.40286e18
7	9999996	3.40286e18
8	9999997	3.40286e18
9	9999998	3.40287e18
10	9999999	3.40287e18
11	0	0
