USE autopilot;
select dtt1.cidx, dtt1.CDATE, dtt2.CCHAR9 from datatypetestm1 dtt1, datatypetestm2 dtt2 where dtt1.cidx = dtt2.cidx and dtt1.CDATE > dtt2.CCHAR9 ;
cidx	CDATE	CCHAR9
1	1997-01-01	aaaaaaaaa
2	1997-01-01	i
3	1997-01-02	ii
4	1997-01-03	iii
5	1997-01-04	iiii
6	2009-12-28	rrrrrrr
7	2009-12-29	rrrrrrrr
8	2009-12-30	rrrrrrrrr
9	2009-12-31	rrrrrrrrr
10	2009-12-31	zzzzzzzzz
select dtt1.cidx, dtt1.CDATE, dtt2.CCHAR9 from datatypetestm1 dtt1, datatypetestm2 dtt2 where dtt1.cidx = dtt2.cidx and dtt1.CDATE >= dtt2.CCHAR9 ;
cidx	CDATE	CCHAR9
1	1997-01-01	aaaaaaaaa
2	1997-01-01	i
3	1997-01-02	ii
4	1997-01-03	iii
5	1997-01-04	iiii
6	2009-12-28	rrrrrrr
7	2009-12-29	rrrrrrrr
8	2009-12-30	rrrrrrrrr
9	2009-12-31	rrrrrrrrr
10	2009-12-31	zzzzzzzzz
select dtt1.cidx, dtt1.CDATE, dtt2.CCHAR9 from datatypetestm1 dtt1, datatypetestm2 dtt2 where dtt1.cidx = dtt2.cidx and dtt1.CDATE <> dtt2.CCHAR9 ;
cidx	CDATE	CCHAR9
1	1997-01-01	aaaaaaaaa
2	1997-01-01	i
3	1997-01-02	ii
4	1997-01-03	iii
5	1997-01-04	iiii
6	2009-12-28	rrrrrrr
7	2009-12-29	rrrrrrrr
8	2009-12-30	rrrrrrrrr
9	2009-12-31	rrrrrrrrr
10	2009-12-31	zzzzzzzzz
select dtt1.cidx, dtt1.CDATE, dtt2.CCHAR9 from datatypetestm1 dtt1, datatypetestm2 dtt2 where dtt1.cidx = dtt2.cidx and dtt1.CDATE < dtt2.CCHAR9 ;
cidx	CDATE	CCHAR9
select dtt1.cidx, dtt1.CDATE, dtt2.CCHAR9 from datatypetestm1 dtt1, datatypetestm2 dtt2 where dtt1.cidx = dtt2.cidx and dtt1.CDATE <= dtt2.CCHAR9 ;
cidx	CDATE	CCHAR9
