USE autopilot;
select cidx, CBIGINT, LOG(CBIGINT) from datatypetestm order by cidx;
cidx	CBIGINT	LOG(CBIGINT)
1	-72036854775806	NULL
select cidx, CDECIMAL1, LOG(CDECIMAL1) from datatypetestm order by cidx;
cidx	CDECIMAL1	LOG(CDECIMAL1)
1	-9	NULL
select cidx, CDECIMAL4, LOG(CDECIMAL4) from datatypetestm order by cidx;
cidx	CDECIMAL4	LOG(CDECIMAL4)
1	-999	NULL
select cidx, CDECIMAL4_2, LOG(CDECIMAL4_2) from datatypetestm order by cidx;
cidx	CDECIMAL4_2	LOG(CDECIMAL4_2)
1	-9.99	NULL
select cidx, CDECIMAL5, LOG(CDECIMAL5) from datatypetestm order by cidx;
cidx	CDECIMAL5	LOG(CDECIMAL5)
1	-999	NULL
select cidx, CDECIMAL9, LOG(CDECIMAL9) from datatypetestm order by cidx;
cidx	CDECIMAL9	LOG(CDECIMAL9)
1	-999999	NULL
select cidx, CDECIMAL9_2, LOG(CDECIMAL9_2) from datatypetestm order by cidx;
cidx	CDECIMAL9_2	LOG(CDECIMAL9_2)
1	-9999.99	NULL
select cidx, CDECIMAL10, LOG(CDECIMAL10) from datatypetestm order by cidx;
cidx	CDECIMAL10	LOG(CDECIMAL10)
1	-9999999	NULL
select cidx, CDECIMAL18, LOG(CDECIMAL18) from datatypetestm order by cidx;
cidx	CDECIMAL18	LOG(CDECIMAL18)
1	-9999999999999	NULL
select cidx, CDECIMAL18_2, LOG(CDECIMAL18_2) from datatypetestm order by cidx;
cidx	CDECIMAL18_2	LOG(CDECIMAL18_2)
1	-99999999999.99	NULL
select cidx, CINTEGER, LOG(CINTEGER) from datatypetestm order by cidx;
cidx	CINTEGER	LOG(CINTEGER)
1	-7483646	NULL
select cidx, CSMALLINT, LOG(CSMALLINT) from datatypetestm order by cidx;
cidx	CSMALLINT	LOG(CSMALLINT)
1	-766	NULL
select cidx, CTINYINT, LOG(CTINYINT) from datatypetestm order by cidx;
cidx	CTINYINT	LOG(CTINYINT)
1	-26	NULL
select cidx, CDOUBLE, LOG(CDOUBLE) from datatypetestm order by cidx;
cidx	CDOUBLE	LOG(CDOUBLE)
1	-1.797693231e108	NULL
select cidx, CFLOAT, LOG(CFLOAT) from datatypetestm order by cidx;
cidx	CFLOAT	LOG(CFLOAT)
1	-3.40287e18	NULL
select cidx, LOG(-1*cidx) from datatypetestm order by cidx;
cidx	LOG(-1*cidx)
1	NULL
select cidx, LOG(0*cidx) from datatypetestm order by cidx;
cidx	LOG(0*cidx)
1	NULL
select cidx, LOG(2*cidx) from datatypetestm order by cidx;
cidx	LOG(2*cidx)
1	0.6931471805599453
select cidx, LOG(265536*cidx) from datatypetestm order by cidx;
cidx	LOG(265536*cidx)
1	12.48950570369254
select cidx, LOG(1100*cidx) from datatypetestm order by cidx;
cidx	LOG(1100*cidx)
1	7.003065458786462
select cidx, LOG(100*cidx) from datatypetestm order by cidx;
cidx	LOG(100*cidx)
1	4.605170185988092
select cidx, CBIGINT from datatypetestm order by LOG(CBIGINT), cidx;
cidx	CBIGINT
1	-72036854775806
select cidx, CDECIMAL1 from datatypetestm order by LOG(CDECIMAL1), cidx;
cidx	CDECIMAL1
1	-9
select cidx, CDECIMAL4 from datatypetestm order by LOG(CDECIMAL4), cidx;
cidx	CDECIMAL4
1	-999
select cidx, CDECIMAL4_2 from datatypetestm order by LOG(CDECIMAL4_2), cidx;
cidx	CDECIMAL4_2
1	-9.99
select cidx, CDECIMAL5 from datatypetestm order by LOG(CDECIMAL5), cidx;
cidx	CDECIMAL5
1	-999
select cidx, CDECIMAL9 from datatypetestm order by LOG(CDECIMAL9), cidx;
cidx	CDECIMAL9
1	-999999
select cidx, CDECIMAL9_2 from datatypetestm order by LOG(CDECIMAL9_2), cidx;
cidx	CDECIMAL9_2
1	-9999.99
select cidx, CDECIMAL10 from datatypetestm order by LOG(CDECIMAL10), cidx;
cidx	CDECIMAL10
1	-9999999
select cidx, CDECIMAL18 from datatypetestm order by LOG(CDECIMAL18), cidx;
cidx	CDECIMAL18
1	-9999999999999
select cidx, CDECIMAL18_2 from datatypetestm order by LOG(CDECIMAL18_2), cidx;
cidx	CDECIMAL18_2
1	-99999999999.99
select cidx, CINTEGER from datatypetestm order by LOG(CINTEGER), cidx;
cidx	CINTEGER
1	-7483646
select cidx, CSMALLINT from datatypetestm order by LOG(CSMALLINT), cidx;
cidx	CSMALLINT
1	-766
select cidx, CTINYINT from datatypetestm order by LOG(CTINYINT), cidx;
cidx	CTINYINT
1	-26
select cidx, CDOUBLE from datatypetestm order by LOG(CDOUBLE), cidx;
cidx	CDOUBLE
1	-1.797693231e108
select cidx, CFLOAT from datatypetestm order by LOG(CFLOAT), cidx;
cidx	CFLOAT
1	-3.40287e18
