USE autopilot;
select MIN(CCHAR1) from datatypetestm;
MIN(CCHAR1)
a
select MIN(CCHAR2) from datatypetestm;
MIN(CCHAR2)
aa
select MIN(CCHAR3) from datatypetestm;
MIN(CCHAR3)
aaa
select MIN(CCHAR4) from datatypetestm;
MIN(CCHAR4)
aaaa
select MIN(CCHAR5) from datatypetestm;
MIN(CCHAR5)
aaaaa
select MIN(CCHAR6) from datatypetestm;
MIN(CCHAR6)
aaaaaa
select MIN(CCHAR7) from datatypetestm;
MIN(CCHAR7)
aaaaaaa
select MIN(CCHAR8) from datatypetestm;
MIN(CCHAR8)
aaaaaaaa
select MIN(CCHAR9) from datatypetestm;
MIN(CCHAR9)
aaaaaaaaa
select MIN(CCHAR255) from datatypetestm;
MIN(CCHAR255)
aaaaaaaaaa
select MIN(CVCHAR1) from datatypetestm;
MIN(CVCHAR1)
a
select MIN(CVCHAR2) from datatypetestm;
MIN(CVCHAR2)
aa
select MIN(CVCHAR3) from datatypetestm;
MIN(CVCHAR3)
aaa
select MIN(CVCHAR4) from datatypetestm;
MIN(CVCHAR4)
aaaa
select MIN(CVCHAR5) from datatypetestm;
MIN(CVCHAR5)
aaaaa
select MIN(CVCHAR6) from datatypetestm;
MIN(CVCHAR6)
aaaaaa
select MIN(CVCHAR7) from datatypetestm;
MIN(CVCHAR7)
aaaaaaa
select MIN(CVCHAR8) from datatypetestm;
MIN(CVCHAR8)
aaaaaaaa
select MIN(CVCHAR255) from datatypetestm;
MIN(CVCHAR255)
aaaaaaaaaa
select cidx, CCHAR1, MIN(CCHAR1) from datatypetestm group by cidx, CCHAR1 order by cidx;
cidx	CCHAR1	MIN(CCHAR1)
1	a	a
select cidx, CCHAR2, MIN(CCHAR2) from datatypetestm group by cidx, CCHAR2 order by cidx;
cidx	CCHAR2	MIN(CCHAR2)
1	aa	aa
select cidx, CCHAR3, MIN(CCHAR3) from datatypetestm group by cidx, CCHAR3 order by cidx;
cidx	CCHAR3	MIN(CCHAR3)
1	aaa	aaa
select cidx, CCHAR4, MIN(CCHAR4) from datatypetestm group by cidx, CCHAR4 order by cidx;
cidx	CCHAR4	MIN(CCHAR4)
1	aaaa	aaaa
select cidx, CCHAR5, MIN(CCHAR5) from datatypetestm group by cidx, CCHAR5 order by cidx;
cidx	CCHAR5	MIN(CCHAR5)
1	aaaaa	aaaaa
select cidx, CCHAR6, MIN(CCHAR6) from datatypetestm group by cidx, CCHAR6 order by cidx;
cidx	CCHAR6	MIN(CCHAR6)
1	aaaaaa	aaaaaa
select cidx, CCHAR7, MIN(CCHAR7) from datatypetestm group by cidx, CCHAR7 order by cidx;
cidx	CCHAR7	MIN(CCHAR7)
1	aaaaaaa	aaaaaaa
select cidx, CCHAR8, MIN(CCHAR8) from datatypetestm group by cidx, CCHAR8 order by cidx;
cidx	CCHAR8	MIN(CCHAR8)
1	aaaaaaaa	aaaaaaaa
select cidx, CCHAR9, MIN(CCHAR9) from datatypetestm group by cidx, CCHAR9 order by cidx;
cidx	CCHAR9	MIN(CCHAR9)
1	aaaaaaaaa	aaaaaaaaa
select cidx, CCHAR255, MIN(CCHAR255) from datatypetestm group by cidx, CCHAR255 order by cidx;
cidx	CCHAR255	MIN(CCHAR255)
1	aaaaaaaaaa	aaaaaaaaaa
select cidx, CVCHAR1, MIN(CVCHAR1) from datatypetestm group by cidx, CVCHAR1 order by cidx;
cidx	CVCHAR1	MIN(CVCHAR1)
1	a	a
select cidx, CVCHAR2, MIN(CVCHAR2) from datatypetestm group by cidx, CVCHAR2 order by cidx;
cidx	CVCHAR2	MIN(CVCHAR2)
1	aa	aa
select cidx, CVCHAR3, MIN(CVCHAR3) from datatypetestm group by cidx, CVCHAR3 order by cidx;
cidx	CVCHAR3	MIN(CVCHAR3)
1	aaa	aaa
select cidx, CVCHAR4, MIN(CVCHAR4) from datatypetestm group by cidx, CVCHAR4 order by cidx;
cidx	CVCHAR4	MIN(CVCHAR4)
1	aaaa	aaaa
select cidx, CVCHAR5, MIN(CVCHAR5) from datatypetestm group by cidx, CVCHAR5 order by cidx;
cidx	CVCHAR5	MIN(CVCHAR5)
1	aaaaa	aaaaa
select cidx, CVCHAR6, MIN(CVCHAR6) from datatypetestm group by cidx, CVCHAR6 order by cidx;
cidx	CVCHAR6	MIN(CVCHAR6)
1	aaaaaa	aaaaaa
select cidx, CVCHAR7, MIN(CVCHAR7) from datatypetestm group by cidx, CVCHAR7 order by cidx;
cidx	CVCHAR7	MIN(CVCHAR7)
1	aaaaaaa	aaaaaaa
select cidx, CVCHAR8, MIN(CVCHAR8) from datatypetestm group by cidx, CVCHAR8 order by cidx;
cidx	CVCHAR8	MIN(CVCHAR8)
1	aaaaaaaa	aaaaaaaa
select cidx, CVCHAR255, MIN(CVCHAR255) from datatypetestm group by cidx, CVCHAR255 order by cidx;
cidx	CVCHAR255	MIN(CVCHAR255)
1	aaaaaaaaaa	aaaaaaaaaa
