USE autopilot;
select cidx, CBIGINT, SEC_TO_TIME(CBIGINT) from datatypetestm order by cidx;
cidx	CBIGINT	SEC_TO_TIME(CBIGINT)
1	-72036854775806	-838:59:59
select cidx, CDECIMAL1, SEC_TO_TIME(CDECIMAL1) from datatypetestm order by cidx;
cidx	CDECIMAL1	SEC_TO_TIME(CDECIMAL1)
1	-9	-00:00:09
select cidx, CDECIMAL4, SEC_TO_TIME(CDECIMAL4) from datatypetestm order by cidx;
cidx	CDECIMAL4	SEC_TO_TIME(CDECIMAL4)
1	-999	-00:16:39
select cidx, CDECIMAL4_2, SEC_TO_TIME(CDECIMAL4_2) from datatypetestm order by cidx;
cidx	CDECIMAL4_2	SEC_TO_TIME(CDECIMAL4_2)
1	-9.99	-00:00:10.00
select cidx, CDECIMAL5, SEC_TO_TIME(CDECIMAL5) from datatypetestm order by cidx;
cidx	CDECIMAL5	SEC_TO_TIME(CDECIMAL5)
1	-999	-00:16:39
select cidx, CDECIMAL9, SEC_TO_TIME(CDECIMAL9) from datatypetestm order by cidx;
cidx	CDECIMAL9	SEC_TO_TIME(CDECIMAL9)
1	-999999	-277:46:39
select cidx, CDECIMAL9_2, SEC_TO_TIME(CDECIMAL9_2) from datatypetestm order by cidx;
cidx	CDECIMAL9_2	SEC_TO_TIME(CDECIMAL9_2)
1	-9999.99	-02:46:40.00
select cidx, CDECIMAL10, SEC_TO_TIME(CDECIMAL10) from datatypetestm order by cidx;
cidx	CDECIMAL10	SEC_TO_TIME(CDECIMAL10)
1	-9999999	-838:59:59
select cidx, CDECIMAL18, SEC_TO_TIME(CDECIMAL18) from datatypetestm order by cidx;
cidx	CDECIMAL18	SEC_TO_TIME(CDECIMAL18)
1	-9999999999999	-838:59:59
select cidx, CDECIMAL18_2, SEC_TO_TIME(CDECIMAL18_2) from datatypetestm order by cidx;
cidx	CDECIMAL18_2	SEC_TO_TIME(CDECIMAL18_2)
1	-99999999999.99	-838:59:59.00
select cidx, CINTEGER, SEC_TO_TIME(CINTEGER) from datatypetestm order by cidx;
cidx	CINTEGER	SEC_TO_TIME(CINTEGER)
1	-7483646	-838:59:59
select cidx, CSMALLINT, SEC_TO_TIME(CSMALLINT) from datatypetestm order by cidx;
cidx	CSMALLINT	SEC_TO_TIME(CSMALLINT)
1	-766	-00:12:46
select cidx, CTINYINT, SEC_TO_TIME(CTINYINT) from datatypetestm order by cidx;
cidx	CTINYINT	SEC_TO_TIME(CTINYINT)
1	-26	-00:00:26
select cidx, CDOUBLE, SEC_TO_TIME(CDOUBLE) from datatypetestm order by cidx;
cidx	CDOUBLE	SEC_TO_TIME(CDOUBLE)
1	-1.797693231e108	-838:59:59.000000
select cidx, CFLOAT, SEC_TO_TIME(CFLOAT) from datatypetestm order by cidx;
cidx	CFLOAT	SEC_TO_TIME(CFLOAT)
1	-3.40287e18	-838:59:59.000000
select cidx, SEC_TO_TIME(0) from datatypetestm order by cidx;
cidx	SEC_TO_TIME(0)
1	00:00:00
select cidx, SEC_TO_TIME(3559) from datatypetestm order by cidx;
cidx	SEC_TO_TIME(3559)
1	00:59:19
select cidx, SEC_TO_TIME(3600) from datatypetestm order by cidx;
cidx	SEC_TO_TIME(3600)
1	01:00:00
select cidx, CBIGINT from datatypetestm order by SEC_TO_TIME(CBIGINT), cidx;
cidx	CBIGINT
1	-72036854775806
select cidx, CDECIMAL1 from datatypetestm order by SEC_TO_TIME(CDECIMAL1), cidx;
cidx	CDECIMAL1
1	-9
select cidx, CDECIMAL4 from datatypetestm order by SEC_TO_TIME(CDECIMAL4), cidx;
cidx	CDECIMAL4
1	-999
select cidx, CDECIMAL4_2 from datatypetestm order by SEC_TO_TIME(CDECIMAL4_2), cidx;
cidx	CDECIMAL4_2
1	-9.99
select cidx, CDECIMAL5 from datatypetestm order by SEC_TO_TIME(CDECIMAL5), cidx;
cidx	CDECIMAL5
1	-999
select cidx, CDECIMAL9 from datatypetestm order by SEC_TO_TIME(CDECIMAL9), cidx;
cidx	CDECIMAL9
1	-999999
select cidx, CDECIMAL9_2 from datatypetestm order by SEC_TO_TIME(CDECIMAL9_2), cidx;
cidx	CDECIMAL9_2
1	-9999.99
select cidx, CDECIMAL10 from datatypetestm order by SEC_TO_TIME(CDECIMAL10), cidx;
cidx	CDECIMAL10
1	-9999999
select cidx, CDECIMAL18 from datatypetestm order by SEC_TO_TIME(CDECIMAL18), cidx;
cidx	CDECIMAL18
1	-9999999999999
select cidx, CDECIMAL18_2 from datatypetestm order by SEC_TO_TIME(CDECIMAL18_2), cidx;
cidx	CDECIMAL18_2
1	-99999999999.99
select cidx, CINTEGER from datatypetestm order by SEC_TO_TIME(CINTEGER), cidx;
cidx	CINTEGER
1	-7483646
select cidx, CSMALLINT from datatypetestm order by SEC_TO_TIME(CSMALLINT), cidx;
cidx	CSMALLINT
1	-766
select cidx, CTINYINT from datatypetestm order by SEC_TO_TIME(CTINYINT), cidx;
cidx	CTINYINT
1	-26
select cidx, CDOUBLE from datatypetestm order by SEC_TO_TIME(CDOUBLE), cidx;
cidx	CDOUBLE
1	-1.797693231e108
select cidx, CFLOAT from datatypetestm order by SEC_TO_TIME(CFLOAT), cidx;
cidx	CFLOAT
1	-3.40287e18
