USE autopilot;
select dtt1.cidx, dtt1.CCHAR1, dtt2.CFLOAT from datatypetestm1 dtt1, datatypetestm2 dtt2 where dtt1.cidx = dtt2.cidx and dtt1.CCHAR1 > dtt2.CFLOAT ;
cidx	CCHAR1	CFLOAT
1	a	-3.40287e18
2	a	-3.40287e18
3	a	-3.40286e18
4	a	-3.40286e18
5	a	-3.40286e18
select dtt1.cidx, dtt1.CCHAR1, dtt2.CFLOAT from datatypetestm1 dtt1, datatypetestm2 dtt2 where dtt1.cidx = dtt2.cidx and dtt1.CCHAR1 >= dtt2.CFLOAT ;
cidx	CCHAR1	CFLOAT
1	a	-3.40287e18
2	a	-3.40287e18
3	a	-3.40286e18
4	a	-3.40286e18
5	a	-3.40286e18
select dtt1.cidx, dtt1.CCHAR1, dtt2.CFLOAT from datatypetestm1 dtt1, datatypetestm2 dtt2 where dtt1.cidx = dtt2.cidx and dtt1.CCHAR1 <> dtt2.CFLOAT ;
cidx	CCHAR1	CFLOAT
1	a	-3.40287e18
2	a	-3.40287e18
3	a	-3.40286e18
4	a	-3.40286e18
5	a	-3.40286e18
6	z	3.40286e18
7	z	3.40286e18
8	z	3.40286e18
9	z	3.40287e18
10	z	3.40287e18
select dtt1.cidx, dtt1.CCHAR1, dtt2.CFLOAT from datatypetestm1 dtt1, datatypetestm2 dtt2 where dtt1.cidx = dtt2.cidx and dtt1.CCHAR1 < dtt2.CFLOAT ;
cidx	CCHAR1	CFLOAT
6	z	3.40286e18
7	z	3.40286e18
8	z	3.40286e18
9	z	3.40287e18
10	z	3.40287e18
select dtt1.cidx, dtt1.CCHAR1, dtt2.CFLOAT from datatypetestm1 dtt1, datatypetestm2 dtt2 where dtt1.cidx = dtt2.cidx and dtt1.CCHAR1 <= dtt2.CFLOAT ;
cidx	CCHAR1	CFLOAT
6	z	3.40286e18
7	z	3.40286e18
8	z	3.40286e18
9	z	3.40287e18
10	z	3.40287e18
