USE autopilot;
select dtt1.cidx, dtt1.CDATE, dtt2.CTINYINT from datatypetestm1 dtt1, datatypetestm2 dtt2 where dtt1.cidx = dtt2.cidx and dtt1.CDATE > dtt2.CTINYINT ;
cidx	CDATE	CTINYINT
1	1997-01-01	-26
2	1997-01-01	-25
3	1997-01-02	-24
4	1997-01-03	-23
5	1997-01-04	-22
6	2009-12-28	23
7	2009-12-29	24
8	2009-12-30	25
9	2009-12-31	26
10	2009-12-31	27
11	2009-12-31	0
select dtt1.cidx, dtt1.CDATE, dtt2.CTINYINT from datatypetestm1 dtt1, datatypetestm2 dtt2 where dtt1.cidx = dtt2.cidx and dtt1.CDATE >= dtt2.CTINYINT ;
cidx	CDATE	CTINYINT
1	1997-01-01	-26
2	1997-01-01	-25
3	1997-01-02	-24
4	1997-01-03	-23
5	1997-01-04	-22
6	2009-12-28	23
7	2009-12-29	24
8	2009-12-30	25
9	2009-12-31	26
10	2009-12-31	27
11	2009-12-31	0
select dtt1.cidx, dtt1.CDATE, dtt2.CTINYINT from datatypetestm1 dtt1, datatypetestm2 dtt2 where dtt1.cidx = dtt2.cidx and dtt1.CDATE <> dtt2.CTINYINT ;
cidx	CDATE	CTINYINT
1	1997-01-01	-26
2	1997-01-01	-25
3	1997-01-02	-24
4	1997-01-03	-23
5	1997-01-04	-22
6	2009-12-28	23
7	2009-12-29	24
8	2009-12-30	25
9	2009-12-31	26
10	2009-12-31	27
11	2009-12-31	0
select dtt1.cidx, dtt1.CDATE, dtt2.CTINYINT from datatypetestm1 dtt1, datatypetestm2 dtt2 where dtt1.cidx = dtt2.cidx and dtt1.CDATE < dtt2.CTINYINT ;
cidx	CDATE	CTINYINT
select dtt1.cidx, dtt1.CDATE, dtt2.CTINYINT from datatypetestm1 dtt1, datatypetestm2 dtt2 where dtt1.cidx = dtt2.cidx and dtt1.CDATE <= dtt2.CTINYINT ;
cidx	CDATE	CTINYINT
