USE autopilot;
select dtt1.cidx, dtt1.CBIGINT, dtt2.CTINYINT from datatypetestm1 dtt1, datatypetestm2 dtt2 where dtt1.cidx = dtt2.cidx and dtt1.CBIGINT > dtt2.CTINYINT ;
cidx	CBIGINT	CTINYINT
6	72036854775803	23
7	72036854775804	24
8	72036854775805	25
9	72036854775806	26
10	72036854775807	27
select dtt1.cidx, dtt1.CBIGINT, dtt2.CTINYINT from datatypetestm1 dtt1, datatypetestm2 dtt2 where dtt1.cidx = dtt2.cidx and dtt1.CBIGINT >= dtt2.CTINYINT ;
cidx	CBIGINT	CTINYINT
6	72036854775803	23
7	72036854775804	24
8	72036854775805	25
9	72036854775806	26
10	72036854775807	27
11	0	0
select dtt1.cidx, dtt1.CBIGINT, dtt2.CTINYINT from datatypetestm1 dtt1, datatypetestm2 dtt2 where dtt1.cidx = dtt2.cidx and dtt1.CBIGINT <> dtt2.CTINYINT ;
cidx	CBIGINT	CTINYINT
1	-72036854775806	-26
2	-72036854775805	-25
3	-72036854775804	-24
4	-72036854775803	-23
5	-72036854775802	-22
6	72036854775803	23
7	72036854775804	24
8	72036854775805	25
9	72036854775806	26
10	72036854775807	27
select dtt1.cidx, dtt1.CBIGINT, dtt2.CTINYINT from datatypetestm1 dtt1, datatypetestm2 dtt2 where dtt1.cidx = dtt2.cidx and dtt1.CBIGINT < dtt2.CTINYINT ;
cidx	CBIGINT	CTINYINT
1	-72036854775806	-26
2	-72036854775805	-25
3	-72036854775804	-24
4	-72036854775803	-23
5	-72036854775802	-22
select dtt1.cidx, dtt1.CBIGINT, dtt2.CTINYINT from datatypetestm1 dtt1, datatypetestm2 dtt2 where dtt1.cidx = dtt2.cidx and dtt1.CBIGINT <= dtt2.CTINYINT ;
cidx	CBIGINT	CTINYINT
1	-72036854775806	-26
2	-72036854775805	-25
3	-72036854775804	-24
4	-72036854775803	-23
5	-72036854775802	-22
11	0	0
