USE autopilot;
select dtt1.cidx, dtt1.CDATETIME, dtt2.CVCHAR255 from datatypetestm1 dtt1, datatypetestm2 dtt2 where dtt1.cidx = dtt2.cidx and dtt1.CDATETIME > dtt2.CVCHAR255 ;
cidx	CDATETIME	CVCHAR255
1	1997-01-01 00:00:00	aaaaaaaaaa
2	1997-01-01 00:00:01	j
3	1997-01-02 00:00:01	jj
4	1997-01-03 00:00:02	jjj
5	1997-01-04 00:00:03	jjjj
6	2009-12-31 23:59:56	qqqqqqq
7	2009-12-31 23:59:57	qqqqqqqq
8	2009-12-31 23:59:58	qqqqqqqqq
9	2009-12-31 23:59:59	qqqqqqqqqq
10	2009-12-31 23:59:59	zzzzzzzzzz
select dtt1.cidx, dtt1.CDATETIME, dtt2.CVCHAR255 from datatypetestm1 dtt1, datatypetestm2 dtt2 where dtt1.cidx = dtt2.cidx and dtt1.CDATETIME >= dtt2.CVCHAR255 ;
cidx	CDATETIME	CVCHAR255
1	1997-01-01 00:00:00	aaaaaaaaaa
2	1997-01-01 00:00:01	j
3	1997-01-02 00:00:01	jj
4	1997-01-03 00:00:02	jjj
5	1997-01-04 00:00:03	jjjj
6	2009-12-31 23:59:56	qqqqqqq
7	2009-12-31 23:59:57	qqqqqqqq
8	2009-12-31 23:59:58	qqqqqqqqq
9	2009-12-31 23:59:59	qqqqqqqqqq
10	2009-12-31 23:59:59	zzzzzzzzzz
select dtt1.cidx, dtt1.CDATETIME, dtt2.CVCHAR255 from datatypetestm1 dtt1, datatypetestm2 dtt2 where dtt1.cidx = dtt2.cidx and dtt1.CDATETIME <> dtt2.CVCHAR255 ;
cidx	CDATETIME	CVCHAR255
1	1997-01-01 00:00:00	aaaaaaaaaa
2	1997-01-01 00:00:01	j
3	1997-01-02 00:00:01	jj
4	1997-01-03 00:00:02	jjj
5	1997-01-04 00:00:03	jjjj
6	2009-12-31 23:59:56	qqqqqqq
7	2009-12-31 23:59:57	qqqqqqqq
8	2009-12-31 23:59:58	qqqqqqqqq
9	2009-12-31 23:59:59	qqqqqqqqqq
10	2009-12-31 23:59:59	zzzzzzzzzz
select dtt1.cidx, dtt1.CDATETIME, dtt2.CVCHAR255 from datatypetestm1 dtt1, datatypetestm2 dtt2 where dtt1.cidx = dtt2.cidx and dtt1.CDATETIME < dtt2.CVCHAR255 ;
cidx	CDATETIME	CVCHAR255
select dtt1.cidx, dtt1.CDATETIME, dtt2.CVCHAR255 from datatypetestm1 dtt1, datatypetestm2 dtt2 where dtt1.cidx = dtt2.cidx and dtt1.CDATETIME <= dtt2.CVCHAR255 ;
cidx	CDATETIME	CVCHAR255
