USE autopilot;
select dtt1.cidx, dtt1.CDECIMAL10, dtt2.CCHAR8 from datatypetestm1 dtt1, datatypetestm2 dtt2 where dtt1.cidx = dtt2.cidx and dtt1.CDECIMAL10 > dtt2.CCHAR8 ;
cidx	CDECIMAL10	CCHAR8
6	9999995	sssssss
7	9999996	ssssssss
8	9999997	ssssssss
9	9999998	ssssssss
10	9999999	zzzzzzzz
select dtt1.cidx, dtt1.CDECIMAL10, dtt2.CCHAR8 from datatypetestm1 dtt1, datatypetestm2 dtt2 where dtt1.cidx = dtt2.cidx and dtt1.CDECIMAL10 >= dtt2.CCHAR8 ;
cidx	CDECIMAL10	CCHAR8
6	9999995	sssssss
7	9999996	ssssssss
8	9999997	ssssssss
9	9999998	ssssssss
10	9999999	zzzzzzzz
select dtt1.cidx, dtt1.CDECIMAL10, dtt2.CCHAR8 from datatypetestm1 dtt1, datatypetestm2 dtt2 where dtt1.cidx = dtt2.cidx and dtt1.CDECIMAL10 <> dtt2.CCHAR8 ;
cidx	CDECIMAL10	CCHAR8
1	-9999999	aaaaaaaa
2	-9999998	h
3	-9999997	hh
4	-9999996	hhh
5	-9999995	hhhh
6	9999995	sssssss
7	9999996	ssssssss
8	9999997	ssssssss
9	9999998	ssssssss
10	9999999	zzzzzzzz
select dtt1.cidx, dtt1.CDECIMAL10, dtt2.CCHAR8 from datatypetestm1 dtt1, datatypetestm2 dtt2 where dtt1.cidx = dtt2.cidx and dtt1.CDECIMAL10 < dtt2.CCHAR8 ;
cidx	CDECIMAL10	CCHAR8
1	-9999999	aaaaaaaa
2	-9999998	h
3	-9999997	hh
4	-9999996	hhh
5	-9999995	hhhh
select dtt1.cidx, dtt1.CDECIMAL10, dtt2.CCHAR8 from datatypetestm1 dtt1, datatypetestm2 dtt2 where dtt1.cidx = dtt2.cidx and dtt1.CDECIMAL10 <= dtt2.CCHAR8 ;
cidx	CDECIMAL10	CCHAR8
1	-9999999	aaaaaaaa
2	-9999998	h
3	-9999997	hh
4	-9999996	hhh
5	-9999995	hhhh
