USE autopilot;
select STDDEV_SAMP(CBIGINT) from datatypetestm;
STDDEV_SAMP(CBIGINT)
NULL
select STDDEV_SAMP(CDECIMAL1) from datatypetestm;
STDDEV_SAMP(CDECIMAL1)
NULL
select STDDEV_SAMP(CDECIMAL4) from datatypetestm;
STDDEV_SAMP(CDECIMAL4)
NULL
select STDDEV_SAMP(CDECIMAL4_2) from datatypetestm;
STDDEV_SAMP(CDECIMAL4_2)
NULL
select STDDEV_SAMP(CDECIMAL5) from datatypetestm;
STDDEV_SAMP(CDECIMAL5)
NULL
select STDDEV_SAMP(CDECIMAL9) from datatypetestm;
STDDEV_SAMP(CDECIMAL9)
NULL
select STDDEV_SAMP(CDECIMAL9_2) from datatypetestm;
STDDEV_SAMP(CDECIMAL9_2)
NULL
select STDDEV_SAMP(CDECIMAL10) from datatypetestm;
STDDEV_SAMP(CDECIMAL10)
NULL
select STDDEV_SAMP(CDECIMAL18) from datatypetestm;
STDDEV_SAMP(CDECIMAL18)
NULL
select STDDEV_SAMP(CDECIMAL18_2) from datatypetestm;
STDDEV_SAMP(CDECIMAL18_2)
NULL
select STDDEV_SAMP(CINTEGER) from datatypetestm;
STDDEV_SAMP(CINTEGER)
NULL
select STDDEV_SAMP(CSMALLINT) from datatypetestm;
STDDEV_SAMP(CSMALLINT)
NULL
select STDDEV_SAMP(CTINYINT) from datatypetestm;
STDDEV_SAMP(CTINYINT)
NULL
select STDDEV_SAMP(CDOUBLE) from datatypetestm;
STDDEV_SAMP(CDOUBLE)
NULL
select STDDEV_SAMP(CFLOAT) from datatypetestm;
STDDEV_SAMP(CFLOAT)
NULL
select cidx, CBIGINT, STDDEV_SAMP(CBIGINT) from datatypetestm group by cidx, CBIGINT order by cidx;
cidx	CBIGINT	STDDEV_SAMP(CBIGINT)
1	-72036854775806	NULL
select cidx, CDECIMAL1, STDDEV_SAMP(CDECIMAL1) from datatypetestm group by cidx, CDECIMAL1 order by cidx;
cidx	CDECIMAL1	STDDEV_SAMP(CDECIMAL1)
1	-9	NULL
select cidx, CDECIMAL4, STDDEV_SAMP(CDECIMAL4) from datatypetestm group by cidx, CDECIMAL4 order by cidx;
cidx	CDECIMAL4	STDDEV_SAMP(CDECIMAL4)
1	-999	NULL
select cidx, CDECIMAL4_2, STDDEV_SAMP(CDECIMAL4_2) from datatypetestm group by cidx, CDECIMAL4_2 order by cidx;
cidx	CDECIMAL4_2	STDDEV_SAMP(CDECIMAL4_2)
1	-9.99	NULL
select cidx, CDECIMAL5, STDDEV_SAMP(CDECIMAL5) from datatypetestm group by cidx, CDECIMAL5 order by cidx;
cidx	CDECIMAL5	STDDEV_SAMP(CDECIMAL5)
1	-999	NULL
select cidx, CDECIMAL9, STDDEV_SAMP(CDECIMAL9) from datatypetestm group by cidx, CDECIMAL9 order by cidx;
cidx	CDECIMAL9	STDDEV_SAMP(CDECIMAL9)
1	-999999	NULL
select cidx, CDECIMAL9_2, STDDEV_SAMP(CDECIMAL9_2) from datatypetestm group by cidx, CDECIMAL9_2 order by cidx;
cidx	CDECIMAL9_2	STDDEV_SAMP(CDECIMAL9_2)
1	-9999.99	NULL
select cidx, CDECIMAL10, STDDEV_SAMP(CDECIMAL10) from datatypetestm group by cidx, CDECIMAL10 order by cidx;
cidx	CDECIMAL10	STDDEV_SAMP(CDECIMAL10)
1	-9999999	NULL
select cidx, CDECIMAL18, STDDEV_SAMP(CDECIMAL18) from datatypetestm group by cidx, CDECIMAL18 order by cidx;
cidx	CDECIMAL18	STDDEV_SAMP(CDECIMAL18)
1	-9999999999999	NULL
select cidx, CDECIMAL18_2, STDDEV_SAMP(CDECIMAL18_2) from datatypetestm group by cidx, CDECIMAL18_2 order by cidx;
cidx	CDECIMAL18_2	STDDEV_SAMP(CDECIMAL18_2)
1	-99999999999.99	NULL
select cidx, CINTEGER, STDDEV_SAMP(CINTEGER) from datatypetestm group by cidx, CINTEGER order by cidx;
cidx	CINTEGER	STDDEV_SAMP(CINTEGER)
1	-7483646	NULL
select cidx, CSMALLINT, STDDEV_SAMP(CSMALLINT) from datatypetestm group by cidx, CSMALLINT order by cidx;
cidx	CSMALLINT	STDDEV_SAMP(CSMALLINT)
1	-766	NULL
select cidx, CTINYINT, STDDEV_SAMP(CTINYINT) from datatypetestm group by cidx, CTINYINT order by cidx;
cidx	CTINYINT	STDDEV_SAMP(CTINYINT)
1	-26	NULL
select cidx, CDOUBLE, STDDEV_SAMP(CDOUBLE) from datatypetestm group by cidx, CDOUBLE order by cidx;
cidx	CDOUBLE	STDDEV_SAMP(CDOUBLE)
1	-1.797693231e108	NULL
select cidx, CFLOAT, STDDEV_SAMP(CFLOAT) from datatypetestm group by cidx, CFLOAT order by cidx;
cidx	CFLOAT	STDDEV_SAMP(CFLOAT)
1	-3.40287e18	NULL
