USE autopilot;
select dtt1.cidx, dtt1.CCHAR3, dtt2.CDECIMAL18_2 from datatypetestm1 dtt1, datatypetestm2 dtt2 where dtt1.cidx = dtt2.cidx and dtt1.CCHAR3 > dtt2.CDECIMAL18_2 ;
cidx	CCHAR3	CDECIMAL18_2
1	aaa	-99999999999.99
2	c	-99999999999.98
3	cc	-99999999999.97
4	ccc	-99999999999.96
5	ccc	-99999999999.95
select dtt1.cidx, dtt1.CCHAR3, dtt2.CDECIMAL18_2 from datatypetestm1 dtt1, datatypetestm2 dtt2 where dtt1.cidx = dtt2.cidx and dtt1.CCHAR3 >= dtt2.CDECIMAL18_2 ;
cidx	CCHAR3	CDECIMAL18_2
1	aaa	-99999999999.99
2	c	-99999999999.98
3	cc	-99999999999.97
4	ccc	-99999999999.96
5	ccc	-99999999999.95
select dtt1.cidx, dtt1.CCHAR3, dtt2.CDECIMAL18_2 from datatypetestm1 dtt1, datatypetestm2 dtt2 where dtt1.cidx = dtt2.cidx and dtt1.CCHAR3 <> dtt2.CDECIMAL18_2 ;
cidx	CCHAR3	CDECIMAL18_2
1	aaa	-99999999999.99
2	c	-99999999999.98
3	cc	-99999999999.97
4	ccc	-99999999999.96
5	ccc	-99999999999.95
6	xxx	99999999999.95
7	xxx	99999999999.96
8	xxx	99999999999.97
9	xxx	99999999999.98
10	zzz	99999999999.99
select dtt1.cidx, dtt1.CCHAR3, dtt2.CDECIMAL18_2 from datatypetestm1 dtt1, datatypetestm2 dtt2 where dtt1.cidx = dtt2.cidx and dtt1.CCHAR3 < dtt2.CDECIMAL18_2 ;
cidx	CCHAR3	CDECIMAL18_2
6	xxx	99999999999.95
7	xxx	99999999999.96
8	xxx	99999999999.97
9	xxx	99999999999.98
10	zzz	99999999999.99
select dtt1.cidx, dtt1.CCHAR3, dtt2.CDECIMAL18_2 from datatypetestm1 dtt1, datatypetestm2 dtt2 where dtt1.cidx = dtt2.cidx and dtt1.CCHAR3 <= dtt2.CDECIMAL18_2 ;
cidx	CCHAR3	CDECIMAL18_2
6	xxx	99999999999.95
7	xxx	99999999999.96
8	xxx	99999999999.97
9	xxx	99999999999.98
10	zzz	99999999999.99
