USE autopilot;
select dtt1.cidx, dtt1.CDATETIME, dtt2.CDECIMAL9_2 from datatypetestm1 dtt1, datatypetestm2 dtt2 where dtt1.cidx = dtt2.cidx and dtt1.CDATETIME > dtt2.CDECIMAL9_2 ;
cidx	CDATETIME	CDECIMAL9_2
1	1997-01-01 00:00:00	-9999.99
2	1997-01-01 00:00:01	-9999.98
3	1997-01-02 00:00:01	-9999.97
4	1997-01-03 00:00:02	-9999.96
5	1997-01-04 00:00:03	-9999.95
6	2009-12-31 23:59:56	9999.95
7	2009-12-31 23:59:57	9999.96
8	2009-12-31 23:59:58	9999.97
9	2009-12-31 23:59:59	9999.98
10	2009-12-31 23:59:59	9999.99
11	2009-12-31 23:59:59	0.00
select dtt1.cidx, dtt1.CDATETIME, dtt2.CDECIMAL9_2 from datatypetestm1 dtt1, datatypetestm2 dtt2 where dtt1.cidx = dtt2.cidx and dtt1.CDATETIME >= dtt2.CDECIMAL9_2 ;
cidx	CDATETIME	CDECIMAL9_2
1	1997-01-01 00:00:00	-9999.99
2	1997-01-01 00:00:01	-9999.98
3	1997-01-02 00:00:01	-9999.97
4	1997-01-03 00:00:02	-9999.96
5	1997-01-04 00:00:03	-9999.95
6	2009-12-31 23:59:56	9999.95
7	2009-12-31 23:59:57	9999.96
8	2009-12-31 23:59:58	9999.97
9	2009-12-31 23:59:59	9999.98
10	2009-12-31 23:59:59	9999.99
11	2009-12-31 23:59:59	0.00
select dtt1.cidx, dtt1.CDATETIME, dtt2.CDECIMAL9_2 from datatypetestm1 dtt1, datatypetestm2 dtt2 where dtt1.cidx = dtt2.cidx and dtt1.CDATETIME <> dtt2.CDECIMAL9_2 ;
cidx	CDATETIME	CDECIMAL9_2
1	1997-01-01 00:00:00	-9999.99
2	1997-01-01 00:00:01	-9999.98
3	1997-01-02 00:00:01	-9999.97
4	1997-01-03 00:00:02	-9999.96
5	1997-01-04 00:00:03	-9999.95
6	2009-12-31 23:59:56	9999.95
7	2009-12-31 23:59:57	9999.96
8	2009-12-31 23:59:58	9999.97
9	2009-12-31 23:59:59	9999.98
10	2009-12-31 23:59:59	9999.99
11	2009-12-31 23:59:59	0.00
select dtt1.cidx, dtt1.CDATETIME, dtt2.CDECIMAL9_2 from datatypetestm1 dtt1, datatypetestm2 dtt2 where dtt1.cidx = dtt2.cidx and dtt1.CDATETIME < dtt2.CDECIMAL9_2 ;
cidx	CDATETIME	CDECIMAL9_2
select dtt1.cidx, dtt1.CDATETIME, dtt2.CDECIMAL9_2 from datatypetestm1 dtt1, datatypetestm2 dtt2 where dtt1.cidx = dtt2.cidx and dtt1.CDATETIME <= dtt2.CDECIMAL9_2 ;
cidx	CDATETIME	CDECIMAL9_2
