USE autopilot;
select cidx, CDATE, STRCMP(CDATE,CDATE) from datatypetestm order by cidx;
cidx	CDATE	STRCMP(CDATE,CDATE)
1	1997-01-01	0
select cidx, CDATE, STRCMP(CDATE,CDATETIME) from datatypetestm order by cidx;
cidx	CDATE	STRCMP(CDATE,CDATETIME)
1	1997-01-01	-1
select cidx, CDATE, STRCMP(CDATE,'1997-01-01') from datatypetestm order by cidx;
cidx	CDATE	STRCMP(CDATE,'1997-01-01')
1	1997-01-01	0
select cidx, CDATE, STRCMP(CDATE,'1997-01-01 00:00:01') from datatypetestm order by cidx;
cidx	CDATE	STRCMP(CDATE,'1997-01-01 00:00:01')
1	1997-01-01	-1
select cidx, CDATE, STRCMP(CDATE,NULL) from datatypetestm order by cidx;
cidx	CDATE	STRCMP(CDATE,NULL)
1	1997-01-01	NULL
select cidx, CDATETIME, STRCMP(CDATETIME,CDATE) from datatypetestm order by cidx;
cidx	CDATETIME	STRCMP(CDATETIME,CDATE)
1	1997-01-01 00:00:00	1
select cidx, CDATETIME, STRCMP(CDATETIME,CDATETIME) from datatypetestm order by cidx;
cidx	CDATETIME	STRCMP(CDATETIME,CDATETIME)
1	1997-01-01 00:00:00	0
select cidx, CDATETIME, STRCMP(CDATETIME,'1997-01-01') from datatypetestm order by cidx;
cidx	CDATETIME	STRCMP(CDATETIME,'1997-01-01')
1	1997-01-01 00:00:00	1
select cidx, CDATETIME, STRCMP(CDATETIME,'1997-01-01 00:00:01') from datatypetestm order by cidx;
cidx	CDATETIME	STRCMP(CDATETIME,'1997-01-01 00:00:01')
1	1997-01-01 00:00:00	-1
select cidx, CDATETIME, STRCMP(CDATETIME,NULL) from datatypetestm order by cidx;
cidx	CDATETIME	STRCMP(CDATETIME,NULL)
1	1997-01-01 00:00:00	NULL
select cidx, CTIME, STRCMP(CTIME,CDATE) from datatypetestm order by cidx;
cidx	CTIME	STRCMP(CTIME,CDATE)
1	13:00:00	-1
select cidx, CTIME, STRCMP(CTIME,CDATETIME) from datatypetestm order by cidx;
cidx	CTIME	STRCMP(CTIME,CDATETIME)
1	13:00:00	-1
select cidx, CTIME, STRCMP(CTIME,'1997-01-01') from datatypetestm order by cidx;
cidx	CTIME	STRCMP(CTIME,'1997-01-01')
1	13:00:00	-1
select cidx, CTIME, STRCMP(CTIME,'1997-01-01 00:00:01') from datatypetestm order by cidx;
cidx	CTIME	STRCMP(CTIME,'1997-01-01 00:00:01')
1	13:00:00	-1
select cidx, CTIME, STRCMP(CTIME,NULL) from datatypetestm order by cidx;
cidx	CTIME	STRCMP(CTIME,NULL)
1	13:00:00	NULL
select cidx, CDATE from datatypetestm where STRCMP(CDATE,CDATE) <> 0 order by cidx;
cidx	CDATE
select cidx, CDATE from datatypetestm where STRCMP(CDATE,CDATETIME) <> 0 order by cidx;
cidx	CDATE
1	1997-01-01
select cidx, CDATE from datatypetestm where STRCMP(CDATE,'1997-01-01') <> 0 order by cidx;
cidx	CDATE
select cidx, CDATE from datatypetestm where STRCMP(CDATE,'1997-01-01 00:00:01') <> 0 order by cidx;
cidx	CDATE
1	1997-01-01
select cidx, CDATE from datatypetestm where STRCMP(CDATE,NULL) <> 0 order by cidx;
cidx	CDATE
select cidx, CDATETIME from datatypetestm where STRCMP(CDATETIME,CDATE) <> 0 order by cidx;
cidx	CDATETIME
1	1997-01-01 00:00:00
select cidx, CDATETIME from datatypetestm where STRCMP(CDATETIME,CDATETIME) <> 0 order by cidx;
cidx	CDATETIME
select cidx, CDATETIME from datatypetestm where STRCMP(CDATETIME,'1997-01-01') <> 0 order by cidx;
cidx	CDATETIME
1	1997-01-01 00:00:00
select cidx, CDATETIME from datatypetestm where STRCMP(CDATETIME,'1997-01-01 00:00:01') <> 0 order by cidx;
cidx	CDATETIME
1	1997-01-01 00:00:00
select cidx, CDATETIME from datatypetestm where STRCMP(CDATETIME,NULL) <> 0 order by cidx;
cidx	CDATETIME
select cidx, CTIME from datatypetestm where STRCMP(CTIME,CDATE) <> 0 order by cidx;
cidx	CTIME
1	13:00:00
select cidx, CTIME from datatypetestm where STRCMP(CTIME,CDATETIME) <> 0 order by cidx;
cidx	CTIME
1	13:00:00
select cidx, CTIME from datatypetestm where STRCMP(CTIME,'1997-01-01') <> 0 order by cidx;
cidx	CTIME
1	13:00:00
select cidx, CTIME from datatypetestm where STRCMP(CTIME,'1997-01-01 00:00:01') <> 0 order by cidx;
cidx	CTIME
1	13:00:00
select cidx, CTIME from datatypetestm where STRCMP(CTIME,NULL) <> 0 order by cidx;
cidx	CTIME
