USE autopilot;
select cidx, CDATE, MAKEDATE(2010, CDATE) from datatypetestm order by cidx;
cidx	CDATE	MAKEDATE(2010, CDATE)
1	1997-01-01	NULL
select cidx, CDATE, MAKEDATE(2011, CDATE) from datatypetestm order by cidx;
cidx	CDATE	MAKEDATE(2011, CDATE)
1	1997-01-01	NULL
select cidx, CDATETIME, MAKEDATE(2010, CDATETIME) from datatypetestm order by cidx;
cidx	CDATETIME	MAKEDATE(2010, CDATETIME)
1	1997-01-01 00:00:00	NULL
select cidx, CDATETIME, MAKEDATE(2011, CDATETIME) from datatypetestm order by cidx;
cidx	CDATETIME	MAKEDATE(2011, CDATETIME)
1	1997-01-01 00:00:00	NULL
select cidx, CTIME, MAKEDATE(2010, CTIME) from datatypetestm order by cidx;
cidx	CTIME	MAKEDATE(2010, CTIME)
1	13:00:00	2365-12-05
select cidx, CTIME, MAKEDATE(2011, CTIME) from datatypetestm order by cidx;
cidx	CTIME	MAKEDATE(2011, CTIME)
1	13:00:00	2366-12-05
select cidx, CDATE from datatypetestm order by MAKEDATE(2010, CDATE), cidx;
cidx	CDATE
1	1997-01-01
select cidx, CDATE from datatypetestm order by MAKEDATE(2011, CDATE), cidx;
cidx	CDATE
1	1997-01-01
select cidx, CDATETIME from datatypetestm order by MAKEDATE(2010, CDATETIME), cidx;
cidx	CDATETIME
1	1997-01-01 00:00:00
select cidx, CDATETIME from datatypetestm order by MAKEDATE(2011, CDATETIME), cidx;
cidx	CDATETIME
1	1997-01-01 00:00:00
select cidx, CTIME from datatypetestm order by MAKEDATE(2010, CTIME), cidx;
cidx	CTIME
1	13:00:00
select cidx, CTIME from datatypetestm order by MAKEDATE(2011, CTIME), cidx;
cidx	CTIME
1	13:00:00
