USE autopilot;
select dtt1.cidx, dtt1.CBIGINT, dtt2.CCHAR1 from datatypetestm1 dtt1, datatypetestm2 dtt2 where dtt1.cidx = dtt2.cidx and dtt1.CBIGINT > dtt2.CCHAR1 ;
cidx	CBIGINT	CCHAR1
6	72036854775803	z
7	72036854775804	z
8	72036854775805	z
9	72036854775806	z
10	72036854775807	z
select dtt1.cidx, dtt1.CBIGINT, dtt2.CCHAR1 from datatypetestm1 dtt1, datatypetestm2 dtt2 where dtt1.cidx = dtt2.cidx and dtt1.CBIGINT >= dtt2.CCHAR1 ;
cidx	CBIGINT	CCHAR1
6	72036854775803	z
7	72036854775804	z
8	72036854775805	z
9	72036854775806	z
10	72036854775807	z
select dtt1.cidx, dtt1.CBIGINT, dtt2.CCHAR1 from datatypetestm1 dtt1, datatypetestm2 dtt2 where dtt1.cidx = dtt2.cidx and dtt1.CBIGINT <> dtt2.CCHAR1 ;
cidx	CBIGINT	CCHAR1
1	-72036854775806	a
2	-72036854775805	a
3	-72036854775804	a
4	-72036854775803	a
5	-72036854775802	a
6	72036854775803	z
7	72036854775804	z
8	72036854775805	z
9	72036854775806	z
10	72036854775807	z
select dtt1.cidx, dtt1.CBIGINT, dtt2.CCHAR1 from datatypetestm1 dtt1, datatypetestm2 dtt2 where dtt1.cidx = dtt2.cidx and dtt1.CBIGINT < dtt2.CCHAR1 ;
cidx	CBIGINT	CCHAR1
1	-72036854775806	a
2	-72036854775805	a
3	-72036854775804	a
4	-72036854775803	a
5	-72036854775802	a
select dtt1.cidx, dtt1.CBIGINT, dtt2.CCHAR1 from datatypetestm1 dtt1, datatypetestm2 dtt2 where dtt1.cidx = dtt2.cidx and dtt1.CBIGINT <= dtt2.CCHAR1 ;
cidx	CBIGINT	CCHAR1
1	-72036854775806	a
2	-72036854775805	a
3	-72036854775804	a
4	-72036854775803	a
5	-72036854775802	a
