USE autopilot;
select cidx, CBIGINT, CAST(CBIGINT AS SIGNED) from datatypetestm order by cidx;
cidx	CBIGINT	CAST(CBIGINT AS SIGNED)
1	-72036854775806	-72036854775806
select cidx, CBIGINT, CAST(CBIGINT AS DECIMAL(9)) from datatypetestm order by cidx;
cidx	CBIGINT	CAST(CBIGINT AS DECIMAL(9))
1	-72036854775806	-999999999
select cidx, CBIGINT, CAST(CBIGINT AS DECIMAL(9,2)) from datatypetestm order by cidx;
cidx	CBIGINT	CAST(CBIGINT AS DECIMAL(9,2))
1	-72036854775806	-9999999.99
select cidx, CDECIMAL1, CAST(CDECIMAL1 AS SIGNED) from datatypetestm order by cidx;
cidx	CDECIMAL1	CAST(CDECIMAL1 AS SIGNED)
1	-9	-9
select cidx, CDECIMAL1, CAST(CDECIMAL1 AS DECIMAL(9)) from datatypetestm order by cidx;
cidx	CDECIMAL1	CAST(CDECIMAL1 AS DECIMAL(9))
1	-9	-9
select cidx, CDECIMAL1, CAST(CDECIMAL1 AS DECIMAL(9,2)) from datatypetestm order by cidx;
cidx	CDECIMAL1	CAST(CDECIMAL1 AS DECIMAL(9,2))
1	-9	-9.00
select cidx, CDECIMAL4, CAST(CDECIMAL4 AS SIGNED) from datatypetestm order by cidx;
cidx	CDECIMAL4	CAST(CDECIMAL4 AS SIGNED)
1	-999	-999
select cidx, CDECIMAL4, CAST(CDECIMAL4 AS DECIMAL(9)) from datatypetestm order by cidx;
cidx	CDECIMAL4	CAST(CDECIMAL4 AS DECIMAL(9))
1	-999	-999
select cidx, CDECIMAL4, CAST(CDECIMAL4 AS DECIMAL(9,2)) from datatypetestm order by cidx;
cidx	CDECIMAL4	CAST(CDECIMAL4 AS DECIMAL(9,2))
1	-999	-999.00
select cidx, CDECIMAL4_2, CAST(CDECIMAL4_2 AS SIGNED) from datatypetestm order by cidx;
cidx	CDECIMAL4_2	CAST(CDECIMAL4_2 AS SIGNED)
1	-9.99	-10
select cidx, CDECIMAL4_2, CAST(CDECIMAL4_2 AS DECIMAL(9)) from datatypetestm order by cidx;
cidx	CDECIMAL4_2	CAST(CDECIMAL4_2 AS DECIMAL(9))
1	-9.99	-10
select cidx, CDECIMAL4_2, CAST(CDECIMAL4_2 AS DECIMAL(9,2)) from datatypetestm order by cidx;
cidx	CDECIMAL4_2	CAST(CDECIMAL4_2 AS DECIMAL(9,2))
1	-9.99	-9.99
select cidx, CDECIMAL5, CAST(CDECIMAL5 AS SIGNED) from datatypetestm order by cidx;
cidx	CDECIMAL5	CAST(CDECIMAL5 AS SIGNED)
1	-999	-999
select cidx, CDECIMAL5, CAST(CDECIMAL5 AS DECIMAL(9)) from datatypetestm order by cidx;
cidx	CDECIMAL5	CAST(CDECIMAL5 AS DECIMAL(9))
1	-999	-999
select cidx, CDECIMAL5, CAST(CDECIMAL5 AS DECIMAL(9,2)) from datatypetestm order by cidx;
cidx	CDECIMAL5	CAST(CDECIMAL5 AS DECIMAL(9,2))
1	-999	-999.00
select cidx, CDECIMAL9, CAST(CDECIMAL9 AS SIGNED) from datatypetestm order by cidx;
cidx	CDECIMAL9	CAST(CDECIMAL9 AS SIGNED)
1	-999999	-999999
select cidx, CDECIMAL9, CAST(CDECIMAL9 AS DECIMAL(9)) from datatypetestm order by cidx;
cidx	CDECIMAL9	CAST(CDECIMAL9 AS DECIMAL(9))
1	-999999	-999999
select cidx, CDECIMAL9, CAST(CDECIMAL9 AS DECIMAL(9,2)) from datatypetestm order by cidx;
cidx	CDECIMAL9	CAST(CDECIMAL9 AS DECIMAL(9,2))
1	-999999	-999999.00
select cidx, CDECIMAL9_2, CAST(CDECIMAL9_2 AS SIGNED) from datatypetestm order by cidx;
cidx	CDECIMAL9_2	CAST(CDECIMAL9_2 AS SIGNED)
1	-9999.99	-10000
select cidx, CDECIMAL9_2, CAST(CDECIMAL9_2 AS DECIMAL(9)) from datatypetestm order by cidx;
cidx	CDECIMAL9_2	CAST(CDECIMAL9_2 AS DECIMAL(9))
1	-9999.99	-10000
select cidx, CDECIMAL9_2, CAST(CDECIMAL9_2 AS DECIMAL(9,2)) from datatypetestm order by cidx;
cidx	CDECIMAL9_2	CAST(CDECIMAL9_2 AS DECIMAL(9,2))
1	-9999.99	-9999.99
select cidx, CDECIMAL10, CAST(CDECIMAL10 AS SIGNED) from datatypetestm order by cidx;
cidx	CDECIMAL10	CAST(CDECIMAL10 AS SIGNED)
1	-9999999	-9999999
select cidx, CDECIMAL10, CAST(CDECIMAL10 AS DECIMAL(9)) from datatypetestm order by cidx;
cidx	CDECIMAL10	CAST(CDECIMAL10 AS DECIMAL(9))
1	-9999999	-9999999
select cidx, CDECIMAL10, CAST(CDECIMAL10 AS DECIMAL(9,2)) from datatypetestm order by cidx;
cidx	CDECIMAL10	CAST(CDECIMAL10 AS DECIMAL(9,2))
1	-9999999	-9999999.00
select cidx, CDECIMAL18, CAST(CDECIMAL18 AS SIGNED) from datatypetestm order by cidx;
cidx	CDECIMAL18	CAST(CDECIMAL18 AS SIGNED)
1	-9999999999999	-9999999999999
select cidx, CDECIMAL18, CAST(CDECIMAL18 AS DECIMAL(9)) from datatypetestm order by cidx;
cidx	CDECIMAL18	CAST(CDECIMAL18 AS DECIMAL(9))
1	-9999999999999	-999999999
select cidx, CDECIMAL18, CAST(CDECIMAL18 AS DECIMAL(9,2)) from datatypetestm order by cidx;
cidx	CDECIMAL18	CAST(CDECIMAL18 AS DECIMAL(9,2))
1	-9999999999999	-9999999.99
select cidx, CDECIMAL18_2, CAST(CDECIMAL18_2 AS SIGNED) from datatypetestm order by cidx;
cidx	CDECIMAL18_2	CAST(CDECIMAL18_2 AS SIGNED)
1	-99999999999.99	-100000000000
select cidx, CDECIMAL18_2, CAST(CDECIMAL18_2 AS DECIMAL(9)) from datatypetestm order by cidx;
cidx	CDECIMAL18_2	CAST(CDECIMAL18_2 AS DECIMAL(9))
1	-99999999999.99	-999999999
select cidx, CDECIMAL18_2, CAST(CDECIMAL18_2 AS DECIMAL(9,2)) from datatypetestm order by cidx;
cidx	CDECIMAL18_2	CAST(CDECIMAL18_2 AS DECIMAL(9,2))
1	-99999999999.99	-9999999.99
select cidx, CINTEGER, CAST(CINTEGER AS SIGNED) from datatypetestm order by cidx;
cidx	CINTEGER	CAST(CINTEGER AS SIGNED)
1	-7483646	-7483646
select cidx, CINTEGER, CAST(CINTEGER AS DECIMAL(9)) from datatypetestm order by cidx;
cidx	CINTEGER	CAST(CINTEGER AS DECIMAL(9))
1	-7483646	-7483646
select cidx, CINTEGER, CAST(CINTEGER AS DECIMAL(9,2)) from datatypetestm order by cidx;
cidx	CINTEGER	CAST(CINTEGER AS DECIMAL(9,2))
1	-7483646	-7483646.00
select cidx, CSMALLINT, CAST(CSMALLINT AS SIGNED) from datatypetestm order by cidx;
cidx	CSMALLINT	CAST(CSMALLINT AS SIGNED)
1	-766	-766
select cidx, CSMALLINT, CAST(CSMALLINT AS DECIMAL(9)) from datatypetestm order by cidx;
cidx	CSMALLINT	CAST(CSMALLINT AS DECIMAL(9))
1	-766	-766
select cidx, CSMALLINT, CAST(CSMALLINT AS DECIMAL(9,2)) from datatypetestm order by cidx;
cidx	CSMALLINT	CAST(CSMALLINT AS DECIMAL(9,2))
1	-766	-766.00
select cidx, CTINYINT, CAST(CTINYINT AS SIGNED) from datatypetestm order by cidx;
cidx	CTINYINT	CAST(CTINYINT AS SIGNED)
1	-26	-26
select cidx, CTINYINT, CAST(CTINYINT AS DECIMAL(9)) from datatypetestm order by cidx;
cidx	CTINYINT	CAST(CTINYINT AS DECIMAL(9))
1	-26	-26
select cidx, CTINYINT, CAST(CTINYINT AS DECIMAL(9,2)) from datatypetestm order by cidx;
cidx	CTINYINT	CAST(CTINYINT AS DECIMAL(9,2))
1	-26	-26.00
select cidx, CDOUBLE, CAST(CDOUBLE AS SIGNED) from datatypetestm order by cidx;
cidx	CDOUBLE	CAST(CDOUBLE AS SIGNED)
1	-1.797693231e108	-9223372036854775806
select cidx, CDOUBLE, CAST(CDOUBLE AS DECIMAL(9)) from datatypetestm order by cidx;
cidx	CDOUBLE	CAST(CDOUBLE AS DECIMAL(9))
1	-1.797693231e108	-999999999
select cidx, CDOUBLE, CAST(CDOUBLE AS DECIMAL(9,2)) from datatypetestm order by cidx;
cidx	CDOUBLE	CAST(CDOUBLE AS DECIMAL(9,2))
1	-1.797693231e108	-9999999.99
select cidx, CFLOAT, CAST(CFLOAT AS SIGNED) from datatypetestm order by cidx;
cidx	CFLOAT	CAST(CFLOAT AS SIGNED)
1	-3.40287e18	-3402865892420222976
select cidx, CFLOAT, CAST(CFLOAT AS DECIMAL(9)) from datatypetestm order by cidx;
cidx	CFLOAT	CAST(CFLOAT AS DECIMAL(9))
1	-3.40287e18	-999999999
select cidx, CFLOAT, CAST(CFLOAT AS DECIMAL(9,2)) from datatypetestm order by cidx;
cidx	CFLOAT	CAST(CFLOAT AS DECIMAL(9,2))
1	-3.40287e18	-9999999.99
select cidx, CBIGINT from datatypetestm order by CAST(CBIGINT AS SIGNED), cidx;
cidx	CBIGINT
1	-72036854775806
select cidx, CBIGINT from datatypetestm order by CAST(CBIGINT AS DECIMAL(9)), cidx;
cidx	CBIGINT
1	-72036854775806
select cidx, CBIGINT from datatypetestm order by CAST(CBIGINT AS DECIMAL(9,2)), cidx;
cidx	CBIGINT
1	-72036854775806
select cidx, CDECIMAL1 from datatypetestm order by CAST(CDECIMAL1 AS SIGNED), cidx;
cidx	CDECIMAL1
1	-9
select cidx, CDECIMAL1 from datatypetestm order by CAST(CDECIMAL1 AS DECIMAL(9)), cidx;
cidx	CDECIMAL1
1	-9
select cidx, CDECIMAL1 from datatypetestm order by CAST(CDECIMAL1 AS DECIMAL(9,2)), cidx;
cidx	CDECIMAL1
1	-9
select cidx, CDECIMAL4 from datatypetestm order by CAST(CDECIMAL4 AS SIGNED), cidx;
cidx	CDECIMAL4
1	-999
select cidx, CDECIMAL4 from datatypetestm order by CAST(CDECIMAL4 AS DECIMAL(9)), cidx;
cidx	CDECIMAL4
1	-999
select cidx, CDECIMAL4 from datatypetestm order by CAST(CDECIMAL4 AS DECIMAL(9,2)), cidx;
cidx	CDECIMAL4
1	-999
select cidx, CDECIMAL4_2 from datatypetestm order by CAST(CDECIMAL4_2 AS SIGNED), cidx;
cidx	CDECIMAL4_2
1	-9.99
select cidx, CDECIMAL4_2 from datatypetestm order by CAST(CDECIMAL4_2 AS DECIMAL(9)), cidx;
cidx	CDECIMAL4_2
1	-9.99
select cidx, CDECIMAL4_2 from datatypetestm order by CAST(CDECIMAL4_2 AS DECIMAL(9,2)), cidx;
cidx	CDECIMAL4_2
1	-9.99
select cidx, CDECIMAL5 from datatypetestm order by CAST(CDECIMAL5 AS SIGNED), cidx;
cidx	CDECIMAL5
1	-999
select cidx, CDECIMAL5 from datatypetestm order by CAST(CDECIMAL5 AS DECIMAL(9)), cidx;
cidx	CDECIMAL5
1	-999
select cidx, CDECIMAL5 from datatypetestm order by CAST(CDECIMAL5 AS DECIMAL(9,2)), cidx;
cidx	CDECIMAL5
1	-999
select cidx, CDECIMAL9 from datatypetestm order by CAST(CDECIMAL9 AS SIGNED), cidx;
cidx	CDECIMAL9
1	-999999
select cidx, CDECIMAL9 from datatypetestm order by CAST(CDECIMAL9 AS DECIMAL(9)), cidx;
cidx	CDECIMAL9
1	-999999
select cidx, CDECIMAL9 from datatypetestm order by CAST(CDECIMAL9 AS DECIMAL(9,2)), cidx;
cidx	CDECIMAL9
1	-999999
select cidx, CDECIMAL9_2 from datatypetestm order by CAST(CDECIMAL9_2 AS SIGNED), cidx;
cidx	CDECIMAL9_2
1	-9999.99
select cidx, CDECIMAL9_2 from datatypetestm order by CAST(CDECIMAL9_2 AS DECIMAL(9)), cidx;
cidx	CDECIMAL9_2
1	-9999.99
select cidx, CDECIMAL9_2 from datatypetestm order by CAST(CDECIMAL9_2 AS DECIMAL(9,2)), cidx;
cidx	CDECIMAL9_2
1	-9999.99
select cidx, CDECIMAL10 from datatypetestm order by CAST(CDECIMAL10 AS SIGNED), cidx;
cidx	CDECIMAL10
1	-9999999
select cidx, CDECIMAL10 from datatypetestm order by CAST(CDECIMAL10 AS DECIMAL(9)), cidx;
cidx	CDECIMAL10
1	-9999999
select cidx, CDECIMAL10 from datatypetestm order by CAST(CDECIMAL10 AS DECIMAL(9,2)), cidx;
cidx	CDECIMAL10
1	-9999999
select cidx, CDECIMAL18 from datatypetestm order by CAST(CDECIMAL18 AS SIGNED), cidx;
cidx	CDECIMAL18
1	-9999999999999
select cidx, CDECIMAL18 from datatypetestm order by CAST(CDECIMAL18 AS DECIMAL(9)), cidx;
cidx	CDECIMAL18
1	-9999999999999
select cidx, CDECIMAL18 from datatypetestm order by CAST(CDECIMAL18 AS DECIMAL(9,2)), cidx;
cidx	CDECIMAL18
1	-9999999999999
select cidx, CDECIMAL18_2 from datatypetestm order by CAST(CDECIMAL18_2 AS SIGNED), cidx;
cidx	CDECIMAL18_2
1	-99999999999.99
select cidx, CDECIMAL18_2 from datatypetestm order by CAST(CDECIMAL18_2 AS DECIMAL(9)), cidx;
cidx	CDECIMAL18_2
1	-99999999999.99
select cidx, CDECIMAL18_2 from datatypetestm order by CAST(CDECIMAL18_2 AS DECIMAL(9,2)), cidx;
cidx	CDECIMAL18_2
1	-99999999999.99
select cidx, CINTEGER from datatypetestm order by CAST(CINTEGER AS SIGNED), cidx;
cidx	CINTEGER
1	-7483646
select cidx, CINTEGER from datatypetestm order by CAST(CINTEGER AS DECIMAL(9)), cidx;
cidx	CINTEGER
1	-7483646
select cidx, CINTEGER from datatypetestm order by CAST(CINTEGER AS DECIMAL(9,2)), cidx;
cidx	CINTEGER
1	-7483646
select cidx, CSMALLINT from datatypetestm order by CAST(CSMALLINT AS SIGNED), cidx;
cidx	CSMALLINT
1	-766
select cidx, CSMALLINT from datatypetestm order by CAST(CSMALLINT AS DECIMAL(9)), cidx;
cidx	CSMALLINT
1	-766
select cidx, CSMALLINT from datatypetestm order by CAST(CSMALLINT AS DECIMAL(9,2)), cidx;
cidx	CSMALLINT
1	-766
select cidx, CTINYINT from datatypetestm order by CAST(CTINYINT AS SIGNED), cidx;
cidx	CTINYINT
1	-26
select cidx, CTINYINT from datatypetestm order by CAST(CTINYINT AS DECIMAL(9)), cidx;
cidx	CTINYINT
1	-26
select cidx, CTINYINT from datatypetestm order by CAST(CTINYINT AS DECIMAL(9,2)), cidx;
cidx	CTINYINT
1	-26
select cidx, CDOUBLE from datatypetestm order by CAST(CDOUBLE AS SIGNED), cidx;
cidx	CDOUBLE
1	-1.797693231e108
select cidx, CDOUBLE from datatypetestm order by CAST(CDOUBLE AS DECIMAL(9)), cidx;
cidx	CDOUBLE
1	-1.797693231e108
select cidx, CDOUBLE from datatypetestm order by CAST(CDOUBLE AS DECIMAL(9,2)), cidx;
cidx	CDOUBLE
1	-1.797693231e108
select cidx, CFLOAT from datatypetestm order by CAST(CFLOAT AS SIGNED), cidx;
cidx	CFLOAT
1	-3.40287e18
select cidx, CFLOAT from datatypetestm order by CAST(CFLOAT AS DECIMAL(9)), cidx;
cidx	CFLOAT
1	-3.40287e18
select cidx, CFLOAT from datatypetestm order by CAST(CFLOAT AS DECIMAL(9,2)), cidx;
cidx	CFLOAT
1	-3.40287e18
