USE autopilot;
select dtt1.cidx, dtt1.CDECIMAL10, dtt2.CDECIMAL1 from datatypetestm1 dtt1, datatypetestm2 dtt2 where dtt1.cidx = dtt2.cidx and dtt1.CDECIMAL10 > dtt2.CDECIMAL1 ;
cidx	CDECIMAL10	CDECIMAL1
6	9999995	5
7	9999996	6
8	9999997	7
9	9999998	8
10	9999999	9
select dtt1.cidx, dtt1.CDECIMAL10, dtt2.CDECIMAL1 from datatypetestm1 dtt1, datatypetestm2 dtt2 where dtt1.cidx = dtt2.cidx and dtt1.CDECIMAL10 >= dtt2.CDECIMAL1 ;
cidx	CDECIMAL10	CDECIMAL1
6	9999995	5
7	9999996	6
8	9999997	7
9	9999998	8
10	9999999	9
11	0	0
select dtt1.cidx, dtt1.CDECIMAL10, dtt2.CDECIMAL1 from datatypetestm1 dtt1, datatypetestm2 dtt2 where dtt1.cidx = dtt2.cidx and dtt1.CDECIMAL10 <> dtt2.CDECIMAL1 ;
cidx	CDECIMAL10	CDECIMAL1
1	-9999999	-9
2	-9999998	-8
3	-9999997	-7
4	-9999996	-6
5	-9999995	-5
6	9999995	5
7	9999996	6
8	9999997	7
9	9999998	8
10	9999999	9
select dtt1.cidx, dtt1.CDECIMAL10, dtt2.CDECIMAL1 from datatypetestm1 dtt1, datatypetestm2 dtt2 where dtt1.cidx = dtt2.cidx and dtt1.CDECIMAL10 < dtt2.CDECIMAL1 ;
cidx	CDECIMAL10	CDECIMAL1
1	-9999999	-9
2	-9999998	-8
3	-9999997	-7
4	-9999996	-6
5	-9999995	-5
select dtt1.cidx, dtt1.CDECIMAL10, dtt2.CDECIMAL1 from datatypetestm1 dtt1, datatypetestm2 dtt2 where dtt1.cidx = dtt2.cidx and dtt1.CDECIMAL10 <= dtt2.CDECIMAL1 ;
cidx	CDECIMAL10	CDECIMAL1
1	-9999999	-9
2	-9999998	-8
3	-9999997	-7
4	-9999996	-6
5	-9999995	-5
11	0	0
