USE autopilot;
select dtt1.cidx, dtt1.CDATE, dtt2.CTINYTEXT from datatypetestm1 dtt1, datatypetestm2 dtt2 where dtt1.cidx = dtt2.cidx and dtt1.CDATE > dtt2.CTINYTEXT ;
cidx	CDATE	CTINYTEXT
1	1997-01-01	tinytext
2	1997-01-01	tinytext
3	1997-01-02	tinytext
4	1997-01-03	tinytext
5	1997-01-04	tinytext
6	2009-12-28	tinytext
7	2009-12-29	tinytext
8	2009-12-30	tinytext
9	2009-12-31	tinytext
10	2009-12-31	tinytext
select dtt1.cidx, dtt1.CDATE, dtt2.CTINYTEXT from datatypetestm1 dtt1, datatypetestm2 dtt2 where dtt1.cidx = dtt2.cidx and dtt1.CDATE >= dtt2.CTINYTEXT ;
cidx	CDATE	CTINYTEXT
1	1997-01-01	tinytext
2	1997-01-01	tinytext
3	1997-01-02	tinytext
4	1997-01-03	tinytext
5	1997-01-04	tinytext
6	2009-12-28	tinytext
7	2009-12-29	tinytext
8	2009-12-30	tinytext
9	2009-12-31	tinytext
10	2009-12-31	tinytext
select dtt1.cidx, dtt1.CDATE, dtt2.CTINYTEXT from datatypetestm1 dtt1, datatypetestm2 dtt2 where dtt1.cidx = dtt2.cidx and dtt1.CDATE <> dtt2.CTINYTEXT ;
cidx	CDATE	CTINYTEXT
1	1997-01-01	tinytext
2	1997-01-01	tinytext
3	1997-01-02	tinytext
4	1997-01-03	tinytext
5	1997-01-04	tinytext
6	2009-12-28	tinytext
7	2009-12-29	tinytext
8	2009-12-30	tinytext
9	2009-12-31	tinytext
10	2009-12-31	tinytext
select dtt1.cidx, dtt1.CDATE, dtt2.CTINYTEXT from datatypetestm1 dtt1, datatypetestm2 dtt2 where dtt1.cidx = dtt2.cidx and dtt1.CDATE < dtt2.CTINYTEXT ;
cidx	CDATE	CTINYTEXT
select dtt1.cidx, dtt1.CDATE, dtt2.CTINYTEXT from datatypetestm1 dtt1, datatypetestm2 dtt2 where dtt1.cidx = dtt2.cidx and dtt1.CDATE <= dtt2.CTINYTEXT ;
cidx	CDATE	CTINYTEXT
