USE autopilot;
select cidx, CCHAR1, LCASE(CCHAR1) from datatypetestm order by cidx;
cidx	CCHAR1	LCASE(CCHAR1)
1	a	a
select cidx, CCHAR2, LCASE(CCHAR2) from datatypetestm order by cidx;
cidx	CCHAR2	LCASE(CCHAR2)
1	aa	aa
select cidx, CCHAR3, LCASE(CCHAR3) from datatypetestm order by cidx;
cidx	CCHAR3	LCASE(CCHAR3)
1	aaa	aaa
select cidx, CCHAR4, LCASE(CCHAR4) from datatypetestm order by cidx;
cidx	CCHAR4	LCASE(CCHAR4)
1	aaaa	aaaa
select cidx, CCHAR5, LCASE(CCHAR5) from datatypetestm order by cidx;
cidx	CCHAR5	LCASE(CCHAR5)
1	aaaaa	aaaaa
select cidx, CCHAR6, LCASE(CCHAR6) from datatypetestm order by cidx;
cidx	CCHAR6	LCASE(CCHAR6)
1	aaaaaa	aaaaaa
select cidx, CCHAR7, LCASE(CCHAR7) from datatypetestm order by cidx;
cidx	CCHAR7	LCASE(CCHAR7)
1	aaaaaaa	aaaaaaa
select cidx, CCHAR8, LCASE(CCHAR8) from datatypetestm order by cidx;
cidx	CCHAR8	LCASE(CCHAR8)
1	aaaaaaaa	aaaaaaaa
select cidx, CCHAR9, LCASE(CCHAR9) from datatypetestm order by cidx;
cidx	CCHAR9	LCASE(CCHAR9)
1	aaaaaaaaa	aaaaaaaaa
select cidx, CCHAR255, LCASE(CCHAR255) from datatypetestm order by cidx;
cidx	CCHAR255	LCASE(CCHAR255)
1	aaaaaaaaaa	aaaaaaaaaa
select cidx, CVCHAR1, LCASE(CVCHAR1) from datatypetestm order by cidx;
cidx	CVCHAR1	LCASE(CVCHAR1)
1	a	a
select cidx, CVCHAR2, LCASE(CVCHAR2) from datatypetestm order by cidx;
cidx	CVCHAR2	LCASE(CVCHAR2)
1	aa	aa
select cidx, CVCHAR3, LCASE(CVCHAR3) from datatypetestm order by cidx;
cidx	CVCHAR3	LCASE(CVCHAR3)
1	aaa	aaa
select cidx, CVCHAR4, LCASE(CVCHAR4) from datatypetestm order by cidx;
cidx	CVCHAR4	LCASE(CVCHAR4)
1	aaaa	aaaa
select cidx, CVCHAR5, LCASE(CVCHAR5) from datatypetestm order by cidx;
cidx	CVCHAR5	LCASE(CVCHAR5)
1	aaaaa	aaaaa
select cidx, CVCHAR6, LCASE(CVCHAR6) from datatypetestm order by cidx;
cidx	CVCHAR6	LCASE(CVCHAR6)
1	aaaaaa	aaaaaa
select cidx, CVCHAR7, LCASE(CVCHAR7) from datatypetestm order by cidx;
cidx	CVCHAR7	LCASE(CVCHAR7)
1	aaaaaaa	aaaaaaa
select cidx, CVCHAR8, LCASE(CVCHAR8) from datatypetestm order by cidx;
cidx	CVCHAR8	LCASE(CVCHAR8)
1	aaaaaaaa	aaaaaaaa
select cidx, CVCHAR255, LCASE(CVCHAR255) from datatypetestm order by cidx;
cidx	CVCHAR255	LCASE(CVCHAR255)
1	aaaaaaaaaa	aaaaaaaaaa
select cidx, LCASE(concat(cchar1,'ALOHA')) from datatypetestm order by cidx;
cidx	LCASE(concat(cchar1,'ALOHA'))
1	aaloha
select cidx, LCASE(concat(cchar1,'MAHALO')) from datatypetestm order by cidx;
cidx	LCASE(concat(cchar1,'MAHALO'))
1	amahalo
select cidx, LCASE(concat(cchar1,'Hawaii')) from datatypetestm order by cidx;
cidx	LCASE(concat(cchar1,'Hawaii'))
1	ahawaii
select cidx, CCHAR1 from datatypetestm order by LCASE(CCHAR1), cidx;
cidx	CCHAR1
1	a
select cidx, CCHAR2 from datatypetestm order by LCASE(CCHAR2), cidx;
cidx	CCHAR2
1	aa
select cidx, CCHAR3 from datatypetestm order by LCASE(CCHAR3), cidx;
cidx	CCHAR3
1	aaa
select cidx, CCHAR4 from datatypetestm order by LCASE(CCHAR4), cidx;
cidx	CCHAR4
1	aaaa
select cidx, CCHAR5 from datatypetestm order by LCASE(CCHAR5), cidx;
cidx	CCHAR5
1	aaaaa
select cidx, CCHAR6 from datatypetestm order by LCASE(CCHAR6), cidx;
cidx	CCHAR6
1	aaaaaa
select cidx, CCHAR7 from datatypetestm order by LCASE(CCHAR7), cidx;
cidx	CCHAR7
1	aaaaaaa
select cidx, CCHAR8 from datatypetestm order by LCASE(CCHAR8), cidx;
cidx	CCHAR8
1	aaaaaaaa
select cidx, CCHAR9 from datatypetestm order by LCASE(CCHAR9), cidx;
cidx	CCHAR9
1	aaaaaaaaa
select cidx, CCHAR255 from datatypetestm order by LCASE(CCHAR255), cidx;
cidx	CCHAR255
1	aaaaaaaaaa
select cidx, CVCHAR1 from datatypetestm order by LCASE(CVCHAR1), cidx;
cidx	CVCHAR1
1	a
select cidx, CVCHAR2 from datatypetestm order by LCASE(CVCHAR2), cidx;
cidx	CVCHAR2
1	aa
select cidx, CVCHAR3 from datatypetestm order by LCASE(CVCHAR3), cidx;
cidx	CVCHAR3
1	aaa
select cidx, CVCHAR4 from datatypetestm order by LCASE(CVCHAR4), cidx;
cidx	CVCHAR4
1	aaaa
select cidx, CVCHAR5 from datatypetestm order by LCASE(CVCHAR5), cidx;
cidx	CVCHAR5
1	aaaaa
select cidx, CVCHAR6 from datatypetestm order by LCASE(CVCHAR6), cidx;
cidx	CVCHAR6
1	aaaaaa
select cidx, CVCHAR7 from datatypetestm order by LCASE(CVCHAR7), cidx;
cidx	CVCHAR7
1	aaaaaaa
select cidx, CVCHAR8 from datatypetestm order by LCASE(CVCHAR8), cidx;
cidx	CVCHAR8
1	aaaaaaaa
select cidx, CVCHAR255 from datatypetestm order by LCASE(CVCHAR255), cidx;
cidx	CVCHAR255
1	aaaaaaaaaa
