USE autopilot;
select dtt1.cidx, dtt1.CCHAR1, dtt2.CDECIMAL18_2 from datatypetestm1 dtt1, datatypetestm2 dtt2 where dtt1.cidx = dtt2.cidx and dtt1.CCHAR1 > dtt2.CDECIMAL18_2 ;
cidx	CCHAR1	CDECIMAL18_2
1	a	-99999999999.99
2	a	-99999999999.98
3	a	-99999999999.97
4	a	-99999999999.96
5	a	-99999999999.95
select dtt1.cidx, dtt1.CCHAR1, dtt2.CDECIMAL18_2 from datatypetestm1 dtt1, datatypetestm2 dtt2 where dtt1.cidx = dtt2.cidx and dtt1.CCHAR1 >= dtt2.CDECIMAL18_2 ;
cidx	CCHAR1	CDECIMAL18_2
1	a	-99999999999.99
2	a	-99999999999.98
3	a	-99999999999.97
4	a	-99999999999.96
5	a	-99999999999.95
select dtt1.cidx, dtt1.CCHAR1, dtt2.CDECIMAL18_2 from datatypetestm1 dtt1, datatypetestm2 dtt2 where dtt1.cidx = dtt2.cidx and dtt1.CCHAR1 <> dtt2.CDECIMAL18_2 ;
cidx	CCHAR1	CDECIMAL18_2
1	a	-99999999999.99
2	a	-99999999999.98
3	a	-99999999999.97
4	a	-99999999999.96
5	a	-99999999999.95
6	z	99999999999.95
7	z	99999999999.96
8	z	99999999999.97
9	z	99999999999.98
10	z	99999999999.99
select dtt1.cidx, dtt1.CCHAR1, dtt2.CDECIMAL18_2 from datatypetestm1 dtt1, datatypetestm2 dtt2 where dtt1.cidx = dtt2.cidx and dtt1.CCHAR1 < dtt2.CDECIMAL18_2 ;
cidx	CCHAR1	CDECIMAL18_2
6	z	99999999999.95
7	z	99999999999.96
8	z	99999999999.97
9	z	99999999999.98
10	z	99999999999.99
select dtt1.cidx, dtt1.CCHAR1, dtt2.CDECIMAL18_2 from datatypetestm1 dtt1, datatypetestm2 dtt2 where dtt1.cidx = dtt2.cidx and dtt1.CCHAR1 <= dtt2.CDECIMAL18_2 ;
cidx	CCHAR1	CDECIMAL18_2
6	z	99999999999.95
7	z	99999999999.96
8	z	99999999999.97
9	z	99999999999.98
10	z	99999999999.99
