USE autopilot;
select cidx, CBIGINT, CONCAT_WS('-',CBIGINT,CCHAR3) from datatypetestm order by cidx;
cidx	CBIGINT	CONCAT_WS('-',CBIGINT,CCHAR3)
1	-72036854775806	-72036854775806-aaa
select cidx, CBIGINT, CONCAT_WS('-',CBIGINT,CCHAR3,CCHAR7) from datatypetestm order by cidx;
cidx	CBIGINT	CONCAT_WS('-',CBIGINT,CCHAR3,CCHAR7)
1	-72036854775806	-72036854775806-aaa-aaaaaaa
select cidx, CBIGINT, CONCAT_WS('-',CBIGINT,CCHAR3,CINTEGER,CDATE,'ALOHA') from datatypetestm order by cidx;
cidx	CBIGINT	CONCAT_WS('-',CBIGINT,CCHAR3,CINTEGER,CDATE,'ALOHA')
1	-72036854775806	-72036854775806-aaa--7483646-1997-01-01-ALOHA
select cidx, CDECIMAL1, CONCAT_WS('-',CDECIMAL1,CCHAR3) from datatypetestm order by cidx;
cidx	CDECIMAL1	CONCAT_WS('-',CDECIMAL1,CCHAR3)
1	-9	-9-aaa
select cidx, CDECIMAL1, CONCAT_WS('-',CDECIMAL1,CCHAR3,CCHAR7) from datatypetestm order by cidx;
cidx	CDECIMAL1	CONCAT_WS('-',CDECIMAL1,CCHAR3,CCHAR7)
1	-9	-9-aaa-aaaaaaa
select cidx, CDECIMAL1, CONCAT_WS('-',CDECIMAL1,CCHAR3,CINTEGER,CDATE,'ALOHA') from datatypetestm order by cidx;
cidx	CDECIMAL1	CONCAT_WS('-',CDECIMAL1,CCHAR3,CINTEGER,CDATE,'ALOHA')
1	-9	-9-aaa--7483646-1997-01-01-ALOHA
select cidx, CDECIMAL4, CONCAT_WS('-',CDECIMAL4,CCHAR3) from datatypetestm order by cidx;
cidx	CDECIMAL4	CONCAT_WS('-',CDECIMAL4,CCHAR3)
1	-999	-999-aaa
select cidx, CDECIMAL4, CONCAT_WS('-',CDECIMAL4,CCHAR3,CCHAR7) from datatypetestm order by cidx;
cidx	CDECIMAL4	CONCAT_WS('-',CDECIMAL4,CCHAR3,CCHAR7)
1	-999	-999-aaa-aaaaaaa
select cidx, CDECIMAL4, CONCAT_WS('-',CDECIMAL4,CCHAR3,CINTEGER,CDATE,'ALOHA') from datatypetestm order by cidx;
cidx	CDECIMAL4	CONCAT_WS('-',CDECIMAL4,CCHAR3,CINTEGER,CDATE,'ALOHA')
1	-999	-999-aaa--7483646-1997-01-01-ALOHA
select cidx, CDECIMAL4_2, CONCAT_WS('-',CDECIMAL4_2,CCHAR3) from datatypetestm order by cidx;
cidx	CDECIMAL4_2	CONCAT_WS('-',CDECIMAL4_2,CCHAR3)
1	-9.99	-9.99-aaa
select cidx, CDECIMAL4_2, CONCAT_WS('-',CDECIMAL4_2,CCHAR3,CCHAR7) from datatypetestm order by cidx;
cidx	CDECIMAL4_2	CONCAT_WS('-',CDECIMAL4_2,CCHAR3,CCHAR7)
1	-9.99	-9.99-aaa-aaaaaaa
select cidx, CDECIMAL4_2, CONCAT_WS('-',CDECIMAL4_2,CCHAR3,CINTEGER,CDATE,'ALOHA') from datatypetestm order by cidx;
cidx	CDECIMAL4_2	CONCAT_WS('-',CDECIMAL4_2,CCHAR3,CINTEGER,CDATE,'ALOHA')
1	-9.99	-9.99-aaa--7483646-1997-01-01-ALOHA
select cidx, CDECIMAL5, CONCAT_WS('-',CDECIMAL5,CCHAR3) from datatypetestm order by cidx;
cidx	CDECIMAL5	CONCAT_WS('-',CDECIMAL5,CCHAR3)
1	-999	-999-aaa
select cidx, CDECIMAL5, CONCAT_WS('-',CDECIMAL5,CCHAR3,CCHAR7) from datatypetestm order by cidx;
cidx	CDECIMAL5	CONCAT_WS('-',CDECIMAL5,CCHAR3,CCHAR7)
1	-999	-999-aaa-aaaaaaa
select cidx, CDECIMAL5, CONCAT_WS('-',CDECIMAL5,CCHAR3,CINTEGER,CDATE,'ALOHA') from datatypetestm order by cidx;
cidx	CDECIMAL5	CONCAT_WS('-',CDECIMAL5,CCHAR3,CINTEGER,CDATE,'ALOHA')
1	-999	-999-aaa--7483646-1997-01-01-ALOHA
select cidx, CDECIMAL9, CONCAT_WS('-',CDECIMAL9,CCHAR3) from datatypetestm order by cidx;
cidx	CDECIMAL9	CONCAT_WS('-',CDECIMAL9,CCHAR3)
1	-999999	-999999-aaa
select cidx, CDECIMAL9, CONCAT_WS('-',CDECIMAL9,CCHAR3,CCHAR7) from datatypetestm order by cidx;
cidx	CDECIMAL9	CONCAT_WS('-',CDECIMAL9,CCHAR3,CCHAR7)
1	-999999	-999999-aaa-aaaaaaa
select cidx, CDECIMAL9, CONCAT_WS('-',CDECIMAL9,CCHAR3,CINTEGER,CDATE,'ALOHA') from datatypetestm order by cidx;
cidx	CDECIMAL9	CONCAT_WS('-',CDECIMAL9,CCHAR3,CINTEGER,CDATE,'ALOHA')
1	-999999	-999999-aaa--7483646-1997-01-01-ALOHA
select cidx, CDECIMAL9_2, CONCAT_WS('-',CDECIMAL9_2,CCHAR3) from datatypetestm order by cidx;
cidx	CDECIMAL9_2	CONCAT_WS('-',CDECIMAL9_2,CCHAR3)
1	-9999.99	-9999.99-aaa
select cidx, CDECIMAL9_2, CONCAT_WS('-',CDECIMAL9_2,CCHAR3,CCHAR7) from datatypetestm order by cidx;
cidx	CDECIMAL9_2	CONCAT_WS('-',CDECIMAL9_2,CCHAR3,CCHAR7)
1	-9999.99	-9999.99-aaa-aaaaaaa
select cidx, CDECIMAL9_2, CONCAT_WS('-',CDECIMAL9_2,CCHAR3,CINTEGER,CDATE,'ALOHA') from datatypetestm order by cidx;
cidx	CDECIMAL9_2	CONCAT_WS('-',CDECIMAL9_2,CCHAR3,CINTEGER,CDATE,'ALOHA')
1	-9999.99	-9999.99-aaa--7483646-1997-01-01-ALOHA
select cidx, CDECIMAL10, CONCAT_WS('-',CDECIMAL10,CCHAR3) from datatypetestm order by cidx;
cidx	CDECIMAL10	CONCAT_WS('-',CDECIMAL10,CCHAR3)
1	-9999999	-9999999-aaa
select cidx, CDECIMAL10, CONCAT_WS('-',CDECIMAL10,CCHAR3,CCHAR7) from datatypetestm order by cidx;
cidx	CDECIMAL10	CONCAT_WS('-',CDECIMAL10,CCHAR3,CCHAR7)
1	-9999999	-9999999-aaa-aaaaaaa
select cidx, CDECIMAL10, CONCAT_WS('-',CDECIMAL10,CCHAR3,CINTEGER,CDATE,'ALOHA') from datatypetestm order by cidx;
cidx	CDECIMAL10	CONCAT_WS('-',CDECIMAL10,CCHAR3,CINTEGER,CDATE,'ALOHA')
1	-9999999	-9999999-aaa--7483646-1997-01-01-ALOHA
select cidx, CDECIMAL18, CONCAT_WS('-',CDECIMAL18,CCHAR3) from datatypetestm order by cidx;
cidx	CDECIMAL18	CONCAT_WS('-',CDECIMAL18,CCHAR3)
1	-9999999999999	-9999999999999-aaa
select cidx, CDECIMAL18, CONCAT_WS('-',CDECIMAL18,CCHAR3,CCHAR7) from datatypetestm order by cidx;
cidx	CDECIMAL18	CONCAT_WS('-',CDECIMAL18,CCHAR3,CCHAR7)
1	-9999999999999	-9999999999999-aaa-aaaaaaa
select cidx, CDECIMAL18, CONCAT_WS('-',CDECIMAL18,CCHAR3,CINTEGER,CDATE,'ALOHA') from datatypetestm order by cidx;
cidx	CDECIMAL18	CONCAT_WS('-',CDECIMAL18,CCHAR3,CINTEGER,CDATE,'ALOHA')
1	-9999999999999	-9999999999999-aaa--7483646-1997-01-01-ALOHA
select cidx, CDECIMAL18_2, CONCAT_WS('-',CDECIMAL18_2,CCHAR3) from datatypetestm order by cidx;
cidx	CDECIMAL18_2	CONCAT_WS('-',CDECIMAL18_2,CCHAR3)
1	-99999999999.99	-99999999999.99-aaa
select cidx, CDECIMAL18_2, CONCAT_WS('-',CDECIMAL18_2,CCHAR3,CCHAR7) from datatypetestm order by cidx;
cidx	CDECIMAL18_2	CONCAT_WS('-',CDECIMAL18_2,CCHAR3,CCHAR7)
1	-99999999999.99	-99999999999.99-aaa-aaaaaaa
select cidx, CDECIMAL18_2, CONCAT_WS('-',CDECIMAL18_2,CCHAR3,CINTEGER,CDATE,'ALOHA') from datatypetestm order by cidx;
cidx	CDECIMAL18_2	CONCAT_WS('-',CDECIMAL18_2,CCHAR3,CINTEGER,CDATE,'ALOHA')
1	-99999999999.99	-99999999999.99-aaa--7483646-1997-01-01-ALOHA
select cidx, CINTEGER, CONCAT_WS('-',CINTEGER,CCHAR3) from datatypetestm order by cidx;
cidx	CINTEGER	CONCAT_WS('-',CINTEGER,CCHAR3)
1	-7483646	-7483646-aaa
select cidx, CINTEGER, CONCAT_WS('-',CINTEGER,CCHAR3,CCHAR7) from datatypetestm order by cidx;
cidx	CINTEGER	CONCAT_WS('-',CINTEGER,CCHAR3,CCHAR7)
1	-7483646	-7483646-aaa-aaaaaaa
select cidx, CINTEGER, CONCAT_WS('-',CINTEGER,CCHAR3,CINTEGER,CDATE,'ALOHA') from datatypetestm order by cidx;
cidx	CINTEGER	CONCAT_WS('-',CINTEGER,CCHAR3,CINTEGER,CDATE,'ALOHA')
1	-7483646	-7483646-aaa--7483646-1997-01-01-ALOHA
select cidx, CSMALLINT, CONCAT_WS('-',CSMALLINT,CCHAR3) from datatypetestm order by cidx;
cidx	CSMALLINT	CONCAT_WS('-',CSMALLINT,CCHAR3)
1	-766	-766-aaa
select cidx, CSMALLINT, CONCAT_WS('-',CSMALLINT,CCHAR3,CCHAR7) from datatypetestm order by cidx;
cidx	CSMALLINT	CONCAT_WS('-',CSMALLINT,CCHAR3,CCHAR7)
1	-766	-766-aaa-aaaaaaa
select cidx, CSMALLINT, CONCAT_WS('-',CSMALLINT,CCHAR3,CINTEGER,CDATE,'ALOHA') from datatypetestm order by cidx;
cidx	CSMALLINT	CONCAT_WS('-',CSMALLINT,CCHAR3,CINTEGER,CDATE,'ALOHA')
1	-766	-766-aaa--7483646-1997-01-01-ALOHA
select cidx, CTINYINT, CONCAT_WS('-',CTINYINT,CCHAR3) from datatypetestm order by cidx;
cidx	CTINYINT	CONCAT_WS('-',CTINYINT,CCHAR3)
1	-26	-26-aaa
select cidx, CTINYINT, CONCAT_WS('-',CTINYINT,CCHAR3,CCHAR7) from datatypetestm order by cidx;
cidx	CTINYINT	CONCAT_WS('-',CTINYINT,CCHAR3,CCHAR7)
1	-26	-26-aaa-aaaaaaa
select cidx, CTINYINT, CONCAT_WS('-',CTINYINT,CCHAR3,CINTEGER,CDATE,'ALOHA') from datatypetestm order by cidx;
cidx	CTINYINT	CONCAT_WS('-',CTINYINT,CCHAR3,CINTEGER,CDATE,'ALOHA')
1	-26	-26-aaa--7483646-1997-01-01-ALOHA
select cidx, CDOUBLE, CONCAT_WS('-',CDOUBLE,CCHAR3) from datatypetestm order by cidx;
cidx	CDOUBLE	CONCAT_WS('-',CDOUBLE,CCHAR3)
1	-1.797693231e108	-1.79769e108-aaa
select cidx, CDOUBLE, CONCAT_WS('-',CDOUBLE,CCHAR3,CCHAR7) from datatypetestm order by cidx;
cidx	CDOUBLE	CONCAT_WS('-',CDOUBLE,CCHAR3,CCHAR7)
1	-1.797693231e108	-1.79769e108-aaa-aaaaaaa
select cidx, CDOUBLE, CONCAT_WS('-',CDOUBLE,CCHAR3,CINTEGER,CDATE,'ALOHA') from datatypetestm order by cidx;
cidx	CDOUBLE	CONCAT_WS('-',CDOUBLE,CCHAR3,CINTEGER,CDATE,'ALOHA')
1	-1.797693231e108	-1.79769e108-aaa--7483646-1997-01-01-ALOHA
select cidx, CFLOAT, CONCAT_WS('-',CFLOAT,CCHAR3) from datatypetestm order by cidx;
cidx	CFLOAT	CONCAT_WS('-',CFLOAT,CCHAR3)
1	-3.40287e18	-3.40287e18-aaa
select cidx, CFLOAT, CONCAT_WS('-',CFLOAT,CCHAR3,CCHAR7) from datatypetestm order by cidx;
cidx	CFLOAT	CONCAT_WS('-',CFLOAT,CCHAR3,CCHAR7)
1	-3.40287e18	-3.40287e18-aaa-aaaaaaa
select cidx, CFLOAT, CONCAT_WS('-',CFLOAT,CCHAR3,CINTEGER,CDATE,'ALOHA') from datatypetestm order by cidx;
cidx	CFLOAT	CONCAT_WS('-',CFLOAT,CCHAR3,CINTEGER,CDATE,'ALOHA')
1	-3.40287e18	-3.40287e18-aaa--7483646-1997-01-01-ALOHA
select cidx, CBIGINT from datatypetestm where CONCAT_WS('-',CBIGINT,CCHAR3) <> 0 order by cidx;
cidx	CBIGINT
1	-72036854775806
select cidx, CBIGINT from datatypetestm where CONCAT_WS('-',CBIGINT,CCHAR3,CCHAR7) <> 0 order by cidx;
cidx	CBIGINT
1	-72036854775806
select cidx, CBIGINT from datatypetestm where CONCAT_WS('-',CBIGINT,CCHAR3,CINTEGER,CDATE,'ALOHA') <> 0 order by cidx;
cidx	CBIGINT
1	-72036854775806
select cidx, CDECIMAL1 from datatypetestm where CONCAT_WS('-',CDECIMAL1,CCHAR3) <> 0 order by cidx;
cidx	CDECIMAL1
1	-9
select cidx, CDECIMAL1 from datatypetestm where CONCAT_WS('-',CDECIMAL1,CCHAR3,CCHAR7) <> 0 order by cidx;
cidx	CDECIMAL1
1	-9
select cidx, CDECIMAL1 from datatypetestm where CONCAT_WS('-',CDECIMAL1,CCHAR3,CINTEGER,CDATE,'ALOHA') <> 0 order by cidx;
cidx	CDECIMAL1
1	-9
select cidx, CDECIMAL4 from datatypetestm where CONCAT_WS('-',CDECIMAL4,CCHAR3) <> 0 order by cidx;
cidx	CDECIMAL4
1	-999
select cidx, CDECIMAL4 from datatypetestm where CONCAT_WS('-',CDECIMAL4,CCHAR3,CCHAR7) <> 0 order by cidx;
cidx	CDECIMAL4
1	-999
select cidx, CDECIMAL4 from datatypetestm where CONCAT_WS('-',CDECIMAL4,CCHAR3,CINTEGER,CDATE,'ALOHA') <> 0 order by cidx;
cidx	CDECIMAL4
1	-999
select cidx, CDECIMAL4_2 from datatypetestm where CONCAT_WS('-',CDECIMAL4_2,CCHAR3) <> 0 order by cidx;
cidx	CDECIMAL4_2
1	-9.99
select cidx, CDECIMAL4_2 from datatypetestm where CONCAT_WS('-',CDECIMAL4_2,CCHAR3,CCHAR7) <> 0 order by cidx;
cidx	CDECIMAL4_2
1	-9.99
select cidx, CDECIMAL4_2 from datatypetestm where CONCAT_WS('-',CDECIMAL4_2,CCHAR3,CINTEGER,CDATE,'ALOHA') <> 0 order by cidx;
cidx	CDECIMAL4_2
1	-9.99
select cidx, CDECIMAL5 from datatypetestm where CONCAT_WS('-',CDECIMAL5,CCHAR3) <> 0 order by cidx;
cidx	CDECIMAL5
1	-999
select cidx, CDECIMAL5 from datatypetestm where CONCAT_WS('-',CDECIMAL5,CCHAR3,CCHAR7) <> 0 order by cidx;
cidx	CDECIMAL5
1	-999
select cidx, CDECIMAL5 from datatypetestm where CONCAT_WS('-',CDECIMAL5,CCHAR3,CINTEGER,CDATE,'ALOHA') <> 0 order by cidx;
cidx	CDECIMAL5
1	-999
select cidx, CDECIMAL9 from datatypetestm where CONCAT_WS('-',CDECIMAL9,CCHAR3) <> 0 order by cidx;
cidx	CDECIMAL9
1	-999999
select cidx, CDECIMAL9 from datatypetestm where CONCAT_WS('-',CDECIMAL9,CCHAR3,CCHAR7) <> 0 order by cidx;
cidx	CDECIMAL9
1	-999999
select cidx, CDECIMAL9 from datatypetestm where CONCAT_WS('-',CDECIMAL9,CCHAR3,CINTEGER,CDATE,'ALOHA') <> 0 order by cidx;
cidx	CDECIMAL9
1	-999999
select cidx, CDECIMAL9_2 from datatypetestm where CONCAT_WS('-',CDECIMAL9_2,CCHAR3) <> 0 order by cidx;
cidx	CDECIMAL9_2
1	-9999.99
select cidx, CDECIMAL9_2 from datatypetestm where CONCAT_WS('-',CDECIMAL9_2,CCHAR3,CCHAR7) <> 0 order by cidx;
cidx	CDECIMAL9_2
1	-9999.99
select cidx, CDECIMAL9_2 from datatypetestm where CONCAT_WS('-',CDECIMAL9_2,CCHAR3,CINTEGER,CDATE,'ALOHA') <> 0 order by cidx;
cidx	CDECIMAL9_2
1	-9999.99
select cidx, CDECIMAL10 from datatypetestm where CONCAT_WS('-',CDECIMAL10,CCHAR3) <> 0 order by cidx;
cidx	CDECIMAL10
1	-9999999
select cidx, CDECIMAL10 from datatypetestm where CONCAT_WS('-',CDECIMAL10,CCHAR3,CCHAR7) <> 0 order by cidx;
cidx	CDECIMAL10
1	-9999999
select cidx, CDECIMAL10 from datatypetestm where CONCAT_WS('-',CDECIMAL10,CCHAR3,CINTEGER,CDATE,'ALOHA') <> 0 order by cidx;
cidx	CDECIMAL10
1	-9999999
select cidx, CDECIMAL18 from datatypetestm where CONCAT_WS('-',CDECIMAL18,CCHAR3) <> 0 order by cidx;
cidx	CDECIMAL18
1	-9999999999999
select cidx, CDECIMAL18 from datatypetestm where CONCAT_WS('-',CDECIMAL18,CCHAR3,CCHAR7) <> 0 order by cidx;
cidx	CDECIMAL18
1	-9999999999999
select cidx, CDECIMAL18 from datatypetestm where CONCAT_WS('-',CDECIMAL18,CCHAR3,CINTEGER,CDATE,'ALOHA') <> 0 order by cidx;
cidx	CDECIMAL18
1	-9999999999999
select cidx, CDECIMAL18_2 from datatypetestm where CONCAT_WS('-',CDECIMAL18_2,CCHAR3) <> 0 order by cidx;
cidx	CDECIMAL18_2
1	-99999999999.99
select cidx, CDECIMAL18_2 from datatypetestm where CONCAT_WS('-',CDECIMAL18_2,CCHAR3,CCHAR7) <> 0 order by cidx;
cidx	CDECIMAL18_2
1	-99999999999.99
select cidx, CDECIMAL18_2 from datatypetestm where CONCAT_WS('-',CDECIMAL18_2,CCHAR3,CINTEGER,CDATE,'ALOHA') <> 0 order by cidx;
cidx	CDECIMAL18_2
1	-99999999999.99
select cidx, CINTEGER from datatypetestm where CONCAT_WS('-',CINTEGER,CCHAR3) <> 0 order by cidx;
cidx	CINTEGER
1	-7483646
select cidx, CINTEGER from datatypetestm where CONCAT_WS('-',CINTEGER,CCHAR3,CCHAR7) <> 0 order by cidx;
cidx	CINTEGER
1	-7483646
select cidx, CINTEGER from datatypetestm where CONCAT_WS('-',CINTEGER,CCHAR3,CINTEGER,CDATE,'ALOHA') <> 0 order by cidx;
cidx	CINTEGER
1	-7483646
select cidx, CSMALLINT from datatypetestm where CONCAT_WS('-',CSMALLINT,CCHAR3) <> 0 order by cidx;
cidx	CSMALLINT
1	-766
select cidx, CSMALLINT from datatypetestm where CONCAT_WS('-',CSMALLINT,CCHAR3,CCHAR7) <> 0 order by cidx;
cidx	CSMALLINT
1	-766
select cidx, CSMALLINT from datatypetestm where CONCAT_WS('-',CSMALLINT,CCHAR3,CINTEGER,CDATE,'ALOHA') <> 0 order by cidx;
cidx	CSMALLINT
1	-766
select cidx, CTINYINT from datatypetestm where CONCAT_WS('-',CTINYINT,CCHAR3) <> 0 order by cidx;
cidx	CTINYINT
1	-26
select cidx, CTINYINT from datatypetestm where CONCAT_WS('-',CTINYINT,CCHAR3,CCHAR7) <> 0 order by cidx;
cidx	CTINYINT
1	-26
select cidx, CTINYINT from datatypetestm where CONCAT_WS('-',CTINYINT,CCHAR3,CINTEGER,CDATE,'ALOHA') <> 0 order by cidx;
cidx	CTINYINT
1	-26
select cidx, CDOUBLE from datatypetestm where CONCAT_WS('-',CDOUBLE,CCHAR3) <> 0 order by cidx;
cidx	CDOUBLE
1	-1.797693231e108
select cidx, CDOUBLE from datatypetestm where CONCAT_WS('-',CDOUBLE,CCHAR3,CCHAR7) <> 0 order by cidx;
cidx	CDOUBLE
1	-1.797693231e108
select cidx, CDOUBLE from datatypetestm where CONCAT_WS('-',CDOUBLE,CCHAR3,CINTEGER,CDATE,'ALOHA') <> 0 order by cidx;
cidx	CDOUBLE
1	-1.797693231e108
select cidx, CFLOAT from datatypetestm where CONCAT_WS('-',CFLOAT,CCHAR3) <> 0 order by cidx;
cidx	CFLOAT
1	-3.40287e18
select cidx, CFLOAT from datatypetestm where CONCAT_WS('-',CFLOAT,CCHAR3,CCHAR7) <> 0 order by cidx;
cidx	CFLOAT
1	-3.40287e18
select cidx, CFLOAT from datatypetestm where CONCAT_WS('-',CFLOAT,CCHAR3,CINTEGER,CDATE,'ALOHA') <> 0 order by cidx;
cidx	CFLOAT
1	-3.40287e18
