USE autopilot;
select dtt1.cidx, dtt1.CCHAR3, dtt2.CCHAR4 from datatypetestm1 dtt1, datatypetestm2 dtt2 where dtt1.cidx = dtt2.cidx and dtt1.CCHAR3 > dtt2.CCHAR4 ;
cidx	CCHAR3	CCHAR4
6	xxx	wwww
7	xxx	wwww
8	xxx	wwww
9	xxx	wwww
select dtt1.cidx, dtt1.CCHAR3, dtt2.CCHAR4 from datatypetestm1 dtt1, datatypetestm2 dtt2 where dtt1.cidx = dtt2.cidx and dtt1.CCHAR3 >= dtt2.CCHAR4 ;
cidx	CCHAR3	CCHAR4
6	xxx	wwww
7	xxx	wwww
8	xxx	wwww
9	xxx	wwww
select dtt1.cidx, dtt1.CCHAR3, dtt2.CCHAR4 from datatypetestm1 dtt1, datatypetestm2 dtt2 where dtt1.cidx = dtt2.cidx and dtt1.CCHAR3 <> dtt2.CCHAR4 ;
cidx	CCHAR3	CCHAR4
1	aaa	aaaa
2	c	d
3	cc	dd
4	ccc	ddd
5	ccc	dddd
6	xxx	wwww
7	xxx	wwww
8	xxx	wwww
9	xxx	wwww
10	zzz	zzzz
select dtt1.cidx, dtt1.CCHAR3, dtt2.CCHAR4 from datatypetestm1 dtt1, datatypetestm2 dtt2 where dtt1.cidx = dtt2.cidx and dtt1.CCHAR3 < dtt2.CCHAR4 ;
cidx	CCHAR3	CCHAR4
1	aaa	aaaa
2	c	d
3	cc	dd
4	ccc	ddd
5	ccc	dddd
10	zzz	zzzz
select dtt1.cidx, dtt1.CCHAR3, dtt2.CCHAR4 from datatypetestm1 dtt1, datatypetestm2 dtt2 where dtt1.cidx = dtt2.cidx and dtt1.CCHAR3 <= dtt2.CCHAR4 ;
cidx	CCHAR3	CCHAR4
1	aaa	aaaa
2	c	d
3	cc	dd
4	ccc	ddd
5	ccc	dddd
10	zzz	zzzz
