USE autopilot;
select dtt1.cidx, dtt1.CCHAR3, dtt2.CCHAR6 from datatypetestm1 dtt1, datatypetestm2 dtt2 where dtt1.cidx = dtt2.cidx and dtt1.CCHAR3 > dtt2.CCHAR6 ;
cidx	CCHAR3	CCHAR6
6	xxx	uuuuuu
7	xxx	uuuuuu
8	xxx	uuuuuu
9	xxx	uuuuuu
select dtt1.cidx, dtt1.CCHAR3, dtt2.CCHAR6 from datatypetestm1 dtt1, datatypetestm2 dtt2 where dtt1.cidx = dtt2.cidx and dtt1.CCHAR3 >= dtt2.CCHAR6 ;
cidx	CCHAR3	CCHAR6
6	xxx	uuuuuu
7	xxx	uuuuuu
8	xxx	uuuuuu
9	xxx	uuuuuu
select dtt1.cidx, dtt1.CCHAR3, dtt2.CCHAR6 from datatypetestm1 dtt1, datatypetestm2 dtt2 where dtt1.cidx = dtt2.cidx and dtt1.CCHAR3 <> dtt2.CCHAR6 ;
cidx	CCHAR3	CCHAR6
1	aaa	aaaaaa
2	c	f
3	cc	ff
4	ccc	fff
5	ccc	ffff
6	xxx	uuuuuu
7	xxx	uuuuuu
8	xxx	uuuuuu
9	xxx	uuuuuu
10	zzz	zzzzzz
select dtt1.cidx, dtt1.CCHAR3, dtt2.CCHAR6 from datatypetestm1 dtt1, datatypetestm2 dtt2 where dtt1.cidx = dtt2.cidx and dtt1.CCHAR3 < dtt2.CCHAR6 ;
cidx	CCHAR3	CCHAR6
1	aaa	aaaaaa
2	c	f
3	cc	ff
4	ccc	fff
5	ccc	ffff
10	zzz	zzzzzz
select dtt1.cidx, dtt1.CCHAR3, dtt2.CCHAR6 from datatypetestm1 dtt1, datatypetestm2 dtt2 where dtt1.cidx = dtt2.cidx and dtt1.CCHAR3 <= dtt2.CCHAR6 ;
cidx	CCHAR3	CCHAR6
1	aaa	aaaaaa
2	c	f
3	cc	ff
4	ccc	fff
5	ccc	ffff
10	zzz	zzzzzz
