USE autopilot;
select dtt1.cidx, dtt1.CDATE, dtt2.CVCHAR7 from datatypetestm1 dtt1, datatypetestm2 dtt2 where dtt1.cidx = dtt2.cidx and dtt1.CDATE > dtt2.CVCHAR7 ;
cidx	CDATE	CVCHAR7
1	1997-01-01	aaaaaaa
2	1997-01-01	g
3	1997-01-02	gg
4	1997-01-03	ggg
5	1997-01-04	gggg
6	2009-12-28	ttttttt
7	2009-12-29	ttttttt
8	2009-12-30	ttttttt
9	2009-12-31	ttttttt
10	2009-12-31	zzzzzzz
select dtt1.cidx, dtt1.CDATE, dtt2.CVCHAR7 from datatypetestm1 dtt1, datatypetestm2 dtt2 where dtt1.cidx = dtt2.cidx and dtt1.CDATE >= dtt2.CVCHAR7 ;
cidx	CDATE	CVCHAR7
1	1997-01-01	aaaaaaa
2	1997-01-01	g
3	1997-01-02	gg
4	1997-01-03	ggg
5	1997-01-04	gggg
6	2009-12-28	ttttttt
7	2009-12-29	ttttttt
8	2009-12-30	ttttttt
9	2009-12-31	ttttttt
10	2009-12-31	zzzzzzz
select dtt1.cidx, dtt1.CDATE, dtt2.CVCHAR7 from datatypetestm1 dtt1, datatypetestm2 dtt2 where dtt1.cidx = dtt2.cidx and dtt1.CDATE <> dtt2.CVCHAR7 ;
cidx	CDATE	CVCHAR7
1	1997-01-01	aaaaaaa
2	1997-01-01	g
3	1997-01-02	gg
4	1997-01-03	ggg
5	1997-01-04	gggg
6	2009-12-28	ttttttt
7	2009-12-29	ttttttt
8	2009-12-30	ttttttt
9	2009-12-31	ttttttt
10	2009-12-31	zzzzzzz
select dtt1.cidx, dtt1.CDATE, dtt2.CVCHAR7 from datatypetestm1 dtt1, datatypetestm2 dtt2 where dtt1.cidx = dtt2.cidx and dtt1.CDATE < dtt2.CVCHAR7 ;
cidx	CDATE	CVCHAR7
select dtt1.cidx, dtt1.CDATE, dtt2.CVCHAR7 from datatypetestm1 dtt1, datatypetestm2 dtt2 where dtt1.cidx = dtt2.cidx and dtt1.CDATE <= dtt2.CVCHAR7 ;
cidx	CDATE	CVCHAR7
