USE autopilot;
select dtt1.cidx, dtt1.CCHAR1, dtt2.CDOUBLE from datatypetestm1 dtt1, datatypetestm2 dtt2 where dtt1.cidx = dtt2.cidx and dtt1.CCHAR1 > dtt2.CDOUBLE ;
cidx	CCHAR1	CDOUBLE
1	a	-1.797693231e108
2	a	-1.79769323e108
3	a	-1.797693229e108
4	a	-1.797693228e108
5	a	-1.797693227e108
select dtt1.cidx, dtt1.CCHAR1, dtt2.CDOUBLE from datatypetestm1 dtt1, datatypetestm2 dtt2 where dtt1.cidx = dtt2.cidx and dtt1.CCHAR1 >= dtt2.CDOUBLE ;
cidx	CCHAR1	CDOUBLE
1	a	-1.797693231e108
2	a	-1.79769323e108
3	a	-1.797693229e108
4	a	-1.797693228e108
5	a	-1.797693227e108
select dtt1.cidx, dtt1.CCHAR1, dtt2.CDOUBLE from datatypetestm1 dtt1, datatypetestm2 dtt2 where dtt1.cidx = dtt2.cidx and dtt1.CCHAR1 <> dtt2.CDOUBLE ;
cidx	CCHAR1	CDOUBLE
1	a	-1.797693231e108
2	a	-1.79769323e108
3	a	-1.797693229e108
4	a	-1.797693228e108
5	a	-1.797693227e108
6	z	1.797693227e108
7	z	1.797693228e108
8	z	1.797693229e108
9	z	1.79769323e108
10	z	1.797693231e108
select dtt1.cidx, dtt1.CCHAR1, dtt2.CDOUBLE from datatypetestm1 dtt1, datatypetestm2 dtt2 where dtt1.cidx = dtt2.cidx and dtt1.CCHAR1 < dtt2.CDOUBLE ;
cidx	CCHAR1	CDOUBLE
6	z	1.797693227e108
7	z	1.797693228e108
8	z	1.797693229e108
9	z	1.79769323e108
10	z	1.797693231e108
select dtt1.cidx, dtt1.CCHAR1, dtt2.CDOUBLE from datatypetestm1 dtt1, datatypetestm2 dtt2 where dtt1.cidx = dtt2.cidx and dtt1.CCHAR1 <= dtt2.CDOUBLE ;
cidx	CCHAR1	CDOUBLE
6	z	1.797693227e108
7	z	1.797693228e108
8	z	1.797693229e108
9	z	1.79769323e108
10	z	1.797693231e108
