USE autopilot;
select dtt1.cidx, dtt1.CCHAR9, dtt2.CSMALLINT from datatypetestm1 dtt1, datatypetestm2 dtt2 where dtt1.cidx = dtt2.cidx and dtt1.CCHAR9 > dtt2.CSMALLINT ;
cidx	CCHAR9	CSMALLINT
1	aaaaaaaaa	-766
2	i	-765
3	ii	-764
4	iii	-763
5	iiii	-762
select dtt1.cidx, dtt1.CCHAR9, dtt2.CSMALLINT from datatypetestm1 dtt1, datatypetestm2 dtt2 where dtt1.cidx = dtt2.cidx and dtt1.CCHAR9 >= dtt2.CSMALLINT ;
cidx	CCHAR9	CSMALLINT
1	aaaaaaaaa	-766
2	i	-765
3	ii	-764
4	iii	-763
5	iiii	-762
select dtt1.cidx, dtt1.CCHAR9, dtt2.CSMALLINT from datatypetestm1 dtt1, datatypetestm2 dtt2 where dtt1.cidx = dtt2.cidx and dtt1.CCHAR9 <> dtt2.CSMALLINT ;
cidx	CCHAR9	CSMALLINT
1	aaaaaaaaa	-766
2	i	-765
3	ii	-764
4	iii	-763
5	iiii	-762
6	rrrrrrr	763
7	rrrrrrrr	764
8	rrrrrrrrr	765
9	rrrrrrrrr	766
10	zzzzzzzzz	767
select dtt1.cidx, dtt1.CCHAR9, dtt2.CSMALLINT from datatypetestm1 dtt1, datatypetestm2 dtt2 where dtt1.cidx = dtt2.cidx and dtt1.CCHAR9 < dtt2.CSMALLINT ;
cidx	CCHAR9	CSMALLINT
6	rrrrrrr	763
7	rrrrrrrr	764
8	rrrrrrrrr	765
9	rrrrrrrrr	766
10	zzzzzzzzz	767
select dtt1.cidx, dtt1.CCHAR9, dtt2.CSMALLINT from datatypetestm1 dtt1, datatypetestm2 dtt2 where dtt1.cidx = dtt2.cidx and dtt1.CCHAR9 <= dtt2.CSMALLINT ;
cidx	CCHAR9	CSMALLINT
6	rrrrrrr	763
7	rrrrrrrr	764
8	rrrrrrrrr	765
9	rrrrrrrrr	766
10	zzzzzzzzz	767
