USE autopilot;
select dtt1.cidx, dtt1.CCHAR2, dtt2.CVCHAR1 from datatypetestm1 dtt1, datatypetestm2 dtt2 where dtt1.cidx = dtt2.cidx and dtt1.CCHAR2 > dtt2.CVCHAR1 ;
cidx	CCHAR2	CVCHAR1
1	aa	a
2	b	a
3	bb	a
4	bb	a
5	bb	a
10	zz	z
select dtt1.cidx, dtt1.CCHAR2, dtt2.CVCHAR1 from datatypetestm1 dtt1, datatypetestm2 dtt2 where dtt1.cidx = dtt2.cidx and dtt1.CCHAR2 >= dtt2.CVCHAR1 ;
cidx	CCHAR2	CVCHAR1
1	aa	a
2	b	a
3	bb	a
4	bb	a
5	bb	a
10	zz	z
select dtt1.cidx, dtt1.CCHAR2, dtt2.CVCHAR1 from datatypetestm1 dtt1, datatypetestm2 dtt2 where dtt1.cidx = dtt2.cidx and dtt1.CCHAR2 <> dtt2.CVCHAR1 ;
cidx	CCHAR2	CVCHAR1
1	aa	a
2	b	a
3	bb	a
4	bb	a
5	bb	a
6	yy	z
7	yy	z
8	yy	z
9	yy	z
10	zz	z
select dtt1.cidx, dtt1.CCHAR2, dtt2.CVCHAR1 from datatypetestm1 dtt1, datatypetestm2 dtt2 where dtt1.cidx = dtt2.cidx and dtt1.CCHAR2 < dtt2.CVCHAR1 ;
cidx	CCHAR2	CVCHAR1
6	yy	z
7	yy	z
8	yy	z
9	yy	z
select dtt1.cidx, dtt1.CCHAR2, dtt2.CVCHAR1 from datatypetestm1 dtt1, datatypetestm2 dtt2 where dtt1.cidx = dtt2.cidx and dtt1.CCHAR2 <= dtt2.CVCHAR1 ;
cidx	CCHAR2	CVCHAR1
6	yy	z
7	yy	z
8	yy	z
9	yy	z
