USE autopilot;
select dtt1.cidx, dtt1.CCHAR9, dtt2.CMEDIUMINT from datatypetestm1 dtt1, datatypetestm2 dtt2 where dtt1.cidx = dtt2.cidx and dtt1.CCHAR9 > dtt2.CMEDIUMINT ;
cidx	CCHAR9	CMEDIUMINT
select dtt1.cidx, dtt1.CCHAR9, dtt2.CMEDIUMINT from datatypetestm1 dtt1, datatypetestm2 dtt2 where dtt1.cidx = dtt2.cidx and dtt1.CCHAR9 >= dtt2.CMEDIUMINT ;
cidx	CCHAR9	CMEDIUMINT
select dtt1.cidx, dtt1.CCHAR9, dtt2.CMEDIUMINT from datatypetestm1 dtt1, datatypetestm2 dtt2 where dtt1.cidx = dtt2.cidx and dtt1.CCHAR9 <> dtt2.CMEDIUMINT ;
cidx	CCHAR9	CMEDIUMINT
1	aaaaaaaaa	1000
2	i	1000
3	ii	1000
4	iii	1000
5	iiii	1000
6	rrrrrrr	1000
7	rrrrrrrr	1000
8	rrrrrrrrr	1000
9	rrrrrrrrr	1000
10	zzzzzzzzz	1000
select dtt1.cidx, dtt1.CCHAR9, dtt2.CMEDIUMINT from datatypetestm1 dtt1, datatypetestm2 dtt2 where dtt1.cidx = dtt2.cidx and dtt1.CCHAR9 < dtt2.CMEDIUMINT ;
cidx	CCHAR9	CMEDIUMINT
1	aaaaaaaaa	1000
2	i	1000
3	ii	1000
4	iii	1000
5	iiii	1000
6	rrrrrrr	1000
7	rrrrrrrr	1000
8	rrrrrrrrr	1000
9	rrrrrrrrr	1000
10	zzzzzzzzz	1000
select dtt1.cidx, dtt1.CCHAR9, dtt2.CMEDIUMINT from datatypetestm1 dtt1, datatypetestm2 dtt2 where dtt1.cidx = dtt2.cidx and dtt1.CCHAR9 <= dtt2.CMEDIUMINT ;
cidx	CCHAR9	CMEDIUMINT
1	aaaaaaaaa	1000
2	i	1000
3	ii	1000
4	iii	1000
5	iiii	1000
6	rrrrrrr	1000
7	rrrrrrrr	1000
8	rrrrrrrrr	1000
9	rrrrrrrrr	1000
10	zzzzzzzzz	1000
