USE autopilot;
select dtt1.cidx, dtt1.CCHAR7, dtt2.CDECIMAL18_2 from datatypetestm1 dtt1, datatypetestm2 dtt2 where dtt1.cidx = dtt2.cidx and dtt1.CCHAR7 > dtt2.CDECIMAL18_2 ;
cidx	CCHAR7	CDECIMAL18_2
1	aaaaaaa	-99999999999.99
2	g	-99999999999.98
3	gg	-99999999999.97
4	ggg	-99999999999.96
5	gggg	-99999999999.95
select dtt1.cidx, dtt1.CCHAR7, dtt2.CDECIMAL18_2 from datatypetestm1 dtt1, datatypetestm2 dtt2 where dtt1.cidx = dtt2.cidx and dtt1.CCHAR7 >= dtt2.CDECIMAL18_2 ;
cidx	CCHAR7	CDECIMAL18_2
1	aaaaaaa	-99999999999.99
2	g	-99999999999.98
3	gg	-99999999999.97
4	ggg	-99999999999.96
5	gggg	-99999999999.95
select dtt1.cidx, dtt1.CCHAR7, dtt2.CDECIMAL18_2 from datatypetestm1 dtt1, datatypetestm2 dtt2 where dtt1.cidx = dtt2.cidx and dtt1.CCHAR7 <> dtt2.CDECIMAL18_2 ;
cidx	CCHAR7	CDECIMAL18_2
1	aaaaaaa	-99999999999.99
2	g	-99999999999.98
3	gg	-99999999999.97
4	ggg	-99999999999.96
5	gggg	-99999999999.95
6	ttttttt	99999999999.95
7	ttttttt	99999999999.96
8	ttttttt	99999999999.97
9	ttttttt	99999999999.98
10	zzzzzzz	99999999999.99
select dtt1.cidx, dtt1.CCHAR7, dtt2.CDECIMAL18_2 from datatypetestm1 dtt1, datatypetestm2 dtt2 where dtt1.cidx = dtt2.cidx and dtt1.CCHAR7 < dtt2.CDECIMAL18_2 ;
cidx	CCHAR7	CDECIMAL18_2
6	ttttttt	99999999999.95
7	ttttttt	99999999999.96
8	ttttttt	99999999999.97
9	ttttttt	99999999999.98
10	zzzzzzz	99999999999.99
select dtt1.cidx, dtt1.CCHAR7, dtt2.CDECIMAL18_2 from datatypetestm1 dtt1, datatypetestm2 dtt2 where dtt1.cidx = dtt2.cidx and dtt1.CCHAR7 <= dtt2.CDECIMAL18_2 ;
cidx	CCHAR7	CDECIMAL18_2
6	ttttttt	99999999999.95
7	ttttttt	99999999999.96
8	ttttttt	99999999999.97
9	ttttttt	99999999999.98
10	zzzzzzz	99999999999.99
