USE autopilot;
select cidx, CBIGINT, ATAN(CBIGINT) from datatypetestm order by cidx;
cidx	CBIGINT	ATAN(CBIGINT)
1	-72036854775806	-1.5707963267948828
select cidx, CDECIMAL1, ATAN(CDECIMAL1) from datatypetestm order by cidx;
cidx	CDECIMAL1	ATAN(CDECIMAL1)
1	-9	-1.460139105621001
select cidx, CDECIMAL4, ATAN(CDECIMAL4) from datatypetestm order by cidx;
cidx	CDECIMAL4	ATAN(CDECIMAL4)
1	-999	-1.5697953261282307
select cidx, CDECIMAL4_2, ATAN(CDECIMAL4_2) from datatypetestm order by cidx;
cidx	CDECIMAL4_2	ATAN(CDECIMAL4_2)
1	-9.99	-1.4710285662763087
select cidx, CDECIMAL5, ATAN(CDECIMAL5) from datatypetestm order by cidx;
cidx	CDECIMAL5	ATAN(CDECIMAL5)
1	-999	-1.5697953261282307
select cidx, CDECIMAL9, ATAN(CDECIMAL9) from datatypetestm order by cidx;
cidx	CDECIMAL9	ATAN(CDECIMAL9)
1	-999999	-1.5707953267938966
select cidx, CDECIMAL9_2, ATAN(CDECIMAL9_2) from datatypetestm order by cidx;
cidx	CDECIMAL9_2	ATAN(CDECIMAL9_2)
1	-9999.99	-1.5706963266952298
select cidx, CDECIMAL10, ATAN(CDECIMAL10) from datatypetestm order by cidx;
cidx	CDECIMAL10	ATAN(CDECIMAL10)
1	-9999999	-1.5707962267948867
select cidx, CDECIMAL18, ATAN(CDECIMAL18) from datatypetestm order by cidx;
cidx	CDECIMAL18	ATAN(CDECIMAL18)
1	-9999999999999	-1.5707963267947966
select cidx, CDECIMAL18_2, ATAN(CDECIMAL18_2) from datatypetestm order by cidx;
cidx	CDECIMAL18_2	ATAN(CDECIMAL18_2)
1	-99999999999.99	-1.5707963267848966
select cidx, CINTEGER, ATAN(CINTEGER) from datatypetestm order by cidx;
cidx	CINTEGER	ATAN(CINTEGER)
1	-7483646	-1.5707961931701901
select cidx, CSMALLINT, ATAN(CSMALLINT) from datatypetestm order by cidx;
cidx	CSMALLINT	ATAN(CSMALLINT)
1	-766	-1.569490844507814
select cidx, CTINYINT, ATAN(CTINYINT) from datatypetestm order by cidx;
cidx	CTINYINT	ATAN(CTINYINT)
1	-26	-1.5323537367737086
select cidx, CDOUBLE, ATAN(CDOUBLE) from datatypetestm order by cidx;
cidx	CDOUBLE	ATAN(CDOUBLE)
1	-1.797693231e108	-1.5707963267948966
select cidx, CFLOAT, ATAN(CFLOAT) from datatypetestm order by cidx;
cidx	CFLOAT	ATAN(CFLOAT)
1	-3.40287e18	-1.5707963267948966
select cidx, ATAN(0*cidx) from datatypetestm order by cidx;
cidx	ATAN(0*cidx)
1	0
select cidx, ATAN(60*cidx) from datatypetestm order by cidx;
cidx	ATAN(60*cidx)
1	1.554131203080956
select cidx, ATAN(90*cidx) from datatypetestm order by cidx;
cidx	ATAN(90*cidx)
1	1.5596856728972892
select cidx, ATAN(180*cidx) from datatypetestm order by cidx;
cidx	ATAN(180*cidx)
1	1.565240828394204
select cidx, ATAN(360*cidx) from datatypetestm order by cidx;
cidx	ATAN(360*cidx)
1	1.568018556161576
select cidx, CBIGINT from datatypetestm where ATAN(CBIGINT) <> 0 order by cidx;
cidx	CBIGINT
1	-72036854775806
select cidx, CDECIMAL1 from datatypetestm where ATAN(CDECIMAL1) <> 0 order by cidx;
cidx	CDECIMAL1
1	-9
select cidx, CDECIMAL4 from datatypetestm where ATAN(CDECIMAL4) <> 0 order by cidx;
cidx	CDECIMAL4
1	-999
select cidx, CDECIMAL4_2 from datatypetestm where ATAN(CDECIMAL4_2) <> 0 order by cidx;
cidx	CDECIMAL4_2
1	-9.99
select cidx, CDECIMAL5 from datatypetestm where ATAN(CDECIMAL5) <> 0 order by cidx;
cidx	CDECIMAL5
1	-999
select cidx, CDECIMAL9 from datatypetestm where ATAN(CDECIMAL9) <> 0 order by cidx;
cidx	CDECIMAL9
1	-999999
select cidx, CDECIMAL9_2 from datatypetestm where ATAN(CDECIMAL9_2) <> 0 order by cidx;
cidx	CDECIMAL9_2
1	-9999.99
select cidx, CDECIMAL10 from datatypetestm where ATAN(CDECIMAL10) <> 0 order by cidx;
cidx	CDECIMAL10
1	-9999999
select cidx, CDECIMAL18 from datatypetestm where ATAN(CDECIMAL18) <> 0 order by cidx;
cidx	CDECIMAL18
1	-9999999999999
select cidx, CDECIMAL18_2 from datatypetestm where ATAN(CDECIMAL18_2) <> 0 order by cidx;
cidx	CDECIMAL18_2
1	-99999999999.99
select cidx, CINTEGER from datatypetestm where ATAN(CINTEGER) <> 0 order by cidx;
cidx	CINTEGER
1	-7483646
select cidx, CSMALLINT from datatypetestm where ATAN(CSMALLINT) <> 0 order by cidx;
cidx	CSMALLINT
1	-766
select cidx, CTINYINT from datatypetestm where ATAN(CTINYINT) <> 0 order by cidx;
cidx	CTINYINT
1	-26
select cidx, CDOUBLE from datatypetestm where ATAN(CDOUBLE) <> 0 order by cidx;
cidx	CDOUBLE
1	-1.797693231e108
select cidx, CFLOAT from datatypetestm where ATAN(CFLOAT) <> 0 order by cidx;
cidx	CFLOAT
1	-3.40287e18
