USE autopilot;
set max_length_for_sort_data=8192;
select cidx, CCHAR1, HEX(CCHAR1) from datatypetestm order by cidx;
cidx	CCHAR1	HEX(CCHAR1)
1	a	61
select cidx, CCHAR2, HEX(CCHAR2) from datatypetestm order by cidx;
cidx	CCHAR2	HEX(CCHAR2)
1	aa	6161
select cidx, CCHAR3, HEX(CCHAR3) from datatypetestm order by cidx;
cidx	CCHAR3	HEX(CCHAR3)
1	aaa	616161
select cidx, CCHAR4, HEX(CCHAR4) from datatypetestm order by cidx;
cidx	CCHAR4	HEX(CCHAR4)
1	aaaa	61616161
select cidx, CCHAR5, HEX(CCHAR5) from datatypetestm order by cidx;
cidx	CCHAR5	HEX(CCHAR5)
1	aaaaa	6161616161
select cidx, CCHAR6, HEX(CCHAR6) from datatypetestm order by cidx;
cidx	CCHAR6	HEX(CCHAR6)
1	aaaaaa	616161616161
select cidx, CCHAR7, HEX(CCHAR7) from datatypetestm order by cidx;
cidx	CCHAR7	HEX(CCHAR7)
1	aaaaaaa	61616161616161
select cidx, CCHAR8, HEX(CCHAR8) from datatypetestm order by cidx;
cidx	CCHAR8	HEX(CCHAR8)
1	aaaaaaaa	6161616161616161
select cidx, CCHAR9, HEX(CCHAR9) from datatypetestm order by cidx;
cidx	CCHAR9	HEX(CCHAR9)
1	aaaaaaaaa	616161616161616161
select cidx, CCHAR255, HEX(CCHAR255) from datatypetestm order by cidx;
cidx	CCHAR255	HEX(CCHAR255)
1	aaaaaaaaaa	61616161616161616161
select cidx, CVCHAR1, HEX(CVCHAR1) from datatypetestm order by cidx;
cidx	CVCHAR1	HEX(CVCHAR1)
1	a	61
select cidx, CVCHAR2, HEX(CVCHAR2) from datatypetestm order by cidx;
cidx	CVCHAR2	HEX(CVCHAR2)
1	aa	6161
select cidx, CVCHAR3, HEX(CVCHAR3) from datatypetestm order by cidx;
cidx	CVCHAR3	HEX(CVCHAR3)
1	aaa	616161
select cidx, CVCHAR4, HEX(CVCHAR4) from datatypetestm order by cidx;
cidx	CVCHAR4	HEX(CVCHAR4)
1	aaaa	61616161
select cidx, CVCHAR5, HEX(CVCHAR5) from datatypetestm order by cidx;
cidx	CVCHAR5	HEX(CVCHAR5)
1	aaaaa	6161616161
select cidx, CVCHAR6, HEX(CVCHAR6) from datatypetestm order by cidx;
cidx	CVCHAR6	HEX(CVCHAR6)
1	aaaaaa	616161616161
select cidx, CVCHAR7, HEX(CVCHAR7) from datatypetestm order by cidx;
cidx	CVCHAR7	HEX(CVCHAR7)
1	aaaaaaa	61616161616161
select cidx, CVCHAR8, HEX(CVCHAR8) from datatypetestm order by cidx;
cidx	CVCHAR8	HEX(CVCHAR8)
1	aaaaaaaa	6161616161616161
select cidx, CVCHAR255, HEX(CVCHAR255) from datatypetestm order by cidx;
cidx	CVCHAR255	HEX(CVCHAR255)
1	aaaaaaaaaa	61616161616161616161
select cidx, HEX('4D7953514V') from datatypetestm order by cidx;
cidx	HEX('4D7953514V')
1	34443739353335313456
select cidx, HEX('00') from datatypetestm order by cidx;
cidx	HEX('00')
1	3030
select cidx, HEX('FF') from datatypetestm order by cidx;
cidx	HEX('FF')
1	4646
select cidx, HEX('0D0D0D') from datatypetestm order by cidx;
cidx	HEX('0D0D0D')
1	304430443044
select cidx, CCHAR1 from datatypetestm order by HEX(CCHAR1), cidx;
cidx	CCHAR1
1	a
select cidx, CCHAR2 from datatypetestm order by HEX(CCHAR2), cidx;
cidx	CCHAR2
1	aa
select cidx, CCHAR3 from datatypetestm order by HEX(CCHAR3), cidx;
cidx	CCHAR3
1	aaa
select cidx, CCHAR4 from datatypetestm order by HEX(CCHAR4), cidx;
cidx	CCHAR4
1	aaaa
select cidx, CCHAR5 from datatypetestm order by HEX(CCHAR5), cidx;
cidx	CCHAR5
1	aaaaa
select cidx, CCHAR6 from datatypetestm order by HEX(CCHAR6), cidx;
cidx	CCHAR6
1	aaaaaa
select cidx, CCHAR7 from datatypetestm order by HEX(CCHAR7), cidx;
cidx	CCHAR7
1	aaaaaaa
select cidx, CCHAR8 from datatypetestm order by HEX(CCHAR8), cidx;
cidx	CCHAR8
1	aaaaaaaa
select cidx, CCHAR9 from datatypetestm order by HEX(CCHAR9), cidx;
cidx	CCHAR9
1	aaaaaaaaa
select cidx, CCHAR255 from datatypetestm order by HEX(CCHAR255), cidx;
cidx	CCHAR255
1	aaaaaaaaaa
select cidx, CVCHAR1 from datatypetestm order by HEX(CVCHAR1), cidx;
cidx	CVCHAR1
1	a
select cidx, CVCHAR2 from datatypetestm order by HEX(CVCHAR2), cidx;
cidx	CVCHAR2
1	aa
select cidx, CVCHAR3 from datatypetestm order by HEX(CVCHAR3), cidx;
cidx	CVCHAR3
1	aaa
select cidx, CVCHAR4 from datatypetestm order by HEX(CVCHAR4), cidx;
cidx	CVCHAR4
1	aaaa
select cidx, CVCHAR5 from datatypetestm order by HEX(CVCHAR5), cidx;
cidx	CVCHAR5
1	aaaaa
select cidx, CVCHAR6 from datatypetestm order by HEX(CVCHAR6), cidx;
cidx	CVCHAR6
1	aaaaaa
select cidx, CVCHAR7 from datatypetestm order by HEX(CVCHAR7), cidx;
cidx	CVCHAR7
1	aaaaaaa
select cidx, CVCHAR8 from datatypetestm order by HEX(CVCHAR8), cidx;
cidx	CVCHAR8
1	aaaaaaaa
select cidx, CVCHAR255 from datatypetestm order by HEX(CVCHAR255), cidx;
cidx	CVCHAR255
1	aaaaaaaaaa
