USE autopilot;
select cidx, CCHAR1, ELT(cidx,CCHAR3, CCHAR1) from datatypetestm order by cidx;
cidx	CCHAR1	ELT(cidx,CCHAR3, CCHAR1)
1	a	aaa
select cidx, CCHAR1, ELT(cidx,CCHAR3,CCHAR7, CCHAR1) from datatypetestm order by cidx;
cidx	CCHAR1	ELT(cidx,CCHAR3,CCHAR7, CCHAR1)
1	a	aaa
select cidx, CCHAR1, ELT(cidx,CCHAR3,CINTEGER,CDATE,'ALOHA', CCHAR1) from datatypetestm order by cidx;
cidx	CCHAR1	ELT(cidx,CCHAR3,CINTEGER,CDATE,'ALOHA', CCHAR1)
1	a	aaa
select cidx, CCHAR2, ELT(cidx,CCHAR3, CCHAR2) from datatypetestm order by cidx;
cidx	CCHAR2	ELT(cidx,CCHAR3, CCHAR2)
1	aa	aaa
select cidx, CCHAR2, ELT(cidx,CCHAR3,CCHAR7, CCHAR2) from datatypetestm order by cidx;
cidx	CCHAR2	ELT(cidx,CCHAR3,CCHAR7, CCHAR2)
1	aa	aaa
select cidx, CCHAR2, ELT(cidx,CCHAR3,CINTEGER,CDATE,'ALOHA', CCHAR2) from datatypetestm order by cidx;
cidx	CCHAR2	ELT(cidx,CCHAR3,CINTEGER,CDATE,'ALOHA', CCHAR2)
1	aa	aaa
select cidx, CCHAR3, ELT(cidx,CCHAR3, CCHAR3) from datatypetestm order by cidx;
cidx	CCHAR3	ELT(cidx,CCHAR3, CCHAR3)
1	aaa	aaa
select cidx, CCHAR3, ELT(cidx,CCHAR3,CCHAR7, CCHAR3) from datatypetestm order by cidx;
cidx	CCHAR3	ELT(cidx,CCHAR3,CCHAR7, CCHAR3)
1	aaa	aaa
select cidx, CCHAR3, ELT(cidx,CCHAR3,CINTEGER,CDATE,'ALOHA', CCHAR3) from datatypetestm order by cidx;
cidx	CCHAR3	ELT(cidx,CCHAR3,CINTEGER,CDATE,'ALOHA', CCHAR3)
1	aaa	aaa
select cidx, CCHAR4, ELT(cidx,CCHAR3, CCHAR4) from datatypetestm order by cidx;
cidx	CCHAR4	ELT(cidx,CCHAR3, CCHAR4)
1	aaaa	aaa
select cidx, CCHAR4, ELT(cidx,CCHAR3,CCHAR7, CCHAR4) from datatypetestm order by cidx;
cidx	CCHAR4	ELT(cidx,CCHAR3,CCHAR7, CCHAR4)
1	aaaa	aaa
select cidx, CCHAR4, ELT(cidx,CCHAR3,CINTEGER,CDATE,'ALOHA', CCHAR4) from datatypetestm order by cidx;
cidx	CCHAR4	ELT(cidx,CCHAR3,CINTEGER,CDATE,'ALOHA', CCHAR4)
1	aaaa	aaa
select cidx, CCHAR5, ELT(cidx,CCHAR3, CCHAR5) from datatypetestm order by cidx;
cidx	CCHAR5	ELT(cidx,CCHAR3, CCHAR5)
1	aaaaa	aaa
select cidx, CCHAR5, ELT(cidx,CCHAR3,CCHAR7, CCHAR5) from datatypetestm order by cidx;
cidx	CCHAR5	ELT(cidx,CCHAR3,CCHAR7, CCHAR5)
1	aaaaa	aaa
select cidx, CCHAR5, ELT(cidx,CCHAR3,CINTEGER,CDATE,'ALOHA', CCHAR5) from datatypetestm order by cidx;
cidx	CCHAR5	ELT(cidx,CCHAR3,CINTEGER,CDATE,'ALOHA', CCHAR5)
1	aaaaa	aaa
select cidx, CCHAR6, ELT(cidx,CCHAR3, CCHAR6) from datatypetestm order by cidx;
cidx	CCHAR6	ELT(cidx,CCHAR3, CCHAR6)
1	aaaaaa	aaa
select cidx, CCHAR6, ELT(cidx,CCHAR3,CCHAR7, CCHAR6) from datatypetestm order by cidx;
cidx	CCHAR6	ELT(cidx,CCHAR3,CCHAR7, CCHAR6)
1	aaaaaa	aaa
select cidx, CCHAR6, ELT(cidx,CCHAR3,CINTEGER,CDATE,'ALOHA', CCHAR6) from datatypetestm order by cidx;
cidx	CCHAR6	ELT(cidx,CCHAR3,CINTEGER,CDATE,'ALOHA', CCHAR6)
1	aaaaaa	aaa
select cidx, CCHAR7, ELT(cidx,CCHAR3, CCHAR7) from datatypetestm order by cidx;
cidx	CCHAR7	ELT(cidx,CCHAR3, CCHAR7)
1	aaaaaaa	aaa
select cidx, CCHAR7, ELT(cidx,CCHAR3,CCHAR7, CCHAR7) from datatypetestm order by cidx;
cidx	CCHAR7	ELT(cidx,CCHAR3,CCHAR7, CCHAR7)
1	aaaaaaa	aaa
select cidx, CCHAR7, ELT(cidx,CCHAR3,CINTEGER,CDATE,'ALOHA', CCHAR7) from datatypetestm order by cidx;
cidx	CCHAR7	ELT(cidx,CCHAR3,CINTEGER,CDATE,'ALOHA', CCHAR7)
1	aaaaaaa	aaa
select cidx, CCHAR8, ELT(cidx,CCHAR3, CCHAR8) from datatypetestm order by cidx;
cidx	CCHAR8	ELT(cidx,CCHAR3, CCHAR8)
1	aaaaaaaa	aaa
select cidx, CCHAR8, ELT(cidx,CCHAR3,CCHAR7, CCHAR8) from datatypetestm order by cidx;
cidx	CCHAR8	ELT(cidx,CCHAR3,CCHAR7, CCHAR8)
1	aaaaaaaa	aaa
select cidx, CCHAR8, ELT(cidx,CCHAR3,CINTEGER,CDATE,'ALOHA', CCHAR8) from datatypetestm order by cidx;
cidx	CCHAR8	ELT(cidx,CCHAR3,CINTEGER,CDATE,'ALOHA', CCHAR8)
1	aaaaaaaa	aaa
select cidx, CCHAR9, ELT(cidx,CCHAR3, CCHAR9) from datatypetestm order by cidx;
cidx	CCHAR9	ELT(cidx,CCHAR3, CCHAR9)
1	aaaaaaaaa	aaa
select cidx, CCHAR9, ELT(cidx,CCHAR3,CCHAR7, CCHAR9) from datatypetestm order by cidx;
cidx	CCHAR9	ELT(cidx,CCHAR3,CCHAR7, CCHAR9)
1	aaaaaaaaa	aaa
select cidx, CCHAR9, ELT(cidx,CCHAR3,CINTEGER,CDATE,'ALOHA', CCHAR9) from datatypetestm order by cidx;
cidx	CCHAR9	ELT(cidx,CCHAR3,CINTEGER,CDATE,'ALOHA', CCHAR9)
1	aaaaaaaaa	aaa
select cidx, CCHAR255, ELT(cidx,CCHAR3, CCHAR255) from datatypetestm order by cidx;
cidx	CCHAR255	ELT(cidx,CCHAR3, CCHAR255)
1	aaaaaaaaaa	aaa
select cidx, CCHAR255, ELT(cidx,CCHAR3,CCHAR7, CCHAR255) from datatypetestm order by cidx;
cidx	CCHAR255	ELT(cidx,CCHAR3,CCHAR7, CCHAR255)
1	aaaaaaaaaa	aaa
select cidx, CCHAR255, ELT(cidx,CCHAR3,CINTEGER,CDATE,'ALOHA', CCHAR255) from datatypetestm order by cidx;
cidx	CCHAR255	ELT(cidx,CCHAR3,CINTEGER,CDATE,'ALOHA', CCHAR255)
1	aaaaaaaaaa	aaa
select cidx, CVCHAR1, ELT(cidx,CCHAR3, CVCHAR1) from datatypetestm order by cidx;
cidx	CVCHAR1	ELT(cidx,CCHAR3, CVCHAR1)
1	a	aaa
select cidx, CVCHAR1, ELT(cidx,CCHAR3,CCHAR7, CVCHAR1) from datatypetestm order by cidx;
cidx	CVCHAR1	ELT(cidx,CCHAR3,CCHAR7, CVCHAR1)
1	a	aaa
select cidx, CVCHAR1, ELT(cidx,CCHAR3,CINTEGER,CDATE,'ALOHA', CVCHAR1) from datatypetestm order by cidx;
cidx	CVCHAR1	ELT(cidx,CCHAR3,CINTEGER,CDATE,'ALOHA', CVCHAR1)
1	a	aaa
select cidx, CVCHAR2, ELT(cidx,CCHAR3, CVCHAR2) from datatypetestm order by cidx;
cidx	CVCHAR2	ELT(cidx,CCHAR3, CVCHAR2)
1	aa	aaa
select cidx, CVCHAR2, ELT(cidx,CCHAR3,CCHAR7, CVCHAR2) from datatypetestm order by cidx;
cidx	CVCHAR2	ELT(cidx,CCHAR3,CCHAR7, CVCHAR2)
1	aa	aaa
select cidx, CVCHAR2, ELT(cidx,CCHAR3,CINTEGER,CDATE,'ALOHA', CVCHAR2) from datatypetestm order by cidx;
cidx	CVCHAR2	ELT(cidx,CCHAR3,CINTEGER,CDATE,'ALOHA', CVCHAR2)
1	aa	aaa
select cidx, CVCHAR3, ELT(cidx,CCHAR3, CVCHAR3) from datatypetestm order by cidx;
cidx	CVCHAR3	ELT(cidx,CCHAR3, CVCHAR3)
1	aaa	aaa
select cidx, CVCHAR3, ELT(cidx,CCHAR3,CCHAR7, CVCHAR3) from datatypetestm order by cidx;
cidx	CVCHAR3	ELT(cidx,CCHAR3,CCHAR7, CVCHAR3)
1	aaa	aaa
select cidx, CVCHAR3, ELT(cidx,CCHAR3,CINTEGER,CDATE,'ALOHA', CVCHAR3) from datatypetestm order by cidx;
cidx	CVCHAR3	ELT(cidx,CCHAR3,CINTEGER,CDATE,'ALOHA', CVCHAR3)
1	aaa	aaa
select cidx, CVCHAR4, ELT(cidx,CCHAR3, CVCHAR4) from datatypetestm order by cidx;
cidx	CVCHAR4	ELT(cidx,CCHAR3, CVCHAR4)
1	aaaa	aaa
select cidx, CVCHAR4, ELT(cidx,CCHAR3,CCHAR7, CVCHAR4) from datatypetestm order by cidx;
cidx	CVCHAR4	ELT(cidx,CCHAR3,CCHAR7, CVCHAR4)
1	aaaa	aaa
select cidx, CVCHAR4, ELT(cidx,CCHAR3,CINTEGER,CDATE,'ALOHA', CVCHAR4) from datatypetestm order by cidx;
cidx	CVCHAR4	ELT(cidx,CCHAR3,CINTEGER,CDATE,'ALOHA', CVCHAR4)
1	aaaa	aaa
select cidx, CVCHAR5, ELT(cidx,CCHAR3, CVCHAR5) from datatypetestm order by cidx;
cidx	CVCHAR5	ELT(cidx,CCHAR3, CVCHAR5)
1	aaaaa	aaa
select cidx, CVCHAR5, ELT(cidx,CCHAR3,CCHAR7, CVCHAR5) from datatypetestm order by cidx;
cidx	CVCHAR5	ELT(cidx,CCHAR3,CCHAR7, CVCHAR5)
1	aaaaa	aaa
select cidx, CVCHAR5, ELT(cidx,CCHAR3,CINTEGER,CDATE,'ALOHA', CVCHAR5) from datatypetestm order by cidx;
cidx	CVCHAR5	ELT(cidx,CCHAR3,CINTEGER,CDATE,'ALOHA', CVCHAR5)
1	aaaaa	aaa
select cidx, CVCHAR6, ELT(cidx,CCHAR3, CVCHAR6) from datatypetestm order by cidx;
cidx	CVCHAR6	ELT(cidx,CCHAR3, CVCHAR6)
1	aaaaaa	aaa
select cidx, CVCHAR6, ELT(cidx,CCHAR3,CCHAR7, CVCHAR6) from datatypetestm order by cidx;
cidx	CVCHAR6	ELT(cidx,CCHAR3,CCHAR7, CVCHAR6)
1	aaaaaa	aaa
select cidx, CVCHAR6, ELT(cidx,CCHAR3,CINTEGER,CDATE,'ALOHA', CVCHAR6) from datatypetestm order by cidx;
cidx	CVCHAR6	ELT(cidx,CCHAR3,CINTEGER,CDATE,'ALOHA', CVCHAR6)
1	aaaaaa	aaa
select cidx, CVCHAR7, ELT(cidx,CCHAR3, CVCHAR7) from datatypetestm order by cidx;
cidx	CVCHAR7	ELT(cidx,CCHAR3, CVCHAR7)
1	aaaaaaa	aaa
select cidx, CVCHAR7, ELT(cidx,CCHAR3,CCHAR7, CVCHAR7) from datatypetestm order by cidx;
cidx	CVCHAR7	ELT(cidx,CCHAR3,CCHAR7, CVCHAR7)
1	aaaaaaa	aaa
select cidx, CVCHAR7, ELT(cidx,CCHAR3,CINTEGER,CDATE,'ALOHA', CVCHAR7) from datatypetestm order by cidx;
cidx	CVCHAR7	ELT(cidx,CCHAR3,CINTEGER,CDATE,'ALOHA', CVCHAR7)
1	aaaaaaa	aaa
select cidx, CVCHAR8, ELT(cidx,CCHAR3, CVCHAR8) from datatypetestm order by cidx;
cidx	CVCHAR8	ELT(cidx,CCHAR3, CVCHAR8)
1	aaaaaaaa	aaa
select cidx, CVCHAR8, ELT(cidx,CCHAR3,CCHAR7, CVCHAR8) from datatypetestm order by cidx;
cidx	CVCHAR8	ELT(cidx,CCHAR3,CCHAR7, CVCHAR8)
1	aaaaaaaa	aaa
select cidx, CVCHAR8, ELT(cidx,CCHAR3,CINTEGER,CDATE,'ALOHA', CVCHAR8) from datatypetestm order by cidx;
cidx	CVCHAR8	ELT(cidx,CCHAR3,CINTEGER,CDATE,'ALOHA', CVCHAR8)
1	aaaaaaaa	aaa
select cidx, CVCHAR255, ELT(cidx,CCHAR3, CVCHAR255) from datatypetestm order by cidx;
cidx	CVCHAR255	ELT(cidx,CCHAR3, CVCHAR255)
1	aaaaaaaaaa	aaa
select cidx, CVCHAR255, ELT(cidx,CCHAR3,CCHAR7, CVCHAR255) from datatypetestm order by cidx;
cidx	CVCHAR255	ELT(cidx,CCHAR3,CCHAR7, CVCHAR255)
1	aaaaaaaaaa	aaa
select cidx, CVCHAR255, ELT(cidx,CCHAR3,CINTEGER,CDATE,'ALOHA', CVCHAR255) from datatypetestm order by cidx;
cidx	CVCHAR255	ELT(cidx,CCHAR3,CINTEGER,CDATE,'ALOHA', CVCHAR255)
1	aaaaaaaaaa	aaa
select cidx, CCHAR1 from datatypetestm where ELT(cidx,CCHAR3, CCHAR1) <> 0 order by cidx;
cidx	CCHAR1
select cidx, CCHAR1 from datatypetestm where ELT(cidx,CCHAR3,CCHAR7, CCHAR1) <> 0 order by cidx;
cidx	CCHAR1
select cidx, CCHAR1 from datatypetestm where ELT(cidx,CCHAR3,CINTEGER,CDATE,'ALOHA', CCHAR1) <> 0 order by cidx;
cidx	CCHAR1
select cidx, CCHAR2 from datatypetestm where ELT(cidx,CCHAR3, CCHAR2) <> 0 order by cidx;
cidx	CCHAR2
select cidx, CCHAR2 from datatypetestm where ELT(cidx,CCHAR3,CCHAR7, CCHAR2) <> 0 order by cidx;
cidx	CCHAR2
select cidx, CCHAR2 from datatypetestm where ELT(cidx,CCHAR3,CINTEGER,CDATE,'ALOHA', CCHAR2) <> 0 order by cidx;
cidx	CCHAR2
select cidx, CCHAR3 from datatypetestm where ELT(cidx,CCHAR3, CCHAR3) <> 0 order by cidx;
cidx	CCHAR3
select cidx, CCHAR3 from datatypetestm where ELT(cidx,CCHAR3,CCHAR7, CCHAR3) <> 0 order by cidx;
cidx	CCHAR3
select cidx, CCHAR3 from datatypetestm where ELT(cidx,CCHAR3,CINTEGER,CDATE,'ALOHA', CCHAR3) <> 0 order by cidx;
cidx	CCHAR3
select cidx, CCHAR4 from datatypetestm where ELT(cidx,CCHAR3, CCHAR4) <> 0 order by cidx;
cidx	CCHAR4
select cidx, CCHAR4 from datatypetestm where ELT(cidx,CCHAR3,CCHAR7, CCHAR4) <> 0 order by cidx;
cidx	CCHAR4
select cidx, CCHAR4 from datatypetestm where ELT(cidx,CCHAR3,CINTEGER,CDATE,'ALOHA', CCHAR4) <> 0 order by cidx;
cidx	CCHAR4
select cidx, CCHAR5 from datatypetestm where ELT(cidx,CCHAR3, CCHAR5) <> 0 order by cidx;
cidx	CCHAR5
select cidx, CCHAR5 from datatypetestm where ELT(cidx,CCHAR3,CCHAR7, CCHAR5) <> 0 order by cidx;
cidx	CCHAR5
select cidx, CCHAR5 from datatypetestm where ELT(cidx,CCHAR3,CINTEGER,CDATE,'ALOHA', CCHAR5) <> 0 order by cidx;
cidx	CCHAR5
select cidx, CCHAR6 from datatypetestm where ELT(cidx,CCHAR3, CCHAR6) <> 0 order by cidx;
cidx	CCHAR6
select cidx, CCHAR6 from datatypetestm where ELT(cidx,CCHAR3,CCHAR7, CCHAR6) <> 0 order by cidx;
cidx	CCHAR6
select cidx, CCHAR6 from datatypetestm where ELT(cidx,CCHAR3,CINTEGER,CDATE,'ALOHA', CCHAR6) <> 0 order by cidx;
cidx	CCHAR6
select cidx, CCHAR7 from datatypetestm where ELT(cidx,CCHAR3, CCHAR7) <> 0 order by cidx;
cidx	CCHAR7
select cidx, CCHAR7 from datatypetestm where ELT(cidx,CCHAR3,CCHAR7, CCHAR7) <> 0 order by cidx;
cidx	CCHAR7
select cidx, CCHAR7 from datatypetestm where ELT(cidx,CCHAR3,CINTEGER,CDATE,'ALOHA', CCHAR7) <> 0 order by cidx;
cidx	CCHAR7
select cidx, CCHAR8 from datatypetestm where ELT(cidx,CCHAR3, CCHAR8) <> 0 order by cidx;
cidx	CCHAR8
select cidx, CCHAR8 from datatypetestm where ELT(cidx,CCHAR3,CCHAR7, CCHAR8) <> 0 order by cidx;
cidx	CCHAR8
select cidx, CCHAR8 from datatypetestm where ELT(cidx,CCHAR3,CINTEGER,CDATE,'ALOHA', CCHAR8) <> 0 order by cidx;
cidx	CCHAR8
select cidx, CCHAR9 from datatypetestm where ELT(cidx,CCHAR3, CCHAR9) <> 0 order by cidx;
cidx	CCHAR9
select cidx, CCHAR9 from datatypetestm where ELT(cidx,CCHAR3,CCHAR7, CCHAR9) <> 0 order by cidx;
cidx	CCHAR9
select cidx, CCHAR9 from datatypetestm where ELT(cidx,CCHAR3,CINTEGER,CDATE,'ALOHA', CCHAR9) <> 0 order by cidx;
cidx	CCHAR9
select cidx, CCHAR255 from datatypetestm where ELT(cidx,CCHAR3, CCHAR255) <> 0 order by cidx;
cidx	CCHAR255
select cidx, CCHAR255 from datatypetestm where ELT(cidx,CCHAR3,CCHAR7, CCHAR255) <> 0 order by cidx;
cidx	CCHAR255
select cidx, CCHAR255 from datatypetestm where ELT(cidx,CCHAR3,CINTEGER,CDATE,'ALOHA', CCHAR255) <> 0 order by cidx;
cidx	CCHAR255
select cidx, CVCHAR1 from datatypetestm where ELT(cidx,CCHAR3, CVCHAR1) <> 0 order by cidx;
cidx	CVCHAR1
select cidx, CVCHAR1 from datatypetestm where ELT(cidx,CCHAR3,CCHAR7, CVCHAR1) <> 0 order by cidx;
cidx	CVCHAR1
select cidx, CVCHAR1 from datatypetestm where ELT(cidx,CCHAR3,CINTEGER,CDATE,'ALOHA', CVCHAR1) <> 0 order by cidx;
cidx	CVCHAR1
select cidx, CVCHAR2 from datatypetestm where ELT(cidx,CCHAR3, CVCHAR2) <> 0 order by cidx;
cidx	CVCHAR2
select cidx, CVCHAR2 from datatypetestm where ELT(cidx,CCHAR3,CCHAR7, CVCHAR2) <> 0 order by cidx;
cidx	CVCHAR2
select cidx, CVCHAR2 from datatypetestm where ELT(cidx,CCHAR3,CINTEGER,CDATE,'ALOHA', CVCHAR2) <> 0 order by cidx;
cidx	CVCHAR2
select cidx, CVCHAR3 from datatypetestm where ELT(cidx,CCHAR3, CVCHAR3) <> 0 order by cidx;
cidx	CVCHAR3
select cidx, CVCHAR3 from datatypetestm where ELT(cidx,CCHAR3,CCHAR7, CVCHAR3) <> 0 order by cidx;
cidx	CVCHAR3
select cidx, CVCHAR3 from datatypetestm where ELT(cidx,CCHAR3,CINTEGER,CDATE,'ALOHA', CVCHAR3) <> 0 order by cidx;
cidx	CVCHAR3
select cidx, CVCHAR4 from datatypetestm where ELT(cidx,CCHAR3, CVCHAR4) <> 0 order by cidx;
cidx	CVCHAR4
select cidx, CVCHAR4 from datatypetestm where ELT(cidx,CCHAR3,CCHAR7, CVCHAR4) <> 0 order by cidx;
cidx	CVCHAR4
select cidx, CVCHAR4 from datatypetestm where ELT(cidx,CCHAR3,CINTEGER,CDATE,'ALOHA', CVCHAR4) <> 0 order by cidx;
cidx	CVCHAR4
select cidx, CVCHAR5 from datatypetestm where ELT(cidx,CCHAR3, CVCHAR5) <> 0 order by cidx;
cidx	CVCHAR5
select cidx, CVCHAR5 from datatypetestm where ELT(cidx,CCHAR3,CCHAR7, CVCHAR5) <> 0 order by cidx;
cidx	CVCHAR5
select cidx, CVCHAR5 from datatypetestm where ELT(cidx,CCHAR3,CINTEGER,CDATE,'ALOHA', CVCHAR5) <> 0 order by cidx;
cidx	CVCHAR5
select cidx, CVCHAR6 from datatypetestm where ELT(cidx,CCHAR3, CVCHAR6) <> 0 order by cidx;
cidx	CVCHAR6
select cidx, CVCHAR6 from datatypetestm where ELT(cidx,CCHAR3,CCHAR7, CVCHAR6) <> 0 order by cidx;
cidx	CVCHAR6
select cidx, CVCHAR6 from datatypetestm where ELT(cidx,CCHAR3,CINTEGER,CDATE,'ALOHA', CVCHAR6) <> 0 order by cidx;
cidx	CVCHAR6
select cidx, CVCHAR7 from datatypetestm where ELT(cidx,CCHAR3, CVCHAR7) <> 0 order by cidx;
cidx	CVCHAR7
select cidx, CVCHAR7 from datatypetestm where ELT(cidx,CCHAR3,CCHAR7, CVCHAR7) <> 0 order by cidx;
cidx	CVCHAR7
select cidx, CVCHAR7 from datatypetestm where ELT(cidx,CCHAR3,CINTEGER,CDATE,'ALOHA', CVCHAR7) <> 0 order by cidx;
cidx	CVCHAR7
select cidx, CVCHAR8 from datatypetestm where ELT(cidx,CCHAR3, CVCHAR8) <> 0 order by cidx;
cidx	CVCHAR8
select cidx, CVCHAR8 from datatypetestm where ELT(cidx,CCHAR3,CCHAR7, CVCHAR8) <> 0 order by cidx;
cidx	CVCHAR8
select cidx, CVCHAR8 from datatypetestm where ELT(cidx,CCHAR3,CINTEGER,CDATE,'ALOHA', CVCHAR8) <> 0 order by cidx;
cidx	CVCHAR8
select cidx, CVCHAR255 from datatypetestm where ELT(cidx,CCHAR3, CVCHAR255) <> 0 order by cidx;
cidx	CVCHAR255
select cidx, CVCHAR255 from datatypetestm where ELT(cidx,CCHAR3,CCHAR7, CVCHAR255) <> 0 order by cidx;
cidx	CVCHAR255
select cidx, CVCHAR255 from datatypetestm where ELT(cidx,CCHAR3,CINTEGER,CDATE,'ALOHA', CVCHAR255) <> 0 order by cidx;
cidx	CVCHAR255
