USE autopilot;
select cidx, CDATE, DAYOFYEAR(CDATE) from datatypetestm order by cidx;
cidx	CDATE	DAYOFYEAR(CDATE)
1	1997-01-01	1
select cidx, CDATETIME, DAYOFYEAR(CDATETIME) from datatypetestm order by cidx;
cidx	CDATETIME	DAYOFYEAR(CDATETIME)
1	1997-01-01 00:00:00	1
select cidx, CDATE from datatypetestm where DAYOFYEAR(CDATE) <> 0 order by cidx;
cidx	CDATE
1	1997-01-01
select cidx, CDATETIME from datatypetestm where DAYOFYEAR(CDATETIME) <> 0 order by cidx;
cidx	CDATETIME
1	1997-01-01 00:00:00
