USE autopilot;
select cidx, CDATE, ELT(cidx,CCHAR3, CDATE) from datatypetestm order by cidx;
cidx	CDATE	ELT(cidx,CCHAR3, CDATE)
1	1997-01-01	aaa
select cidx, CDATE, ELT(cidx,CCHAR3,CCHAR7, CDATE) from datatypetestm order by cidx;
cidx	CDATE	ELT(cidx,CCHAR3,CCHAR7, CDATE)
1	1997-01-01	aaa
select cidx, CDATE, ELT(cidx,CCHAR3,CINTEGER,CDATE,'ALOHA', CDATE) from datatypetestm order by cidx;
cidx	CDATE	ELT(cidx,CCHAR3,CINTEGER,CDATE,'ALOHA', CDATE)
1	1997-01-01	aaa
select cidx, CDATETIME, ELT(cidx,CCHAR3, CDATETIME) from datatypetestm order by cidx;
cidx	CDATETIME	ELT(cidx,CCHAR3, CDATETIME)
1	1997-01-01 00:00:00	aaa
select cidx, CDATETIME, ELT(cidx,CCHAR3,CCHAR7, CDATETIME) from datatypetestm order by cidx;
cidx	CDATETIME	ELT(cidx,CCHAR3,CCHAR7, CDATETIME)
1	1997-01-01 00:00:00	aaa
select cidx, CDATETIME, ELT(cidx,CCHAR3,CINTEGER,CDATE,'ALOHA', CDATETIME) from datatypetestm order by cidx;
cidx	CDATETIME	ELT(cidx,CCHAR3,CINTEGER,CDATE,'ALOHA', CDATETIME)
1	1997-01-01 00:00:00	aaa
select cidx, CTIME, ELT(cidx,CCHAR3, CTIME) from datatypetestm order by cidx;
cidx	CTIME	ELT(cidx,CCHAR3, CTIME)
1	13:00:00	aaa
select cidx, CTIME, ELT(cidx,CCHAR3,CCHAR7, CTIME) from datatypetestm order by cidx;
cidx	CTIME	ELT(cidx,CCHAR3,CCHAR7, CTIME)
1	13:00:00	aaa
select cidx, CTIME, ELT(cidx,CCHAR3,CINTEGER,CDATE,'ALOHA', CTIME) from datatypetestm order by cidx;
cidx	CTIME	ELT(cidx,CCHAR3,CINTEGER,CDATE,'ALOHA', CTIME)
1	13:00:00	aaa
select cidx, CDATE from datatypetestm where ELT(cidx,CCHAR3, CDATE) <> 0 order by cidx;
cidx	CDATE
select cidx, CDATE from datatypetestm where ELT(cidx,CCHAR3,CCHAR7, CDATE) <> 0 order by cidx;
cidx	CDATE
select cidx, CDATE from datatypetestm where ELT(cidx,CCHAR3,CINTEGER,CDATE,'ALOHA', CDATE) <> 0 order by cidx;
cidx	CDATE
select cidx, CDATETIME from datatypetestm where ELT(cidx,CCHAR3, CDATETIME) <> 0 order by cidx;
cidx	CDATETIME
select cidx, CDATETIME from datatypetestm where ELT(cidx,CCHAR3,CCHAR7, CDATETIME) <> 0 order by cidx;
cidx	CDATETIME
select cidx, CDATETIME from datatypetestm where ELT(cidx,CCHAR3,CINTEGER,CDATE,'ALOHA', CDATETIME) <> 0 order by cidx;
cidx	CDATETIME
select cidx, CTIME from datatypetestm where ELT(cidx,CCHAR3, CTIME) <> 0 order by cidx;
cidx	CTIME
select cidx, CTIME from datatypetestm where ELT(cidx,CCHAR3,CCHAR7, CTIME) <> 0 order by cidx;
cidx	CTIME
select cidx, CTIME from datatypetestm where ELT(cidx,CCHAR3,CINTEGER,CDATE,'ALOHA', CTIME) <> 0 order by cidx;
cidx	CTIME
