USE autopilot;
select cidx, CCHAR1, SUBSTRING(CCHAR1,1) from datatypetestm order by cidx;
cidx	CCHAR1	SUBSTRING(CCHAR1,1)
1	a	a
select cidx, CCHAR1, SUBSTRING(CCHAR1,5) from datatypetestm order by cidx;
cidx	CCHAR1	SUBSTRING(CCHAR1,5)
1	a	
select cidx, CCHAR1, SUBSTRING(CCHAR1,7) from datatypetestm order by cidx;
cidx	CCHAR1	SUBSTRING(CCHAR1,7)
1	a	
select cidx, CCHAR1, SUBSTRING(CCHAR1,8) from datatypetestm order by cidx;
cidx	CCHAR1	SUBSTRING(CCHAR1,8)
1	a	
select cidx, CCHAR1, SUBSTRING(CCHAR1,9) from datatypetestm order by cidx;
cidx	CCHAR1	SUBSTRING(CCHAR1,9)
1	a	
select cidx, CCHAR1, SUBSTRING(CCHAR1 FROM 5) from datatypetestm order by cidx;
cidx	CCHAR1	SUBSTRING(CCHAR1 FROM 5)
1	a	
select cidx, CCHAR1, SUBSTRING(CCHAR1 FROM 9) from datatypetestm order by cidx;
cidx	CCHAR1	SUBSTRING(CCHAR1 FROM 9)
1	a	
select cidx, CCHAR1, SUBSTRING(CCHAR1,5,2) from datatypetestm order by cidx;
cidx	CCHAR1	SUBSTRING(CCHAR1,5,2)
1	a	
select cidx, CCHAR1, SUBSTRING(CCHAR1,9,3) from datatypetestm order by cidx;
cidx	CCHAR1	SUBSTRING(CCHAR1,9,3)
1	a	
select cidx, CCHAR1, SUBSTRING(CCHAR1 FROM 5 FOR 2) from datatypetestm order by cidx;
cidx	CCHAR1	SUBSTRING(CCHAR1 FROM 5 FOR 2)
1	a	
select cidx, CCHAR1, SUBSTRING(CCHAR1 FROM 9 FOR 3) from datatypetestm order by cidx;
cidx	CCHAR1	SUBSTRING(CCHAR1 FROM 9 FOR 3)
1	a	
select cidx, CCHAR2, SUBSTRING(CCHAR2,1) from datatypetestm order by cidx;
cidx	CCHAR2	SUBSTRING(CCHAR2,1)
1	aa	aa
select cidx, CCHAR2, SUBSTRING(CCHAR2,5) from datatypetestm order by cidx;
cidx	CCHAR2	SUBSTRING(CCHAR2,5)
1	aa	
select cidx, CCHAR2, SUBSTRING(CCHAR2,7) from datatypetestm order by cidx;
cidx	CCHAR2	SUBSTRING(CCHAR2,7)
1	aa	
select cidx, CCHAR2, SUBSTRING(CCHAR2,8) from datatypetestm order by cidx;
cidx	CCHAR2	SUBSTRING(CCHAR2,8)
1	aa	
select cidx, CCHAR2, SUBSTRING(CCHAR2,9) from datatypetestm order by cidx;
cidx	CCHAR2	SUBSTRING(CCHAR2,9)
1	aa	
select cidx, CCHAR2, SUBSTRING(CCHAR2 FROM 5) from datatypetestm order by cidx;
cidx	CCHAR2	SUBSTRING(CCHAR2 FROM 5)
1	aa	
select cidx, CCHAR2, SUBSTRING(CCHAR2 FROM 9) from datatypetestm order by cidx;
cidx	CCHAR2	SUBSTRING(CCHAR2 FROM 9)
1	aa	
select cidx, CCHAR2, SUBSTRING(CCHAR2,5,2) from datatypetestm order by cidx;
cidx	CCHAR2	SUBSTRING(CCHAR2,5,2)
1	aa	
select cidx, CCHAR2, SUBSTRING(CCHAR2,9,3) from datatypetestm order by cidx;
cidx	CCHAR2	SUBSTRING(CCHAR2,9,3)
1	aa	
select cidx, CCHAR2, SUBSTRING(CCHAR2 FROM 5 FOR 2) from datatypetestm order by cidx;
cidx	CCHAR2	SUBSTRING(CCHAR2 FROM 5 FOR 2)
1	aa	
select cidx, CCHAR2, SUBSTRING(CCHAR2 FROM 9 FOR 3) from datatypetestm order by cidx;
cidx	CCHAR2	SUBSTRING(CCHAR2 FROM 9 FOR 3)
1	aa	
select cidx, CCHAR3, SUBSTRING(CCHAR3,1) from datatypetestm order by cidx;
cidx	CCHAR3	SUBSTRING(CCHAR3,1)
1	aaa	aaa
select cidx, CCHAR3, SUBSTRING(CCHAR3,5) from datatypetestm order by cidx;
cidx	CCHAR3	SUBSTRING(CCHAR3,5)
1	aaa	
select cidx, CCHAR3, SUBSTRING(CCHAR3,7) from datatypetestm order by cidx;
cidx	CCHAR3	SUBSTRING(CCHAR3,7)
1	aaa	
select cidx, CCHAR3, SUBSTRING(CCHAR3,8) from datatypetestm order by cidx;
cidx	CCHAR3	SUBSTRING(CCHAR3,8)
1	aaa	
select cidx, CCHAR3, SUBSTRING(CCHAR3,9) from datatypetestm order by cidx;
cidx	CCHAR3	SUBSTRING(CCHAR3,9)
1	aaa	
select cidx, CCHAR3, SUBSTRING(CCHAR3 FROM 5) from datatypetestm order by cidx;
cidx	CCHAR3	SUBSTRING(CCHAR3 FROM 5)
1	aaa	
select cidx, CCHAR3, SUBSTRING(CCHAR3 FROM 9) from datatypetestm order by cidx;
cidx	CCHAR3	SUBSTRING(CCHAR3 FROM 9)
1	aaa	
select cidx, CCHAR3, SUBSTRING(CCHAR3,5,2) from datatypetestm order by cidx;
cidx	CCHAR3	SUBSTRING(CCHAR3,5,2)
1	aaa	
select cidx, CCHAR3, SUBSTRING(CCHAR3,9,3) from datatypetestm order by cidx;
cidx	CCHAR3	SUBSTRING(CCHAR3,9,3)
1	aaa	
select cidx, CCHAR3, SUBSTRING(CCHAR3 FROM 5 FOR 2) from datatypetestm order by cidx;
cidx	CCHAR3	SUBSTRING(CCHAR3 FROM 5 FOR 2)
1	aaa	
select cidx, CCHAR3, SUBSTRING(CCHAR3 FROM 9 FOR 3) from datatypetestm order by cidx;
cidx	CCHAR3	SUBSTRING(CCHAR3 FROM 9 FOR 3)
1	aaa	
select cidx, CCHAR4, SUBSTRING(CCHAR4,1) from datatypetestm order by cidx;
cidx	CCHAR4	SUBSTRING(CCHAR4,1)
1	aaaa	aaaa
select cidx, CCHAR4, SUBSTRING(CCHAR4,5) from datatypetestm order by cidx;
cidx	CCHAR4	SUBSTRING(CCHAR4,5)
1	aaaa	
select cidx, CCHAR4, SUBSTRING(CCHAR4,7) from datatypetestm order by cidx;
cidx	CCHAR4	SUBSTRING(CCHAR4,7)
1	aaaa	
select cidx, CCHAR4, SUBSTRING(CCHAR4,8) from datatypetestm order by cidx;
cidx	CCHAR4	SUBSTRING(CCHAR4,8)
1	aaaa	
select cidx, CCHAR4, SUBSTRING(CCHAR4,9) from datatypetestm order by cidx;
cidx	CCHAR4	SUBSTRING(CCHAR4,9)
1	aaaa	
select cidx, CCHAR4, SUBSTRING(CCHAR4 FROM 5) from datatypetestm order by cidx;
cidx	CCHAR4	SUBSTRING(CCHAR4 FROM 5)
1	aaaa	
select cidx, CCHAR4, SUBSTRING(CCHAR4 FROM 9) from datatypetestm order by cidx;
cidx	CCHAR4	SUBSTRING(CCHAR4 FROM 9)
1	aaaa	
select cidx, CCHAR4, SUBSTRING(CCHAR4,5,2) from datatypetestm order by cidx;
cidx	CCHAR4	SUBSTRING(CCHAR4,5,2)
1	aaaa	
select cidx, CCHAR4, SUBSTRING(CCHAR4,9,3) from datatypetestm order by cidx;
cidx	CCHAR4	SUBSTRING(CCHAR4,9,3)
1	aaaa	
select cidx, CCHAR4, SUBSTRING(CCHAR4 FROM 5 FOR 2) from datatypetestm order by cidx;
cidx	CCHAR4	SUBSTRING(CCHAR4 FROM 5 FOR 2)
1	aaaa	
select cidx, CCHAR4, SUBSTRING(CCHAR4 FROM 9 FOR 3) from datatypetestm order by cidx;
cidx	CCHAR4	SUBSTRING(CCHAR4 FROM 9 FOR 3)
1	aaaa	
select cidx, CCHAR5, SUBSTRING(CCHAR5,1) from datatypetestm order by cidx;
cidx	CCHAR5	SUBSTRING(CCHAR5,1)
1	aaaaa	aaaaa
select cidx, CCHAR5, SUBSTRING(CCHAR5,5) from datatypetestm order by cidx;
cidx	CCHAR5	SUBSTRING(CCHAR5,5)
1	aaaaa	a
select cidx, CCHAR5, SUBSTRING(CCHAR5,7) from datatypetestm order by cidx;
cidx	CCHAR5	SUBSTRING(CCHAR5,7)
1	aaaaa	
select cidx, CCHAR5, SUBSTRING(CCHAR5,8) from datatypetestm order by cidx;
cidx	CCHAR5	SUBSTRING(CCHAR5,8)
1	aaaaa	
select cidx, CCHAR5, SUBSTRING(CCHAR5,9) from datatypetestm order by cidx;
cidx	CCHAR5	SUBSTRING(CCHAR5,9)
1	aaaaa	
select cidx, CCHAR5, SUBSTRING(CCHAR5 FROM 5) from datatypetestm order by cidx;
cidx	CCHAR5	SUBSTRING(CCHAR5 FROM 5)
1	aaaaa	a
select cidx, CCHAR5, SUBSTRING(CCHAR5 FROM 9) from datatypetestm order by cidx;
cidx	CCHAR5	SUBSTRING(CCHAR5 FROM 9)
1	aaaaa	
select cidx, CCHAR5, SUBSTRING(CCHAR5,5,2) from datatypetestm order by cidx;
cidx	CCHAR5	SUBSTRING(CCHAR5,5,2)
1	aaaaa	a
select cidx, CCHAR5, SUBSTRING(CCHAR5,9,3) from datatypetestm order by cidx;
cidx	CCHAR5	SUBSTRING(CCHAR5,9,3)
1	aaaaa	
select cidx, CCHAR5, SUBSTRING(CCHAR5 FROM 5 FOR 2) from datatypetestm order by cidx;
cidx	CCHAR5	SUBSTRING(CCHAR5 FROM 5 FOR 2)
1	aaaaa	a
select cidx, CCHAR5, SUBSTRING(CCHAR5 FROM 9 FOR 3) from datatypetestm order by cidx;
cidx	CCHAR5	SUBSTRING(CCHAR5 FROM 9 FOR 3)
1	aaaaa	
select cidx, CCHAR6, SUBSTRING(CCHAR6,1) from datatypetestm order by cidx;
cidx	CCHAR6	SUBSTRING(CCHAR6,1)
1	aaaaaa	aaaaaa
select cidx, CCHAR6, SUBSTRING(CCHAR6,5) from datatypetestm order by cidx;
cidx	CCHAR6	SUBSTRING(CCHAR6,5)
1	aaaaaa	aa
select cidx, CCHAR6, SUBSTRING(CCHAR6,7) from datatypetestm order by cidx;
cidx	CCHAR6	SUBSTRING(CCHAR6,7)
1	aaaaaa	
select cidx, CCHAR6, SUBSTRING(CCHAR6,8) from datatypetestm order by cidx;
cidx	CCHAR6	SUBSTRING(CCHAR6,8)
1	aaaaaa	
select cidx, CCHAR6, SUBSTRING(CCHAR6,9) from datatypetestm order by cidx;
cidx	CCHAR6	SUBSTRING(CCHAR6,9)
1	aaaaaa	
select cidx, CCHAR6, SUBSTRING(CCHAR6 FROM 5) from datatypetestm order by cidx;
cidx	CCHAR6	SUBSTRING(CCHAR6 FROM 5)
1	aaaaaa	aa
select cidx, CCHAR6, SUBSTRING(CCHAR6 FROM 9) from datatypetestm order by cidx;
cidx	CCHAR6	SUBSTRING(CCHAR6 FROM 9)
1	aaaaaa	
select cidx, CCHAR6, SUBSTRING(CCHAR6,5,2) from datatypetestm order by cidx;
cidx	CCHAR6	SUBSTRING(CCHAR6,5,2)
1	aaaaaa	aa
select cidx, CCHAR6, SUBSTRING(CCHAR6,9,3) from datatypetestm order by cidx;
cidx	CCHAR6	SUBSTRING(CCHAR6,9,3)
1	aaaaaa	
select cidx, CCHAR6, SUBSTRING(CCHAR6 FROM 5 FOR 2) from datatypetestm order by cidx;
cidx	CCHAR6	SUBSTRING(CCHAR6 FROM 5 FOR 2)
1	aaaaaa	aa
select cidx, CCHAR6, SUBSTRING(CCHAR6 FROM 9 FOR 3) from datatypetestm order by cidx;
cidx	CCHAR6	SUBSTRING(CCHAR6 FROM 9 FOR 3)
1	aaaaaa	
select cidx, CCHAR7, SUBSTRING(CCHAR7,1) from datatypetestm order by cidx;
cidx	CCHAR7	SUBSTRING(CCHAR7,1)
1	aaaaaaa	aaaaaaa
select cidx, CCHAR7, SUBSTRING(CCHAR7,5) from datatypetestm order by cidx;
cidx	CCHAR7	SUBSTRING(CCHAR7,5)
1	aaaaaaa	aaa
select cidx, CCHAR7, SUBSTRING(CCHAR7,7) from datatypetestm order by cidx;
cidx	CCHAR7	SUBSTRING(CCHAR7,7)
1	aaaaaaa	a
select cidx, CCHAR7, SUBSTRING(CCHAR7,8) from datatypetestm order by cidx;
cidx	CCHAR7	SUBSTRING(CCHAR7,8)
1	aaaaaaa	
select cidx, CCHAR7, SUBSTRING(CCHAR7,9) from datatypetestm order by cidx;
cidx	CCHAR7	SUBSTRING(CCHAR7,9)
1	aaaaaaa	
select cidx, CCHAR7, SUBSTRING(CCHAR7 FROM 5) from datatypetestm order by cidx;
cidx	CCHAR7	SUBSTRING(CCHAR7 FROM 5)
1	aaaaaaa	aaa
select cidx, CCHAR7, SUBSTRING(CCHAR7 FROM 9) from datatypetestm order by cidx;
cidx	CCHAR7	SUBSTRING(CCHAR7 FROM 9)
1	aaaaaaa	
select cidx, CCHAR7, SUBSTRING(CCHAR7,5,2) from datatypetestm order by cidx;
cidx	CCHAR7	SUBSTRING(CCHAR7,5,2)
1	aaaaaaa	aa
select cidx, CCHAR7, SUBSTRING(CCHAR7,9,3) from datatypetestm order by cidx;
cidx	CCHAR7	SUBSTRING(CCHAR7,9,3)
1	aaaaaaa	
select cidx, CCHAR7, SUBSTRING(CCHAR7 FROM 5 FOR 2) from datatypetestm order by cidx;
cidx	CCHAR7	SUBSTRING(CCHAR7 FROM 5 FOR 2)
1	aaaaaaa	aa
select cidx, CCHAR7, SUBSTRING(CCHAR7 FROM 9 FOR 3) from datatypetestm order by cidx;
cidx	CCHAR7	SUBSTRING(CCHAR7 FROM 9 FOR 3)
1	aaaaaaa	
select cidx, CCHAR8, SUBSTRING(CCHAR8,1) from datatypetestm order by cidx;
cidx	CCHAR8	SUBSTRING(CCHAR8,1)
1	aaaaaaaa	aaaaaaaa
select cidx, CCHAR8, SUBSTRING(CCHAR8,5) from datatypetestm order by cidx;
cidx	CCHAR8	SUBSTRING(CCHAR8,5)
1	aaaaaaaa	aaaa
select cidx, CCHAR8, SUBSTRING(CCHAR8,7) from datatypetestm order by cidx;
cidx	CCHAR8	SUBSTRING(CCHAR8,7)
1	aaaaaaaa	aa
select cidx, CCHAR8, SUBSTRING(CCHAR8,8) from datatypetestm order by cidx;
cidx	CCHAR8	SUBSTRING(CCHAR8,8)
1	aaaaaaaa	a
select cidx, CCHAR8, SUBSTRING(CCHAR8,9) from datatypetestm order by cidx;
cidx	CCHAR8	SUBSTRING(CCHAR8,9)
1	aaaaaaaa	
select cidx, CCHAR8, SUBSTRING(CCHAR8 FROM 5) from datatypetestm order by cidx;
cidx	CCHAR8	SUBSTRING(CCHAR8 FROM 5)
1	aaaaaaaa	aaaa
select cidx, CCHAR8, SUBSTRING(CCHAR8 FROM 9) from datatypetestm order by cidx;
cidx	CCHAR8	SUBSTRING(CCHAR8 FROM 9)
1	aaaaaaaa	
select cidx, CCHAR8, SUBSTRING(CCHAR8,5,2) from datatypetestm order by cidx;
cidx	CCHAR8	SUBSTRING(CCHAR8,5,2)
1	aaaaaaaa	aa
select cidx, CCHAR8, SUBSTRING(CCHAR8,9,3) from datatypetestm order by cidx;
cidx	CCHAR8	SUBSTRING(CCHAR8,9,3)
1	aaaaaaaa	
select cidx, CCHAR8, SUBSTRING(CCHAR8 FROM 5 FOR 2) from datatypetestm order by cidx;
cidx	CCHAR8	SUBSTRING(CCHAR8 FROM 5 FOR 2)
1	aaaaaaaa	aa
select cidx, CCHAR8, SUBSTRING(CCHAR8 FROM 9 FOR 3) from datatypetestm order by cidx;
cidx	CCHAR8	SUBSTRING(CCHAR8 FROM 9 FOR 3)
1	aaaaaaaa	
select cidx, CCHAR9, SUBSTRING(CCHAR9,1) from datatypetestm order by cidx;
cidx	CCHAR9	SUBSTRING(CCHAR9,1)
1	aaaaaaaaa	aaaaaaaaa
select cidx, CCHAR9, SUBSTRING(CCHAR9,5) from datatypetestm order by cidx;
cidx	CCHAR9	SUBSTRING(CCHAR9,5)
1	aaaaaaaaa	aaaaa
select cidx, CCHAR9, SUBSTRING(CCHAR9,7) from datatypetestm order by cidx;
cidx	CCHAR9	SUBSTRING(CCHAR9,7)
1	aaaaaaaaa	aaa
select cidx, CCHAR9, SUBSTRING(CCHAR9,8) from datatypetestm order by cidx;
cidx	CCHAR9	SUBSTRING(CCHAR9,8)
1	aaaaaaaaa	aa
select cidx, CCHAR9, SUBSTRING(CCHAR9,9) from datatypetestm order by cidx;
cidx	CCHAR9	SUBSTRING(CCHAR9,9)
1	aaaaaaaaa	a
select cidx, CCHAR9, SUBSTRING(CCHAR9 FROM 5) from datatypetestm order by cidx;
cidx	CCHAR9	SUBSTRING(CCHAR9 FROM 5)
1	aaaaaaaaa	aaaaa
select cidx, CCHAR9, SUBSTRING(CCHAR9 FROM 9) from datatypetestm order by cidx;
cidx	CCHAR9	SUBSTRING(CCHAR9 FROM 9)
1	aaaaaaaaa	a
select cidx, CCHAR9, SUBSTRING(CCHAR9,5,2) from datatypetestm order by cidx;
cidx	CCHAR9	SUBSTRING(CCHAR9,5,2)
1	aaaaaaaaa	aa
select cidx, CCHAR9, SUBSTRING(CCHAR9,9,3) from datatypetestm order by cidx;
cidx	CCHAR9	SUBSTRING(CCHAR9,9,3)
1	aaaaaaaaa	a
select cidx, CCHAR9, SUBSTRING(CCHAR9 FROM 5 FOR 2) from datatypetestm order by cidx;
cidx	CCHAR9	SUBSTRING(CCHAR9 FROM 5 FOR 2)
1	aaaaaaaaa	aa
select cidx, CCHAR9, SUBSTRING(CCHAR9 FROM 9 FOR 3) from datatypetestm order by cidx;
cidx	CCHAR9	SUBSTRING(CCHAR9 FROM 9 FOR 3)
1	aaaaaaaaa	a
select cidx, CCHAR255, SUBSTRING(CCHAR255,1) from datatypetestm order by cidx;
cidx	CCHAR255	SUBSTRING(CCHAR255,1)
1	aaaaaaaaaa	aaaaaaaaaa
select cidx, CCHAR255, SUBSTRING(CCHAR255,5) from datatypetestm order by cidx;
cidx	CCHAR255	SUBSTRING(CCHAR255,5)
1	aaaaaaaaaa	aaaaaa
select cidx, CCHAR255, SUBSTRING(CCHAR255,7) from datatypetestm order by cidx;
cidx	CCHAR255	SUBSTRING(CCHAR255,7)
1	aaaaaaaaaa	aaaa
select cidx, CCHAR255, SUBSTRING(CCHAR255,8) from datatypetestm order by cidx;
cidx	CCHAR255	SUBSTRING(CCHAR255,8)
1	aaaaaaaaaa	aaa
select cidx, CCHAR255, SUBSTRING(CCHAR255,9) from datatypetestm order by cidx;
cidx	CCHAR255	SUBSTRING(CCHAR255,9)
1	aaaaaaaaaa	aa
select cidx, CCHAR255, SUBSTRING(CCHAR255 FROM 5) from datatypetestm order by cidx;
cidx	CCHAR255	SUBSTRING(CCHAR255 FROM 5)
1	aaaaaaaaaa	aaaaaa
select cidx, CCHAR255, SUBSTRING(CCHAR255 FROM 9) from datatypetestm order by cidx;
cidx	CCHAR255	SUBSTRING(CCHAR255 FROM 9)
1	aaaaaaaaaa	aa
select cidx, CCHAR255, SUBSTRING(CCHAR255,5,2) from datatypetestm order by cidx;
cidx	CCHAR255	SUBSTRING(CCHAR255,5,2)
1	aaaaaaaaaa	aa
select cidx, CCHAR255, SUBSTRING(CCHAR255,9,3) from datatypetestm order by cidx;
cidx	CCHAR255	SUBSTRING(CCHAR255,9,3)
1	aaaaaaaaaa	aa
select cidx, CCHAR255, SUBSTRING(CCHAR255 FROM 5 FOR 2) from datatypetestm order by cidx;
cidx	CCHAR255	SUBSTRING(CCHAR255 FROM 5 FOR 2)
1	aaaaaaaaaa	aa
select cidx, CCHAR255, SUBSTRING(CCHAR255 FROM 9 FOR 3) from datatypetestm order by cidx;
cidx	CCHAR255	SUBSTRING(CCHAR255 FROM 9 FOR 3)
1	aaaaaaaaaa	aa
select cidx, CVCHAR1, SUBSTRING(CVCHAR1,1) from datatypetestm order by cidx;
cidx	CVCHAR1	SUBSTRING(CVCHAR1,1)
1	a	a
select cidx, CVCHAR1, SUBSTRING(CVCHAR1,5) from datatypetestm order by cidx;
cidx	CVCHAR1	SUBSTRING(CVCHAR1,5)
1	a	
select cidx, CVCHAR1, SUBSTRING(CVCHAR1,7) from datatypetestm order by cidx;
cidx	CVCHAR1	SUBSTRING(CVCHAR1,7)
1	a	
select cidx, CVCHAR1, SUBSTRING(CVCHAR1,8) from datatypetestm order by cidx;
cidx	CVCHAR1	SUBSTRING(CVCHAR1,8)
1	a	
select cidx, CVCHAR1, SUBSTRING(CVCHAR1,9) from datatypetestm order by cidx;
cidx	CVCHAR1	SUBSTRING(CVCHAR1,9)
1	a	
select cidx, CVCHAR1, SUBSTRING(CVCHAR1 FROM 5) from datatypetestm order by cidx;
cidx	CVCHAR1	SUBSTRING(CVCHAR1 FROM 5)
1	a	
select cidx, CVCHAR1, SUBSTRING(CVCHAR1 FROM 9) from datatypetestm order by cidx;
cidx	CVCHAR1	SUBSTRING(CVCHAR1 FROM 9)
1	a	
select cidx, CVCHAR1, SUBSTRING(CVCHAR1,5,2) from datatypetestm order by cidx;
cidx	CVCHAR1	SUBSTRING(CVCHAR1,5,2)
1	a	
select cidx, CVCHAR1, SUBSTRING(CVCHAR1,9,3) from datatypetestm order by cidx;
cidx	CVCHAR1	SUBSTRING(CVCHAR1,9,3)
1	a	
select cidx, CVCHAR1, SUBSTRING(CVCHAR1 FROM 5 FOR 2) from datatypetestm order by cidx;
cidx	CVCHAR1	SUBSTRING(CVCHAR1 FROM 5 FOR 2)
1	a	
select cidx, CVCHAR1, SUBSTRING(CVCHAR1 FROM 9 FOR 3) from datatypetestm order by cidx;
cidx	CVCHAR1	SUBSTRING(CVCHAR1 FROM 9 FOR 3)
1	a	
select cidx, CVCHAR2, SUBSTRING(CVCHAR2,1) from datatypetestm order by cidx;
cidx	CVCHAR2	SUBSTRING(CVCHAR2,1)
1	aa	aa
select cidx, CVCHAR2, SUBSTRING(CVCHAR2,5) from datatypetestm order by cidx;
cidx	CVCHAR2	SUBSTRING(CVCHAR2,5)
1	aa	
select cidx, CVCHAR2, SUBSTRING(CVCHAR2,7) from datatypetestm order by cidx;
cidx	CVCHAR2	SUBSTRING(CVCHAR2,7)
1	aa	
select cidx, CVCHAR2, SUBSTRING(CVCHAR2,8) from datatypetestm order by cidx;
cidx	CVCHAR2	SUBSTRING(CVCHAR2,8)
1	aa	
select cidx, CVCHAR2, SUBSTRING(CVCHAR2,9) from datatypetestm order by cidx;
cidx	CVCHAR2	SUBSTRING(CVCHAR2,9)
1	aa	
select cidx, CVCHAR2, SUBSTRING(CVCHAR2 FROM 5) from datatypetestm order by cidx;
cidx	CVCHAR2	SUBSTRING(CVCHAR2 FROM 5)
1	aa	
select cidx, CVCHAR2, SUBSTRING(CVCHAR2 FROM 9) from datatypetestm order by cidx;
cidx	CVCHAR2	SUBSTRING(CVCHAR2 FROM 9)
1	aa	
select cidx, CVCHAR2, SUBSTRING(CVCHAR2,5,2) from datatypetestm order by cidx;
cidx	CVCHAR2	SUBSTRING(CVCHAR2,5,2)
1	aa	
select cidx, CVCHAR2, SUBSTRING(CVCHAR2,9,3) from datatypetestm order by cidx;
cidx	CVCHAR2	SUBSTRING(CVCHAR2,9,3)
1	aa	
select cidx, CVCHAR2, SUBSTRING(CVCHAR2 FROM 5 FOR 2) from datatypetestm order by cidx;
cidx	CVCHAR2	SUBSTRING(CVCHAR2 FROM 5 FOR 2)
1	aa	
select cidx, CVCHAR2, SUBSTRING(CVCHAR2 FROM 9 FOR 3) from datatypetestm order by cidx;
cidx	CVCHAR2	SUBSTRING(CVCHAR2 FROM 9 FOR 3)
1	aa	
select cidx, CVCHAR3, SUBSTRING(CVCHAR3,1) from datatypetestm order by cidx;
cidx	CVCHAR3	SUBSTRING(CVCHAR3,1)
1	aaa	aaa
select cidx, CVCHAR3, SUBSTRING(CVCHAR3,5) from datatypetestm order by cidx;
cidx	CVCHAR3	SUBSTRING(CVCHAR3,5)
1	aaa	
select cidx, CVCHAR3, SUBSTRING(CVCHAR3,7) from datatypetestm order by cidx;
cidx	CVCHAR3	SUBSTRING(CVCHAR3,7)
1	aaa	
select cidx, CVCHAR3, SUBSTRING(CVCHAR3,8) from datatypetestm order by cidx;
cidx	CVCHAR3	SUBSTRING(CVCHAR3,8)
1	aaa	
select cidx, CVCHAR3, SUBSTRING(CVCHAR3,9) from datatypetestm order by cidx;
cidx	CVCHAR3	SUBSTRING(CVCHAR3,9)
1	aaa	
select cidx, CVCHAR3, SUBSTRING(CVCHAR3 FROM 5) from datatypetestm order by cidx;
cidx	CVCHAR3	SUBSTRING(CVCHAR3 FROM 5)
1	aaa	
select cidx, CVCHAR3, SUBSTRING(CVCHAR3 FROM 9) from datatypetestm order by cidx;
cidx	CVCHAR3	SUBSTRING(CVCHAR3 FROM 9)
1	aaa	
select cidx, CVCHAR3, SUBSTRING(CVCHAR3,5,2) from datatypetestm order by cidx;
cidx	CVCHAR3	SUBSTRING(CVCHAR3,5,2)
1	aaa	
select cidx, CVCHAR3, SUBSTRING(CVCHAR3,9,3) from datatypetestm order by cidx;
cidx	CVCHAR3	SUBSTRING(CVCHAR3,9,3)
1	aaa	
select cidx, CVCHAR3, SUBSTRING(CVCHAR3 FROM 5 FOR 2) from datatypetestm order by cidx;
cidx	CVCHAR3	SUBSTRING(CVCHAR3 FROM 5 FOR 2)
1	aaa	
select cidx, CVCHAR3, SUBSTRING(CVCHAR3 FROM 9 FOR 3) from datatypetestm order by cidx;
cidx	CVCHAR3	SUBSTRING(CVCHAR3 FROM 9 FOR 3)
1	aaa	
select cidx, CVCHAR4, SUBSTRING(CVCHAR4,1) from datatypetestm order by cidx;
cidx	CVCHAR4	SUBSTRING(CVCHAR4,1)
1	aaaa	aaaa
select cidx, CVCHAR4, SUBSTRING(CVCHAR4,5) from datatypetestm order by cidx;
cidx	CVCHAR4	SUBSTRING(CVCHAR4,5)
1	aaaa	
select cidx, CVCHAR4, SUBSTRING(CVCHAR4,7) from datatypetestm order by cidx;
cidx	CVCHAR4	SUBSTRING(CVCHAR4,7)
1	aaaa	
select cidx, CVCHAR4, SUBSTRING(CVCHAR4,8) from datatypetestm order by cidx;
cidx	CVCHAR4	SUBSTRING(CVCHAR4,8)
1	aaaa	
select cidx, CVCHAR4, SUBSTRING(CVCHAR4,9) from datatypetestm order by cidx;
cidx	CVCHAR4	SUBSTRING(CVCHAR4,9)
1	aaaa	
select cidx, CVCHAR4, SUBSTRING(CVCHAR4 FROM 5) from datatypetestm order by cidx;
cidx	CVCHAR4	SUBSTRING(CVCHAR4 FROM 5)
1	aaaa	
select cidx, CVCHAR4, SUBSTRING(CVCHAR4 FROM 9) from datatypetestm order by cidx;
cidx	CVCHAR4	SUBSTRING(CVCHAR4 FROM 9)
1	aaaa	
select cidx, CVCHAR4, SUBSTRING(CVCHAR4,5,2) from datatypetestm order by cidx;
cidx	CVCHAR4	SUBSTRING(CVCHAR4,5,2)
1	aaaa	
select cidx, CVCHAR4, SUBSTRING(CVCHAR4,9,3) from datatypetestm order by cidx;
cidx	CVCHAR4	SUBSTRING(CVCHAR4,9,3)
1	aaaa	
select cidx, CVCHAR4, SUBSTRING(CVCHAR4 FROM 5 FOR 2) from datatypetestm order by cidx;
cidx	CVCHAR4	SUBSTRING(CVCHAR4 FROM 5 FOR 2)
1	aaaa	
select cidx, CVCHAR4, SUBSTRING(CVCHAR4 FROM 9 FOR 3) from datatypetestm order by cidx;
cidx	CVCHAR4	SUBSTRING(CVCHAR4 FROM 9 FOR 3)
1	aaaa	
select cidx, CVCHAR5, SUBSTRING(CVCHAR5,1) from datatypetestm order by cidx;
cidx	CVCHAR5	SUBSTRING(CVCHAR5,1)
1	aaaaa	aaaaa
select cidx, CVCHAR5, SUBSTRING(CVCHAR5,5) from datatypetestm order by cidx;
cidx	CVCHAR5	SUBSTRING(CVCHAR5,5)
1	aaaaa	a
select cidx, CVCHAR5, SUBSTRING(CVCHAR5,7) from datatypetestm order by cidx;
cidx	CVCHAR5	SUBSTRING(CVCHAR5,7)
1	aaaaa	
select cidx, CVCHAR5, SUBSTRING(CVCHAR5,8) from datatypetestm order by cidx;
cidx	CVCHAR5	SUBSTRING(CVCHAR5,8)
1	aaaaa	
select cidx, CVCHAR5, SUBSTRING(CVCHAR5,9) from datatypetestm order by cidx;
cidx	CVCHAR5	SUBSTRING(CVCHAR5,9)
1	aaaaa	
select cidx, CVCHAR5, SUBSTRING(CVCHAR5 FROM 5) from datatypetestm order by cidx;
cidx	CVCHAR5	SUBSTRING(CVCHAR5 FROM 5)
1	aaaaa	a
select cidx, CVCHAR5, SUBSTRING(CVCHAR5 FROM 9) from datatypetestm order by cidx;
cidx	CVCHAR5	SUBSTRING(CVCHAR5 FROM 9)
1	aaaaa	
select cidx, CVCHAR5, SUBSTRING(CVCHAR5,5,2) from datatypetestm order by cidx;
cidx	CVCHAR5	SUBSTRING(CVCHAR5,5,2)
1	aaaaa	a
select cidx, CVCHAR5, SUBSTRING(CVCHAR5,9,3) from datatypetestm order by cidx;
cidx	CVCHAR5	SUBSTRING(CVCHAR5,9,3)
1	aaaaa	
select cidx, CVCHAR5, SUBSTRING(CVCHAR5 FROM 5 FOR 2) from datatypetestm order by cidx;
cidx	CVCHAR5	SUBSTRING(CVCHAR5 FROM 5 FOR 2)
1	aaaaa	a
select cidx, CVCHAR5, SUBSTRING(CVCHAR5 FROM 9 FOR 3) from datatypetestm order by cidx;
cidx	CVCHAR5	SUBSTRING(CVCHAR5 FROM 9 FOR 3)
1	aaaaa	
select cidx, CVCHAR6, SUBSTRING(CVCHAR6,1) from datatypetestm order by cidx;
cidx	CVCHAR6	SUBSTRING(CVCHAR6,1)
1	aaaaaa	aaaaaa
select cidx, CVCHAR6, SUBSTRING(CVCHAR6,5) from datatypetestm order by cidx;
cidx	CVCHAR6	SUBSTRING(CVCHAR6,5)
1	aaaaaa	aa
select cidx, CVCHAR6, SUBSTRING(CVCHAR6,7) from datatypetestm order by cidx;
cidx	CVCHAR6	SUBSTRING(CVCHAR6,7)
1	aaaaaa	
select cidx, CVCHAR6, SUBSTRING(CVCHAR6,8) from datatypetestm order by cidx;
cidx	CVCHAR6	SUBSTRING(CVCHAR6,8)
1	aaaaaa	
select cidx, CVCHAR6, SUBSTRING(CVCHAR6,9) from datatypetestm order by cidx;
cidx	CVCHAR6	SUBSTRING(CVCHAR6,9)
1	aaaaaa	
select cidx, CVCHAR6, SUBSTRING(CVCHAR6 FROM 5) from datatypetestm order by cidx;
cidx	CVCHAR6	SUBSTRING(CVCHAR6 FROM 5)
1	aaaaaa	aa
select cidx, CVCHAR6, SUBSTRING(CVCHAR6 FROM 9) from datatypetestm order by cidx;
cidx	CVCHAR6	SUBSTRING(CVCHAR6 FROM 9)
1	aaaaaa	
select cidx, CVCHAR6, SUBSTRING(CVCHAR6,5,2) from datatypetestm order by cidx;
cidx	CVCHAR6	SUBSTRING(CVCHAR6,5,2)
1	aaaaaa	aa
select cidx, CVCHAR6, SUBSTRING(CVCHAR6,9,3) from datatypetestm order by cidx;
cidx	CVCHAR6	SUBSTRING(CVCHAR6,9,3)
1	aaaaaa	
select cidx, CVCHAR6, SUBSTRING(CVCHAR6 FROM 5 FOR 2) from datatypetestm order by cidx;
cidx	CVCHAR6	SUBSTRING(CVCHAR6 FROM 5 FOR 2)
1	aaaaaa	aa
select cidx, CVCHAR6, SUBSTRING(CVCHAR6 FROM 9 FOR 3) from datatypetestm order by cidx;
cidx	CVCHAR6	SUBSTRING(CVCHAR6 FROM 9 FOR 3)
1	aaaaaa	
select cidx, CVCHAR7, SUBSTRING(CVCHAR7,1) from datatypetestm order by cidx;
cidx	CVCHAR7	SUBSTRING(CVCHAR7,1)
1	aaaaaaa	aaaaaaa
select cidx, CVCHAR7, SUBSTRING(CVCHAR7,5) from datatypetestm order by cidx;
cidx	CVCHAR7	SUBSTRING(CVCHAR7,5)
1	aaaaaaa	aaa
select cidx, CVCHAR7, SUBSTRING(CVCHAR7,7) from datatypetestm order by cidx;
cidx	CVCHAR7	SUBSTRING(CVCHAR7,7)
1	aaaaaaa	a
select cidx, CVCHAR7, SUBSTRING(CVCHAR7,8) from datatypetestm order by cidx;
cidx	CVCHAR7	SUBSTRING(CVCHAR7,8)
1	aaaaaaa	
select cidx, CVCHAR7, SUBSTRING(CVCHAR7,9) from datatypetestm order by cidx;
cidx	CVCHAR7	SUBSTRING(CVCHAR7,9)
1	aaaaaaa	
select cidx, CVCHAR7, SUBSTRING(CVCHAR7 FROM 5) from datatypetestm order by cidx;
cidx	CVCHAR7	SUBSTRING(CVCHAR7 FROM 5)
1	aaaaaaa	aaa
select cidx, CVCHAR7, SUBSTRING(CVCHAR7 FROM 9) from datatypetestm order by cidx;
cidx	CVCHAR7	SUBSTRING(CVCHAR7 FROM 9)
1	aaaaaaa	
select cidx, CVCHAR7, SUBSTRING(CVCHAR7,5,2) from datatypetestm order by cidx;
cidx	CVCHAR7	SUBSTRING(CVCHAR7,5,2)
1	aaaaaaa	aa
select cidx, CVCHAR7, SUBSTRING(CVCHAR7,9,3) from datatypetestm order by cidx;
cidx	CVCHAR7	SUBSTRING(CVCHAR7,9,3)
1	aaaaaaa	
select cidx, CVCHAR7, SUBSTRING(CVCHAR7 FROM 5 FOR 2) from datatypetestm order by cidx;
cidx	CVCHAR7	SUBSTRING(CVCHAR7 FROM 5 FOR 2)
1	aaaaaaa	aa
select cidx, CVCHAR7, SUBSTRING(CVCHAR7 FROM 9 FOR 3) from datatypetestm order by cidx;
cidx	CVCHAR7	SUBSTRING(CVCHAR7 FROM 9 FOR 3)
1	aaaaaaa	
select cidx, CVCHAR8, SUBSTRING(CVCHAR8,1) from datatypetestm order by cidx;
cidx	CVCHAR8	SUBSTRING(CVCHAR8,1)
1	aaaaaaaa	aaaaaaaa
select cidx, CVCHAR8, SUBSTRING(CVCHAR8,5) from datatypetestm order by cidx;
cidx	CVCHAR8	SUBSTRING(CVCHAR8,5)
1	aaaaaaaa	aaaa
select cidx, CVCHAR8, SUBSTRING(CVCHAR8,7) from datatypetestm order by cidx;
cidx	CVCHAR8	SUBSTRING(CVCHAR8,7)
1	aaaaaaaa	aa
select cidx, CVCHAR8, SUBSTRING(CVCHAR8,8) from datatypetestm order by cidx;
cidx	CVCHAR8	SUBSTRING(CVCHAR8,8)
1	aaaaaaaa	a
select cidx, CVCHAR8, SUBSTRING(CVCHAR8,9) from datatypetestm order by cidx;
cidx	CVCHAR8	SUBSTRING(CVCHAR8,9)
1	aaaaaaaa	
select cidx, CVCHAR8, SUBSTRING(CVCHAR8 FROM 5) from datatypetestm order by cidx;
cidx	CVCHAR8	SUBSTRING(CVCHAR8 FROM 5)
1	aaaaaaaa	aaaa
select cidx, CVCHAR8, SUBSTRING(CVCHAR8 FROM 9) from datatypetestm order by cidx;
cidx	CVCHAR8	SUBSTRING(CVCHAR8 FROM 9)
1	aaaaaaaa	
select cidx, CVCHAR8, SUBSTRING(CVCHAR8,5,2) from datatypetestm order by cidx;
cidx	CVCHAR8	SUBSTRING(CVCHAR8,5,2)
1	aaaaaaaa	aa
select cidx, CVCHAR8, SUBSTRING(CVCHAR8,9,3) from datatypetestm order by cidx;
cidx	CVCHAR8	SUBSTRING(CVCHAR8,9,3)
1	aaaaaaaa	
select cidx, CVCHAR8, SUBSTRING(CVCHAR8 FROM 5 FOR 2) from datatypetestm order by cidx;
cidx	CVCHAR8	SUBSTRING(CVCHAR8 FROM 5 FOR 2)
1	aaaaaaaa	aa
select cidx, CVCHAR8, SUBSTRING(CVCHAR8 FROM 9 FOR 3) from datatypetestm order by cidx;
cidx	CVCHAR8	SUBSTRING(CVCHAR8 FROM 9 FOR 3)
1	aaaaaaaa	
select cidx, CVCHAR255, SUBSTRING(CVCHAR255,1) from datatypetestm order by cidx;
cidx	CVCHAR255	SUBSTRING(CVCHAR255,1)
1	aaaaaaaaaa	aaaaaaaaaa
select cidx, CVCHAR255, SUBSTRING(CVCHAR255,5) from datatypetestm order by cidx;
cidx	CVCHAR255	SUBSTRING(CVCHAR255,5)
1	aaaaaaaaaa	aaaaaa
select cidx, CVCHAR255, SUBSTRING(CVCHAR255,7) from datatypetestm order by cidx;
cidx	CVCHAR255	SUBSTRING(CVCHAR255,7)
1	aaaaaaaaaa	aaaa
select cidx, CVCHAR255, SUBSTRING(CVCHAR255,8) from datatypetestm order by cidx;
cidx	CVCHAR255	SUBSTRING(CVCHAR255,8)
1	aaaaaaaaaa	aaa
select cidx, CVCHAR255, SUBSTRING(CVCHAR255,9) from datatypetestm order by cidx;
cidx	CVCHAR255	SUBSTRING(CVCHAR255,9)
1	aaaaaaaaaa	aa
select cidx, CVCHAR255, SUBSTRING(CVCHAR255 FROM 5) from datatypetestm order by cidx;
cidx	CVCHAR255	SUBSTRING(CVCHAR255 FROM 5)
1	aaaaaaaaaa	aaaaaa
select cidx, CVCHAR255, SUBSTRING(CVCHAR255 FROM 9) from datatypetestm order by cidx;
cidx	CVCHAR255	SUBSTRING(CVCHAR255 FROM 9)
1	aaaaaaaaaa	aa
select cidx, CVCHAR255, SUBSTRING(CVCHAR255,5,2) from datatypetestm order by cidx;
cidx	CVCHAR255	SUBSTRING(CVCHAR255,5,2)
1	aaaaaaaaaa	aa
select cidx, CVCHAR255, SUBSTRING(CVCHAR255,9,3) from datatypetestm order by cidx;
cidx	CVCHAR255	SUBSTRING(CVCHAR255,9,3)
1	aaaaaaaaaa	aa
select cidx, CVCHAR255, SUBSTRING(CVCHAR255 FROM 5 FOR 2) from datatypetestm order by cidx;
cidx	CVCHAR255	SUBSTRING(CVCHAR255 FROM 5 FOR 2)
1	aaaaaaaaaa	aa
select cidx, CVCHAR255, SUBSTRING(CVCHAR255 FROM 9 FOR 3) from datatypetestm order by cidx;
cidx	CVCHAR255	SUBSTRING(CVCHAR255 FROM 9 FOR 3)
1	aaaaaaaaaa	aa
select cidx, CCHAR1 from datatypetestm where SUBSTRING(CCHAR1,1) <> 0 order by cidx;
cidx	CCHAR1
select cidx, CCHAR1 from datatypetestm where SUBSTRING(CCHAR1,5) <> 0 order by cidx;
cidx	CCHAR1
select cidx, CCHAR1 from datatypetestm where SUBSTRING(CCHAR1,7) <> 0 order by cidx;
cidx	CCHAR1
select cidx, CCHAR1 from datatypetestm where SUBSTRING(CCHAR1,8) <> 0 order by cidx;
cidx	CCHAR1
select cidx, CCHAR1 from datatypetestm where SUBSTRING(CCHAR1,9) <> 0 order by cidx;
cidx	CCHAR1
select cidx, CCHAR1 from datatypetestm where SUBSTRING(CCHAR1 FROM 5) <> 0 order by cidx;
cidx	CCHAR1
select cidx, CCHAR1 from datatypetestm where SUBSTRING(CCHAR1 FROM 9) <> 0 order by cidx;
cidx	CCHAR1
select cidx, CCHAR1 from datatypetestm where SUBSTRING(CCHAR1,5,2) <> 0 order by cidx;
cidx	CCHAR1
select cidx, CCHAR1 from datatypetestm where SUBSTRING(CCHAR1,9,3) <> 0 order by cidx;
cidx	CCHAR1
select cidx, CCHAR1 from datatypetestm where SUBSTRING(CCHAR1 FROM 5 FOR 2) <> 0 order by cidx;
cidx	CCHAR1
select cidx, CCHAR1 from datatypetestm where SUBSTRING(CCHAR1 FROM 9 FOR 3) <> 0 order by cidx;
cidx	CCHAR1
select cidx, CCHAR2 from datatypetestm where SUBSTRING(CCHAR2,1) <> 0 order by cidx;
cidx	CCHAR2
select cidx, CCHAR2 from datatypetestm where SUBSTRING(CCHAR2,5) <> 0 order by cidx;
cidx	CCHAR2
select cidx, CCHAR2 from datatypetestm where SUBSTRING(CCHAR2,7) <> 0 order by cidx;
cidx	CCHAR2
select cidx, CCHAR2 from datatypetestm where SUBSTRING(CCHAR2,8) <> 0 order by cidx;
cidx	CCHAR2
select cidx, CCHAR2 from datatypetestm where SUBSTRING(CCHAR2,9) <> 0 order by cidx;
cidx	CCHAR2
select cidx, CCHAR2 from datatypetestm where SUBSTRING(CCHAR2 FROM 5) <> 0 order by cidx;
cidx	CCHAR2
select cidx, CCHAR2 from datatypetestm where SUBSTRING(CCHAR2 FROM 9) <> 0 order by cidx;
cidx	CCHAR2
select cidx, CCHAR2 from datatypetestm where SUBSTRING(CCHAR2,5,2) <> 0 order by cidx;
cidx	CCHAR2
select cidx, CCHAR2 from datatypetestm where SUBSTRING(CCHAR2,9,3) <> 0 order by cidx;
cidx	CCHAR2
select cidx, CCHAR2 from datatypetestm where SUBSTRING(CCHAR2 FROM 5 FOR 2) <> 0 order by cidx;
cidx	CCHAR2
select cidx, CCHAR2 from datatypetestm where SUBSTRING(CCHAR2 FROM 9 FOR 3) <> 0 order by cidx;
cidx	CCHAR2
select cidx, CCHAR3 from datatypetestm where SUBSTRING(CCHAR3,1) <> 0 order by cidx;
cidx	CCHAR3
select cidx, CCHAR3 from datatypetestm where SUBSTRING(CCHAR3,5) <> 0 order by cidx;
cidx	CCHAR3
select cidx, CCHAR3 from datatypetestm where SUBSTRING(CCHAR3,7) <> 0 order by cidx;
cidx	CCHAR3
select cidx, CCHAR3 from datatypetestm where SUBSTRING(CCHAR3,8) <> 0 order by cidx;
cidx	CCHAR3
select cidx, CCHAR3 from datatypetestm where SUBSTRING(CCHAR3,9) <> 0 order by cidx;
cidx	CCHAR3
select cidx, CCHAR3 from datatypetestm where SUBSTRING(CCHAR3 FROM 5) <> 0 order by cidx;
cidx	CCHAR3
select cidx, CCHAR3 from datatypetestm where SUBSTRING(CCHAR3 FROM 9) <> 0 order by cidx;
cidx	CCHAR3
select cidx, CCHAR3 from datatypetestm where SUBSTRING(CCHAR3,5,2) <> 0 order by cidx;
cidx	CCHAR3
select cidx, CCHAR3 from datatypetestm where SUBSTRING(CCHAR3,9,3) <> 0 order by cidx;
cidx	CCHAR3
select cidx, CCHAR3 from datatypetestm where SUBSTRING(CCHAR3 FROM 5 FOR 2) <> 0 order by cidx;
cidx	CCHAR3
select cidx, CCHAR3 from datatypetestm where SUBSTRING(CCHAR3 FROM 9 FOR 3) <> 0 order by cidx;
cidx	CCHAR3
select cidx, CCHAR4 from datatypetestm where SUBSTRING(CCHAR4,1) <> 0 order by cidx;
cidx	CCHAR4
select cidx, CCHAR4 from datatypetestm where SUBSTRING(CCHAR4,5) <> 0 order by cidx;
cidx	CCHAR4
select cidx, CCHAR4 from datatypetestm where SUBSTRING(CCHAR4,7) <> 0 order by cidx;
cidx	CCHAR4
select cidx, CCHAR4 from datatypetestm where SUBSTRING(CCHAR4,8) <> 0 order by cidx;
cidx	CCHAR4
select cidx, CCHAR4 from datatypetestm where SUBSTRING(CCHAR4,9) <> 0 order by cidx;
cidx	CCHAR4
select cidx, CCHAR4 from datatypetestm where SUBSTRING(CCHAR4 FROM 5) <> 0 order by cidx;
cidx	CCHAR4
select cidx, CCHAR4 from datatypetestm where SUBSTRING(CCHAR4 FROM 9) <> 0 order by cidx;
cidx	CCHAR4
select cidx, CCHAR4 from datatypetestm where SUBSTRING(CCHAR4,5,2) <> 0 order by cidx;
cidx	CCHAR4
select cidx, CCHAR4 from datatypetestm where SUBSTRING(CCHAR4,9,3) <> 0 order by cidx;
cidx	CCHAR4
select cidx, CCHAR4 from datatypetestm where SUBSTRING(CCHAR4 FROM 5 FOR 2) <> 0 order by cidx;
cidx	CCHAR4
select cidx, CCHAR4 from datatypetestm where SUBSTRING(CCHAR4 FROM 9 FOR 3) <> 0 order by cidx;
cidx	CCHAR4
select cidx, CCHAR5 from datatypetestm where SUBSTRING(CCHAR5,1) <> 0 order by cidx;
cidx	CCHAR5
select cidx, CCHAR5 from datatypetestm where SUBSTRING(CCHAR5,5) <> 0 order by cidx;
cidx	CCHAR5
select cidx, CCHAR5 from datatypetestm where SUBSTRING(CCHAR5,7) <> 0 order by cidx;
cidx	CCHAR5
select cidx, CCHAR5 from datatypetestm where SUBSTRING(CCHAR5,8) <> 0 order by cidx;
cidx	CCHAR5
select cidx, CCHAR5 from datatypetestm where SUBSTRING(CCHAR5,9) <> 0 order by cidx;
cidx	CCHAR5
select cidx, CCHAR5 from datatypetestm where SUBSTRING(CCHAR5 FROM 5) <> 0 order by cidx;
cidx	CCHAR5
select cidx, CCHAR5 from datatypetestm where SUBSTRING(CCHAR5 FROM 9) <> 0 order by cidx;
cidx	CCHAR5
select cidx, CCHAR5 from datatypetestm where SUBSTRING(CCHAR5,5,2) <> 0 order by cidx;
cidx	CCHAR5
select cidx, CCHAR5 from datatypetestm where SUBSTRING(CCHAR5,9,3) <> 0 order by cidx;
cidx	CCHAR5
select cidx, CCHAR5 from datatypetestm where SUBSTRING(CCHAR5 FROM 5 FOR 2) <> 0 order by cidx;
cidx	CCHAR5
select cidx, CCHAR5 from datatypetestm where SUBSTRING(CCHAR5 FROM 9 FOR 3) <> 0 order by cidx;
cidx	CCHAR5
select cidx, CCHAR6 from datatypetestm where SUBSTRING(CCHAR6,1) <> 0 order by cidx;
cidx	CCHAR6
select cidx, CCHAR6 from datatypetestm where SUBSTRING(CCHAR6,5) <> 0 order by cidx;
cidx	CCHAR6
select cidx, CCHAR6 from datatypetestm where SUBSTRING(CCHAR6,7) <> 0 order by cidx;
cidx	CCHAR6
select cidx, CCHAR6 from datatypetestm where SUBSTRING(CCHAR6,8) <> 0 order by cidx;
cidx	CCHAR6
select cidx, CCHAR6 from datatypetestm where SUBSTRING(CCHAR6,9) <> 0 order by cidx;
cidx	CCHAR6
select cidx, CCHAR6 from datatypetestm where SUBSTRING(CCHAR6 FROM 5) <> 0 order by cidx;
cidx	CCHAR6
select cidx, CCHAR6 from datatypetestm where SUBSTRING(CCHAR6 FROM 9) <> 0 order by cidx;
cidx	CCHAR6
select cidx, CCHAR6 from datatypetestm where SUBSTRING(CCHAR6,5,2) <> 0 order by cidx;
cidx	CCHAR6
select cidx, CCHAR6 from datatypetestm where SUBSTRING(CCHAR6,9,3) <> 0 order by cidx;
cidx	CCHAR6
select cidx, CCHAR6 from datatypetestm where SUBSTRING(CCHAR6 FROM 5 FOR 2) <> 0 order by cidx;
cidx	CCHAR6
select cidx, CCHAR6 from datatypetestm where SUBSTRING(CCHAR6 FROM 9 FOR 3) <> 0 order by cidx;
cidx	CCHAR6
select cidx, CCHAR7 from datatypetestm where SUBSTRING(CCHAR7,1) <> 0 order by cidx;
cidx	CCHAR7
select cidx, CCHAR7 from datatypetestm where SUBSTRING(CCHAR7,5) <> 0 order by cidx;
cidx	CCHAR7
select cidx, CCHAR7 from datatypetestm where SUBSTRING(CCHAR7,7) <> 0 order by cidx;
cidx	CCHAR7
select cidx, CCHAR7 from datatypetestm where SUBSTRING(CCHAR7,8) <> 0 order by cidx;
cidx	CCHAR7
select cidx, CCHAR7 from datatypetestm where SUBSTRING(CCHAR7,9) <> 0 order by cidx;
cidx	CCHAR7
select cidx, CCHAR7 from datatypetestm where SUBSTRING(CCHAR7 FROM 5) <> 0 order by cidx;
cidx	CCHAR7
select cidx, CCHAR7 from datatypetestm where SUBSTRING(CCHAR7 FROM 9) <> 0 order by cidx;
cidx	CCHAR7
select cidx, CCHAR7 from datatypetestm where SUBSTRING(CCHAR7,5,2) <> 0 order by cidx;
cidx	CCHAR7
select cidx, CCHAR7 from datatypetestm where SUBSTRING(CCHAR7,9,3) <> 0 order by cidx;
cidx	CCHAR7
select cidx, CCHAR7 from datatypetestm where SUBSTRING(CCHAR7 FROM 5 FOR 2) <> 0 order by cidx;
cidx	CCHAR7
select cidx, CCHAR7 from datatypetestm where SUBSTRING(CCHAR7 FROM 9 FOR 3) <> 0 order by cidx;
cidx	CCHAR7
select cidx, CCHAR8 from datatypetestm where SUBSTRING(CCHAR8,1) <> 0 order by cidx;
cidx	CCHAR8
select cidx, CCHAR8 from datatypetestm where SUBSTRING(CCHAR8,5) <> 0 order by cidx;
cidx	CCHAR8
select cidx, CCHAR8 from datatypetestm where SUBSTRING(CCHAR8,7) <> 0 order by cidx;
cidx	CCHAR8
select cidx, CCHAR8 from datatypetestm where SUBSTRING(CCHAR8,8) <> 0 order by cidx;
cidx	CCHAR8
select cidx, CCHAR8 from datatypetestm where SUBSTRING(CCHAR8,9) <> 0 order by cidx;
cidx	CCHAR8
select cidx, CCHAR8 from datatypetestm where SUBSTRING(CCHAR8 FROM 5) <> 0 order by cidx;
cidx	CCHAR8
select cidx, CCHAR8 from datatypetestm where SUBSTRING(CCHAR8 FROM 9) <> 0 order by cidx;
cidx	CCHAR8
select cidx, CCHAR8 from datatypetestm where SUBSTRING(CCHAR8,5,2) <> 0 order by cidx;
cidx	CCHAR8
select cidx, CCHAR8 from datatypetestm where SUBSTRING(CCHAR8,9,3) <> 0 order by cidx;
cidx	CCHAR8
select cidx, CCHAR8 from datatypetestm where SUBSTRING(CCHAR8 FROM 5 FOR 2) <> 0 order by cidx;
cidx	CCHAR8
select cidx, CCHAR8 from datatypetestm where SUBSTRING(CCHAR8 FROM 9 FOR 3) <> 0 order by cidx;
cidx	CCHAR8
select cidx, CCHAR9 from datatypetestm where SUBSTRING(CCHAR9,1) <> 0 order by cidx;
cidx	CCHAR9
select cidx, CCHAR9 from datatypetestm where SUBSTRING(CCHAR9,5) <> 0 order by cidx;
cidx	CCHAR9
select cidx, CCHAR9 from datatypetestm where SUBSTRING(CCHAR9,7) <> 0 order by cidx;
cidx	CCHAR9
select cidx, CCHAR9 from datatypetestm where SUBSTRING(CCHAR9,8) <> 0 order by cidx;
cidx	CCHAR9
select cidx, CCHAR9 from datatypetestm where SUBSTRING(CCHAR9,9) <> 0 order by cidx;
cidx	CCHAR9
select cidx, CCHAR9 from datatypetestm where SUBSTRING(CCHAR9 FROM 5) <> 0 order by cidx;
cidx	CCHAR9
select cidx, CCHAR9 from datatypetestm where SUBSTRING(CCHAR9 FROM 9) <> 0 order by cidx;
cidx	CCHAR9
select cidx, CCHAR9 from datatypetestm where SUBSTRING(CCHAR9,5,2) <> 0 order by cidx;
cidx	CCHAR9
select cidx, CCHAR9 from datatypetestm where SUBSTRING(CCHAR9,9,3) <> 0 order by cidx;
cidx	CCHAR9
select cidx, CCHAR9 from datatypetestm where SUBSTRING(CCHAR9 FROM 5 FOR 2) <> 0 order by cidx;
cidx	CCHAR9
select cidx, CCHAR9 from datatypetestm where SUBSTRING(CCHAR9 FROM 9 FOR 3) <> 0 order by cidx;
cidx	CCHAR9
select cidx, CCHAR255 from datatypetestm where SUBSTRING(CCHAR255,1) <> 0 order by cidx;
cidx	CCHAR255
select cidx, CCHAR255 from datatypetestm where SUBSTRING(CCHAR255,5) <> 0 order by cidx;
cidx	CCHAR255
select cidx, CCHAR255 from datatypetestm where SUBSTRING(CCHAR255,7) <> 0 order by cidx;
cidx	CCHAR255
select cidx, CCHAR255 from datatypetestm where SUBSTRING(CCHAR255,8) <> 0 order by cidx;
cidx	CCHAR255
select cidx, CCHAR255 from datatypetestm where SUBSTRING(CCHAR255,9) <> 0 order by cidx;
cidx	CCHAR255
select cidx, CCHAR255 from datatypetestm where SUBSTRING(CCHAR255 FROM 5) <> 0 order by cidx;
cidx	CCHAR255
select cidx, CCHAR255 from datatypetestm where SUBSTRING(CCHAR255 FROM 9) <> 0 order by cidx;
cidx	CCHAR255
select cidx, CCHAR255 from datatypetestm where SUBSTRING(CCHAR255,5,2) <> 0 order by cidx;
cidx	CCHAR255
select cidx, CCHAR255 from datatypetestm where SUBSTRING(CCHAR255,9,3) <> 0 order by cidx;
cidx	CCHAR255
select cidx, CCHAR255 from datatypetestm where SUBSTRING(CCHAR255 FROM 5 FOR 2) <> 0 order by cidx;
cidx	CCHAR255
select cidx, CCHAR255 from datatypetestm where SUBSTRING(CCHAR255 FROM 9 FOR 3) <> 0 order by cidx;
cidx	CCHAR255
select cidx, CVCHAR1 from datatypetestm where SUBSTRING(CVCHAR1,1) <> 0 order by cidx;
cidx	CVCHAR1
select cidx, CVCHAR1 from datatypetestm where SUBSTRING(CVCHAR1,5) <> 0 order by cidx;
cidx	CVCHAR1
select cidx, CVCHAR1 from datatypetestm where SUBSTRING(CVCHAR1,7) <> 0 order by cidx;
cidx	CVCHAR1
select cidx, CVCHAR1 from datatypetestm where SUBSTRING(CVCHAR1,8) <> 0 order by cidx;
cidx	CVCHAR1
select cidx, CVCHAR1 from datatypetestm where SUBSTRING(CVCHAR1,9) <> 0 order by cidx;
cidx	CVCHAR1
select cidx, CVCHAR1 from datatypetestm where SUBSTRING(CVCHAR1 FROM 5) <> 0 order by cidx;
cidx	CVCHAR1
select cidx, CVCHAR1 from datatypetestm where SUBSTRING(CVCHAR1 FROM 9) <> 0 order by cidx;
cidx	CVCHAR1
select cidx, CVCHAR1 from datatypetestm where SUBSTRING(CVCHAR1,5,2) <> 0 order by cidx;
cidx	CVCHAR1
select cidx, CVCHAR1 from datatypetestm where SUBSTRING(CVCHAR1,9,3) <> 0 order by cidx;
cidx	CVCHAR1
select cidx, CVCHAR1 from datatypetestm where SUBSTRING(CVCHAR1 FROM 5 FOR 2) <> 0 order by cidx;
cidx	CVCHAR1
select cidx, CVCHAR1 from datatypetestm where SUBSTRING(CVCHAR1 FROM 9 FOR 3) <> 0 order by cidx;
cidx	CVCHAR1
select cidx, CVCHAR2 from datatypetestm where SUBSTRING(CVCHAR2,1) <> 0 order by cidx;
cidx	CVCHAR2
select cidx, CVCHAR2 from datatypetestm where SUBSTRING(CVCHAR2,5) <> 0 order by cidx;
cidx	CVCHAR2
select cidx, CVCHAR2 from datatypetestm where SUBSTRING(CVCHAR2,7) <> 0 order by cidx;
cidx	CVCHAR2
select cidx, CVCHAR2 from datatypetestm where SUBSTRING(CVCHAR2,8) <> 0 order by cidx;
cidx	CVCHAR2
select cidx, CVCHAR2 from datatypetestm where SUBSTRING(CVCHAR2,9) <> 0 order by cidx;
cidx	CVCHAR2
select cidx, CVCHAR2 from datatypetestm where SUBSTRING(CVCHAR2 FROM 5) <> 0 order by cidx;
cidx	CVCHAR2
select cidx, CVCHAR2 from datatypetestm where SUBSTRING(CVCHAR2 FROM 9) <> 0 order by cidx;
cidx	CVCHAR2
select cidx, CVCHAR2 from datatypetestm where SUBSTRING(CVCHAR2,5,2) <> 0 order by cidx;
cidx	CVCHAR2
select cidx, CVCHAR2 from datatypetestm where SUBSTRING(CVCHAR2,9,3) <> 0 order by cidx;
cidx	CVCHAR2
select cidx, CVCHAR2 from datatypetestm where SUBSTRING(CVCHAR2 FROM 5 FOR 2) <> 0 order by cidx;
cidx	CVCHAR2
select cidx, CVCHAR2 from datatypetestm where SUBSTRING(CVCHAR2 FROM 9 FOR 3) <> 0 order by cidx;
cidx	CVCHAR2
select cidx, CVCHAR3 from datatypetestm where SUBSTRING(CVCHAR3,1) <> 0 order by cidx;
cidx	CVCHAR3
select cidx, CVCHAR3 from datatypetestm where SUBSTRING(CVCHAR3,5) <> 0 order by cidx;
cidx	CVCHAR3
select cidx, CVCHAR3 from datatypetestm where SUBSTRING(CVCHAR3,7) <> 0 order by cidx;
cidx	CVCHAR3
select cidx, CVCHAR3 from datatypetestm where SUBSTRING(CVCHAR3,8) <> 0 order by cidx;
cidx	CVCHAR3
select cidx, CVCHAR3 from datatypetestm where SUBSTRING(CVCHAR3,9) <> 0 order by cidx;
cidx	CVCHAR3
select cidx, CVCHAR3 from datatypetestm where SUBSTRING(CVCHAR3 FROM 5) <> 0 order by cidx;
cidx	CVCHAR3
select cidx, CVCHAR3 from datatypetestm where SUBSTRING(CVCHAR3 FROM 9) <> 0 order by cidx;
cidx	CVCHAR3
select cidx, CVCHAR3 from datatypetestm where SUBSTRING(CVCHAR3,5,2) <> 0 order by cidx;
cidx	CVCHAR3
select cidx, CVCHAR3 from datatypetestm where SUBSTRING(CVCHAR3,9,3) <> 0 order by cidx;
cidx	CVCHAR3
select cidx, CVCHAR3 from datatypetestm where SUBSTRING(CVCHAR3 FROM 5 FOR 2) <> 0 order by cidx;
cidx	CVCHAR3
select cidx, CVCHAR3 from datatypetestm where SUBSTRING(CVCHAR3 FROM 9 FOR 3) <> 0 order by cidx;
cidx	CVCHAR3
select cidx, CVCHAR4 from datatypetestm where SUBSTRING(CVCHAR4,1) <> 0 order by cidx;
cidx	CVCHAR4
select cidx, CVCHAR4 from datatypetestm where SUBSTRING(CVCHAR4,5) <> 0 order by cidx;
cidx	CVCHAR4
select cidx, CVCHAR4 from datatypetestm where SUBSTRING(CVCHAR4,7) <> 0 order by cidx;
cidx	CVCHAR4
select cidx, CVCHAR4 from datatypetestm where SUBSTRING(CVCHAR4,8) <> 0 order by cidx;
cidx	CVCHAR4
select cidx, CVCHAR4 from datatypetestm where SUBSTRING(CVCHAR4,9) <> 0 order by cidx;
cidx	CVCHAR4
select cidx, CVCHAR4 from datatypetestm where SUBSTRING(CVCHAR4 FROM 5) <> 0 order by cidx;
cidx	CVCHAR4
select cidx, CVCHAR4 from datatypetestm where SUBSTRING(CVCHAR4 FROM 9) <> 0 order by cidx;
cidx	CVCHAR4
select cidx, CVCHAR4 from datatypetestm where SUBSTRING(CVCHAR4,5,2) <> 0 order by cidx;
cidx	CVCHAR4
select cidx, CVCHAR4 from datatypetestm where SUBSTRING(CVCHAR4,9,3) <> 0 order by cidx;
cidx	CVCHAR4
select cidx, CVCHAR4 from datatypetestm where SUBSTRING(CVCHAR4 FROM 5 FOR 2) <> 0 order by cidx;
cidx	CVCHAR4
select cidx, CVCHAR4 from datatypetestm where SUBSTRING(CVCHAR4 FROM 9 FOR 3) <> 0 order by cidx;
cidx	CVCHAR4
select cidx, CVCHAR5 from datatypetestm where SUBSTRING(CVCHAR5,1) <> 0 order by cidx;
cidx	CVCHAR5
select cidx, CVCHAR5 from datatypetestm where SUBSTRING(CVCHAR5,5) <> 0 order by cidx;
cidx	CVCHAR5
select cidx, CVCHAR5 from datatypetestm where SUBSTRING(CVCHAR5,7) <> 0 order by cidx;
cidx	CVCHAR5
select cidx, CVCHAR5 from datatypetestm where SUBSTRING(CVCHAR5,8) <> 0 order by cidx;
cidx	CVCHAR5
select cidx, CVCHAR5 from datatypetestm where SUBSTRING(CVCHAR5,9) <> 0 order by cidx;
cidx	CVCHAR5
select cidx, CVCHAR5 from datatypetestm where SUBSTRING(CVCHAR5 FROM 5) <> 0 order by cidx;
cidx	CVCHAR5
select cidx, CVCHAR5 from datatypetestm where SUBSTRING(CVCHAR5 FROM 9) <> 0 order by cidx;
cidx	CVCHAR5
select cidx, CVCHAR5 from datatypetestm where SUBSTRING(CVCHAR5,5,2) <> 0 order by cidx;
cidx	CVCHAR5
select cidx, CVCHAR5 from datatypetestm where SUBSTRING(CVCHAR5,9,3) <> 0 order by cidx;
cidx	CVCHAR5
select cidx, CVCHAR5 from datatypetestm where SUBSTRING(CVCHAR5 FROM 5 FOR 2) <> 0 order by cidx;
cidx	CVCHAR5
select cidx, CVCHAR5 from datatypetestm where SUBSTRING(CVCHAR5 FROM 9 FOR 3) <> 0 order by cidx;
cidx	CVCHAR5
select cidx, CVCHAR6 from datatypetestm where SUBSTRING(CVCHAR6,1) <> 0 order by cidx;
cidx	CVCHAR6
select cidx, CVCHAR6 from datatypetestm where SUBSTRING(CVCHAR6,5) <> 0 order by cidx;
cidx	CVCHAR6
select cidx, CVCHAR6 from datatypetestm where SUBSTRING(CVCHAR6,7) <> 0 order by cidx;
cidx	CVCHAR6
select cidx, CVCHAR6 from datatypetestm where SUBSTRING(CVCHAR6,8) <> 0 order by cidx;
cidx	CVCHAR6
select cidx, CVCHAR6 from datatypetestm where SUBSTRING(CVCHAR6,9) <> 0 order by cidx;
cidx	CVCHAR6
select cidx, CVCHAR6 from datatypetestm where SUBSTRING(CVCHAR6 FROM 5) <> 0 order by cidx;
cidx	CVCHAR6
select cidx, CVCHAR6 from datatypetestm where SUBSTRING(CVCHAR6 FROM 9) <> 0 order by cidx;
cidx	CVCHAR6
select cidx, CVCHAR6 from datatypetestm where SUBSTRING(CVCHAR6,5,2) <> 0 order by cidx;
cidx	CVCHAR6
select cidx, CVCHAR6 from datatypetestm where SUBSTRING(CVCHAR6,9,3) <> 0 order by cidx;
cidx	CVCHAR6
select cidx, CVCHAR6 from datatypetestm where SUBSTRING(CVCHAR6 FROM 5 FOR 2) <> 0 order by cidx;
cidx	CVCHAR6
select cidx, CVCHAR6 from datatypetestm where SUBSTRING(CVCHAR6 FROM 9 FOR 3) <> 0 order by cidx;
cidx	CVCHAR6
select cidx, CVCHAR7 from datatypetestm where SUBSTRING(CVCHAR7,1) <> 0 order by cidx;
cidx	CVCHAR7
select cidx, CVCHAR7 from datatypetestm where SUBSTRING(CVCHAR7,5) <> 0 order by cidx;
cidx	CVCHAR7
select cidx, CVCHAR7 from datatypetestm where SUBSTRING(CVCHAR7,7) <> 0 order by cidx;
cidx	CVCHAR7
select cidx, CVCHAR7 from datatypetestm where SUBSTRING(CVCHAR7,8) <> 0 order by cidx;
cidx	CVCHAR7
select cidx, CVCHAR7 from datatypetestm where SUBSTRING(CVCHAR7,9) <> 0 order by cidx;
cidx	CVCHAR7
select cidx, CVCHAR7 from datatypetestm where SUBSTRING(CVCHAR7 FROM 5) <> 0 order by cidx;
cidx	CVCHAR7
select cidx, CVCHAR7 from datatypetestm where SUBSTRING(CVCHAR7 FROM 9) <> 0 order by cidx;
cidx	CVCHAR7
select cidx, CVCHAR7 from datatypetestm where SUBSTRING(CVCHAR7,5,2) <> 0 order by cidx;
cidx	CVCHAR7
select cidx, CVCHAR7 from datatypetestm where SUBSTRING(CVCHAR7,9,3) <> 0 order by cidx;
cidx	CVCHAR7
select cidx, CVCHAR7 from datatypetestm where SUBSTRING(CVCHAR7 FROM 5 FOR 2) <> 0 order by cidx;
cidx	CVCHAR7
select cidx, CVCHAR7 from datatypetestm where SUBSTRING(CVCHAR7 FROM 9 FOR 3) <> 0 order by cidx;
cidx	CVCHAR7
select cidx, CVCHAR8 from datatypetestm where SUBSTRING(CVCHAR8,1) <> 0 order by cidx;
cidx	CVCHAR8
select cidx, CVCHAR8 from datatypetestm where SUBSTRING(CVCHAR8,5) <> 0 order by cidx;
cidx	CVCHAR8
select cidx, CVCHAR8 from datatypetestm where SUBSTRING(CVCHAR8,7) <> 0 order by cidx;
cidx	CVCHAR8
select cidx, CVCHAR8 from datatypetestm where SUBSTRING(CVCHAR8,8) <> 0 order by cidx;
cidx	CVCHAR8
select cidx, CVCHAR8 from datatypetestm where SUBSTRING(CVCHAR8,9) <> 0 order by cidx;
cidx	CVCHAR8
select cidx, CVCHAR8 from datatypetestm where SUBSTRING(CVCHAR8 FROM 5) <> 0 order by cidx;
cidx	CVCHAR8
select cidx, CVCHAR8 from datatypetestm where SUBSTRING(CVCHAR8 FROM 9) <> 0 order by cidx;
cidx	CVCHAR8
select cidx, CVCHAR8 from datatypetestm where SUBSTRING(CVCHAR8,5,2) <> 0 order by cidx;
cidx	CVCHAR8
select cidx, CVCHAR8 from datatypetestm where SUBSTRING(CVCHAR8,9,3) <> 0 order by cidx;
cidx	CVCHAR8
select cidx, CVCHAR8 from datatypetestm where SUBSTRING(CVCHAR8 FROM 5 FOR 2) <> 0 order by cidx;
cidx	CVCHAR8
select cidx, CVCHAR8 from datatypetestm where SUBSTRING(CVCHAR8 FROM 9 FOR 3) <> 0 order by cidx;
cidx	CVCHAR8
select cidx, CVCHAR255 from datatypetestm where SUBSTRING(CVCHAR255,1) <> 0 order by cidx;
cidx	CVCHAR255
select cidx, CVCHAR255 from datatypetestm where SUBSTRING(CVCHAR255,5) <> 0 order by cidx;
cidx	CVCHAR255
select cidx, CVCHAR255 from datatypetestm where SUBSTRING(CVCHAR255,7) <> 0 order by cidx;
cidx	CVCHAR255
select cidx, CVCHAR255 from datatypetestm where SUBSTRING(CVCHAR255,8) <> 0 order by cidx;
cidx	CVCHAR255
select cidx, CVCHAR255 from datatypetestm where SUBSTRING(CVCHAR255,9) <> 0 order by cidx;
cidx	CVCHAR255
select cidx, CVCHAR255 from datatypetestm where SUBSTRING(CVCHAR255 FROM 5) <> 0 order by cidx;
cidx	CVCHAR255
select cidx, CVCHAR255 from datatypetestm where SUBSTRING(CVCHAR255 FROM 9) <> 0 order by cidx;
cidx	CVCHAR255
select cidx, CVCHAR255 from datatypetestm where SUBSTRING(CVCHAR255,5,2) <> 0 order by cidx;
cidx	CVCHAR255
select cidx, CVCHAR255 from datatypetestm where SUBSTRING(CVCHAR255,9,3) <> 0 order by cidx;
cidx	CVCHAR255
select cidx, CVCHAR255 from datatypetestm where SUBSTRING(CVCHAR255 FROM 5 FOR 2) <> 0 order by cidx;
cidx	CVCHAR255
select cidx, CVCHAR255 from datatypetestm where SUBSTRING(CVCHAR255 FROM 9 FOR 3) <> 0 order by cidx;
cidx	CVCHAR255
