USE autopilot;
select dtt1.cidx, dtt1.CCHAR9, dtt2.CDECIMAL4_2 from datatypetestm1 dtt1, datatypetestm2 dtt2 where dtt1.cidx = dtt2.cidx and dtt1.CCHAR9 > dtt2.CDECIMAL4_2 ;
cidx	CCHAR9	CDECIMAL4_2
1	aaaaaaaaa	-9.99
2	i	-9.98
3	ii	-9.97
4	iii	-9.96
5	iiii	-9.95
select dtt1.cidx, dtt1.CCHAR9, dtt2.CDECIMAL4_2 from datatypetestm1 dtt1, datatypetestm2 dtt2 where dtt1.cidx = dtt2.cidx and dtt1.CCHAR9 >= dtt2.CDECIMAL4_2 ;
cidx	CCHAR9	CDECIMAL4_2
1	aaaaaaaaa	-9.99
2	i	-9.98
3	ii	-9.97
4	iii	-9.96
5	iiii	-9.95
select dtt1.cidx, dtt1.CCHAR9, dtt2.CDECIMAL4_2 from datatypetestm1 dtt1, datatypetestm2 dtt2 where dtt1.cidx = dtt2.cidx and dtt1.CCHAR9 <> dtt2.CDECIMAL4_2 ;
cidx	CCHAR9	CDECIMAL4_2
1	aaaaaaaaa	-9.99
2	i	-9.98
3	ii	-9.97
4	iii	-9.96
5	iiii	-9.95
6	rrrrrrr	9.95
7	rrrrrrrr	9.96
8	rrrrrrrrr	9.97
9	rrrrrrrrr	9.98
10	zzzzzzzzz	9.99
select dtt1.cidx, dtt1.CCHAR9, dtt2.CDECIMAL4_2 from datatypetestm1 dtt1, datatypetestm2 dtt2 where dtt1.cidx = dtt2.cidx and dtt1.CCHAR9 < dtt2.CDECIMAL4_2 ;
cidx	CCHAR9	CDECIMAL4_2
6	rrrrrrr	9.95
7	rrrrrrrr	9.96
8	rrrrrrrrr	9.97
9	rrrrrrrrr	9.98
10	zzzzzzzzz	9.99
select dtt1.cidx, dtt1.CCHAR9, dtt2.CDECIMAL4_2 from datatypetestm1 dtt1, datatypetestm2 dtt2 where dtt1.cidx = dtt2.cidx and dtt1.CCHAR9 <= dtt2.CDECIMAL4_2 ;
cidx	CCHAR9	CDECIMAL4_2
6	rrrrrrr	9.95
7	rrrrrrrr	9.96
8	rrrrrrrrr	9.97
9	rrrrrrrrr	9.98
10	zzzzzzzzz	9.99
