USE autopilot;
select dtt1.cidx, dtt1.CBIGINT, dtt2.CDECIMAL1 from datatypetestm1 dtt1, datatypetestm2 dtt2 where dtt1.cidx = dtt2.cidx and dtt1.CBIGINT > dtt2.CDECIMAL1 ;
cidx	CBIGINT	CDECIMAL1
6	72036854775803	5
7	72036854775804	6
8	72036854775805	7
9	72036854775806	8
10	72036854775807	9
select dtt1.cidx, dtt1.CBIGINT, dtt2.CDECIMAL1 from datatypetestm1 dtt1, datatypetestm2 dtt2 where dtt1.cidx = dtt2.cidx and dtt1.CBIGINT >= dtt2.CDECIMAL1 ;
cidx	CBIGINT	CDECIMAL1
6	72036854775803	5
7	72036854775804	6
8	72036854775805	7
9	72036854775806	8
10	72036854775807	9
11	0	0
select dtt1.cidx, dtt1.CBIGINT, dtt2.CDECIMAL1 from datatypetestm1 dtt1, datatypetestm2 dtt2 where dtt1.cidx = dtt2.cidx and dtt1.CBIGINT <> dtt2.CDECIMAL1 ;
cidx	CBIGINT	CDECIMAL1
1	-72036854775806	-9
2	-72036854775805	-8
3	-72036854775804	-7
4	-72036854775803	-6
5	-72036854775802	-5
6	72036854775803	5
7	72036854775804	6
8	72036854775805	7
9	72036854775806	8
10	72036854775807	9
select dtt1.cidx, dtt1.CBIGINT, dtt2.CDECIMAL1 from datatypetestm1 dtt1, datatypetestm2 dtt2 where dtt1.cidx = dtt2.cidx and dtt1.CBIGINT < dtt2.CDECIMAL1 ;
cidx	CBIGINT	CDECIMAL1
1	-72036854775806	-9
2	-72036854775805	-8
3	-72036854775804	-7
4	-72036854775803	-6
5	-72036854775802	-5
select dtt1.cidx, dtt1.CBIGINT, dtt2.CDECIMAL1 from datatypetestm1 dtt1, datatypetestm2 dtt2 where dtt1.cidx = dtt2.cidx and dtt1.CBIGINT <= dtt2.CDECIMAL1 ;
cidx	CBIGINT	CDECIMAL1
1	-72036854775806	-9
2	-72036854775805	-8
3	-72036854775804	-7
4	-72036854775803	-6
5	-72036854775802	-5
11	0	0
