USE autopilot;
select cidx, CCHAR1, INET_ATON(CCHAR1) from datatypetestm order by cidx;
cidx	CCHAR1	INET_ATON(CCHAR1)
1	a	NULL
select cidx, CCHAR2, INET_ATON(CCHAR2) from datatypetestm order by cidx;
cidx	CCHAR2	INET_ATON(CCHAR2)
1	aa	NULL
select cidx, CCHAR3, INET_ATON(CCHAR3) from datatypetestm order by cidx;
cidx	CCHAR3	INET_ATON(CCHAR3)
1	aaa	NULL
select cidx, CCHAR4, INET_ATON(CCHAR4) from datatypetestm order by cidx;
cidx	CCHAR4	INET_ATON(CCHAR4)
1	aaaa	NULL
select cidx, CCHAR5, INET_ATON(CCHAR5) from datatypetestm order by cidx;
cidx	CCHAR5	INET_ATON(CCHAR5)
1	aaaaa	NULL
select cidx, CCHAR6, INET_ATON(CCHAR6) from datatypetestm order by cidx;
cidx	CCHAR6	INET_ATON(CCHAR6)
1	aaaaaa	NULL
select cidx, CCHAR7, INET_ATON(CCHAR7) from datatypetestm order by cidx;
cidx	CCHAR7	INET_ATON(CCHAR7)
1	aaaaaaa	NULL
select cidx, CCHAR8, INET_ATON(CCHAR8) from datatypetestm order by cidx;
cidx	CCHAR8	INET_ATON(CCHAR8)
1	aaaaaaaa	NULL
select cidx, CCHAR9, INET_ATON(CCHAR9) from datatypetestm order by cidx;
cidx	CCHAR9	INET_ATON(CCHAR9)
1	aaaaaaaaa	NULL
select cidx, CCHAR255, INET_ATON(CCHAR255) from datatypetestm order by cidx;
cidx	CCHAR255	INET_ATON(CCHAR255)
1	aaaaaaaaaa	NULL
select cidx, CVCHAR1, INET_ATON(CVCHAR1) from datatypetestm order by cidx;
cidx	CVCHAR1	INET_ATON(CVCHAR1)
1	a	NULL
select cidx, CVCHAR2, INET_ATON(CVCHAR2) from datatypetestm order by cidx;
cidx	CVCHAR2	INET_ATON(CVCHAR2)
1	aa	NULL
select cidx, CVCHAR3, INET_ATON(CVCHAR3) from datatypetestm order by cidx;
cidx	CVCHAR3	INET_ATON(CVCHAR3)
1	aaa	NULL
select cidx, CVCHAR4, INET_ATON(CVCHAR4) from datatypetestm order by cidx;
cidx	CVCHAR4	INET_ATON(CVCHAR4)
1	aaaa	NULL
select cidx, CVCHAR5, INET_ATON(CVCHAR5) from datatypetestm order by cidx;
cidx	CVCHAR5	INET_ATON(CVCHAR5)
1	aaaaa	NULL
select cidx, CVCHAR6, INET_ATON(CVCHAR6) from datatypetestm order by cidx;
cidx	CVCHAR6	INET_ATON(CVCHAR6)
1	aaaaaa	NULL
select cidx, CVCHAR7, INET_ATON(CVCHAR7) from datatypetestm order by cidx;
cidx	CVCHAR7	INET_ATON(CVCHAR7)
1	aaaaaaa	NULL
select cidx, CVCHAR8, INET_ATON(CVCHAR8) from datatypetestm order by cidx;
cidx	CVCHAR8	INET_ATON(CVCHAR8)
1	aaaaaaaa	NULL
select cidx, CVCHAR255, INET_ATON(CVCHAR255) from datatypetestm order by cidx;
cidx	CVCHAR255	INET_ATON(CVCHAR255)
1	aaaaaaaaaa	NULL
select cidx, INET_ATON('0.0.0.0') from datatypetestm order by cidx;
cidx	INET_ATON('0.0.0.0')
1	0
select cidx, INET_ATON('255.255.255.255') from datatypetestm order by cidx;
cidx	INET_ATON('255.255.255.255')
1	4294967295
select cidx, INET_ATON('127.0.0.1') from datatypetestm order by cidx;
cidx	INET_ATON('127.0.0.1')
1	2130706433
select cidx, INET_ATON('192.168.2.1') from datatypetestm order by cidx;
cidx	INET_ATON('192.168.2.1')
1	3232236033
select cidx, CCHAR1 from datatypetestm where INET_ATON(CCHAR1) <> 0 order by cidx;
cidx	CCHAR1
select cidx, CCHAR2 from datatypetestm where INET_ATON(CCHAR2) <> 0 order by cidx;
cidx	CCHAR2
select cidx, CCHAR3 from datatypetestm where INET_ATON(CCHAR3) <> 0 order by cidx;
cidx	CCHAR3
select cidx, CCHAR4 from datatypetestm where INET_ATON(CCHAR4) <> 0 order by cidx;
cidx	CCHAR4
select cidx, CCHAR5 from datatypetestm where INET_ATON(CCHAR5) <> 0 order by cidx;
cidx	CCHAR5
select cidx, CCHAR6 from datatypetestm where INET_ATON(CCHAR6) <> 0 order by cidx;
cidx	CCHAR6
select cidx, CCHAR7 from datatypetestm where INET_ATON(CCHAR7) <> 0 order by cidx;
cidx	CCHAR7
select cidx, CCHAR8 from datatypetestm where INET_ATON(CCHAR8) <> 0 order by cidx;
cidx	CCHAR8
select cidx, CCHAR9 from datatypetestm where INET_ATON(CCHAR9) <> 0 order by cidx;
cidx	CCHAR9
select cidx, CCHAR255 from datatypetestm where INET_ATON(CCHAR255) <> 0 order by cidx;
cidx	CCHAR255
select cidx, CVCHAR1 from datatypetestm where INET_ATON(CVCHAR1) <> 0 order by cidx;
cidx	CVCHAR1
select cidx, CVCHAR2 from datatypetestm where INET_ATON(CVCHAR2) <> 0 order by cidx;
cidx	CVCHAR2
select cidx, CVCHAR3 from datatypetestm where INET_ATON(CVCHAR3) <> 0 order by cidx;
cidx	CVCHAR3
select cidx, CVCHAR4 from datatypetestm where INET_ATON(CVCHAR4) <> 0 order by cidx;
cidx	CVCHAR4
select cidx, CVCHAR5 from datatypetestm where INET_ATON(CVCHAR5) <> 0 order by cidx;
cidx	CVCHAR5
select cidx, CVCHAR6 from datatypetestm where INET_ATON(CVCHAR6) <> 0 order by cidx;
cidx	CVCHAR6
select cidx, CVCHAR7 from datatypetestm where INET_ATON(CVCHAR7) <> 0 order by cidx;
cidx	CVCHAR7
select cidx, CVCHAR8 from datatypetestm where INET_ATON(CVCHAR8) <> 0 order by cidx;
cidx	CVCHAR8
select cidx, CVCHAR255 from datatypetestm where INET_ATON(CVCHAR255) <> 0 order by cidx;
cidx	CVCHAR255
