USE autopilot;
select dtt1.cidx, dtt1.CCHAR9, dtt2.CCHAR6 from datatypetestm1 dtt1, datatypetestm2 dtt2 where dtt1.cidx = dtt2.cidx and dtt1.CCHAR9 > dtt2.CCHAR6 ;
cidx	CCHAR9	CCHAR6
1	aaaaaaaaa	aaaaaa
2	i	f
3	ii	ff
4	iii	fff
5	iiii	ffff
10	zzzzzzzzz	zzzzzz
select dtt1.cidx, dtt1.CCHAR9, dtt2.CCHAR6 from datatypetestm1 dtt1, datatypetestm2 dtt2 where dtt1.cidx = dtt2.cidx and dtt1.CCHAR9 >= dtt2.CCHAR6 ;
cidx	CCHAR9	CCHAR6
1	aaaaaaaaa	aaaaaa
2	i	f
3	ii	ff
4	iii	fff
5	iiii	ffff
10	zzzzzzzzz	zzzzzz
select dtt1.cidx, dtt1.CCHAR9, dtt2.CCHAR6 from datatypetestm1 dtt1, datatypetestm2 dtt2 where dtt1.cidx = dtt2.cidx and dtt1.CCHAR9 <> dtt2.CCHAR6 ;
cidx	CCHAR9	CCHAR6
1	aaaaaaaaa	aaaaaa
2	i	f
3	ii	ff
4	iii	fff
5	iiii	ffff
6	rrrrrrr	uuuuuu
7	rrrrrrrr	uuuuuu
8	rrrrrrrrr	uuuuuu
9	rrrrrrrrr	uuuuuu
10	zzzzzzzzz	zzzzzz
select dtt1.cidx, dtt1.CCHAR9, dtt2.CCHAR6 from datatypetestm1 dtt1, datatypetestm2 dtt2 where dtt1.cidx = dtt2.cidx and dtt1.CCHAR9 < dtt2.CCHAR6 ;
cidx	CCHAR9	CCHAR6
6	rrrrrrr	uuuuuu
7	rrrrrrrr	uuuuuu
8	rrrrrrrrr	uuuuuu
9	rrrrrrrrr	uuuuuu
select dtt1.cidx, dtt1.CCHAR9, dtt2.CCHAR6 from datatypetestm1 dtt1, datatypetestm2 dtt2 where dtt1.cidx = dtt2.cidx and dtt1.CCHAR9 <= dtt2.CCHAR6 ;
cidx	CCHAR9	CCHAR6
6	rrrrrrr	uuuuuu
7	rrrrrrrr	uuuuuu
8	rrrrrrrrr	uuuuuu
9	rrrrrrrrr	uuuuuu
