USE autopilot;
select dtt1.cidx, dtt1.CDECIMAL10, dtt2.CDECIMAL18 from datatypetestm1 dtt1, datatypetestm2 dtt2 where dtt1.cidx = dtt2.cidx and dtt1.CDECIMAL10 > dtt2.CDECIMAL18 ;
cidx	CDECIMAL10	CDECIMAL18
1	-9999999	-9999999999999
2	-9999998	-9999999999998
3	-9999997	-9999999999997
4	-9999996	-9999999999996
5	-9999995	-9999999999995
select dtt1.cidx, dtt1.CDECIMAL10, dtt2.CDECIMAL18 from datatypetestm1 dtt1, datatypetestm2 dtt2 where dtt1.cidx = dtt2.cidx and dtt1.CDECIMAL10 >= dtt2.CDECIMAL18 ;
cidx	CDECIMAL10	CDECIMAL18
1	-9999999	-9999999999999
2	-9999998	-9999999999998
3	-9999997	-9999999999997
4	-9999996	-9999999999996
5	-9999995	-9999999999995
11	0	0
select dtt1.cidx, dtt1.CDECIMAL10, dtt2.CDECIMAL18 from datatypetestm1 dtt1, datatypetestm2 dtt2 where dtt1.cidx = dtt2.cidx and dtt1.CDECIMAL10 <> dtt2.CDECIMAL18 ;
cidx	CDECIMAL10	CDECIMAL18
1	-9999999	-9999999999999
2	-9999998	-9999999999998
3	-9999997	-9999999999997
4	-9999996	-9999999999996
5	-9999995	-9999999999995
6	9999995	9999999999995
7	9999996	9999999999996
8	9999997	9999999999997
9	9999998	9999999999998
10	9999999	9999999999999
select dtt1.cidx, dtt1.CDECIMAL10, dtt2.CDECIMAL18 from datatypetestm1 dtt1, datatypetestm2 dtt2 where dtt1.cidx = dtt2.cidx and dtt1.CDECIMAL10 < dtt2.CDECIMAL18 ;
cidx	CDECIMAL10	CDECIMAL18
6	9999995	9999999999995
7	9999996	9999999999996
8	9999997	9999999999997
9	9999998	9999999999998
10	9999999	9999999999999
select dtt1.cidx, dtt1.CDECIMAL10, dtt2.CDECIMAL18 from datatypetestm1 dtt1, datatypetestm2 dtt2 where dtt1.cidx = dtt2.cidx and dtt1.CDECIMAL10 <= dtt2.CDECIMAL18 ;
cidx	CDECIMAL10	CDECIMAL18
6	9999995	9999999999995
7	9999996	9999999999996
8	9999997	9999999999997
9	9999998	9999999999998
10	9999999	9999999999999
11	0	0
