USE autopilot;
select dtt1.cidx, dtt1.CCHAR3, dtt2.CVCHAR3 from datatypetestm1 dtt1, datatypetestm2 dtt2 where dtt1.cidx = dtt2.cidx and dtt1.CCHAR3 > dtt2.CVCHAR3 ;
cidx	CCHAR3	CVCHAR3
select dtt1.cidx, dtt1.CCHAR3, dtt2.CVCHAR3 from datatypetestm1 dtt1, datatypetestm2 dtt2 where dtt1.cidx = dtt2.cidx and dtt1.CCHAR3 >= dtt2.CVCHAR3 ;
cidx	CCHAR3	CVCHAR3
1	aaa	aaa
2	c	c
3	cc	cc
4	ccc	ccc
5	ccc	ccc
6	xxx	xxx
7	xxx	xxx
8	xxx	xxx
9	xxx	xxx
10	zzz	zzz
select dtt1.cidx, dtt1.CCHAR3, dtt2.CVCHAR3 from datatypetestm1 dtt1, datatypetestm2 dtt2 where dtt1.cidx = dtt2.cidx and dtt1.CCHAR3 <> dtt2.CVCHAR3 ;
cidx	CCHAR3	CVCHAR3
select dtt1.cidx, dtt1.CCHAR3, dtt2.CVCHAR3 from datatypetestm1 dtt1, datatypetestm2 dtt2 where dtt1.cidx = dtt2.cidx and dtt1.CCHAR3 < dtt2.CVCHAR3 ;
cidx	CCHAR3	CVCHAR3
select dtt1.cidx, dtt1.CCHAR3, dtt2.CVCHAR3 from datatypetestm1 dtt1, datatypetestm2 dtt2 where dtt1.cidx = dtt2.cidx and dtt1.CCHAR3 <= dtt2.CVCHAR3 ;
cidx	CCHAR3	CVCHAR3
1	aaa	aaa
2	c	c
3	cc	cc
4	ccc	ccc
5	ccc	ccc
6	xxx	xxx
7	xxx	xxx
8	xxx	xxx
9	xxx	xxx
10	zzz	zzz
