USE autopilot;
select cidx, CCHAR1, CONCAT_WS('-',CCHAR1,CCHAR3) from datatypetestm order by cidx;
cidx	CCHAR1	CONCAT_WS('-',CCHAR1,CCHAR3)
1	a	a-aaa
select cidx, CCHAR1, CONCAT_WS('-',CCHAR1,CCHAR3,CCHAR7) from datatypetestm order by cidx;
cidx	CCHAR1	CONCAT_WS('-',CCHAR1,CCHAR3,CCHAR7)
1	a	a-aaa-aaaaaaa
select cidx, CCHAR1, CONCAT_WS('-',CCHAR1,CCHAR3,CINTEGER,CDATE,'ALOHA') from datatypetestm order by cidx;
cidx	CCHAR1	CONCAT_WS('-',CCHAR1,CCHAR3,CINTEGER,CDATE,'ALOHA')
1	a	a-aaa--7483646-1997-01-01-ALOHA
select cidx, CCHAR2, CONCAT_WS('-',CCHAR2,CCHAR3) from datatypetestm order by cidx;
cidx	CCHAR2	CONCAT_WS('-',CCHAR2,CCHAR3)
1	aa	aa-aaa
select cidx, CCHAR2, CONCAT_WS('-',CCHAR2,CCHAR3,CCHAR7) from datatypetestm order by cidx;
cidx	CCHAR2	CONCAT_WS('-',CCHAR2,CCHAR3,CCHAR7)
1	aa	aa-aaa-aaaaaaa
select cidx, CCHAR2, CONCAT_WS('-',CCHAR2,CCHAR3,CINTEGER,CDATE,'ALOHA') from datatypetestm order by cidx;
cidx	CCHAR2	CONCAT_WS('-',CCHAR2,CCHAR3,CINTEGER,CDATE,'ALOHA')
1	aa	aa-aaa--7483646-1997-01-01-ALOHA
select cidx, CCHAR3, CONCAT_WS('-',CCHAR3,CCHAR3) from datatypetestm order by cidx;
cidx	CCHAR3	CONCAT_WS('-',CCHAR3,CCHAR3)
1	aaa	aaa-aaa
select cidx, CCHAR3, CONCAT_WS('-',CCHAR3,CCHAR3,CCHAR7) from datatypetestm order by cidx;
cidx	CCHAR3	CONCAT_WS('-',CCHAR3,CCHAR3,CCHAR7)
1	aaa	aaa-aaa-aaaaaaa
select cidx, CCHAR3, CONCAT_WS('-',CCHAR3,CCHAR3,CINTEGER,CDATE,'ALOHA') from datatypetestm order by cidx;
cidx	CCHAR3	CONCAT_WS('-',CCHAR3,CCHAR3,CINTEGER,CDATE,'ALOHA')
1	aaa	aaa-aaa--7483646-1997-01-01-ALOHA
select cidx, CCHAR4, CONCAT_WS('-',CCHAR4,CCHAR3) from datatypetestm order by cidx;
cidx	CCHAR4	CONCAT_WS('-',CCHAR4,CCHAR3)
1	aaaa	aaaa-aaa
select cidx, CCHAR4, CONCAT_WS('-',CCHAR4,CCHAR3,CCHAR7) from datatypetestm order by cidx;
cidx	CCHAR4	CONCAT_WS('-',CCHAR4,CCHAR3,CCHAR7)
1	aaaa	aaaa-aaa-aaaaaaa
select cidx, CCHAR4, CONCAT_WS('-',CCHAR4,CCHAR3,CINTEGER,CDATE,'ALOHA') from datatypetestm order by cidx;
cidx	CCHAR4	CONCAT_WS('-',CCHAR4,CCHAR3,CINTEGER,CDATE,'ALOHA')
1	aaaa	aaaa-aaa--7483646-1997-01-01-ALOHA
select cidx, CCHAR5, CONCAT_WS('-',CCHAR5,CCHAR3) from datatypetestm order by cidx;
cidx	CCHAR5	CONCAT_WS('-',CCHAR5,CCHAR3)
1	aaaaa	aaaaa-aaa
select cidx, CCHAR5, CONCAT_WS('-',CCHAR5,CCHAR3,CCHAR7) from datatypetestm order by cidx;
cidx	CCHAR5	CONCAT_WS('-',CCHAR5,CCHAR3,CCHAR7)
1	aaaaa	aaaaa-aaa-aaaaaaa
select cidx, CCHAR5, CONCAT_WS('-',CCHAR5,CCHAR3,CINTEGER,CDATE,'ALOHA') from datatypetestm order by cidx;
cidx	CCHAR5	CONCAT_WS('-',CCHAR5,CCHAR3,CINTEGER,CDATE,'ALOHA')
1	aaaaa	aaaaa-aaa--7483646-1997-01-01-ALOHA
select cidx, CCHAR6, CONCAT_WS('-',CCHAR6,CCHAR3) from datatypetestm order by cidx;
cidx	CCHAR6	CONCAT_WS('-',CCHAR6,CCHAR3)
1	aaaaaa	aaaaaa-aaa
select cidx, CCHAR6, CONCAT_WS('-',CCHAR6,CCHAR3,CCHAR7) from datatypetestm order by cidx;
cidx	CCHAR6	CONCAT_WS('-',CCHAR6,CCHAR3,CCHAR7)
1	aaaaaa	aaaaaa-aaa-aaaaaaa
select cidx, CCHAR6, CONCAT_WS('-',CCHAR6,CCHAR3,CINTEGER,CDATE,'ALOHA') from datatypetestm order by cidx;
cidx	CCHAR6	CONCAT_WS('-',CCHAR6,CCHAR3,CINTEGER,CDATE,'ALOHA')
1	aaaaaa	aaaaaa-aaa--7483646-1997-01-01-ALOHA
select cidx, CCHAR7, CONCAT_WS('-',CCHAR7,CCHAR3) from datatypetestm order by cidx;
cidx	CCHAR7	CONCAT_WS('-',CCHAR7,CCHAR3)
1	aaaaaaa	aaaaaaa-aaa
select cidx, CCHAR7, CONCAT_WS('-',CCHAR7,CCHAR3,CCHAR7) from datatypetestm order by cidx;
cidx	CCHAR7	CONCAT_WS('-',CCHAR7,CCHAR3,CCHAR7)
1	aaaaaaa	aaaaaaa-aaa-aaaaaaa
select cidx, CCHAR7, CONCAT_WS('-',CCHAR7,CCHAR3,CINTEGER,CDATE,'ALOHA') from datatypetestm order by cidx;
cidx	CCHAR7	CONCAT_WS('-',CCHAR7,CCHAR3,CINTEGER,CDATE,'ALOHA')
1	aaaaaaa	aaaaaaa-aaa--7483646-1997-01-01-ALOHA
select cidx, CCHAR8, CONCAT_WS('-',CCHAR8,CCHAR3) from datatypetestm order by cidx;
cidx	CCHAR8	CONCAT_WS('-',CCHAR8,CCHAR3)
1	aaaaaaaa	aaaaaaaa-aaa
select cidx, CCHAR8, CONCAT_WS('-',CCHAR8,CCHAR3,CCHAR7) from datatypetestm order by cidx;
cidx	CCHAR8	CONCAT_WS('-',CCHAR8,CCHAR3,CCHAR7)
1	aaaaaaaa	aaaaaaaa-aaa-aaaaaaa
select cidx, CCHAR8, CONCAT_WS('-',CCHAR8,CCHAR3,CINTEGER,CDATE,'ALOHA') from datatypetestm order by cidx;
cidx	CCHAR8	CONCAT_WS('-',CCHAR8,CCHAR3,CINTEGER,CDATE,'ALOHA')
1	aaaaaaaa	aaaaaaaa-aaa--7483646-1997-01-01-ALOHA
select cidx, CCHAR9, CONCAT_WS('-',CCHAR9,CCHAR3) from datatypetestm order by cidx;
cidx	CCHAR9	CONCAT_WS('-',CCHAR9,CCHAR3)
1	aaaaaaaaa	aaaaaaaaa-aaa
select cidx, CCHAR9, CONCAT_WS('-',CCHAR9,CCHAR3,CCHAR7) from datatypetestm order by cidx;
cidx	CCHAR9	CONCAT_WS('-',CCHAR9,CCHAR3,CCHAR7)
1	aaaaaaaaa	aaaaaaaaa-aaa-aaaaaaa
select cidx, CCHAR9, CONCAT_WS('-',CCHAR9,CCHAR3,CINTEGER,CDATE,'ALOHA') from datatypetestm order by cidx;
cidx	CCHAR9	CONCAT_WS('-',CCHAR9,CCHAR3,CINTEGER,CDATE,'ALOHA')
1	aaaaaaaaa	aaaaaaaaa-aaa--7483646-1997-01-01-ALOHA
select cidx, CCHAR255, CONCAT_WS('-',CCHAR255,CCHAR3) from datatypetestm order by cidx;
cidx	CCHAR255	CONCAT_WS('-',CCHAR255,CCHAR3)
1	aaaaaaaaaa	aaaaaaaaaa-aaa
select cidx, CCHAR255, CONCAT_WS('-',CCHAR255,CCHAR3,CCHAR7) from datatypetestm order by cidx;
cidx	CCHAR255	CONCAT_WS('-',CCHAR255,CCHAR3,CCHAR7)
1	aaaaaaaaaa	aaaaaaaaaa-aaa-aaaaaaa
select cidx, CCHAR255, CONCAT_WS('-',CCHAR255,CCHAR3,CINTEGER,CDATE,'ALOHA') from datatypetestm order by cidx;
cidx	CCHAR255	CONCAT_WS('-',CCHAR255,CCHAR3,CINTEGER,CDATE,'ALOHA')
1	aaaaaaaaaa	aaaaaaaaaa-aaa--7483646-1997-01-01-ALOHA
select cidx, CVCHAR1, CONCAT_WS('-',CVCHAR1,CCHAR3) from datatypetestm order by cidx;
cidx	CVCHAR1	CONCAT_WS('-',CVCHAR1,CCHAR3)
1	a	a-aaa
select cidx, CVCHAR1, CONCAT_WS('-',CVCHAR1,CCHAR3,CCHAR7) from datatypetestm order by cidx;
cidx	CVCHAR1	CONCAT_WS('-',CVCHAR1,CCHAR3,CCHAR7)
1	a	a-aaa-aaaaaaa
select cidx, CVCHAR1, CONCAT_WS('-',CVCHAR1,CCHAR3,CINTEGER,CDATE,'ALOHA') from datatypetestm order by cidx;
cidx	CVCHAR1	CONCAT_WS('-',CVCHAR1,CCHAR3,CINTEGER,CDATE,'ALOHA')
1	a	a-aaa--7483646-1997-01-01-ALOHA
select cidx, CVCHAR2, CONCAT_WS('-',CVCHAR2,CCHAR3) from datatypetestm order by cidx;
cidx	CVCHAR2	CONCAT_WS('-',CVCHAR2,CCHAR3)
1	aa	aa-aaa
select cidx, CVCHAR2, CONCAT_WS('-',CVCHAR2,CCHAR3,CCHAR7) from datatypetestm order by cidx;
cidx	CVCHAR2	CONCAT_WS('-',CVCHAR2,CCHAR3,CCHAR7)
1	aa	aa-aaa-aaaaaaa
select cidx, CVCHAR2, CONCAT_WS('-',CVCHAR2,CCHAR3,CINTEGER,CDATE,'ALOHA') from datatypetestm order by cidx;
cidx	CVCHAR2	CONCAT_WS('-',CVCHAR2,CCHAR3,CINTEGER,CDATE,'ALOHA')
1	aa	aa-aaa--7483646-1997-01-01-ALOHA
select cidx, CVCHAR3, CONCAT_WS('-',CVCHAR3,CCHAR3) from datatypetestm order by cidx;
cidx	CVCHAR3	CONCAT_WS('-',CVCHAR3,CCHAR3)
1	aaa	aaa-aaa
select cidx, CVCHAR3, CONCAT_WS('-',CVCHAR3,CCHAR3,CCHAR7) from datatypetestm order by cidx;
cidx	CVCHAR3	CONCAT_WS('-',CVCHAR3,CCHAR3,CCHAR7)
1	aaa	aaa-aaa-aaaaaaa
select cidx, CVCHAR3, CONCAT_WS('-',CVCHAR3,CCHAR3,CINTEGER,CDATE,'ALOHA') from datatypetestm order by cidx;
cidx	CVCHAR3	CONCAT_WS('-',CVCHAR3,CCHAR3,CINTEGER,CDATE,'ALOHA')
1	aaa	aaa-aaa--7483646-1997-01-01-ALOHA
select cidx, CVCHAR4, CONCAT_WS('-',CVCHAR4,CCHAR3) from datatypetestm order by cidx;
cidx	CVCHAR4	CONCAT_WS('-',CVCHAR4,CCHAR3)
1	aaaa	aaaa-aaa
select cidx, CVCHAR4, CONCAT_WS('-',CVCHAR4,CCHAR3,CCHAR7) from datatypetestm order by cidx;
cidx	CVCHAR4	CONCAT_WS('-',CVCHAR4,CCHAR3,CCHAR7)
1	aaaa	aaaa-aaa-aaaaaaa
select cidx, CVCHAR4, CONCAT_WS('-',CVCHAR4,CCHAR3,CINTEGER,CDATE,'ALOHA') from datatypetestm order by cidx;
cidx	CVCHAR4	CONCAT_WS('-',CVCHAR4,CCHAR3,CINTEGER,CDATE,'ALOHA')
1	aaaa	aaaa-aaa--7483646-1997-01-01-ALOHA
select cidx, CVCHAR5, CONCAT_WS('-',CVCHAR5,CCHAR3) from datatypetestm order by cidx;
cidx	CVCHAR5	CONCAT_WS('-',CVCHAR5,CCHAR3)
1	aaaaa	aaaaa-aaa
select cidx, CVCHAR5, CONCAT_WS('-',CVCHAR5,CCHAR3,CCHAR7) from datatypetestm order by cidx;
cidx	CVCHAR5	CONCAT_WS('-',CVCHAR5,CCHAR3,CCHAR7)
1	aaaaa	aaaaa-aaa-aaaaaaa
select cidx, CVCHAR5, CONCAT_WS('-',CVCHAR5,CCHAR3,CINTEGER,CDATE,'ALOHA') from datatypetestm order by cidx;
cidx	CVCHAR5	CONCAT_WS('-',CVCHAR5,CCHAR3,CINTEGER,CDATE,'ALOHA')
1	aaaaa	aaaaa-aaa--7483646-1997-01-01-ALOHA
select cidx, CVCHAR6, CONCAT_WS('-',CVCHAR6,CCHAR3) from datatypetestm order by cidx;
cidx	CVCHAR6	CONCAT_WS('-',CVCHAR6,CCHAR3)
1	aaaaaa	aaaaaa-aaa
select cidx, CVCHAR6, CONCAT_WS('-',CVCHAR6,CCHAR3,CCHAR7) from datatypetestm order by cidx;
cidx	CVCHAR6	CONCAT_WS('-',CVCHAR6,CCHAR3,CCHAR7)
1	aaaaaa	aaaaaa-aaa-aaaaaaa
select cidx, CVCHAR6, CONCAT_WS('-',CVCHAR6,CCHAR3,CINTEGER,CDATE,'ALOHA') from datatypetestm order by cidx;
cidx	CVCHAR6	CONCAT_WS('-',CVCHAR6,CCHAR3,CINTEGER,CDATE,'ALOHA')
1	aaaaaa	aaaaaa-aaa--7483646-1997-01-01-ALOHA
select cidx, CVCHAR7, CONCAT_WS('-',CVCHAR7,CCHAR3) from datatypetestm order by cidx;
cidx	CVCHAR7	CONCAT_WS('-',CVCHAR7,CCHAR3)
1	aaaaaaa	aaaaaaa-aaa
select cidx, CVCHAR7, CONCAT_WS('-',CVCHAR7,CCHAR3,CCHAR7) from datatypetestm order by cidx;
cidx	CVCHAR7	CONCAT_WS('-',CVCHAR7,CCHAR3,CCHAR7)
1	aaaaaaa	aaaaaaa-aaa-aaaaaaa
select cidx, CVCHAR7, CONCAT_WS('-',CVCHAR7,CCHAR3,CINTEGER,CDATE,'ALOHA') from datatypetestm order by cidx;
cidx	CVCHAR7	CONCAT_WS('-',CVCHAR7,CCHAR3,CINTEGER,CDATE,'ALOHA')
1	aaaaaaa	aaaaaaa-aaa--7483646-1997-01-01-ALOHA
select cidx, CVCHAR8, CONCAT_WS('-',CVCHAR8,CCHAR3) from datatypetestm order by cidx;
cidx	CVCHAR8	CONCAT_WS('-',CVCHAR8,CCHAR3)
1	aaaaaaaa	aaaaaaaa-aaa
select cidx, CVCHAR8, CONCAT_WS('-',CVCHAR8,CCHAR3,CCHAR7) from datatypetestm order by cidx;
cidx	CVCHAR8	CONCAT_WS('-',CVCHAR8,CCHAR3,CCHAR7)
1	aaaaaaaa	aaaaaaaa-aaa-aaaaaaa
select cidx, CVCHAR8, CONCAT_WS('-',CVCHAR8,CCHAR3,CINTEGER,CDATE,'ALOHA') from datatypetestm order by cidx;
cidx	CVCHAR8	CONCAT_WS('-',CVCHAR8,CCHAR3,CINTEGER,CDATE,'ALOHA')
1	aaaaaaaa	aaaaaaaa-aaa--7483646-1997-01-01-ALOHA
select cidx, CVCHAR255, CONCAT_WS('-',CVCHAR255,CCHAR3) from datatypetestm order by cidx;
cidx	CVCHAR255	CONCAT_WS('-',CVCHAR255,CCHAR3)
1	aaaaaaaaaa	aaaaaaaaaa-aaa
select cidx, CVCHAR255, CONCAT_WS('-',CVCHAR255,CCHAR3,CCHAR7) from datatypetestm order by cidx;
cidx	CVCHAR255	CONCAT_WS('-',CVCHAR255,CCHAR3,CCHAR7)
1	aaaaaaaaaa	aaaaaaaaaa-aaa-aaaaaaa
select cidx, CVCHAR255, CONCAT_WS('-',CVCHAR255,CCHAR3,CINTEGER,CDATE,'ALOHA') from datatypetestm order by cidx;
cidx	CVCHAR255	CONCAT_WS('-',CVCHAR255,CCHAR3,CINTEGER,CDATE,'ALOHA')
1	aaaaaaaaaa	aaaaaaaaaa-aaa--7483646-1997-01-01-ALOHA
select cidx, CCHAR1 from datatypetestm where CONCAT_WS('-',CCHAR1,CCHAR3) <> 0 order by cidx;
cidx	CCHAR1
select cidx, CCHAR1 from datatypetestm where CONCAT_WS('-',CCHAR1,CCHAR3,CCHAR7) <> 0 order by cidx;
cidx	CCHAR1
select cidx, CCHAR1 from datatypetestm where CONCAT_WS('-',CCHAR1,CCHAR3,CINTEGER,CDATE,'ALOHA') <> 0 order by cidx;
cidx	CCHAR1
select cidx, CCHAR2 from datatypetestm where CONCAT_WS('-',CCHAR2,CCHAR3) <> 0 order by cidx;
cidx	CCHAR2
select cidx, CCHAR2 from datatypetestm where CONCAT_WS('-',CCHAR2,CCHAR3,CCHAR7) <> 0 order by cidx;
cidx	CCHAR2
select cidx, CCHAR2 from datatypetestm where CONCAT_WS('-',CCHAR2,CCHAR3,CINTEGER,CDATE,'ALOHA') <> 0 order by cidx;
cidx	CCHAR2
select cidx, CCHAR3 from datatypetestm where CONCAT_WS('-',CCHAR3,CCHAR3) <> 0 order by cidx;
cidx	CCHAR3
select cidx, CCHAR3 from datatypetestm where CONCAT_WS('-',CCHAR3,CCHAR3,CCHAR7) <> 0 order by cidx;
cidx	CCHAR3
select cidx, CCHAR3 from datatypetestm where CONCAT_WS('-',CCHAR3,CCHAR3,CINTEGER,CDATE,'ALOHA') <> 0 order by cidx;
cidx	CCHAR3
select cidx, CCHAR4 from datatypetestm where CONCAT_WS('-',CCHAR4,CCHAR3) <> 0 order by cidx;
cidx	CCHAR4
select cidx, CCHAR4 from datatypetestm where CONCAT_WS('-',CCHAR4,CCHAR3,CCHAR7) <> 0 order by cidx;
cidx	CCHAR4
select cidx, CCHAR4 from datatypetestm where CONCAT_WS('-',CCHAR4,CCHAR3,CINTEGER,CDATE,'ALOHA') <> 0 order by cidx;
cidx	CCHAR4
select cidx, CCHAR5 from datatypetestm where CONCAT_WS('-',CCHAR5,CCHAR3) <> 0 order by cidx;
cidx	CCHAR5
select cidx, CCHAR5 from datatypetestm where CONCAT_WS('-',CCHAR5,CCHAR3,CCHAR7) <> 0 order by cidx;
cidx	CCHAR5
select cidx, CCHAR5 from datatypetestm where CONCAT_WS('-',CCHAR5,CCHAR3,CINTEGER,CDATE,'ALOHA') <> 0 order by cidx;
cidx	CCHAR5
select cidx, CCHAR6 from datatypetestm where CONCAT_WS('-',CCHAR6,CCHAR3) <> 0 order by cidx;
cidx	CCHAR6
select cidx, CCHAR6 from datatypetestm where CONCAT_WS('-',CCHAR6,CCHAR3,CCHAR7) <> 0 order by cidx;
cidx	CCHAR6
select cidx, CCHAR6 from datatypetestm where CONCAT_WS('-',CCHAR6,CCHAR3,CINTEGER,CDATE,'ALOHA') <> 0 order by cidx;
cidx	CCHAR6
select cidx, CCHAR7 from datatypetestm where CONCAT_WS('-',CCHAR7,CCHAR3) <> 0 order by cidx;
cidx	CCHAR7
select cidx, CCHAR7 from datatypetestm where CONCAT_WS('-',CCHAR7,CCHAR3,CCHAR7) <> 0 order by cidx;
cidx	CCHAR7
select cidx, CCHAR7 from datatypetestm where CONCAT_WS('-',CCHAR7,CCHAR3,CINTEGER,CDATE,'ALOHA') <> 0 order by cidx;
cidx	CCHAR7
select cidx, CCHAR8 from datatypetestm where CONCAT_WS('-',CCHAR8,CCHAR3) <> 0 order by cidx;
cidx	CCHAR8
select cidx, CCHAR8 from datatypetestm where CONCAT_WS('-',CCHAR8,CCHAR3,CCHAR7) <> 0 order by cidx;
cidx	CCHAR8
select cidx, CCHAR8 from datatypetestm where CONCAT_WS('-',CCHAR8,CCHAR3,CINTEGER,CDATE,'ALOHA') <> 0 order by cidx;
cidx	CCHAR8
select cidx, CCHAR9 from datatypetestm where CONCAT_WS('-',CCHAR9,CCHAR3) <> 0 order by cidx;
cidx	CCHAR9
select cidx, CCHAR9 from datatypetestm where CONCAT_WS('-',CCHAR9,CCHAR3,CCHAR7) <> 0 order by cidx;
cidx	CCHAR9
select cidx, CCHAR9 from datatypetestm where CONCAT_WS('-',CCHAR9,CCHAR3,CINTEGER,CDATE,'ALOHA') <> 0 order by cidx;
cidx	CCHAR9
select cidx, CCHAR255 from datatypetestm where CONCAT_WS('-',CCHAR255,CCHAR3) <> 0 order by cidx;
cidx	CCHAR255
select cidx, CCHAR255 from datatypetestm where CONCAT_WS('-',CCHAR255,CCHAR3,CCHAR7) <> 0 order by cidx;
cidx	CCHAR255
select cidx, CCHAR255 from datatypetestm where CONCAT_WS('-',CCHAR255,CCHAR3,CINTEGER,CDATE,'ALOHA') <> 0 order by cidx;
cidx	CCHAR255
select cidx, CVCHAR1 from datatypetestm where CONCAT_WS('-',CVCHAR1,CCHAR3) <> 0 order by cidx;
cidx	CVCHAR1
select cidx, CVCHAR1 from datatypetestm where CONCAT_WS('-',CVCHAR1,CCHAR3,CCHAR7) <> 0 order by cidx;
cidx	CVCHAR1
select cidx, CVCHAR1 from datatypetestm where CONCAT_WS('-',CVCHAR1,CCHAR3,CINTEGER,CDATE,'ALOHA') <> 0 order by cidx;
cidx	CVCHAR1
select cidx, CVCHAR2 from datatypetestm where CONCAT_WS('-',CVCHAR2,CCHAR3) <> 0 order by cidx;
cidx	CVCHAR2
select cidx, CVCHAR2 from datatypetestm where CONCAT_WS('-',CVCHAR2,CCHAR3,CCHAR7) <> 0 order by cidx;
cidx	CVCHAR2
select cidx, CVCHAR2 from datatypetestm where CONCAT_WS('-',CVCHAR2,CCHAR3,CINTEGER,CDATE,'ALOHA') <> 0 order by cidx;
cidx	CVCHAR2
select cidx, CVCHAR3 from datatypetestm where CONCAT_WS('-',CVCHAR3,CCHAR3) <> 0 order by cidx;
cidx	CVCHAR3
select cidx, CVCHAR3 from datatypetestm where CONCAT_WS('-',CVCHAR3,CCHAR3,CCHAR7) <> 0 order by cidx;
cidx	CVCHAR3
select cidx, CVCHAR3 from datatypetestm where CONCAT_WS('-',CVCHAR3,CCHAR3,CINTEGER,CDATE,'ALOHA') <> 0 order by cidx;
cidx	CVCHAR3
select cidx, CVCHAR4 from datatypetestm where CONCAT_WS('-',CVCHAR4,CCHAR3) <> 0 order by cidx;
cidx	CVCHAR4
select cidx, CVCHAR4 from datatypetestm where CONCAT_WS('-',CVCHAR4,CCHAR3,CCHAR7) <> 0 order by cidx;
cidx	CVCHAR4
select cidx, CVCHAR4 from datatypetestm where CONCAT_WS('-',CVCHAR4,CCHAR3,CINTEGER,CDATE,'ALOHA') <> 0 order by cidx;
cidx	CVCHAR4
select cidx, CVCHAR5 from datatypetestm where CONCAT_WS('-',CVCHAR5,CCHAR3) <> 0 order by cidx;
cidx	CVCHAR5
select cidx, CVCHAR5 from datatypetestm where CONCAT_WS('-',CVCHAR5,CCHAR3,CCHAR7) <> 0 order by cidx;
cidx	CVCHAR5
select cidx, CVCHAR5 from datatypetestm where CONCAT_WS('-',CVCHAR5,CCHAR3,CINTEGER,CDATE,'ALOHA') <> 0 order by cidx;
cidx	CVCHAR5
select cidx, CVCHAR6 from datatypetestm where CONCAT_WS('-',CVCHAR6,CCHAR3) <> 0 order by cidx;
cidx	CVCHAR6
select cidx, CVCHAR6 from datatypetestm where CONCAT_WS('-',CVCHAR6,CCHAR3,CCHAR7) <> 0 order by cidx;
cidx	CVCHAR6
select cidx, CVCHAR6 from datatypetestm where CONCAT_WS('-',CVCHAR6,CCHAR3,CINTEGER,CDATE,'ALOHA') <> 0 order by cidx;
cidx	CVCHAR6
select cidx, CVCHAR7 from datatypetestm where CONCAT_WS('-',CVCHAR7,CCHAR3) <> 0 order by cidx;
cidx	CVCHAR7
select cidx, CVCHAR7 from datatypetestm where CONCAT_WS('-',CVCHAR7,CCHAR3,CCHAR7) <> 0 order by cidx;
cidx	CVCHAR7
select cidx, CVCHAR7 from datatypetestm where CONCAT_WS('-',CVCHAR7,CCHAR3,CINTEGER,CDATE,'ALOHA') <> 0 order by cidx;
cidx	CVCHAR7
select cidx, CVCHAR8 from datatypetestm where CONCAT_WS('-',CVCHAR8,CCHAR3) <> 0 order by cidx;
cidx	CVCHAR8
select cidx, CVCHAR8 from datatypetestm where CONCAT_WS('-',CVCHAR8,CCHAR3,CCHAR7) <> 0 order by cidx;
cidx	CVCHAR8
select cidx, CVCHAR8 from datatypetestm where CONCAT_WS('-',CVCHAR8,CCHAR3,CINTEGER,CDATE,'ALOHA') <> 0 order by cidx;
cidx	CVCHAR8
select cidx, CVCHAR255 from datatypetestm where CONCAT_WS('-',CVCHAR255,CCHAR3) <> 0 order by cidx;
cidx	CVCHAR255
select cidx, CVCHAR255 from datatypetestm where CONCAT_WS('-',CVCHAR255,CCHAR3,CCHAR7) <> 0 order by cidx;
cidx	CVCHAR255
select cidx, CVCHAR255 from datatypetestm where CONCAT_WS('-',CVCHAR255,CCHAR3,CINTEGER,CDATE,'ALOHA') <> 0 order by cidx;
cidx	CVCHAR255
