USE autopilot;
select cidx, CCHAR1, ELT(cidx,CCHAR3, CCHAR1) from datatypetestm order by cidx;
cidx	CCHAR1	ELT(cidx,CCHAR3, CCHAR1)
1	a	aaa
select cidx, CCHAR1, ELT(cidx,CCHAR3,CCHAR7, CCHAR1) from datatypetestm order by cidx;
cidx	CCHAR1	ELT(cidx,CCHAR3,CCHAR7, CCHAR1)
1	a	aaa
select cidx, CCHAR1, ELT(cidx,CCHAR3,CINTEGER,CDATE,'ALOHA', CCHAR1) from datatypetestm order by cidx;
cidx	CCHAR1	ELT(cidx,CCHAR3,CINTEGER,CDATE,'ALOHA', CCHAR1)
1	a	aaa
select cidx, CCHAR2, ELT(cidx,CCHAR3, CCHAR2) from datatypetestm order by cidx;
cidx	CCHAR2	ELT(cidx,CCHAR3, CCHAR2)
1	aa	aaa
select cidx, CCHAR2, ELT(cidx,CCHAR3,CCHAR7, CCHAR2) from datatypetestm order by cidx;
cidx	CCHAR2	ELT(cidx,CCHAR3,CCHAR7, CCHAR2)
1	aa	aaa
select cidx, CCHAR2, ELT(cidx,CCHAR3,CINTEGER,CDATE,'ALOHA', CCHAR2) from datatypetestm order by cidx;
cidx	CCHAR2	ELT(cidx,CCHAR3,CINTEGER,CDATE,'ALOHA', CCHAR2)
1	aa	aaa
select cidx, CCHAR3, ELT(cidx,CCHAR3, CCHAR3) from datatypetestm order by cidx;
cidx	CCHAR3	ELT(cidx,CCHAR3, CCHAR3)
1	aaa	aaa
select cidx, CCHAR3, ELT(cidx,CCHAR3,CCHAR7, CCHAR3) from datatypetestm order by cidx;
cidx	CCHAR3	ELT(cidx,CCHAR3,CCHAR7, CCHAR3)
1	aaa	aaa
select cidx, CCHAR3, ELT(cidx,CCHAR3,CINTEGER,CDATE,'ALOHA', CCHAR3) from datatypetestm order by cidx;
cidx	CCHAR3	ELT(cidx,CCHAR3,CINTEGER,CDATE,'ALOHA', CCHAR3)
1	aaa	aaa
select cidx, CCHAR4, ELT(cidx,CCHAR3, CCHAR4) from datatypetestm order by cidx;
cidx	CCHAR4	ELT(cidx,CCHAR3, CCHAR4)
1	aaaa	aaa
select cidx, CCHAR4, ELT(cidx,CCHAR3,CCHAR7, CCHAR4) from datatypetestm order by cidx;
cidx	CCHAR4	ELT(cidx,CCHAR3,CCHAR7, CCHAR4)
1	aaaa	aaa
select cidx, CCHAR4, ELT(cidx,CCHAR3,CINTEGER,CDATE,'ALOHA', CCHAR4) from datatypetestm order by cidx;
cidx	CCHAR4	ELT(cidx,CCHAR3,CINTEGER,CDATE,'ALOHA', CCHAR4)
1	aaaa	aaa
select cidx, CCHAR5, ELT(cidx,CCHAR3, CCHAR5) from datatypetestm order by cidx;
cidx	CCHAR5	ELT(cidx,CCHAR3, CCHAR5)
1	aaaaa	aaa
select cidx, CCHAR5, ELT(cidx,CCHAR3,CCHAR7, CCHAR5) from datatypetestm order by cidx;
cidx	CCHAR5	ELT(cidx,CCHAR3,CCHAR7, CCHAR5)
1	aaaaa	aaa
select cidx, CCHAR5, ELT(cidx,CCHAR3,CINTEGER,CDATE,'ALOHA', CCHAR5) from datatypetestm order by cidx;
cidx	CCHAR5	ELT(cidx,CCHAR3,CINTEGER,CDATE,'ALOHA', CCHAR5)
1	aaaaa	aaa
select cidx, CCHAR6, ELT(cidx,CCHAR3, CCHAR6) from datatypetestm order by cidx;
cidx	CCHAR6	ELT(cidx,CCHAR3, CCHAR6)
1	aaaaaa	aaa
select cidx, CCHAR6, ELT(cidx,CCHAR3,CCHAR7, CCHAR6) from datatypetestm order by cidx;
cidx	CCHAR6	ELT(cidx,CCHAR3,CCHAR7, CCHAR6)
1	aaaaaa	aaa
select cidx, CCHAR6, ELT(cidx,CCHAR3,CINTEGER,CDATE,'ALOHA', CCHAR6) from datatypetestm order by cidx;
cidx	CCHAR6	ELT(cidx,CCHAR3,CINTEGER,CDATE,'ALOHA', CCHAR6)
1	aaaaaa	aaa
select cidx, CCHAR7, ELT(cidx,CCHAR3, CCHAR7) from datatypetestm order by cidx;
cidx	CCHAR7	ELT(cidx,CCHAR3, CCHAR7)
1	aaaaaaa	aaa
select cidx, CCHAR7, ELT(cidx,CCHAR3,CCHAR7, CCHAR7) from datatypetestm order by cidx;
cidx	CCHAR7	ELT(cidx,CCHAR3,CCHAR7, CCHAR7)
1	aaaaaaa	aaa
select cidx, CCHAR7, ELT(cidx,CCHAR3,CINTEGER,CDATE,'ALOHA', CCHAR7) from datatypetestm order by cidx;
cidx	CCHAR7	ELT(cidx,CCHAR3,CINTEGER,CDATE,'ALOHA', CCHAR7)
1	aaaaaaa	aaa
select cidx, CCHAR8, ELT(cidx,CCHAR3, CCHAR8) from datatypetestm order by cidx;
cidx	CCHAR8	ELT(cidx,CCHAR3, CCHAR8)
1	aaaaaaaa	aaa
select cidx, CCHAR8, ELT(cidx,CCHAR3,CCHAR7, CCHAR8) from datatypetestm order by cidx;
cidx	CCHAR8	ELT(cidx,CCHAR3,CCHAR7, CCHAR8)
1	aaaaaaaa	aaa
select cidx, CCHAR8, ELT(cidx,CCHAR3,CINTEGER,CDATE,'ALOHA', CCHAR8) from datatypetestm order by cidx;
cidx	CCHAR8	ELT(cidx,CCHAR3,CINTEGER,CDATE,'ALOHA', CCHAR8)
1	aaaaaaaa	aaa
select cidx, CCHAR9, ELT(cidx,CCHAR3, CCHAR9) from datatypetestm order by cidx;
cidx	CCHAR9	ELT(cidx,CCHAR3, CCHAR9)
1	aaaaaaaaa	aaa
select cidx, CCHAR9, ELT(cidx,CCHAR3,CCHAR7, CCHAR9) from datatypetestm order by cidx;
cidx	CCHAR9	ELT(cidx,CCHAR3,CCHAR7, CCHAR9)
1	aaaaaaaaa	aaa
select cidx, CCHAR9, ELT(cidx,CCHAR3,CINTEGER,CDATE,'ALOHA', CCHAR9) from datatypetestm order by cidx;
cidx	CCHAR9	ELT(cidx,CCHAR3,CINTEGER,CDATE,'ALOHA', CCHAR9)
1	aaaaaaaaa	aaa
select cidx, CCHAR255, ELT(cidx,CCHAR3, CCHAR255) from datatypetestm order by cidx;
cidx	CCHAR255	ELT(cidx,CCHAR3, CCHAR255)
1	aaaaaaaaaa	aaa
select cidx, CCHAR255, ELT(cidx,CCHAR3,CCHAR7, CCHAR255) from datatypetestm order by cidx;
cidx	CCHAR255	ELT(cidx,CCHAR3,CCHAR7, CCHAR255)
1	aaaaaaaaaa	aaa
select cidx, CCHAR255, ELT(cidx,CCHAR3,CINTEGER,CDATE,'ALOHA', CCHAR255) from datatypetestm order by cidx;
cidx	CCHAR255	ELT(cidx,CCHAR3,CINTEGER,CDATE,'ALOHA', CCHAR255)
1	aaaaaaaaaa	aaa
select cidx, CVCHAR1, ELT(cidx,CCHAR3, CVCHAR1) from datatypetestm order by cidx;
cidx	CVCHAR1	ELT(cidx,CCHAR3, CVCHAR1)
1	a	aaa
select cidx, CVCHAR1, ELT(cidx,CCHAR3,CCHAR7, CVCHAR1) from datatypetestm order by cidx;
cidx	CVCHAR1	ELT(cidx,CCHAR3,CCHAR7, CVCHAR1)
1	a	aaa
select cidx, CVCHAR1, ELT(cidx,CCHAR3,CINTEGER,CDATE,'ALOHA', CVCHAR1) from datatypetestm order by cidx;
cidx	CVCHAR1	ELT(cidx,CCHAR3,CINTEGER,CDATE,'ALOHA', CVCHAR1)
1	a	aaa
select cidx, CVCHAR2, ELT(cidx,CCHAR3, CVCHAR2) from datatypetestm order by cidx;
cidx	CVCHAR2	ELT(cidx,CCHAR3, CVCHAR2)
1	aa	aaa
select cidx, CVCHAR2, ELT(cidx,CCHAR3,CCHAR7, CVCHAR2) from datatypetestm order by cidx;
cidx	CVCHAR2	ELT(cidx,CCHAR3,CCHAR7, CVCHAR2)
1	aa	aaa
select cidx, CVCHAR2, ELT(cidx,CCHAR3,CINTEGER,CDATE,'ALOHA', CVCHAR2) from datatypetestm order by cidx;
cidx	CVCHAR2	ELT(cidx,CCHAR3,CINTEGER,CDATE,'ALOHA', CVCHAR2)
1	aa	aaa
select cidx, CVCHAR3, ELT(cidx,CCHAR3, CVCHAR3) from datatypetestm order by cidx;
cidx	CVCHAR3	ELT(cidx,CCHAR3, CVCHAR3)
1	aaa	aaa
select cidx, CVCHAR3, ELT(cidx,CCHAR3,CCHAR7, CVCHAR3) from datatypetestm order by cidx;
cidx	CVCHAR3	ELT(cidx,CCHAR3,CCHAR7, CVCHAR3)
1	aaa	aaa
select cidx, CVCHAR3, ELT(cidx,CCHAR3,CINTEGER,CDATE,'ALOHA', CVCHAR3) from datatypetestm order by cidx;
cidx	CVCHAR3	ELT(cidx,CCHAR3,CINTEGER,CDATE,'ALOHA', CVCHAR3)
1	aaa	aaa
select cidx, CVCHAR4, ELT(cidx,CCHAR3, CVCHAR4) from datatypetestm order by cidx;
cidx	CVCHAR4	ELT(cidx,CCHAR3, CVCHAR4)
1	aaaa	aaa
select cidx, CVCHAR4, ELT(cidx,CCHAR3,CCHAR7, CVCHAR4) from datatypetestm order by cidx;
cidx	CVCHAR4	ELT(cidx,CCHAR3,CCHAR7, CVCHAR4)
1	aaaa	aaa
select cidx, CVCHAR4, ELT(cidx,CCHAR3,CINTEGER,CDATE,'ALOHA', CVCHAR4) from datatypetestm order by cidx;
cidx	CVCHAR4	ELT(cidx,CCHAR3,CINTEGER,CDATE,'ALOHA', CVCHAR4)
1	aaaa	aaa
select cidx, CVCHAR5, ELT(cidx,CCHAR3, CVCHAR5) from datatypetestm order by cidx;
cidx	CVCHAR5	ELT(cidx,CCHAR3, CVCHAR5)
1	aaaaa	aaa
select cidx, CVCHAR5, ELT(cidx,CCHAR3,CCHAR7, CVCHAR5) from datatypetestm order by cidx;
cidx	CVCHAR5	ELT(cidx,CCHAR3,CCHAR7, CVCHAR5)
1	aaaaa	aaa
select cidx, CVCHAR5, ELT(cidx,CCHAR3,CINTEGER,CDATE,'ALOHA', CVCHAR5) from datatypetestm order by cidx;
cidx	CVCHAR5	ELT(cidx,CCHAR3,CINTEGER,CDATE,'ALOHA', CVCHAR5)
1	aaaaa	aaa
select cidx, CVCHAR6, ELT(cidx,CCHAR3, CVCHAR6) from datatypetestm order by cidx;
cidx	CVCHAR6	ELT(cidx,CCHAR3, CVCHAR6)
1	aaaaaa	aaa
select cidx, CVCHAR6, ELT(cidx,CCHAR3,CCHAR7, CVCHAR6) from datatypetestm order by cidx;
cidx	CVCHAR6	ELT(cidx,CCHAR3,CCHAR7, CVCHAR6)
1	aaaaaa	aaa
select cidx, CVCHAR6, ELT(cidx,CCHAR3,CINTEGER,CDATE,'ALOHA', CVCHAR6) from datatypetestm order by cidx;
cidx	CVCHAR6	ELT(cidx,CCHAR3,CINTEGER,CDATE,'ALOHA', CVCHAR6)
1	aaaaaa	aaa
select cidx, CVCHAR7, ELT(cidx,CCHAR3, CVCHAR7) from datatypetestm order by cidx;
cidx	CVCHAR7	ELT(cidx,CCHAR3, CVCHAR7)
1	aaaaaaa	aaa
select cidx, CVCHAR7, ELT(cidx,CCHAR3,CCHAR7, CVCHAR7) from datatypetestm order by cidx;
cidx	CVCHAR7	ELT(cidx,CCHAR3,CCHAR7, CVCHAR7)
1	aaaaaaa	aaa
select cidx, CVCHAR7, ELT(cidx,CCHAR3,CINTEGER,CDATE,'ALOHA', CVCHAR7) from datatypetestm order by cidx;
cidx	CVCHAR7	ELT(cidx,CCHAR3,CINTEGER,CDATE,'ALOHA', CVCHAR7)
1	aaaaaaa	aaa
select cidx, CVCHAR8, ELT(cidx,CCHAR3, CVCHAR8) from datatypetestm order by cidx;
cidx	CVCHAR8	ELT(cidx,CCHAR3, CVCHAR8)
1	aaaaaaaa	aaa
select cidx, CVCHAR8, ELT(cidx,CCHAR3,CCHAR7, CVCHAR8) from datatypetestm order by cidx;
cidx	CVCHAR8	ELT(cidx,CCHAR3,CCHAR7, CVCHAR8)
1	aaaaaaaa	aaa
select cidx, CVCHAR8, ELT(cidx,CCHAR3,CINTEGER,CDATE,'ALOHA', CVCHAR8) from datatypetestm order by cidx;
cidx	CVCHAR8	ELT(cidx,CCHAR3,CINTEGER,CDATE,'ALOHA', CVCHAR8)
1	aaaaaaaa	aaa
select cidx, CVCHAR255, ELT(cidx,CCHAR3, CVCHAR255) from datatypetestm order by cidx;
cidx	CVCHAR255	ELT(cidx,CCHAR3, CVCHAR255)
1	aaaaaaaaaa	aaa
select cidx, CVCHAR255, ELT(cidx,CCHAR3,CCHAR7, CVCHAR255) from datatypetestm order by cidx;
cidx	CVCHAR255	ELT(cidx,CCHAR3,CCHAR7, CVCHAR255)
1	aaaaaaaaaa	aaa
select cidx, CVCHAR255, ELT(cidx,CCHAR3,CINTEGER,CDATE,'ALOHA', CVCHAR255) from datatypetestm order by cidx;
cidx	CVCHAR255	ELT(cidx,CCHAR3,CINTEGER,CDATE,'ALOHA', CVCHAR255)
1	aaaaaaaaaa	aaa
select cidx, CCHAR1 from datatypetestm order by ELT(cidx,CCHAR3, CCHAR1), cidx;
cidx	CCHAR1
1	a
select cidx, CCHAR1 from datatypetestm order by ELT(cidx,CCHAR3,CCHAR7, CCHAR1), cidx;
cidx	CCHAR1
1	a
select cidx, CCHAR1 from datatypetestm order by ELT(cidx,CCHAR3,CINTEGER,CDATE,'ALOHA', CCHAR1), cidx;
cidx	CCHAR1
1	a
select cidx, CCHAR2 from datatypetestm order by ELT(cidx,CCHAR3, CCHAR2), cidx;
cidx	CCHAR2
1	aa
select cidx, CCHAR2 from datatypetestm order by ELT(cidx,CCHAR3,CCHAR7, CCHAR2), cidx;
cidx	CCHAR2
1	aa
select cidx, CCHAR2 from datatypetestm order by ELT(cidx,CCHAR3,CINTEGER,CDATE,'ALOHA', CCHAR2), cidx;
cidx	CCHAR2
1	aa
select cidx, CCHAR3 from datatypetestm order by ELT(cidx,CCHAR3, CCHAR3), cidx;
cidx	CCHAR3
1	aaa
select cidx, CCHAR3 from datatypetestm order by ELT(cidx,CCHAR3,CCHAR7, CCHAR3), cidx;
cidx	CCHAR3
1	aaa
select cidx, CCHAR3 from datatypetestm order by ELT(cidx,CCHAR3,CINTEGER,CDATE,'ALOHA', CCHAR3), cidx;
cidx	CCHAR3
1	aaa
select cidx, CCHAR4 from datatypetestm order by ELT(cidx,CCHAR3, CCHAR4), cidx;
cidx	CCHAR4
1	aaaa
select cidx, CCHAR4 from datatypetestm order by ELT(cidx,CCHAR3,CCHAR7, CCHAR4), cidx;
cidx	CCHAR4
1	aaaa
select cidx, CCHAR4 from datatypetestm order by ELT(cidx,CCHAR3,CINTEGER,CDATE,'ALOHA', CCHAR4), cidx;
cidx	CCHAR4
1	aaaa
select cidx, CCHAR5 from datatypetestm order by ELT(cidx,CCHAR3, CCHAR5), cidx;
cidx	CCHAR5
1	aaaaa
select cidx, CCHAR5 from datatypetestm order by ELT(cidx,CCHAR3,CCHAR7, CCHAR5), cidx;
cidx	CCHAR5
1	aaaaa
select cidx, CCHAR5 from datatypetestm order by ELT(cidx,CCHAR3,CINTEGER,CDATE,'ALOHA', CCHAR5), cidx;
cidx	CCHAR5
1	aaaaa
select cidx, CCHAR6 from datatypetestm order by ELT(cidx,CCHAR3, CCHAR6), cidx;
cidx	CCHAR6
1	aaaaaa
select cidx, CCHAR6 from datatypetestm order by ELT(cidx,CCHAR3,CCHAR7, CCHAR6), cidx;
cidx	CCHAR6
1	aaaaaa
select cidx, CCHAR6 from datatypetestm order by ELT(cidx,CCHAR3,CINTEGER,CDATE,'ALOHA', CCHAR6), cidx;
cidx	CCHAR6
1	aaaaaa
select cidx, CCHAR7 from datatypetestm order by ELT(cidx,CCHAR3, CCHAR7), cidx;
cidx	CCHAR7
1	aaaaaaa
select cidx, CCHAR7 from datatypetestm order by ELT(cidx,CCHAR3,CCHAR7, CCHAR7), cidx;
cidx	CCHAR7
1	aaaaaaa
select cidx, CCHAR7 from datatypetestm order by ELT(cidx,CCHAR3,CINTEGER,CDATE,'ALOHA', CCHAR7), cidx;
cidx	CCHAR7
1	aaaaaaa
select cidx, CCHAR8 from datatypetestm order by ELT(cidx,CCHAR3, CCHAR8), cidx;
cidx	CCHAR8
1	aaaaaaaa
select cidx, CCHAR8 from datatypetestm order by ELT(cidx,CCHAR3,CCHAR7, CCHAR8), cidx;
cidx	CCHAR8
1	aaaaaaaa
select cidx, CCHAR8 from datatypetestm order by ELT(cidx,CCHAR3,CINTEGER,CDATE,'ALOHA', CCHAR8), cidx;
cidx	CCHAR8
1	aaaaaaaa
select cidx, CCHAR9 from datatypetestm order by ELT(cidx,CCHAR3, CCHAR9), cidx;
cidx	CCHAR9
1	aaaaaaaaa
select cidx, CCHAR9 from datatypetestm order by ELT(cidx,CCHAR3,CCHAR7, CCHAR9), cidx;
cidx	CCHAR9
1	aaaaaaaaa
select cidx, CCHAR9 from datatypetestm order by ELT(cidx,CCHAR3,CINTEGER,CDATE,'ALOHA', CCHAR9), cidx;
cidx	CCHAR9
1	aaaaaaaaa
select cidx, CCHAR255 from datatypetestm order by ELT(cidx,CCHAR3, CCHAR255), cidx;
cidx	CCHAR255
1	aaaaaaaaaa
select cidx, CCHAR255 from datatypetestm order by ELT(cidx,CCHAR3,CCHAR7, CCHAR255), cidx;
cidx	CCHAR255
1	aaaaaaaaaa
select cidx, CCHAR255 from datatypetestm order by ELT(cidx,CCHAR3,CINTEGER,CDATE,'ALOHA', CCHAR255), cidx;
cidx	CCHAR255
1	aaaaaaaaaa
select cidx, CVCHAR1 from datatypetestm order by ELT(cidx,CCHAR3, CVCHAR1), cidx;
cidx	CVCHAR1
1	a
select cidx, CVCHAR1 from datatypetestm order by ELT(cidx,CCHAR3,CCHAR7, CVCHAR1), cidx;
cidx	CVCHAR1
1	a
select cidx, CVCHAR1 from datatypetestm order by ELT(cidx,CCHAR3,CINTEGER,CDATE,'ALOHA', CVCHAR1), cidx;
cidx	CVCHAR1
1	a
select cidx, CVCHAR2 from datatypetestm order by ELT(cidx,CCHAR3, CVCHAR2), cidx;
cidx	CVCHAR2
1	aa
select cidx, CVCHAR2 from datatypetestm order by ELT(cidx,CCHAR3,CCHAR7, CVCHAR2), cidx;
cidx	CVCHAR2
1	aa
select cidx, CVCHAR2 from datatypetestm order by ELT(cidx,CCHAR3,CINTEGER,CDATE,'ALOHA', CVCHAR2), cidx;
cidx	CVCHAR2
1	aa
select cidx, CVCHAR3 from datatypetestm order by ELT(cidx,CCHAR3, CVCHAR3), cidx;
cidx	CVCHAR3
1	aaa
select cidx, CVCHAR3 from datatypetestm order by ELT(cidx,CCHAR3,CCHAR7, CVCHAR3), cidx;
cidx	CVCHAR3
1	aaa
select cidx, CVCHAR3 from datatypetestm order by ELT(cidx,CCHAR3,CINTEGER,CDATE,'ALOHA', CVCHAR3), cidx;
cidx	CVCHAR3
1	aaa
select cidx, CVCHAR4 from datatypetestm order by ELT(cidx,CCHAR3, CVCHAR4), cidx;
cidx	CVCHAR4
1	aaaa
select cidx, CVCHAR4 from datatypetestm order by ELT(cidx,CCHAR3,CCHAR7, CVCHAR4), cidx;
cidx	CVCHAR4
1	aaaa
select cidx, CVCHAR4 from datatypetestm order by ELT(cidx,CCHAR3,CINTEGER,CDATE,'ALOHA', CVCHAR4), cidx;
cidx	CVCHAR4
1	aaaa
select cidx, CVCHAR5 from datatypetestm order by ELT(cidx,CCHAR3, CVCHAR5), cidx;
cidx	CVCHAR5
1	aaaaa
select cidx, CVCHAR5 from datatypetestm order by ELT(cidx,CCHAR3,CCHAR7, CVCHAR5), cidx;
cidx	CVCHAR5
1	aaaaa
select cidx, CVCHAR5 from datatypetestm order by ELT(cidx,CCHAR3,CINTEGER,CDATE,'ALOHA', CVCHAR5), cidx;
cidx	CVCHAR5
1	aaaaa
select cidx, CVCHAR6 from datatypetestm order by ELT(cidx,CCHAR3, CVCHAR6), cidx;
cidx	CVCHAR6
1	aaaaaa
select cidx, CVCHAR6 from datatypetestm order by ELT(cidx,CCHAR3,CCHAR7, CVCHAR6), cidx;
cidx	CVCHAR6
1	aaaaaa
select cidx, CVCHAR6 from datatypetestm order by ELT(cidx,CCHAR3,CINTEGER,CDATE,'ALOHA', CVCHAR6), cidx;
cidx	CVCHAR6
1	aaaaaa
select cidx, CVCHAR7 from datatypetestm order by ELT(cidx,CCHAR3, CVCHAR7), cidx;
cidx	CVCHAR7
1	aaaaaaa
select cidx, CVCHAR7 from datatypetestm order by ELT(cidx,CCHAR3,CCHAR7, CVCHAR7), cidx;
cidx	CVCHAR7
1	aaaaaaa
select cidx, CVCHAR7 from datatypetestm order by ELT(cidx,CCHAR3,CINTEGER,CDATE,'ALOHA', CVCHAR7), cidx;
cidx	CVCHAR7
1	aaaaaaa
select cidx, CVCHAR8 from datatypetestm order by ELT(cidx,CCHAR3, CVCHAR8), cidx;
cidx	CVCHAR8
1	aaaaaaaa
select cidx, CVCHAR8 from datatypetestm order by ELT(cidx,CCHAR3,CCHAR7, CVCHAR8), cidx;
cidx	CVCHAR8
1	aaaaaaaa
select cidx, CVCHAR8 from datatypetestm order by ELT(cidx,CCHAR3,CINTEGER,CDATE,'ALOHA', CVCHAR8), cidx;
cidx	CVCHAR8
1	aaaaaaaa
select cidx, CVCHAR255 from datatypetestm order by ELT(cidx,CCHAR3, CVCHAR255), cidx;
cidx	CVCHAR255
1	aaaaaaaaaa
select cidx, CVCHAR255 from datatypetestm order by ELT(cidx,CCHAR3,CCHAR7, CVCHAR255), cidx;
cidx	CVCHAR255
1	aaaaaaaaaa
select cidx, CVCHAR255 from datatypetestm order by ELT(cidx,CCHAR3,CINTEGER,CDATE,'ALOHA', CVCHAR255), cidx;
cidx	CVCHAR255
1	aaaaaaaaaa
