USE autopilot;
select cidx, CCHAR1, INSTR(CCHAR1,'aaa') from datatypetestm order by cidx;
cidx	CCHAR1	INSTR(CCHAR1,'aaa')
1	a	0
select cidx, CCHAR1, INSTR(CCHAR1,'zz') from datatypetestm order by cidx;
cidx	CCHAR1	INSTR(CCHAR1,'zz')
1	a	0
select cidx, CCHAR1, INSTR(CCHAR1,'aaaaaaaaaaaa') from datatypetestm order by cidx;
cidx	CCHAR1	INSTR(CCHAR1,'aaaaaaaaaaaa')
1	a	0
select cidx, CCHAR1, INSTR(CCHAR1,'zzzzzzzzzzzzzz') from datatypetestm order by cidx;
cidx	CCHAR1	INSTR(CCHAR1,'zzzzzzzzzzzzzz')
1	a	0
select cidx, CCHAR2, INSTR(CCHAR2,'aaa') from datatypetestm order by cidx;
cidx	CCHAR2	INSTR(CCHAR2,'aaa')
1	aa	0
select cidx, CCHAR2, INSTR(CCHAR2,'zz') from datatypetestm order by cidx;
cidx	CCHAR2	INSTR(CCHAR2,'zz')
1	aa	0
select cidx, CCHAR2, INSTR(CCHAR2,'aaaaaaaaaaaa') from datatypetestm order by cidx;
cidx	CCHAR2	INSTR(CCHAR2,'aaaaaaaaaaaa')
1	aa	0
select cidx, CCHAR2, INSTR(CCHAR2,'zzzzzzzzzzzzzz') from datatypetestm order by cidx;
cidx	CCHAR2	INSTR(CCHAR2,'zzzzzzzzzzzzzz')
1	aa	0
select cidx, CCHAR3, INSTR(CCHAR3,'aaa') from datatypetestm order by cidx;
cidx	CCHAR3	INSTR(CCHAR3,'aaa')
1	aaa	1
select cidx, CCHAR3, INSTR(CCHAR3,'zz') from datatypetestm order by cidx;
cidx	CCHAR3	INSTR(CCHAR3,'zz')
1	aaa	0
select cidx, CCHAR3, INSTR(CCHAR3,'aaaaaaaaaaaa') from datatypetestm order by cidx;
cidx	CCHAR3	INSTR(CCHAR3,'aaaaaaaaaaaa')
1	aaa	0
select cidx, CCHAR3, INSTR(CCHAR3,'zzzzzzzzzzzzzz') from datatypetestm order by cidx;
cidx	CCHAR3	INSTR(CCHAR3,'zzzzzzzzzzzzzz')
1	aaa	0
select cidx, CCHAR4, INSTR(CCHAR4,'aaa') from datatypetestm order by cidx;
cidx	CCHAR4	INSTR(CCHAR4,'aaa')
1	aaaa	1
select cidx, CCHAR4, INSTR(CCHAR4,'zz') from datatypetestm order by cidx;
cidx	CCHAR4	INSTR(CCHAR4,'zz')
1	aaaa	0
select cidx, CCHAR4, INSTR(CCHAR4,'aaaaaaaaaaaa') from datatypetestm order by cidx;
cidx	CCHAR4	INSTR(CCHAR4,'aaaaaaaaaaaa')
1	aaaa	0
select cidx, CCHAR4, INSTR(CCHAR4,'zzzzzzzzzzzzzz') from datatypetestm order by cidx;
cidx	CCHAR4	INSTR(CCHAR4,'zzzzzzzzzzzzzz')
1	aaaa	0
select cidx, CCHAR5, INSTR(CCHAR5,'aaa') from datatypetestm order by cidx;
cidx	CCHAR5	INSTR(CCHAR5,'aaa')
1	aaaaa	1
select cidx, CCHAR5, INSTR(CCHAR5,'zz') from datatypetestm order by cidx;
cidx	CCHAR5	INSTR(CCHAR5,'zz')
1	aaaaa	0
select cidx, CCHAR5, INSTR(CCHAR5,'aaaaaaaaaaaa') from datatypetestm order by cidx;
cidx	CCHAR5	INSTR(CCHAR5,'aaaaaaaaaaaa')
1	aaaaa	0
select cidx, CCHAR5, INSTR(CCHAR5,'zzzzzzzzzzzzzz') from datatypetestm order by cidx;
cidx	CCHAR5	INSTR(CCHAR5,'zzzzzzzzzzzzzz')
1	aaaaa	0
select cidx, CCHAR6, INSTR(CCHAR6,'aaa') from datatypetestm order by cidx;
cidx	CCHAR6	INSTR(CCHAR6,'aaa')
1	aaaaaa	1
select cidx, CCHAR6, INSTR(CCHAR6,'zz') from datatypetestm order by cidx;
cidx	CCHAR6	INSTR(CCHAR6,'zz')
1	aaaaaa	0
select cidx, CCHAR6, INSTR(CCHAR6,'aaaaaaaaaaaa') from datatypetestm order by cidx;
cidx	CCHAR6	INSTR(CCHAR6,'aaaaaaaaaaaa')
1	aaaaaa	0
select cidx, CCHAR6, INSTR(CCHAR6,'zzzzzzzzzzzzzz') from datatypetestm order by cidx;
cidx	CCHAR6	INSTR(CCHAR6,'zzzzzzzzzzzzzz')
1	aaaaaa	0
select cidx, CCHAR7, INSTR(CCHAR7,'aaa') from datatypetestm order by cidx;
cidx	CCHAR7	INSTR(CCHAR7,'aaa')
1	aaaaaaa	1
select cidx, CCHAR7, INSTR(CCHAR7,'zz') from datatypetestm order by cidx;
cidx	CCHAR7	INSTR(CCHAR7,'zz')
1	aaaaaaa	0
select cidx, CCHAR7, INSTR(CCHAR7,'aaaaaaaaaaaa') from datatypetestm order by cidx;
cidx	CCHAR7	INSTR(CCHAR7,'aaaaaaaaaaaa')
1	aaaaaaa	0
select cidx, CCHAR7, INSTR(CCHAR7,'zzzzzzzzzzzzzz') from datatypetestm order by cidx;
cidx	CCHAR7	INSTR(CCHAR7,'zzzzzzzzzzzzzz')
1	aaaaaaa	0
select cidx, CCHAR8, INSTR(CCHAR8,'aaa') from datatypetestm order by cidx;
cidx	CCHAR8	INSTR(CCHAR8,'aaa')
1	aaaaaaaa	1
select cidx, CCHAR8, INSTR(CCHAR8,'zz') from datatypetestm order by cidx;
cidx	CCHAR8	INSTR(CCHAR8,'zz')
1	aaaaaaaa	0
select cidx, CCHAR8, INSTR(CCHAR8,'aaaaaaaaaaaa') from datatypetestm order by cidx;
cidx	CCHAR8	INSTR(CCHAR8,'aaaaaaaaaaaa')
1	aaaaaaaa	0
select cidx, CCHAR8, INSTR(CCHAR8,'zzzzzzzzzzzzzz') from datatypetestm order by cidx;
cidx	CCHAR8	INSTR(CCHAR8,'zzzzzzzzzzzzzz')
1	aaaaaaaa	0
select cidx, CCHAR9, INSTR(CCHAR9,'aaa') from datatypetestm order by cidx;
cidx	CCHAR9	INSTR(CCHAR9,'aaa')
1	aaaaaaaaa	1
select cidx, CCHAR9, INSTR(CCHAR9,'zz') from datatypetestm order by cidx;
cidx	CCHAR9	INSTR(CCHAR9,'zz')
1	aaaaaaaaa	0
select cidx, CCHAR9, INSTR(CCHAR9,'aaaaaaaaaaaa') from datatypetestm order by cidx;
cidx	CCHAR9	INSTR(CCHAR9,'aaaaaaaaaaaa')
1	aaaaaaaaa	0
select cidx, CCHAR9, INSTR(CCHAR9,'zzzzzzzzzzzzzz') from datatypetestm order by cidx;
cidx	CCHAR9	INSTR(CCHAR9,'zzzzzzzzzzzzzz')
1	aaaaaaaaa	0
select cidx, CCHAR255, INSTR(CCHAR255,'aaa') from datatypetestm order by cidx;
cidx	CCHAR255	INSTR(CCHAR255,'aaa')
1	aaaaaaaaaa	1
select cidx, CCHAR255, INSTR(CCHAR255,'zz') from datatypetestm order by cidx;
cidx	CCHAR255	INSTR(CCHAR255,'zz')
1	aaaaaaaaaa	0
select cidx, CCHAR255, INSTR(CCHAR255,'aaaaaaaaaaaa') from datatypetestm order by cidx;
cidx	CCHAR255	INSTR(CCHAR255,'aaaaaaaaaaaa')
1	aaaaaaaaaa	0
select cidx, CCHAR255, INSTR(CCHAR255,'zzzzzzzzzzzzzz') from datatypetestm order by cidx;
cidx	CCHAR255	INSTR(CCHAR255,'zzzzzzzzzzzzzz')
1	aaaaaaaaaa	0
select cidx, CVCHAR1, INSTR(CVCHAR1,'aaa') from datatypetestm order by cidx;
cidx	CVCHAR1	INSTR(CVCHAR1,'aaa')
1	a	0
select cidx, CVCHAR1, INSTR(CVCHAR1,'zz') from datatypetestm order by cidx;
cidx	CVCHAR1	INSTR(CVCHAR1,'zz')
1	a	0
select cidx, CVCHAR1, INSTR(CVCHAR1,'aaaaaaaaaaaa') from datatypetestm order by cidx;
cidx	CVCHAR1	INSTR(CVCHAR1,'aaaaaaaaaaaa')
1	a	0
select cidx, CVCHAR1, INSTR(CVCHAR1,'zzzzzzzzzzzzzz') from datatypetestm order by cidx;
cidx	CVCHAR1	INSTR(CVCHAR1,'zzzzzzzzzzzzzz')
1	a	0
select cidx, CVCHAR2, INSTR(CVCHAR2,'aaa') from datatypetestm order by cidx;
cidx	CVCHAR2	INSTR(CVCHAR2,'aaa')
1	aa	0
select cidx, CVCHAR2, INSTR(CVCHAR2,'zz') from datatypetestm order by cidx;
cidx	CVCHAR2	INSTR(CVCHAR2,'zz')
1	aa	0
select cidx, CVCHAR2, INSTR(CVCHAR2,'aaaaaaaaaaaa') from datatypetestm order by cidx;
cidx	CVCHAR2	INSTR(CVCHAR2,'aaaaaaaaaaaa')
1	aa	0
select cidx, CVCHAR2, INSTR(CVCHAR2,'zzzzzzzzzzzzzz') from datatypetestm order by cidx;
cidx	CVCHAR2	INSTR(CVCHAR2,'zzzzzzzzzzzzzz')
1	aa	0
select cidx, CVCHAR3, INSTR(CVCHAR3,'aaa') from datatypetestm order by cidx;
cidx	CVCHAR3	INSTR(CVCHAR3,'aaa')
1	aaa	1
select cidx, CVCHAR3, INSTR(CVCHAR3,'zz') from datatypetestm order by cidx;
cidx	CVCHAR3	INSTR(CVCHAR3,'zz')
1	aaa	0
select cidx, CVCHAR3, INSTR(CVCHAR3,'aaaaaaaaaaaa') from datatypetestm order by cidx;
cidx	CVCHAR3	INSTR(CVCHAR3,'aaaaaaaaaaaa')
1	aaa	0
select cidx, CVCHAR3, INSTR(CVCHAR3,'zzzzzzzzzzzzzz') from datatypetestm order by cidx;
cidx	CVCHAR3	INSTR(CVCHAR3,'zzzzzzzzzzzzzz')
1	aaa	0
select cidx, CVCHAR4, INSTR(CVCHAR4,'aaa') from datatypetestm order by cidx;
cidx	CVCHAR4	INSTR(CVCHAR4,'aaa')
1	aaaa	1
select cidx, CVCHAR4, INSTR(CVCHAR4,'zz') from datatypetestm order by cidx;
cidx	CVCHAR4	INSTR(CVCHAR4,'zz')
1	aaaa	0
select cidx, CVCHAR4, INSTR(CVCHAR4,'aaaaaaaaaaaa') from datatypetestm order by cidx;
cidx	CVCHAR4	INSTR(CVCHAR4,'aaaaaaaaaaaa')
1	aaaa	0
select cidx, CVCHAR4, INSTR(CVCHAR4,'zzzzzzzzzzzzzz') from datatypetestm order by cidx;
cidx	CVCHAR4	INSTR(CVCHAR4,'zzzzzzzzzzzzzz')
1	aaaa	0
select cidx, CVCHAR5, INSTR(CVCHAR5,'aaa') from datatypetestm order by cidx;
cidx	CVCHAR5	INSTR(CVCHAR5,'aaa')
1	aaaaa	1
select cidx, CVCHAR5, INSTR(CVCHAR5,'zz') from datatypetestm order by cidx;
cidx	CVCHAR5	INSTR(CVCHAR5,'zz')
1	aaaaa	0
select cidx, CVCHAR5, INSTR(CVCHAR5,'aaaaaaaaaaaa') from datatypetestm order by cidx;
cidx	CVCHAR5	INSTR(CVCHAR5,'aaaaaaaaaaaa')
1	aaaaa	0
select cidx, CVCHAR5, INSTR(CVCHAR5,'zzzzzzzzzzzzzz') from datatypetestm order by cidx;
cidx	CVCHAR5	INSTR(CVCHAR5,'zzzzzzzzzzzzzz')
1	aaaaa	0
select cidx, CVCHAR6, INSTR(CVCHAR6,'aaa') from datatypetestm order by cidx;
cidx	CVCHAR6	INSTR(CVCHAR6,'aaa')
1	aaaaaa	1
select cidx, CVCHAR6, INSTR(CVCHAR6,'zz') from datatypetestm order by cidx;
cidx	CVCHAR6	INSTR(CVCHAR6,'zz')
1	aaaaaa	0
select cidx, CVCHAR6, INSTR(CVCHAR6,'aaaaaaaaaaaa') from datatypetestm order by cidx;
cidx	CVCHAR6	INSTR(CVCHAR6,'aaaaaaaaaaaa')
1	aaaaaa	0
select cidx, CVCHAR6, INSTR(CVCHAR6,'zzzzzzzzzzzzzz') from datatypetestm order by cidx;
cidx	CVCHAR6	INSTR(CVCHAR6,'zzzzzzzzzzzzzz')
1	aaaaaa	0
select cidx, CVCHAR7, INSTR(CVCHAR7,'aaa') from datatypetestm order by cidx;
cidx	CVCHAR7	INSTR(CVCHAR7,'aaa')
1	aaaaaaa	1
select cidx, CVCHAR7, INSTR(CVCHAR7,'zz') from datatypetestm order by cidx;
cidx	CVCHAR7	INSTR(CVCHAR7,'zz')
1	aaaaaaa	0
select cidx, CVCHAR7, INSTR(CVCHAR7,'aaaaaaaaaaaa') from datatypetestm order by cidx;
cidx	CVCHAR7	INSTR(CVCHAR7,'aaaaaaaaaaaa')
1	aaaaaaa	0
select cidx, CVCHAR7, INSTR(CVCHAR7,'zzzzzzzzzzzzzz') from datatypetestm order by cidx;
cidx	CVCHAR7	INSTR(CVCHAR7,'zzzzzzzzzzzzzz')
1	aaaaaaa	0
select cidx, CVCHAR8, INSTR(CVCHAR8,'aaa') from datatypetestm order by cidx;
cidx	CVCHAR8	INSTR(CVCHAR8,'aaa')
1	aaaaaaaa	1
select cidx, CVCHAR8, INSTR(CVCHAR8,'zz') from datatypetestm order by cidx;
cidx	CVCHAR8	INSTR(CVCHAR8,'zz')
1	aaaaaaaa	0
select cidx, CVCHAR8, INSTR(CVCHAR8,'aaaaaaaaaaaa') from datatypetestm order by cidx;
cidx	CVCHAR8	INSTR(CVCHAR8,'aaaaaaaaaaaa')
1	aaaaaaaa	0
select cidx, CVCHAR8, INSTR(CVCHAR8,'zzzzzzzzzzzzzz') from datatypetestm order by cidx;
cidx	CVCHAR8	INSTR(CVCHAR8,'zzzzzzzzzzzzzz')
1	aaaaaaaa	0
select cidx, CVCHAR255, INSTR(CVCHAR255,'aaa') from datatypetestm order by cidx;
cidx	CVCHAR255	INSTR(CVCHAR255,'aaa')
1	aaaaaaaaaa	1
select cidx, CVCHAR255, INSTR(CVCHAR255,'zz') from datatypetestm order by cidx;
cidx	CVCHAR255	INSTR(CVCHAR255,'zz')
1	aaaaaaaaaa	0
select cidx, CVCHAR255, INSTR(CVCHAR255,'aaaaaaaaaaaa') from datatypetestm order by cidx;
cidx	CVCHAR255	INSTR(CVCHAR255,'aaaaaaaaaaaa')
1	aaaaaaaaaa	0
select cidx, CVCHAR255, INSTR(CVCHAR255,'zzzzzzzzzzzzzz') from datatypetestm order by cidx;
cidx	CVCHAR255	INSTR(CVCHAR255,'zzzzzzzzzzzzzz')
1	aaaaaaaaaa	0
select cidx, CCHAR1 from datatypetestm order by INSTR(CCHAR1,'aaa'), cidx;
cidx	CCHAR1
1	a
select cidx, CCHAR1 from datatypetestm order by INSTR(CCHAR1,'zz'), cidx;
cidx	CCHAR1
1	a
select cidx, CCHAR1 from datatypetestm order by INSTR(CCHAR1,'aaaaaaaaaaaa'), cidx;
cidx	CCHAR1
1	a
select cidx, CCHAR1 from datatypetestm order by INSTR(CCHAR1,'zzzzzzzzzzzzzz'), cidx;
cidx	CCHAR1
1	a
select cidx, CCHAR2 from datatypetestm order by INSTR(CCHAR2,'aaa'), cidx;
cidx	CCHAR2
1	aa
select cidx, CCHAR2 from datatypetestm order by INSTR(CCHAR2,'zz'), cidx;
cidx	CCHAR2
1	aa
select cidx, CCHAR2 from datatypetestm order by INSTR(CCHAR2,'aaaaaaaaaaaa'), cidx;
cidx	CCHAR2
1	aa
select cidx, CCHAR2 from datatypetestm order by INSTR(CCHAR2,'zzzzzzzzzzzzzz'), cidx;
cidx	CCHAR2
1	aa
select cidx, CCHAR3 from datatypetestm order by INSTR(CCHAR3,'aaa'), cidx;
cidx	CCHAR3
1	aaa
select cidx, CCHAR3 from datatypetestm order by INSTR(CCHAR3,'zz'), cidx;
cidx	CCHAR3
1	aaa
select cidx, CCHAR3 from datatypetestm order by INSTR(CCHAR3,'aaaaaaaaaaaa'), cidx;
cidx	CCHAR3
1	aaa
select cidx, CCHAR3 from datatypetestm order by INSTR(CCHAR3,'zzzzzzzzzzzzzz'), cidx;
cidx	CCHAR3
1	aaa
select cidx, CCHAR4 from datatypetestm order by INSTR(CCHAR4,'aaa'), cidx;
cidx	CCHAR4
1	aaaa
select cidx, CCHAR4 from datatypetestm order by INSTR(CCHAR4,'zz'), cidx;
cidx	CCHAR4
1	aaaa
select cidx, CCHAR4 from datatypetestm order by INSTR(CCHAR4,'aaaaaaaaaaaa'), cidx;
cidx	CCHAR4
1	aaaa
select cidx, CCHAR4 from datatypetestm order by INSTR(CCHAR4,'zzzzzzzzzzzzzz'), cidx;
cidx	CCHAR4
1	aaaa
select cidx, CCHAR5 from datatypetestm order by INSTR(CCHAR5,'aaa'), cidx;
cidx	CCHAR5
1	aaaaa
select cidx, CCHAR5 from datatypetestm order by INSTR(CCHAR5,'zz'), cidx;
cidx	CCHAR5
1	aaaaa
select cidx, CCHAR5 from datatypetestm order by INSTR(CCHAR5,'aaaaaaaaaaaa'), cidx;
cidx	CCHAR5
1	aaaaa
select cidx, CCHAR5 from datatypetestm order by INSTR(CCHAR5,'zzzzzzzzzzzzzz'), cidx;
cidx	CCHAR5
1	aaaaa
select cidx, CCHAR6 from datatypetestm order by INSTR(CCHAR6,'aaa'), cidx;
cidx	CCHAR6
1	aaaaaa
select cidx, CCHAR6 from datatypetestm order by INSTR(CCHAR6,'zz'), cidx;
cidx	CCHAR6
1	aaaaaa
select cidx, CCHAR6 from datatypetestm order by INSTR(CCHAR6,'aaaaaaaaaaaa'), cidx;
cidx	CCHAR6
1	aaaaaa
select cidx, CCHAR6 from datatypetestm order by INSTR(CCHAR6,'zzzzzzzzzzzzzz'), cidx;
cidx	CCHAR6
1	aaaaaa
select cidx, CCHAR7 from datatypetestm order by INSTR(CCHAR7,'aaa'), cidx;
cidx	CCHAR7
1	aaaaaaa
select cidx, CCHAR7 from datatypetestm order by INSTR(CCHAR7,'zz'), cidx;
cidx	CCHAR7
1	aaaaaaa
select cidx, CCHAR7 from datatypetestm order by INSTR(CCHAR7,'aaaaaaaaaaaa'), cidx;
cidx	CCHAR7
1	aaaaaaa
select cidx, CCHAR7 from datatypetestm order by INSTR(CCHAR7,'zzzzzzzzzzzzzz'), cidx;
cidx	CCHAR7
1	aaaaaaa
select cidx, CCHAR8 from datatypetestm order by INSTR(CCHAR8,'aaa'), cidx;
cidx	CCHAR8
1	aaaaaaaa
select cidx, CCHAR8 from datatypetestm order by INSTR(CCHAR8,'zz'), cidx;
cidx	CCHAR8
1	aaaaaaaa
select cidx, CCHAR8 from datatypetestm order by INSTR(CCHAR8,'aaaaaaaaaaaa'), cidx;
cidx	CCHAR8
1	aaaaaaaa
select cidx, CCHAR8 from datatypetestm order by INSTR(CCHAR8,'zzzzzzzzzzzzzz'), cidx;
cidx	CCHAR8
1	aaaaaaaa
select cidx, CCHAR9 from datatypetestm order by INSTR(CCHAR9,'aaa'), cidx;
cidx	CCHAR9
1	aaaaaaaaa
select cidx, CCHAR9 from datatypetestm order by INSTR(CCHAR9,'zz'), cidx;
cidx	CCHAR9
1	aaaaaaaaa
select cidx, CCHAR9 from datatypetestm order by INSTR(CCHAR9,'aaaaaaaaaaaa'), cidx;
cidx	CCHAR9
1	aaaaaaaaa
select cidx, CCHAR9 from datatypetestm order by INSTR(CCHAR9,'zzzzzzzzzzzzzz'), cidx;
cidx	CCHAR9
1	aaaaaaaaa
select cidx, CCHAR255 from datatypetestm order by INSTR(CCHAR255,'aaa'), cidx;
cidx	CCHAR255
1	aaaaaaaaaa
select cidx, CCHAR255 from datatypetestm order by INSTR(CCHAR255,'zz'), cidx;
cidx	CCHAR255
1	aaaaaaaaaa
select cidx, CCHAR255 from datatypetestm order by INSTR(CCHAR255,'aaaaaaaaaaaa'), cidx;
cidx	CCHAR255
1	aaaaaaaaaa
select cidx, CCHAR255 from datatypetestm order by INSTR(CCHAR255,'zzzzzzzzzzzzzz'), cidx;
cidx	CCHAR255
1	aaaaaaaaaa
select cidx, CVCHAR1 from datatypetestm order by INSTR(CVCHAR1,'aaa'), cidx;
cidx	CVCHAR1
1	a
select cidx, CVCHAR1 from datatypetestm order by INSTR(CVCHAR1,'zz'), cidx;
cidx	CVCHAR1
1	a
select cidx, CVCHAR1 from datatypetestm order by INSTR(CVCHAR1,'aaaaaaaaaaaa'), cidx;
cidx	CVCHAR1
1	a
select cidx, CVCHAR1 from datatypetestm order by INSTR(CVCHAR1,'zzzzzzzzzzzzzz'), cidx;
cidx	CVCHAR1
1	a
select cidx, CVCHAR2 from datatypetestm order by INSTR(CVCHAR2,'aaa'), cidx;
cidx	CVCHAR2
1	aa
select cidx, CVCHAR2 from datatypetestm order by INSTR(CVCHAR2,'zz'), cidx;
cidx	CVCHAR2
1	aa
select cidx, CVCHAR2 from datatypetestm order by INSTR(CVCHAR2,'aaaaaaaaaaaa'), cidx;
cidx	CVCHAR2
1	aa
select cidx, CVCHAR2 from datatypetestm order by INSTR(CVCHAR2,'zzzzzzzzzzzzzz'), cidx;
cidx	CVCHAR2
1	aa
select cidx, CVCHAR3 from datatypetestm order by INSTR(CVCHAR3,'aaa'), cidx;
cidx	CVCHAR3
1	aaa
select cidx, CVCHAR3 from datatypetestm order by INSTR(CVCHAR3,'zz'), cidx;
cidx	CVCHAR3
1	aaa
select cidx, CVCHAR3 from datatypetestm order by INSTR(CVCHAR3,'aaaaaaaaaaaa'), cidx;
cidx	CVCHAR3
1	aaa
select cidx, CVCHAR3 from datatypetestm order by INSTR(CVCHAR3,'zzzzzzzzzzzzzz'), cidx;
cidx	CVCHAR3
1	aaa
select cidx, CVCHAR4 from datatypetestm order by INSTR(CVCHAR4,'aaa'), cidx;
cidx	CVCHAR4
1	aaaa
select cidx, CVCHAR4 from datatypetestm order by INSTR(CVCHAR4,'zz'), cidx;
cidx	CVCHAR4
1	aaaa
select cidx, CVCHAR4 from datatypetestm order by INSTR(CVCHAR4,'aaaaaaaaaaaa'), cidx;
cidx	CVCHAR4
1	aaaa
select cidx, CVCHAR4 from datatypetestm order by INSTR(CVCHAR4,'zzzzzzzzzzzzzz'), cidx;
cidx	CVCHAR4
1	aaaa
select cidx, CVCHAR5 from datatypetestm order by INSTR(CVCHAR5,'aaa'), cidx;
cidx	CVCHAR5
1	aaaaa
select cidx, CVCHAR5 from datatypetestm order by INSTR(CVCHAR5,'zz'), cidx;
cidx	CVCHAR5
1	aaaaa
select cidx, CVCHAR5 from datatypetestm order by INSTR(CVCHAR5,'aaaaaaaaaaaa'), cidx;
cidx	CVCHAR5
1	aaaaa
select cidx, CVCHAR5 from datatypetestm order by INSTR(CVCHAR5,'zzzzzzzzzzzzzz'), cidx;
cidx	CVCHAR5
1	aaaaa
select cidx, CVCHAR6 from datatypetestm order by INSTR(CVCHAR6,'aaa'), cidx;
cidx	CVCHAR6
1	aaaaaa
select cidx, CVCHAR6 from datatypetestm order by INSTR(CVCHAR6,'zz'), cidx;
cidx	CVCHAR6
1	aaaaaa
select cidx, CVCHAR6 from datatypetestm order by INSTR(CVCHAR6,'aaaaaaaaaaaa'), cidx;
cidx	CVCHAR6
1	aaaaaa
select cidx, CVCHAR6 from datatypetestm order by INSTR(CVCHAR6,'zzzzzzzzzzzzzz'), cidx;
cidx	CVCHAR6
1	aaaaaa
select cidx, CVCHAR7 from datatypetestm order by INSTR(CVCHAR7,'aaa'), cidx;
cidx	CVCHAR7
1	aaaaaaa
select cidx, CVCHAR7 from datatypetestm order by INSTR(CVCHAR7,'zz'), cidx;
cidx	CVCHAR7
1	aaaaaaa
select cidx, CVCHAR7 from datatypetestm order by INSTR(CVCHAR7,'aaaaaaaaaaaa'), cidx;
cidx	CVCHAR7
1	aaaaaaa
select cidx, CVCHAR7 from datatypetestm order by INSTR(CVCHAR7,'zzzzzzzzzzzzzz'), cidx;
cidx	CVCHAR7
1	aaaaaaa
select cidx, CVCHAR8 from datatypetestm order by INSTR(CVCHAR8,'aaa'), cidx;
cidx	CVCHAR8
1	aaaaaaaa
select cidx, CVCHAR8 from datatypetestm order by INSTR(CVCHAR8,'zz'), cidx;
cidx	CVCHAR8
1	aaaaaaaa
select cidx, CVCHAR8 from datatypetestm order by INSTR(CVCHAR8,'aaaaaaaaaaaa'), cidx;
cidx	CVCHAR8
1	aaaaaaaa
select cidx, CVCHAR8 from datatypetestm order by INSTR(CVCHAR8,'zzzzzzzzzzzzzz'), cidx;
cidx	CVCHAR8
1	aaaaaaaa
select cidx, CVCHAR255 from datatypetestm order by INSTR(CVCHAR255,'aaa'), cidx;
cidx	CVCHAR255
1	aaaaaaaaaa
select cidx, CVCHAR255 from datatypetestm order by INSTR(CVCHAR255,'zz'), cidx;
cidx	CVCHAR255
1	aaaaaaaaaa
select cidx, CVCHAR255 from datatypetestm order by INSTR(CVCHAR255,'aaaaaaaaaaaa'), cidx;
cidx	CVCHAR255
1	aaaaaaaaaa
select cidx, CVCHAR255 from datatypetestm order by INSTR(CVCHAR255,'zzzzzzzzzzzzzz'), cidx;
cidx	CVCHAR255
1	aaaaaaaaaa
