USE autopilot;
select dtt1.cidx, dtt1.CDECIMAL10, dtt2.CCHAR4 from datatypetestm1 dtt1, datatypetestm2 dtt2 where dtt1.cidx = dtt2.cidx and dtt1.CDECIMAL10 > dtt2.CCHAR4 ;
cidx	CDECIMAL10	CCHAR4
6	9999995	wwww
7	9999996	wwww
8	9999997	wwww
9	9999998	wwww
10	9999999	zzzz
select dtt1.cidx, dtt1.CDECIMAL10, dtt2.CCHAR4 from datatypetestm1 dtt1, datatypetestm2 dtt2 where dtt1.cidx = dtt2.cidx and dtt1.CDECIMAL10 >= dtt2.CCHAR4 ;
cidx	CDECIMAL10	CCHAR4
6	9999995	wwww
7	9999996	wwww
8	9999997	wwww
9	9999998	wwww
10	9999999	zzzz
select dtt1.cidx, dtt1.CDECIMAL10, dtt2.CCHAR4 from datatypetestm1 dtt1, datatypetestm2 dtt2 where dtt1.cidx = dtt2.cidx and dtt1.CDECIMAL10 <> dtt2.CCHAR4 ;
cidx	CDECIMAL10	CCHAR4
1	-9999999	aaaa
2	-9999998	d
3	-9999997	dd
4	-9999996	ddd
5	-9999995	dddd
6	9999995	wwww
7	9999996	wwww
8	9999997	wwww
9	9999998	wwww
10	9999999	zzzz
select dtt1.cidx, dtt1.CDECIMAL10, dtt2.CCHAR4 from datatypetestm1 dtt1, datatypetestm2 dtt2 where dtt1.cidx = dtt2.cidx and dtt1.CDECIMAL10 < dtt2.CCHAR4 ;
cidx	CDECIMAL10	CCHAR4
1	-9999999	aaaa
2	-9999998	d
3	-9999997	dd
4	-9999996	ddd
5	-9999995	dddd
select dtt1.cidx, dtt1.CDECIMAL10, dtt2.CCHAR4 from datatypetestm1 dtt1, datatypetestm2 dtt2 where dtt1.cidx = dtt2.cidx and dtt1.CDECIMAL10 <= dtt2.CCHAR4 ;
cidx	CDECIMAL10	CCHAR4
1	-9999999	aaaa
2	-9999998	d
3	-9999997	dd
4	-9999996	ddd
5	-9999995	dddd
