USE autopilot;
select cidx, CCHAR1, CRC32(CCHAR1) from datatypetestm order by cidx;
cidx	CCHAR1	CRC32(CCHAR1)
1	a	3904355907
select cidx, CCHAR2, CRC32(CCHAR2) from datatypetestm order by cidx;
cidx	CCHAR2	CRC32(CCHAR2)
1	aa	126491095
select cidx, CCHAR3, CRC32(CCHAR3) from datatypetestm order by cidx;
cidx	CCHAR3	CRC32(CCHAR3)
1	aaa	4027020077
select cidx, CCHAR4, CRC32(CCHAR4) from datatypetestm order by cidx;
cidx	CCHAR4	CRC32(CCHAR4)
1	aaaa	2912478533
select cidx, CCHAR5, CRC32(CCHAR5) from datatypetestm order by cidx;
cidx	CCHAR5	CRC32(CCHAR5)
1	aaaaa	4004287417
select cidx, CCHAR6, CRC32(CCHAR6) from datatypetestm order by cidx;
cidx	CCHAR6	CRC32(CCHAR6)
1	aaaaaa	1524898296
select cidx, CCHAR7, CRC32(CCHAR7) from datatypetestm order by cidx;
cidx	CCHAR7	CRC32(CCHAR7)
1	aaaaaaa	1535844468
select cidx, CCHAR8, CRC32(CCHAR8) from datatypetestm order by cidx;
cidx	CCHAR8	CRC32(CCHAR8)
1	aaaaaaaa	3213131846
select cidx, CCHAR9, CRC32(CCHAR9) from datatypetestm order by cidx;
cidx	CCHAR9	CRC32(CCHAR9)
1	aaaaaaaaa	2008538726
select cidx, CCHAR255, CRC32(CCHAR255) from datatypetestm order by cidx;
cidx	CCHAR255	CRC32(CCHAR255)
1	aaaaaaaaaa	1276235248
select cidx, CVCHAR1, CRC32(CVCHAR1) from datatypetestm order by cidx;
cidx	CVCHAR1	CRC32(CVCHAR1)
1	a	3904355907
select cidx, CVCHAR2, CRC32(CVCHAR2) from datatypetestm order by cidx;
cidx	CVCHAR2	CRC32(CVCHAR2)
1	aa	126491095
select cidx, CVCHAR3, CRC32(CVCHAR3) from datatypetestm order by cidx;
cidx	CVCHAR3	CRC32(CVCHAR3)
1	aaa	4027020077
select cidx, CVCHAR4, CRC32(CVCHAR4) from datatypetestm order by cidx;
cidx	CVCHAR4	CRC32(CVCHAR4)
1	aaaa	2912478533
select cidx, CVCHAR5, CRC32(CVCHAR5) from datatypetestm order by cidx;
cidx	CVCHAR5	CRC32(CVCHAR5)
1	aaaaa	4004287417
select cidx, CVCHAR6, CRC32(CVCHAR6) from datatypetestm order by cidx;
cidx	CVCHAR6	CRC32(CVCHAR6)
1	aaaaaa	1524898296
select cidx, CVCHAR7, CRC32(CVCHAR7) from datatypetestm order by cidx;
cidx	CVCHAR7	CRC32(CVCHAR7)
1	aaaaaaa	1535844468
select cidx, CVCHAR8, CRC32(CVCHAR8) from datatypetestm order by cidx;
cidx	CVCHAR8	CRC32(CVCHAR8)
1	aaaaaaaa	3213131846
select cidx, CVCHAR255, CRC32(CVCHAR255) from datatypetestm order by cidx;
cidx	CVCHAR255	CRC32(CVCHAR255)
1	aaaaaaaaaa	1276235248
select cidx, CRC32('NULL') from datatypetestm order by cidx;
cidx	CRC32('NULL')
1	324932091
select cidx, CRC32('null') from datatypetestm order by cidx;
cidx	CRC32('null')
1	634125391
select cidx, CRC32(' ') from datatypetestm order by cidx;
cidx	CRC32(' ')
1	3916222277
select cidx, CRC32(' THIS ') from datatypetestm order by cidx;
cidx	CRC32(' THIS ')
1	4042138972
select cidx, CRC32('this') from datatypetestm order by cidx;
cidx	CRC32('this')
1	4277043751
select cidx, CRC32('t') from datatypetestm order by cidx;
cidx	CRC32('t')
1	2238339752
select cidx, CCHAR1 from datatypetestm where CRC32(CCHAR1) <> 0 order by cidx;
cidx	CCHAR1
1	a
select cidx, CCHAR2 from datatypetestm where CRC32(CCHAR2) <> 0 order by cidx;
cidx	CCHAR2
1	aa
select cidx, CCHAR3 from datatypetestm where CRC32(CCHAR3) <> 0 order by cidx;
cidx	CCHAR3
1	aaa
select cidx, CCHAR4 from datatypetestm where CRC32(CCHAR4) <> 0 order by cidx;
cidx	CCHAR4
1	aaaa
select cidx, CCHAR5 from datatypetestm where CRC32(CCHAR5) <> 0 order by cidx;
cidx	CCHAR5
1	aaaaa
select cidx, CCHAR6 from datatypetestm where CRC32(CCHAR6) <> 0 order by cidx;
cidx	CCHAR6
1	aaaaaa
select cidx, CCHAR7 from datatypetestm where CRC32(CCHAR7) <> 0 order by cidx;
cidx	CCHAR7
1	aaaaaaa
select cidx, CCHAR8 from datatypetestm where CRC32(CCHAR8) <> 0 order by cidx;
cidx	CCHAR8
1	aaaaaaaa
select cidx, CCHAR9 from datatypetestm where CRC32(CCHAR9) <> 0 order by cidx;
cidx	CCHAR9
1	aaaaaaaaa
select cidx, CCHAR255 from datatypetestm where CRC32(CCHAR255) <> 0 order by cidx;
cidx	CCHAR255
1	aaaaaaaaaa
select cidx, CVCHAR1 from datatypetestm where CRC32(CVCHAR1) <> 0 order by cidx;
cidx	CVCHAR1
1	a
select cidx, CVCHAR2 from datatypetestm where CRC32(CVCHAR2) <> 0 order by cidx;
cidx	CVCHAR2
1	aa
select cidx, CVCHAR3 from datatypetestm where CRC32(CVCHAR3) <> 0 order by cidx;
cidx	CVCHAR3
1	aaa
select cidx, CVCHAR4 from datatypetestm where CRC32(CVCHAR4) <> 0 order by cidx;
cidx	CVCHAR4
1	aaaa
select cidx, CVCHAR5 from datatypetestm where CRC32(CVCHAR5) <> 0 order by cidx;
cidx	CVCHAR5
1	aaaaa
select cidx, CVCHAR6 from datatypetestm where CRC32(CVCHAR6) <> 0 order by cidx;
cidx	CVCHAR6
1	aaaaaa
select cidx, CVCHAR7 from datatypetestm where CRC32(CVCHAR7) <> 0 order by cidx;
cidx	CVCHAR7
1	aaaaaaa
select cidx, CVCHAR8 from datatypetestm where CRC32(CVCHAR8) <> 0 order by cidx;
cidx	CVCHAR8
1	aaaaaaaa
select cidx, CVCHAR255 from datatypetestm where CRC32(CVCHAR255) <> 0 order by cidx;
cidx	CVCHAR255
1	aaaaaaaaaa
