USE autopilot;
select dtt1.cidx, dtt1.CCHAR9, dtt2.CDECIMAL1 from datatypetestm1 dtt1, datatypetestm2 dtt2 where dtt1.cidx = dtt2.cidx and dtt1.CCHAR9 > dtt2.CDECIMAL1 ;
cidx	CCHAR9	CDECIMAL1
1	aaaaaaaaa	-9
2	i	-8
3	ii	-7
4	iii	-6
5	iiii	-5
select dtt1.cidx, dtt1.CCHAR9, dtt2.CDECIMAL1 from datatypetestm1 dtt1, datatypetestm2 dtt2 where dtt1.cidx = dtt2.cidx and dtt1.CCHAR9 >= dtt2.CDECIMAL1 ;
cidx	CCHAR9	CDECIMAL1
1	aaaaaaaaa	-9
2	i	-8
3	ii	-7
4	iii	-6
5	iiii	-5
select dtt1.cidx, dtt1.CCHAR9, dtt2.CDECIMAL1 from datatypetestm1 dtt1, datatypetestm2 dtt2 where dtt1.cidx = dtt2.cidx and dtt1.CCHAR9 <> dtt2.CDECIMAL1 ;
cidx	CCHAR9	CDECIMAL1
1	aaaaaaaaa	-9
2	i	-8
3	ii	-7
4	iii	-6
5	iiii	-5
6	rrrrrrr	5
7	rrrrrrrr	6
8	rrrrrrrrr	7
9	rrrrrrrrr	8
10	zzzzzzzzz	9
select dtt1.cidx, dtt1.CCHAR9, dtt2.CDECIMAL1 from datatypetestm1 dtt1, datatypetestm2 dtt2 where dtt1.cidx = dtt2.cidx and dtt1.CCHAR9 < dtt2.CDECIMAL1 ;
cidx	CCHAR9	CDECIMAL1
6	rrrrrrr	5
7	rrrrrrrr	6
8	rrrrrrrrr	7
9	rrrrrrrrr	8
10	zzzzzzzzz	9
select dtt1.cidx, dtt1.CCHAR9, dtt2.CDECIMAL1 from datatypetestm1 dtt1, datatypetestm2 dtt2 where dtt1.cidx = dtt2.cidx and dtt1.CCHAR9 <= dtt2.CDECIMAL1 ;
cidx	CCHAR9	CDECIMAL1
6	rrrrrrr	5
7	rrrrrrrr	6
8	rrrrrrrrr	7
9	rrrrrrrrr	8
10	zzzzzzzzz	9
