USE autopilot;
select STD(CBIGINT) from datatypetestm;
STD(CBIGINT)
0.0000
select STD(CDECIMAL1) from datatypetestm;
STD(CDECIMAL1)
0.0000
select STD(CDECIMAL4) from datatypetestm;
STD(CDECIMAL4)
0.0000
select STD(CDECIMAL4_2) from datatypetestm;
STD(CDECIMAL4_2)
0.000000
select STD(CDECIMAL5) from datatypetestm;
STD(CDECIMAL5)
0.0000
select STD(CDECIMAL9) from datatypetestm;
STD(CDECIMAL9)
0.0000
select STD(CDECIMAL9_2) from datatypetestm;
STD(CDECIMAL9_2)
0.000000
select STD(CDECIMAL10) from datatypetestm;
STD(CDECIMAL10)
0.0000
select STD(CDECIMAL18) from datatypetestm;
STD(CDECIMAL18)
0.0000
select STD(CDECIMAL18_2) from datatypetestm;
STD(CDECIMAL18_2)
0.000000
select STD(CINTEGER) from datatypetestm;
STD(CINTEGER)
0.0000
select STD(CSMALLINT) from datatypetestm;
STD(CSMALLINT)
0.0000
select STD(CTINYINT) from datatypetestm;
STD(CTINYINT)
0.0000
select STD(CDOUBLE) from datatypetestm;
STD(CDOUBLE)
0
select STD(CFLOAT) from datatypetestm;
STD(CFLOAT)
0
select cidx, CBIGINT, STD(CBIGINT) from datatypetestm group by cidx, CBIGINT order by cidx;
cidx	CBIGINT	STD(CBIGINT)
1	-72036854775806	0.0000
select cidx, CDECIMAL1, STD(CDECIMAL1) from datatypetestm group by cidx, CDECIMAL1 order by cidx;
cidx	CDECIMAL1	STD(CDECIMAL1)
1	-9	0.0000
select cidx, CDECIMAL4, STD(CDECIMAL4) from datatypetestm group by cidx, CDECIMAL4 order by cidx;
cidx	CDECIMAL4	STD(CDECIMAL4)
1	-999	0.0000
select cidx, CDECIMAL4_2, STD(CDECIMAL4_2) from datatypetestm group by cidx, CDECIMAL4_2 order by cidx;
cidx	CDECIMAL4_2	STD(CDECIMAL4_2)
1	-9.99	0.000000
select cidx, CDECIMAL5, STD(CDECIMAL5) from datatypetestm group by cidx, CDECIMAL5 order by cidx;
cidx	CDECIMAL5	STD(CDECIMAL5)
1	-999	0.0000
select cidx, CDECIMAL9, STD(CDECIMAL9) from datatypetestm group by cidx, CDECIMAL9 order by cidx;
cidx	CDECIMAL9	STD(CDECIMAL9)
1	-999999	0.0000
select cidx, CDECIMAL9_2, STD(CDECIMAL9_2) from datatypetestm group by cidx, CDECIMAL9_2 order by cidx;
cidx	CDECIMAL9_2	STD(CDECIMAL9_2)
1	-9999.99	0.000000
select cidx, CDECIMAL10, STD(CDECIMAL10) from datatypetestm group by cidx, CDECIMAL10 order by cidx;
cidx	CDECIMAL10	STD(CDECIMAL10)
1	-9999999	0.0000
select cidx, CDECIMAL18, STD(CDECIMAL18) from datatypetestm group by cidx, CDECIMAL18 order by cidx;
cidx	CDECIMAL18	STD(CDECIMAL18)
1	-9999999999999	0.0000
select cidx, CDECIMAL18_2, STD(CDECIMAL18_2) from datatypetestm group by cidx, CDECIMAL18_2 order by cidx;
cidx	CDECIMAL18_2	STD(CDECIMAL18_2)
1	-99999999999.99	0.000000
select cidx, CINTEGER, STD(CINTEGER) from datatypetestm group by cidx, CINTEGER order by cidx;
cidx	CINTEGER	STD(CINTEGER)
1	-7483646	0.0000
select cidx, CSMALLINT, STD(CSMALLINT) from datatypetestm group by cidx, CSMALLINT order by cidx;
cidx	CSMALLINT	STD(CSMALLINT)
1	-766	0.0000
select cidx, CTINYINT, STD(CTINYINT) from datatypetestm group by cidx, CTINYINT order by cidx;
cidx	CTINYINT	STD(CTINYINT)
1	-26	0.0000
select cidx, CDOUBLE, STD(CDOUBLE) from datatypetestm group by cidx, CDOUBLE order by cidx;
cidx	CDOUBLE	STD(CDOUBLE)
1	-1.797693231e108	0
select cidx, CFLOAT, STD(CFLOAT) from datatypetestm group by cidx, CFLOAT order by cidx;
cidx	CFLOAT	STD(CFLOAT)
1	-3.40287e18	0
