USE autopilot;
select dtt1.cidx, dtt1.CDECIMAL9, dtt2.CDATE from datatypetestm1 dtt1, datatypetestm2 dtt2 where dtt1.cidx = dtt2.cidx and dtt1.CDECIMAL9 > dtt2.CDATE ;
cidx	CDECIMAL9	CDATE
select dtt1.cidx, dtt1.CDECIMAL9, dtt2.CDATE from datatypetestm1 dtt1, datatypetestm2 dtt2 where dtt1.cidx = dtt2.cidx and dtt1.CDECIMAL9 >= dtt2.CDATE ;
cidx	CDECIMAL9	CDATE
select dtt1.cidx, dtt1.CDECIMAL9, dtt2.CDATE from datatypetestm1 dtt1, datatypetestm2 dtt2 where dtt1.cidx = dtt2.cidx and dtt1.CDECIMAL9 <> dtt2.CDATE ;
cidx	CDECIMAL9	CDATE
1	-999999	1997-01-01
2	-999998	1997-01-01
3	-999997	1997-01-02
4	-999996	1997-01-03
5	-999995	1997-01-04
6	999995	2009-12-28
7	999996	2009-12-29
8	999997	2009-12-30
9	999998	2009-12-31
10	999999	2009-12-31
11	0	2009-12-31
select dtt1.cidx, dtt1.CDECIMAL9, dtt2.CDATE from datatypetestm1 dtt1, datatypetestm2 dtt2 where dtt1.cidx = dtt2.cidx and dtt1.CDECIMAL9 < dtt2.CDATE ;
cidx	CDECIMAL9	CDATE
1	-999999	1997-01-01
2	-999998	1997-01-01
3	-999997	1997-01-02
4	-999996	1997-01-03
5	-999995	1997-01-04
6	999995	2009-12-28
7	999996	2009-12-29
8	999997	2009-12-30
9	999998	2009-12-31
10	999999	2009-12-31
11	0	2009-12-31
select dtt1.cidx, dtt1.CDECIMAL9, dtt2.CDATE from datatypetestm1 dtt1, datatypetestm2 dtt2 where dtt1.cidx = dtt2.cidx and dtt1.CDECIMAL9 <= dtt2.CDATE ;
cidx	CDECIMAL9	CDATE
1	-999999	1997-01-01
2	-999998	1997-01-01
3	-999997	1997-01-02
4	-999996	1997-01-03
5	-999995	1997-01-04
6	999995	2009-12-28
7	999996	2009-12-29
8	999997	2009-12-30
9	999998	2009-12-31
10	999999	2009-12-31
11	0	2009-12-31
