USE autopilot;
select dtt1.cidx, dtt1.CTINYTEXT, dtt2.CTIMESTAMP from datatypetestm1 dtt1, datatypetestm2 dtt2 where dtt1.cidx = dtt2.cidx and dtt1.CTINYTEXT > dtt2.CTIMESTAMP ;
cidx	CTINYTEXT	CTIMESTAMP
select dtt1.cidx, dtt1.CTINYTEXT, dtt2.CTIMESTAMP from datatypetestm1 dtt1, datatypetestm2 dtt2 where dtt1.cidx = dtt2.cidx and dtt1.CTINYTEXT >= dtt2.CTIMESTAMP ;
cidx	CTINYTEXT	CTIMESTAMP
select dtt1.cidx, dtt1.CTINYTEXT, dtt2.CTIMESTAMP from datatypetestm1 dtt1, datatypetestm2 dtt2 where dtt1.cidx = dtt2.cidx and dtt1.CTINYTEXT <> dtt2.CTIMESTAMP ;
cidx	CTINYTEXT	CTIMESTAMP
1	tinytext	2020-08-13 03:14:07
2	tinytext	2020-08-13 03:14:07
3	tinytext	2020-08-13 03:14:07
4	tinytext	2020-08-13 03:14:07
5	tinytext	2020-08-13 03:14:07
6	tinytext	2020-08-13 03:14:07
7	tinytext	2020-08-13 03:14:07
8	tinytext	2020-08-13 03:14:07
9	tinytext	2020-08-13 03:14:07
10	tinytext	2020-08-13 03:14:07
select dtt1.cidx, dtt1.CTINYTEXT, dtt2.CTIMESTAMP from datatypetestm1 dtt1, datatypetestm2 dtt2 where dtt1.cidx = dtt2.cidx and dtt1.CTINYTEXT < dtt2.CTIMESTAMP ;
cidx	CTINYTEXT	CTIMESTAMP
1	tinytext	2020-08-13 03:14:07
2	tinytext	2020-08-13 03:14:07
3	tinytext	2020-08-13 03:14:07
4	tinytext	2020-08-13 03:14:07
5	tinytext	2020-08-13 03:14:07
6	tinytext	2020-08-13 03:14:07
7	tinytext	2020-08-13 03:14:07
8	tinytext	2020-08-13 03:14:07
9	tinytext	2020-08-13 03:14:07
10	tinytext	2020-08-13 03:14:07
select dtt1.cidx, dtt1.CTINYTEXT, dtt2.CTIMESTAMP from datatypetestm1 dtt1, datatypetestm2 dtt2 where dtt1.cidx = dtt2.cidx and dtt1.CTINYTEXT <= dtt2.CTIMESTAMP ;
cidx	CTINYTEXT	CTIMESTAMP
1	tinytext	2020-08-13 03:14:07
2	tinytext	2020-08-13 03:14:07
3	tinytext	2020-08-13 03:14:07
4	tinytext	2020-08-13 03:14:07
5	tinytext	2020-08-13 03:14:07
6	tinytext	2020-08-13 03:14:07
7	tinytext	2020-08-13 03:14:07
8	tinytext	2020-08-13 03:14:07
9	tinytext	2020-08-13 03:14:07
10	tinytext	2020-08-13 03:14:07
