USE autopilot;
select dtt1.cidx, dtt1.CDECIMAL9, dtt2.CCHAR6 from datatypetestm1 dtt1, datatypetestm2 dtt2 where dtt1.cidx = dtt2.cidx and dtt1.CDECIMAL9 > dtt2.CCHAR6 ;
cidx	CDECIMAL9	CCHAR6
6	999995	uuuuuu
7	999996	uuuuuu
8	999997	uuuuuu
9	999998	uuuuuu
10	999999	zzzzzz
select dtt1.cidx, dtt1.CDECIMAL9, dtt2.CCHAR6 from datatypetestm1 dtt1, datatypetestm2 dtt2 where dtt1.cidx = dtt2.cidx and dtt1.CDECIMAL9 >= dtt2.CCHAR6 ;
cidx	CDECIMAL9	CCHAR6
6	999995	uuuuuu
7	999996	uuuuuu
8	999997	uuuuuu
9	999998	uuuuuu
10	999999	zzzzzz
select dtt1.cidx, dtt1.CDECIMAL9, dtt2.CCHAR6 from datatypetestm1 dtt1, datatypetestm2 dtt2 where dtt1.cidx = dtt2.cidx and dtt1.CDECIMAL9 <> dtt2.CCHAR6 ;
cidx	CDECIMAL9	CCHAR6
1	-999999	aaaaaa
2	-999998	f
3	-999997	ff
4	-999996	fff
5	-999995	ffff
6	999995	uuuuuu
7	999996	uuuuuu
8	999997	uuuuuu
9	999998	uuuuuu
10	999999	zzzzzz
select dtt1.cidx, dtt1.CDECIMAL9, dtt2.CCHAR6 from datatypetestm1 dtt1, datatypetestm2 dtt2 where dtt1.cidx = dtt2.cidx and dtt1.CDECIMAL9 < dtt2.CCHAR6 ;
cidx	CDECIMAL9	CCHAR6
1	-999999	aaaaaa
2	-999998	f
3	-999997	ff
4	-999996	fff
5	-999995	ffff
select dtt1.cidx, dtt1.CDECIMAL9, dtt2.CCHAR6 from datatypetestm1 dtt1, datatypetestm2 dtt2 where dtt1.cidx = dtt2.cidx and dtt1.CDECIMAL9 <= dtt2.CCHAR6 ;
cidx	CDECIMAL9	CCHAR6
1	-999999	aaaaaa
2	-999998	f
3	-999997	ff
4	-999996	fff
5	-999995	ffff
