USE autopilot;
select dtt1.cidx, dtt1.CTINYINT, dtt2.CTIMESTAMP from datatypetestm1 dtt1, datatypetestm2 dtt2 where dtt1.cidx = dtt2.cidx and dtt1.CTINYINT > dtt2.CTIMESTAMP ;
cidx	CTINYINT	CTIMESTAMP
select dtt1.cidx, dtt1.CTINYINT, dtt2.CTIMESTAMP from datatypetestm1 dtt1, datatypetestm2 dtt2 where dtt1.cidx = dtt2.cidx and dtt1.CTINYINT >= dtt2.CTIMESTAMP ;
cidx	CTINYINT	CTIMESTAMP
select dtt1.cidx, dtt1.CTINYINT, dtt2.CTIMESTAMP from datatypetestm1 dtt1, datatypetestm2 dtt2 where dtt1.cidx = dtt2.cidx and dtt1.CTINYINT <> dtt2.CTIMESTAMP ;
cidx	CTINYINT	CTIMESTAMP
1	-26	2020-08-13 03:14:07
2	-25	2020-08-13 03:14:07
3	-24	2020-08-13 03:14:07
4	-23	2020-08-13 03:14:07
5	-22	2020-08-13 03:14:07
6	23	2020-08-13 03:14:07
7	24	2020-08-13 03:14:07
8	25	2020-08-13 03:14:07
9	26	2020-08-13 03:14:07
10	27	2020-08-13 03:14:07
11	0	2020-08-13 03:14:07
select dtt1.cidx, dtt1.CTINYINT, dtt2.CTIMESTAMP from datatypetestm1 dtt1, datatypetestm2 dtt2 where dtt1.cidx = dtt2.cidx and dtt1.CTINYINT < dtt2.CTIMESTAMP ;
cidx	CTINYINT	CTIMESTAMP
1	-26	2020-08-13 03:14:07
2	-25	2020-08-13 03:14:07
3	-24	2020-08-13 03:14:07
4	-23	2020-08-13 03:14:07
5	-22	2020-08-13 03:14:07
6	23	2020-08-13 03:14:07
7	24	2020-08-13 03:14:07
8	25	2020-08-13 03:14:07
9	26	2020-08-13 03:14:07
10	27	2020-08-13 03:14:07
11	0	2020-08-13 03:14:07
select dtt1.cidx, dtt1.CTINYINT, dtt2.CTIMESTAMP from datatypetestm1 dtt1, datatypetestm2 dtt2 where dtt1.cidx = dtt2.cidx and dtt1.CTINYINT <= dtt2.CTIMESTAMP ;
cidx	CTINYINT	CTIMESTAMP
1	-26	2020-08-13 03:14:07
2	-25	2020-08-13 03:14:07
3	-24	2020-08-13 03:14:07
4	-23	2020-08-13 03:14:07
5	-22	2020-08-13 03:14:07
6	23	2020-08-13 03:14:07
7	24	2020-08-13 03:14:07
8	25	2020-08-13 03:14:07
9	26	2020-08-13 03:14:07
10	27	2020-08-13 03:14:07
11	0	2020-08-13 03:14:07
