USE autopilot;
select dtt1.cidx, dtt1.CDECIMAL9_2, dtt2.CVCHAR1 from datatypetestm1 dtt1, datatypetestm2 dtt2 where dtt1.cidx = dtt2.cidx and dtt1.CDECIMAL9_2 > dtt2.CVCHAR1 ;
cidx	CDECIMAL9_2	CVCHAR1
6	9999.95	z
7	9999.96	z
8	9999.97	z
9	9999.98	z
10	9999.99	z
select dtt1.cidx, dtt1.CDECIMAL9_2, dtt2.CVCHAR1 from datatypetestm1 dtt1, datatypetestm2 dtt2 where dtt1.cidx = dtt2.cidx and dtt1.CDECIMAL9_2 >= dtt2.CVCHAR1 ;
cidx	CDECIMAL9_2	CVCHAR1
6	9999.95	z
7	9999.96	z
8	9999.97	z
9	9999.98	z
10	9999.99	z
select dtt1.cidx, dtt1.CDECIMAL9_2, dtt2.CVCHAR1 from datatypetestm1 dtt1, datatypetestm2 dtt2 where dtt1.cidx = dtt2.cidx and dtt1.CDECIMAL9_2 <> dtt2.CVCHAR1 ;
cidx	CDECIMAL9_2	CVCHAR1
1	-9999.99	a
2	-9999.98	a
3	-9999.97	a
4	-9999.96	a
5	-9999.95	a
6	9999.95	z
7	9999.96	z
8	9999.97	z
9	9999.98	z
10	9999.99	z
select dtt1.cidx, dtt1.CDECIMAL9_2, dtt2.CVCHAR1 from datatypetestm1 dtt1, datatypetestm2 dtt2 where dtt1.cidx = dtt2.cidx and dtt1.CDECIMAL9_2 < dtt2.CVCHAR1 ;
cidx	CDECIMAL9_2	CVCHAR1
1	-9999.99	a
2	-9999.98	a
3	-9999.97	a
4	-9999.96	a
5	-9999.95	a
select dtt1.cidx, dtt1.CDECIMAL9_2, dtt2.CVCHAR1 from datatypetestm1 dtt1, datatypetestm2 dtt2 where dtt1.cidx = dtt2.cidx and dtt1.CDECIMAL9_2 <= dtt2.CVCHAR1 ;
cidx	CDECIMAL9_2	CVCHAR1
1	-9999.99	a
2	-9999.98	a
3	-9999.97	a
4	-9999.96	a
5	-9999.95	a
