USE autopilot;
select dtt1.cidx, dtt1.CDECIMAL9_2, dtt2.CDECIMAL18_2 from datatypetestm1 dtt1, datatypetestm2 dtt2 where dtt1.cidx = dtt2.cidx and dtt1.CDECIMAL9_2 > dtt2.CDECIMAL18_2 ;
cidx	CDECIMAL9_2	CDECIMAL18_2
1	-9999.99	-99999999999.99
2	-9999.98	-99999999999.98
3	-9999.97	-99999999999.97
4	-9999.96	-99999999999.96
5	-9999.95	-99999999999.95
select dtt1.cidx, dtt1.CDECIMAL9_2, dtt2.CDECIMAL18_2 from datatypetestm1 dtt1, datatypetestm2 dtt2 where dtt1.cidx = dtt2.cidx and dtt1.CDECIMAL9_2 >= dtt2.CDECIMAL18_2 ;
cidx	CDECIMAL9_2	CDECIMAL18_2
1	-9999.99	-99999999999.99
2	-9999.98	-99999999999.98
3	-9999.97	-99999999999.97
4	-9999.96	-99999999999.96
5	-9999.95	-99999999999.95
11	0.00	0.00
select dtt1.cidx, dtt1.CDECIMAL9_2, dtt2.CDECIMAL18_2 from datatypetestm1 dtt1, datatypetestm2 dtt2 where dtt1.cidx = dtt2.cidx and dtt1.CDECIMAL9_2 <> dtt2.CDECIMAL18_2 ;
cidx	CDECIMAL9_2	CDECIMAL18_2
1	-9999.99	-99999999999.99
2	-9999.98	-99999999999.98
3	-9999.97	-99999999999.97
4	-9999.96	-99999999999.96
5	-9999.95	-99999999999.95
6	9999.95	99999999999.95
7	9999.96	99999999999.96
8	9999.97	99999999999.97
9	9999.98	99999999999.98
10	9999.99	99999999999.99
select dtt1.cidx, dtt1.CDECIMAL9_2, dtt2.CDECIMAL18_2 from datatypetestm1 dtt1, datatypetestm2 dtt2 where dtt1.cidx = dtt2.cidx and dtt1.CDECIMAL9_2 < dtt2.CDECIMAL18_2 ;
cidx	CDECIMAL9_2	CDECIMAL18_2
6	9999.95	99999999999.95
7	9999.96	99999999999.96
8	9999.97	99999999999.97
9	9999.98	99999999999.98
10	9999.99	99999999999.99
select dtt1.cidx, dtt1.CDECIMAL9_2, dtt2.CDECIMAL18_2 from datatypetestm1 dtt1, datatypetestm2 dtt2 where dtt1.cidx = dtt2.cidx and dtt1.CDECIMAL9_2 <= dtt2.CDECIMAL18_2 ;
cidx	CDECIMAL9_2	CDECIMAL18_2
6	9999.95	99999999999.95
7	9999.96	99999999999.96
8	9999.97	99999999999.97
9	9999.98	99999999999.98
10	9999.99	99999999999.99
11	0.00	0.00
