USE autopilot;
select dtt1.cidx, dtt1.CMEDIUMINT, dtt2.CCHAR9 from datatypetestm1 dtt1, datatypetestm2 dtt2 where dtt1.cidx = dtt2.cidx and dtt1.CMEDIUMINT > dtt2.CCHAR9 ;
cidx	CMEDIUMINT	CCHAR9
1	1000	aaaaaaaaa
2	1000	i
3	1000	ii
4	1000	iii
5	1000	iiii
6	1000	rrrrrrr
7	1000	rrrrrrrr
8	1000	rrrrrrrrr
9	1000	rrrrrrrrr
10	1000	zzzzzzzzz
select dtt1.cidx, dtt1.CMEDIUMINT, dtt2.CCHAR9 from datatypetestm1 dtt1, datatypetestm2 dtt2 where dtt1.cidx = dtt2.cidx and dtt1.CMEDIUMINT >= dtt2.CCHAR9 ;
cidx	CMEDIUMINT	CCHAR9
1	1000	aaaaaaaaa
2	1000	i
3	1000	ii
4	1000	iii
5	1000	iiii
6	1000	rrrrrrr
7	1000	rrrrrrrr
8	1000	rrrrrrrrr
9	1000	rrrrrrrrr
10	1000	zzzzzzzzz
select dtt1.cidx, dtt1.CMEDIUMINT, dtt2.CCHAR9 from datatypetestm1 dtt1, datatypetestm2 dtt2 where dtt1.cidx = dtt2.cidx and dtt1.CMEDIUMINT <> dtt2.CCHAR9 ;
cidx	CMEDIUMINT	CCHAR9
1	1000	aaaaaaaaa
2	1000	i
3	1000	ii
4	1000	iii
5	1000	iiii
6	1000	rrrrrrr
7	1000	rrrrrrrr
8	1000	rrrrrrrrr
9	1000	rrrrrrrrr
10	1000	zzzzzzzzz
select dtt1.cidx, dtt1.CMEDIUMINT, dtt2.CCHAR9 from datatypetestm1 dtt1, datatypetestm2 dtt2 where dtt1.cidx = dtt2.cidx and dtt1.CMEDIUMINT < dtt2.CCHAR9 ;
cidx	CMEDIUMINT	CCHAR9
select dtt1.cidx, dtt1.CMEDIUMINT, dtt2.CCHAR9 from datatypetestm1 dtt1, datatypetestm2 dtt2 where dtt1.cidx = dtt2.cidx and dtt1.CMEDIUMINT <= dtt2.CCHAR9 ;
cidx	CMEDIUMINT	CCHAR9
