USE autopilot;
select dtt1.cidx, dtt1.CDECIMAL18, dtt2.CCHAR9 from datatypetestm1 dtt1, datatypetestm2 dtt2 where dtt1.cidx = dtt2.cidx and dtt1.CDECIMAL18 > dtt2.CCHAR9 ;
cidx	CDECIMAL18	CCHAR9
6	9999999999995	rrrrrrr
7	9999999999996	rrrrrrrr
8	9999999999997	rrrrrrrrr
9	9999999999998	rrrrrrrrr
10	9999999999999	zzzzzzzzz
select dtt1.cidx, dtt1.CDECIMAL18, dtt2.CCHAR9 from datatypetestm1 dtt1, datatypetestm2 dtt2 where dtt1.cidx = dtt2.cidx and dtt1.CDECIMAL18 >= dtt2.CCHAR9 ;
cidx	CDECIMAL18	CCHAR9
6	9999999999995	rrrrrrr
7	9999999999996	rrrrrrrr
8	9999999999997	rrrrrrrrr
9	9999999999998	rrrrrrrrr
10	9999999999999	zzzzzzzzz
select dtt1.cidx, dtt1.CDECIMAL18, dtt2.CCHAR9 from datatypetestm1 dtt1, datatypetestm2 dtt2 where dtt1.cidx = dtt2.cidx and dtt1.CDECIMAL18 <> dtt2.CCHAR9 ;
cidx	CDECIMAL18	CCHAR9
1	-9999999999999	aaaaaaaaa
2	-9999999999998	i
3	-9999999999997	ii
4	-9999999999996	iii
5	-9999999999995	iiii
6	9999999999995	rrrrrrr
7	9999999999996	rrrrrrrr
8	9999999999997	rrrrrrrrr
9	9999999999998	rrrrrrrrr
10	9999999999999	zzzzzzzzz
select dtt1.cidx, dtt1.CDECIMAL18, dtt2.CCHAR9 from datatypetestm1 dtt1, datatypetestm2 dtt2 where dtt1.cidx = dtt2.cidx and dtt1.CDECIMAL18 < dtt2.CCHAR9 ;
cidx	CDECIMAL18	CCHAR9
1	-9999999999999	aaaaaaaaa
2	-9999999999998	i
3	-9999999999997	ii
4	-9999999999996	iii
5	-9999999999995	iiii
select dtt1.cidx, dtt1.CDECIMAL18, dtt2.CCHAR9 from datatypetestm1 dtt1, datatypetestm2 dtt2 where dtt1.cidx = dtt2.cidx and dtt1.CDECIMAL18 <= dtt2.CCHAR9 ;
cidx	CDECIMAL18	CCHAR9
1	-9999999999999	aaaaaaaaa
2	-9999999999998	i
3	-9999999999997	ii
4	-9999999999996	iii
5	-9999999999995	iiii
