USE autopilot;
select dtt1.cidx, dtt1.CFLOAT, dtt2.CVCHAR7 from datatypetestm1 dtt1, datatypetestm2 dtt2 where dtt1.cidx = dtt2.cidx and dtt1.CFLOAT > dtt2.CVCHAR7 ;
cidx	CFLOAT	CVCHAR7
6	3.40286e18	ttttttt
7	3.40286e18	ttttttt
8	3.40286e18	ttttttt
9	3.40287e18	ttttttt
10	3.40287e18	zzzzzzz
select dtt1.cidx, dtt1.CFLOAT, dtt2.CVCHAR7 from datatypetestm1 dtt1, datatypetestm2 dtt2 where dtt1.cidx = dtt2.cidx and dtt1.CFLOAT >= dtt2.CVCHAR7 ;
cidx	CFLOAT	CVCHAR7
6	3.40286e18	ttttttt
7	3.40286e18	ttttttt
8	3.40286e18	ttttttt
9	3.40287e18	ttttttt
10	3.40287e18	zzzzzzz
select dtt1.cidx, dtt1.CFLOAT, dtt2.CVCHAR7 from datatypetestm1 dtt1, datatypetestm2 dtt2 where dtt1.cidx = dtt2.cidx and dtt1.CFLOAT <> dtt2.CVCHAR7 ;
cidx	CFLOAT	CVCHAR7
1	-3.40287e18	aaaaaaa
2	-3.40287e18	g
3	-3.40286e18	gg
4	-3.40286e18	ggg
5	-3.40286e18	gggg
6	3.40286e18	ttttttt
7	3.40286e18	ttttttt
8	3.40286e18	ttttttt
9	3.40287e18	ttttttt
10	3.40287e18	zzzzzzz
select dtt1.cidx, dtt1.CFLOAT, dtt2.CVCHAR7 from datatypetestm1 dtt1, datatypetestm2 dtt2 where dtt1.cidx = dtt2.cidx and dtt1.CFLOAT < dtt2.CVCHAR7 ;
cidx	CFLOAT	CVCHAR7
1	-3.40287e18	aaaaaaa
2	-3.40287e18	g
3	-3.40286e18	gg
4	-3.40286e18	ggg
5	-3.40286e18	gggg
select dtt1.cidx, dtt1.CFLOAT, dtt2.CVCHAR7 from datatypetestm1 dtt1, datatypetestm2 dtt2 where dtt1.cidx = dtt2.cidx and dtt1.CFLOAT <= dtt2.CVCHAR7 ;
cidx	CFLOAT	CVCHAR7
1	-3.40287e18	aaaaaaa
2	-3.40287e18	g
3	-3.40286e18	gg
4	-3.40286e18	ggg
5	-3.40286e18	gggg
