USE autopilot;
select dtt1.cidx, dtt1.CFLOAT, dtt2.CCHAR1 from datatypetestm1 dtt1, datatypetestm2 dtt2 where dtt1.cidx = dtt2.cidx and dtt1.CFLOAT > dtt2.CCHAR1 ;
cidx	CFLOAT	CCHAR1
6	3.40286e18	z
7	3.40286e18	z
8	3.40286e18	z
9	3.40287e18	z
10	3.40287e18	z
select dtt1.cidx, dtt1.CFLOAT, dtt2.CCHAR1 from datatypetestm1 dtt1, datatypetestm2 dtt2 where dtt1.cidx = dtt2.cidx and dtt1.CFLOAT >= dtt2.CCHAR1 ;
cidx	CFLOAT	CCHAR1
6	3.40286e18	z
7	3.40286e18	z
8	3.40286e18	z
9	3.40287e18	z
10	3.40287e18	z
select dtt1.cidx, dtt1.CFLOAT, dtt2.CCHAR1 from datatypetestm1 dtt1, datatypetestm2 dtt2 where dtt1.cidx = dtt2.cidx and dtt1.CFLOAT <> dtt2.CCHAR1 ;
cidx	CFLOAT	CCHAR1
1	-3.40287e18	a
2	-3.40287e18	a
3	-3.40286e18	a
4	-3.40286e18	a
5	-3.40286e18	a
6	3.40286e18	z
7	3.40286e18	z
8	3.40286e18	z
9	3.40287e18	z
10	3.40287e18	z
select dtt1.cidx, dtt1.CFLOAT, dtt2.CCHAR1 from datatypetestm1 dtt1, datatypetestm2 dtt2 where dtt1.cidx = dtt2.cidx and dtt1.CFLOAT < dtt2.CCHAR1 ;
cidx	CFLOAT	CCHAR1
1	-3.40287e18	a
2	-3.40287e18	a
3	-3.40286e18	a
4	-3.40286e18	a
5	-3.40286e18	a
select dtt1.cidx, dtt1.CFLOAT, dtt2.CCHAR1 from datatypetestm1 dtt1, datatypetestm2 dtt2 where dtt1.cidx = dtt2.cidx and dtt1.CFLOAT <= dtt2.CCHAR1 ;
cidx	CFLOAT	CCHAR1
1	-3.40287e18	a
2	-3.40287e18	a
3	-3.40286e18	a
4	-3.40286e18	a
5	-3.40286e18	a
