USE autopilot;
select dtt1.cidx, dtt1.CTIME, dtt2.CVCHAR255 from datatypetestm1 dtt1, datatypetestm2 dtt2 where dtt1.cidx = dtt2.cidx and dtt1.CTIME > dtt2.CVCHAR255 ;
cidx	CTIME	CVCHAR255
1	11:58:28	aaaaaaaaaa
2	11:58:28	j
3	11:58:28	jj
4	11:58:28	jjj
5	11:58:28	jjjj
6	11:58:28	qqqqqqq
7	11:58:28	qqqqqqqq
8	11:58:28	qqqqqqqqq
9	11:58:28	qqqqqqqqqq
10	11:58:28	zzzzzzzzzz
select dtt1.cidx, dtt1.CTIME, dtt2.CVCHAR255 from datatypetestm1 dtt1, datatypetestm2 dtt2 where dtt1.cidx = dtt2.cidx and dtt1.CTIME >= dtt2.CVCHAR255 ;
cidx	CTIME	CVCHAR255
1	11:58:28	aaaaaaaaaa
2	11:58:28	j
3	11:58:28	jj
4	11:58:28	jjj
5	11:58:28	jjjj
6	11:58:28	qqqqqqq
7	11:58:28	qqqqqqqq
8	11:58:28	qqqqqqqqq
9	11:58:28	qqqqqqqqqq
10	11:58:28	zzzzzzzzzz
select dtt1.cidx, dtt1.CTIME, dtt2.CVCHAR255 from datatypetestm1 dtt1, datatypetestm2 dtt2 where dtt1.cidx = dtt2.cidx and dtt1.CTIME <> dtt2.CVCHAR255 ;
cidx	CTIME	CVCHAR255
1	11:58:28	aaaaaaaaaa
2	11:58:28	j
3	11:58:28	jj
4	11:58:28	jjj
5	11:58:28	jjjj
6	11:58:28	qqqqqqq
7	11:58:28	qqqqqqqq
8	11:58:28	qqqqqqqqq
9	11:58:28	qqqqqqqqqq
10	11:58:28	zzzzzzzzzz
select dtt1.cidx, dtt1.CTIME, dtt2.CVCHAR255 from datatypetestm1 dtt1, datatypetestm2 dtt2 where dtt1.cidx = dtt2.cidx and dtt1.CTIME < dtt2.CVCHAR255 ;
cidx	CTIME	CVCHAR255
select dtt1.cidx, dtt1.CTIME, dtt2.CVCHAR255 from datatypetestm1 dtt1, datatypetestm2 dtt2 where dtt1.cidx = dtt2.cidx and dtt1.CTIME <= dtt2.CVCHAR255 ;
cidx	CTIME	CVCHAR255
