USE autopilot;
select dtt1.cidx, dtt1.CDECIMAL9_2, dtt2.CMEDIUMTEXT from datatypetestm1 dtt1, datatypetestm2 dtt2 where dtt1.cidx = dtt2.cidx and dtt1.CDECIMAL9_2 > dtt2.CMEDIUMTEXT ;
cidx	CDECIMAL9_2	CMEDIUMTEXT
6	9999.95	mediumtestmediumtest
7	9999.96	mediumtestmediumtest
8	9999.97	mediumtestmediumtest
9	9999.98	mediumtestmediumtest
10	9999.99	mediumtestmediumtest
select dtt1.cidx, dtt1.CDECIMAL9_2, dtt2.CMEDIUMTEXT from datatypetestm1 dtt1, datatypetestm2 dtt2 where dtt1.cidx = dtt2.cidx and dtt1.CDECIMAL9_2 >= dtt2.CMEDIUMTEXT ;
cidx	CDECIMAL9_2	CMEDIUMTEXT
6	9999.95	mediumtestmediumtest
7	9999.96	mediumtestmediumtest
8	9999.97	mediumtestmediumtest
9	9999.98	mediumtestmediumtest
10	9999.99	mediumtestmediumtest
select dtt1.cidx, dtt1.CDECIMAL9_2, dtt2.CMEDIUMTEXT from datatypetestm1 dtt1, datatypetestm2 dtt2 where dtt1.cidx = dtt2.cidx and dtt1.CDECIMAL9_2 <> dtt2.CMEDIUMTEXT ;
cidx	CDECIMAL9_2	CMEDIUMTEXT
1	-9999.99	mediumtestmediumtest
2	-9999.98	mediumtestmediumtest
3	-9999.97	mediumtestmediumtest
4	-9999.96	mediumtestmediumtest
5	-9999.95	mediumtestmediumtest
6	9999.95	mediumtestmediumtest
7	9999.96	mediumtestmediumtest
8	9999.97	mediumtestmediumtest
9	9999.98	mediumtestmediumtest
10	9999.99	mediumtestmediumtest
select dtt1.cidx, dtt1.CDECIMAL9_2, dtt2.CMEDIUMTEXT from datatypetestm1 dtt1, datatypetestm2 dtt2 where dtt1.cidx = dtt2.cidx and dtt1.CDECIMAL9_2 < dtt2.CMEDIUMTEXT ;
cidx	CDECIMAL9_2	CMEDIUMTEXT
1	-9999.99	mediumtestmediumtest
2	-9999.98	mediumtestmediumtest
3	-9999.97	mediumtestmediumtest
4	-9999.96	mediumtestmediumtest
5	-9999.95	mediumtestmediumtest
select dtt1.cidx, dtt1.CDECIMAL9_2, dtt2.CMEDIUMTEXT from datatypetestm1 dtt1, datatypetestm2 dtt2 where dtt1.cidx = dtt2.cidx and dtt1.CDECIMAL9_2 <= dtt2.CMEDIUMTEXT ;
cidx	CDECIMAL9_2	CMEDIUMTEXT
1	-9999.99	mediumtestmediumtest
2	-9999.98	mediumtestmediumtest
3	-9999.97	mediumtestmediumtest
4	-9999.96	mediumtestmediumtest
5	-9999.95	mediumtestmediumtest
