USE autopilot;
select dtt1.cidx, dtt1.CDECIMAL5, dtt2.CDECIMAL9 from datatypetestm1 dtt1, datatypetestm2 dtt2 where dtt1.cidx = dtt2.cidx and dtt1.CDECIMAL5 > dtt2.CDECIMAL9 ;
cidx	CDECIMAL5	CDECIMAL9
1	-999	-999999
2	-998	-999998
3	-997	-999997
4	-996	-999996
5	-995	-999995
select dtt1.cidx, dtt1.CDECIMAL5, dtt2.CDECIMAL9 from datatypetestm1 dtt1, datatypetestm2 dtt2 where dtt1.cidx = dtt2.cidx and dtt1.CDECIMAL5 >= dtt2.CDECIMAL9 ;
cidx	CDECIMAL5	CDECIMAL9
1	-999	-999999
2	-998	-999998
3	-997	-999997
4	-996	-999996
5	-995	-999995
11	0	0
select dtt1.cidx, dtt1.CDECIMAL5, dtt2.CDECIMAL9 from datatypetestm1 dtt1, datatypetestm2 dtt2 where dtt1.cidx = dtt2.cidx and dtt1.CDECIMAL5 <> dtt2.CDECIMAL9 ;
cidx	CDECIMAL5	CDECIMAL9
1	-999	-999999
2	-998	-999998
3	-997	-999997
4	-996	-999996
5	-995	-999995
6	995	999995
7	996	999996
8	997	999997
9	998	999998
10	999	999999
select dtt1.cidx, dtt1.CDECIMAL5, dtt2.CDECIMAL9 from datatypetestm1 dtt1, datatypetestm2 dtt2 where dtt1.cidx = dtt2.cidx and dtt1.CDECIMAL5 < dtt2.CDECIMAL9 ;
cidx	CDECIMAL5	CDECIMAL9
6	995	999995
7	996	999996
8	997	999997
9	998	999998
10	999	999999
select dtt1.cidx, dtt1.CDECIMAL5, dtt2.CDECIMAL9 from datatypetestm1 dtt1, datatypetestm2 dtt2 where dtt1.cidx = dtt2.cidx and dtt1.CDECIMAL5 <= dtt2.CDECIMAL9 ;
cidx	CDECIMAL5	CDECIMAL9
6	995	999995
7	996	999996
8	997	999997
9	998	999998
10	999	999999
11	0	0
