USE autopilot;
select dtt1.cidx, dtt1.CTINYINT, dtt2.CINTEGER from datatypetestm1 dtt1, datatypetestm2 dtt2 where dtt1.cidx = dtt2.cidx and dtt1.CTINYINT > dtt2.CINTEGER ;
cidx	CTINYINT	CINTEGER
1	-26	-7483646
2	-25	-7483645
3	-24	-7483644
4	-23	-7483643
5	-22	-7483642
select dtt1.cidx, dtt1.CTINYINT, dtt2.CINTEGER from datatypetestm1 dtt1, datatypetestm2 dtt2 where dtt1.cidx = dtt2.cidx and dtt1.CTINYINT >= dtt2.CINTEGER ;
cidx	CTINYINT	CINTEGER
1	-26	-7483646
2	-25	-7483645
3	-24	-7483644
4	-23	-7483643
5	-22	-7483642
11	0	0
select dtt1.cidx, dtt1.CTINYINT, dtt2.CINTEGER from datatypetestm1 dtt1, datatypetestm2 dtt2 where dtt1.cidx = dtt2.cidx and dtt1.CTINYINT <> dtt2.CINTEGER ;
cidx	CTINYINT	CINTEGER
1	-26	-7483646
2	-25	-7483645
3	-24	-7483644
4	-23	-7483643
5	-22	-7483642
6	23	7483643
7	24	7483644
8	25	7483645
9	26	7483646
10	27	7483647
select dtt1.cidx, dtt1.CTINYINT, dtt2.CINTEGER from datatypetestm1 dtt1, datatypetestm2 dtt2 where dtt1.cidx = dtt2.cidx and dtt1.CTINYINT < dtt2.CINTEGER ;
cidx	CTINYINT	CINTEGER
6	23	7483643
7	24	7483644
8	25	7483645
9	26	7483646
10	27	7483647
select dtt1.cidx, dtt1.CTINYINT, dtt2.CINTEGER from datatypetestm1 dtt1, datatypetestm2 dtt2 where dtt1.cidx = dtt2.cidx and dtt1.CTINYINT <= dtt2.CINTEGER ;
cidx	CTINYINT	CINTEGER
6	23	7483643
7	24	7483644
8	25	7483645
9	26	7483646
10	27	7483647
11	0	0
