USE autopilot;
select dtt1.cidx, dtt1.CDECIMAL1, dtt2.CCHAR9 from datatypetestm1 dtt1, datatypetestm2 dtt2 where dtt1.cidx = dtt2.cidx and dtt1.CDECIMAL1 > dtt2.CCHAR9 ;
cidx	CDECIMAL1	CCHAR9
6	5	rrrrrrr
7	6	rrrrrrrr
8	7	rrrrrrrrr
9	8	rrrrrrrrr
10	9	zzzzzzzzz
select dtt1.cidx, dtt1.CDECIMAL1, dtt2.CCHAR9 from datatypetestm1 dtt1, datatypetestm2 dtt2 where dtt1.cidx = dtt2.cidx and dtt1.CDECIMAL1 >= dtt2.CCHAR9 ;
cidx	CDECIMAL1	CCHAR9
6	5	rrrrrrr
7	6	rrrrrrrr
8	7	rrrrrrrrr
9	8	rrrrrrrrr
10	9	zzzzzzzzz
select dtt1.cidx, dtt1.CDECIMAL1, dtt2.CCHAR9 from datatypetestm1 dtt1, datatypetestm2 dtt2 where dtt1.cidx = dtt2.cidx and dtt1.CDECIMAL1 <> dtt2.CCHAR9 ;
cidx	CDECIMAL1	CCHAR9
1	-9	aaaaaaaaa
2	-8	i
3	-7	ii
4	-6	iii
5	-5	iiii
6	5	rrrrrrr
7	6	rrrrrrrr
8	7	rrrrrrrrr
9	8	rrrrrrrrr
10	9	zzzzzzzzz
select dtt1.cidx, dtt1.CDECIMAL1, dtt2.CCHAR9 from datatypetestm1 dtt1, datatypetestm2 dtt2 where dtt1.cidx = dtt2.cidx and dtt1.CDECIMAL1 < dtt2.CCHAR9 ;
cidx	CDECIMAL1	CCHAR9
1	-9	aaaaaaaaa
2	-8	i
3	-7	ii
4	-6	iii
5	-5	iiii
select dtt1.cidx, dtt1.CDECIMAL1, dtt2.CCHAR9 from datatypetestm1 dtt1, datatypetestm2 dtt2 where dtt1.cidx = dtt2.cidx and dtt1.CDECIMAL1 <= dtt2.CCHAR9 ;
cidx	CDECIMAL1	CCHAR9
1	-9	aaaaaaaaa
2	-8	i
3	-7	ii
4	-6	iii
5	-5	iiii
