USE autopilot;
select dtt1.cidx, dtt1.CDECIMAL5, dtt2.CTINYTEXT from datatypetestm1 dtt1, datatypetestm2 dtt2 where dtt1.cidx = dtt2.cidx and dtt1.CDECIMAL5 > dtt2.CTINYTEXT ;
cidx	CDECIMAL5	CTINYTEXT
6	995	tinytext
7	996	tinytext
8	997	tinytext
9	998	tinytext
10	999	tinytext
select dtt1.cidx, dtt1.CDECIMAL5, dtt2.CTINYTEXT from datatypetestm1 dtt1, datatypetestm2 dtt2 where dtt1.cidx = dtt2.cidx and dtt1.CDECIMAL5 >= dtt2.CTINYTEXT ;
cidx	CDECIMAL5	CTINYTEXT
6	995	tinytext
7	996	tinytext
8	997	tinytext
9	998	tinytext
10	999	tinytext
select dtt1.cidx, dtt1.CDECIMAL5, dtt2.CTINYTEXT from datatypetestm1 dtt1, datatypetestm2 dtt2 where dtt1.cidx = dtt2.cidx and dtt1.CDECIMAL5 <> dtt2.CTINYTEXT ;
cidx	CDECIMAL5	CTINYTEXT
1	-999	tinytext
2	-998	tinytext
3	-997	tinytext
4	-996	tinytext
5	-995	tinytext
6	995	tinytext
7	996	tinytext
8	997	tinytext
9	998	tinytext
10	999	tinytext
select dtt1.cidx, dtt1.CDECIMAL5, dtt2.CTINYTEXT from datatypetestm1 dtt1, datatypetestm2 dtt2 where dtt1.cidx = dtt2.cidx and dtt1.CDECIMAL5 < dtt2.CTINYTEXT ;
cidx	CDECIMAL5	CTINYTEXT
1	-999	tinytext
2	-998	tinytext
3	-997	tinytext
4	-996	tinytext
5	-995	tinytext
select dtt1.cidx, dtt1.CDECIMAL5, dtt2.CTINYTEXT from datatypetestm1 dtt1, datatypetestm2 dtt2 where dtt1.cidx = dtt2.cidx and dtt1.CDECIMAL5 <= dtt2.CTINYTEXT ;
cidx	CDECIMAL5	CTINYTEXT
1	-999	tinytext
2	-998	tinytext
3	-997	tinytext
4	-996	tinytext
5	-995	tinytext
