USE autopilot;
select dtt1.cidx, dtt1.CTIME, dtt2.CDECIMAL1 from datatypetestm1 dtt1, datatypetestm2 dtt2 where dtt1.cidx = dtt2.cidx and dtt1.CTIME > dtt2.CDECIMAL1 ;
cidx	CTIME	CDECIMAL1
1	11:58:28	-9
2	11:58:28	-8
3	11:58:28	-7
4	11:58:28	-6
5	11:58:28	-5
6	11:58:28	5
7	11:58:28	6
8	11:58:28	7
9	11:58:28	8
10	11:58:28	9
11	11:58:28	0
select dtt1.cidx, dtt1.CTIME, dtt2.CDECIMAL1 from datatypetestm1 dtt1, datatypetestm2 dtt2 where dtt1.cidx = dtt2.cidx and dtt1.CTIME >= dtt2.CDECIMAL1 ;
cidx	CTIME	CDECIMAL1
1	11:58:28	-9
2	11:58:28	-8
3	11:58:28	-7
4	11:58:28	-6
5	11:58:28	-5
6	11:58:28	5
7	11:58:28	6
8	11:58:28	7
9	11:58:28	8
10	11:58:28	9
11	11:58:28	0
select dtt1.cidx, dtt1.CTIME, dtt2.CDECIMAL1 from datatypetestm1 dtt1, datatypetestm2 dtt2 where dtt1.cidx = dtt2.cidx and dtt1.CTIME <> dtt2.CDECIMAL1 ;
cidx	CTIME	CDECIMAL1
1	11:58:28	-9
2	11:58:28	-8
3	11:58:28	-7
4	11:58:28	-6
5	11:58:28	-5
6	11:58:28	5
7	11:58:28	6
8	11:58:28	7
9	11:58:28	8
10	11:58:28	9
11	11:58:28	0
select dtt1.cidx, dtt1.CTIME, dtt2.CDECIMAL1 from datatypetestm1 dtt1, datatypetestm2 dtt2 where dtt1.cidx = dtt2.cidx and dtt1.CTIME < dtt2.CDECIMAL1 ;
cidx	CTIME	CDECIMAL1
select dtt1.cidx, dtt1.CTIME, dtt2.CDECIMAL1 from datatypetestm1 dtt1, datatypetestm2 dtt2 where dtt1.cidx = dtt2.cidx and dtt1.CTIME <= dtt2.CDECIMAL1 ;
cidx	CTIME	CDECIMAL1
