USE autopilot;
select dtt1.cidx, dtt1.CDECIMAL1, dtt2.CDECIMAL4_2 from datatypetestm1 dtt1, datatypetestm2 dtt2 where dtt1.cidx = dtt2.cidx and dtt1.CDECIMAL1 > dtt2.CDECIMAL4_2 ;
cidx	CDECIMAL1	CDECIMAL4_2
1	-9	-9.99
2	-8	-9.98
3	-7	-9.97
4	-6	-9.96
5	-5	-9.95
select dtt1.cidx, dtt1.CDECIMAL1, dtt2.CDECIMAL4_2 from datatypetestm1 dtt1, datatypetestm2 dtt2 where dtt1.cidx = dtt2.cidx and dtt1.CDECIMAL1 >= dtt2.CDECIMAL4_2 ;
cidx	CDECIMAL1	CDECIMAL4_2
1	-9	-9.99
2	-8	-9.98
3	-7	-9.97
4	-6	-9.96
5	-5	-9.95
11	0	0.00
select dtt1.cidx, dtt1.CDECIMAL1, dtt2.CDECIMAL4_2 from datatypetestm1 dtt1, datatypetestm2 dtt2 where dtt1.cidx = dtt2.cidx and dtt1.CDECIMAL1 <> dtt2.CDECIMAL4_2 ;
cidx	CDECIMAL1	CDECIMAL4_2
1	-9	-9.99
2	-8	-9.98
3	-7	-9.97
4	-6	-9.96
5	-5	-9.95
6	5	9.95
7	6	9.96
8	7	9.97
9	8	9.98
10	9	9.99
select dtt1.cidx, dtt1.CDECIMAL1, dtt2.CDECIMAL4_2 from datatypetestm1 dtt1, datatypetestm2 dtt2 where dtt1.cidx = dtt2.cidx and dtt1.CDECIMAL1 < dtt2.CDECIMAL4_2 ;
cidx	CDECIMAL1	CDECIMAL4_2
6	5	9.95
7	6	9.96
8	7	9.97
9	8	9.98
10	9	9.99
select dtt1.cidx, dtt1.CDECIMAL1, dtt2.CDECIMAL4_2 from datatypetestm1 dtt1, datatypetestm2 dtt2 where dtt1.cidx = dtt2.cidx and dtt1.CDECIMAL1 <= dtt2.CDECIMAL4_2 ;
cidx	CDECIMAL1	CDECIMAL4_2
6	5	9.95
7	6	9.96
8	7	9.97
9	8	9.98
10	9	9.99
11	0	0.00
