USE autopilot;
select dtt1.cidx, dtt1.CDECIMAL4_2, dtt2.CCHAR9 from datatypetestm1 dtt1, datatypetestm2 dtt2 where dtt1.cidx = dtt2.cidx and dtt1.CDECIMAL4_2 > dtt2.CCHAR9 ;
cidx	CDECIMAL4_2	CCHAR9
6	9.95	rrrrrrr
7	9.96	rrrrrrrr
8	9.97	rrrrrrrrr
9	9.98	rrrrrrrrr
10	9.99	zzzzzzzzz
select dtt1.cidx, dtt1.CDECIMAL4_2, dtt2.CCHAR9 from datatypetestm1 dtt1, datatypetestm2 dtt2 where dtt1.cidx = dtt2.cidx and dtt1.CDECIMAL4_2 >= dtt2.CCHAR9 ;
cidx	CDECIMAL4_2	CCHAR9
6	9.95	rrrrrrr
7	9.96	rrrrrrrr
8	9.97	rrrrrrrrr
9	9.98	rrrrrrrrr
10	9.99	zzzzzzzzz
select dtt1.cidx, dtt1.CDECIMAL4_2, dtt2.CCHAR9 from datatypetestm1 dtt1, datatypetestm2 dtt2 where dtt1.cidx = dtt2.cidx and dtt1.CDECIMAL4_2 <> dtt2.CCHAR9 ;
cidx	CDECIMAL4_2	CCHAR9
1	-9.99	aaaaaaaaa
2	-9.98	i
3	-9.97	ii
4	-9.96	iii
5	-9.95	iiii
6	9.95	rrrrrrr
7	9.96	rrrrrrrr
8	9.97	rrrrrrrrr
9	9.98	rrrrrrrrr
10	9.99	zzzzzzzzz
select dtt1.cidx, dtt1.CDECIMAL4_2, dtt2.CCHAR9 from datatypetestm1 dtt1, datatypetestm2 dtt2 where dtt1.cidx = dtt2.cidx and dtt1.CDECIMAL4_2 < dtt2.CCHAR9 ;
cidx	CDECIMAL4_2	CCHAR9
1	-9.99	aaaaaaaaa
2	-9.98	i
3	-9.97	ii
4	-9.96	iii
5	-9.95	iiii
select dtt1.cidx, dtt1.CDECIMAL4_2, dtt2.CCHAR9 from datatypetestm1 dtt1, datatypetestm2 dtt2 where dtt1.cidx = dtt2.cidx and dtt1.CDECIMAL4_2 <= dtt2.CCHAR9 ;
cidx	CDECIMAL4_2	CCHAR9
1	-9.99	aaaaaaaaa
2	-9.98	i
3	-9.97	ii
4	-9.96	iii
5	-9.95	iiii
