USE autopilot;
select dtt1.cidx, dtt1.CINTEGER, dtt2.CTIMESTAMP from datatypetestm1 dtt1, datatypetestm2 dtt2 where dtt1.cidx = dtt2.cidx and dtt1.CINTEGER > dtt2.CTIMESTAMP ;
cidx	CINTEGER	CTIMESTAMP
select dtt1.cidx, dtt1.CINTEGER, dtt2.CTIMESTAMP from datatypetestm1 dtt1, datatypetestm2 dtt2 where dtt1.cidx = dtt2.cidx and dtt1.CINTEGER >= dtt2.CTIMESTAMP ;
cidx	CINTEGER	CTIMESTAMP
select dtt1.cidx, dtt1.CINTEGER, dtt2.CTIMESTAMP from datatypetestm1 dtt1, datatypetestm2 dtt2 where dtt1.cidx = dtt2.cidx and dtt1.CINTEGER <> dtt2.CTIMESTAMP ;
cidx	CINTEGER	CTIMESTAMP
1	-7483646	2020-08-13 03:14:07
2	-7483645	2020-08-13 03:14:07
3	-7483644	2020-08-13 03:14:07
4	-7483643	2020-08-13 03:14:07
5	-7483642	2020-08-13 03:14:07
6	7483643	2020-08-13 03:14:07
7	7483644	2020-08-13 03:14:07
8	7483645	2020-08-13 03:14:07
9	7483646	2020-08-13 03:14:07
10	7483647	2020-08-13 03:14:07
11	0	2020-08-13 03:14:07
select dtt1.cidx, dtt1.CINTEGER, dtt2.CTIMESTAMP from datatypetestm1 dtt1, datatypetestm2 dtt2 where dtt1.cidx = dtt2.cidx and dtt1.CINTEGER < dtt2.CTIMESTAMP ;
cidx	CINTEGER	CTIMESTAMP
1	-7483646	2020-08-13 03:14:07
2	-7483645	2020-08-13 03:14:07
3	-7483644	2020-08-13 03:14:07
4	-7483643	2020-08-13 03:14:07
5	-7483642	2020-08-13 03:14:07
6	7483643	2020-08-13 03:14:07
7	7483644	2020-08-13 03:14:07
8	7483645	2020-08-13 03:14:07
9	7483646	2020-08-13 03:14:07
10	7483647	2020-08-13 03:14:07
11	0	2020-08-13 03:14:07
select dtt1.cidx, dtt1.CINTEGER, dtt2.CTIMESTAMP from datatypetestm1 dtt1, datatypetestm2 dtt2 where dtt1.cidx = dtt2.cidx and dtt1.CINTEGER <= dtt2.CTIMESTAMP ;
cidx	CINTEGER	CTIMESTAMP
1	-7483646	2020-08-13 03:14:07
2	-7483645	2020-08-13 03:14:07
3	-7483644	2020-08-13 03:14:07
4	-7483643	2020-08-13 03:14:07
5	-7483642	2020-08-13 03:14:07
6	7483643	2020-08-13 03:14:07
7	7483644	2020-08-13 03:14:07
8	7483645	2020-08-13 03:14:07
9	7483646	2020-08-13 03:14:07
10	7483647	2020-08-13 03:14:07
11	0	2020-08-13 03:14:07
