USE autopilot;
select dtt1.cidx, dtt1.CDECIMAL18_2, dtt2.CCHAR7 from datatypetestm1 dtt1, datatypetestm2 dtt2 where dtt1.cidx = dtt2.cidx and dtt1.CDECIMAL18_2 > dtt2.CCHAR7 ;
cidx	CDECIMAL18_2	CCHAR7
6	99999999999.95	ttttttt
7	99999999999.96	ttttttt
8	99999999999.97	ttttttt
9	99999999999.98	ttttttt
10	99999999999.99	zzzzzzz
select dtt1.cidx, dtt1.CDECIMAL18_2, dtt2.CCHAR7 from datatypetestm1 dtt1, datatypetestm2 dtt2 where dtt1.cidx = dtt2.cidx and dtt1.CDECIMAL18_2 >= dtt2.CCHAR7 ;
cidx	CDECIMAL18_2	CCHAR7
6	99999999999.95	ttttttt
7	99999999999.96	ttttttt
8	99999999999.97	ttttttt
9	99999999999.98	ttttttt
10	99999999999.99	zzzzzzz
select dtt1.cidx, dtt1.CDECIMAL18_2, dtt2.CCHAR7 from datatypetestm1 dtt1, datatypetestm2 dtt2 where dtt1.cidx = dtt2.cidx and dtt1.CDECIMAL18_2 <> dtt2.CCHAR7 ;
cidx	CDECIMAL18_2	CCHAR7
1	-99999999999.99	aaaaaaa
2	-99999999999.98	g
3	-99999999999.97	gg
4	-99999999999.96	ggg
5	-99999999999.95	gggg
6	99999999999.95	ttttttt
7	99999999999.96	ttttttt
8	99999999999.97	ttttttt
9	99999999999.98	ttttttt
10	99999999999.99	zzzzzzz
select dtt1.cidx, dtt1.CDECIMAL18_2, dtt2.CCHAR7 from datatypetestm1 dtt1, datatypetestm2 dtt2 where dtt1.cidx = dtt2.cidx and dtt1.CDECIMAL18_2 < dtt2.CCHAR7 ;
cidx	CDECIMAL18_2	CCHAR7
1	-99999999999.99	aaaaaaa
2	-99999999999.98	g
3	-99999999999.97	gg
4	-99999999999.96	ggg
5	-99999999999.95	gggg
select dtt1.cidx, dtt1.CDECIMAL18_2, dtt2.CCHAR7 from datatypetestm1 dtt1, datatypetestm2 dtt2 where dtt1.cidx = dtt2.cidx and dtt1.CDECIMAL18_2 <= dtt2.CCHAR7 ;
cidx	CDECIMAL18_2	CCHAR7
1	-99999999999.99	aaaaaaa
2	-99999999999.98	g
3	-99999999999.97	gg
4	-99999999999.96	ggg
5	-99999999999.95	gggg
