USE autopilot;
select dtt1.cidx, dtt1.CDECIMAL4_2, dtt2.CTIME from datatypetestm1 dtt1, datatypetestm2 dtt2 where dtt1.cidx = dtt2.cidx and dtt1.CDECIMAL4_2 > dtt2.CTIME ;
cidx	CDECIMAL4_2	CTIME
select dtt1.cidx, dtt1.CDECIMAL4_2, dtt2.CTIME from datatypetestm1 dtt1, datatypetestm2 dtt2 where dtt1.cidx = dtt2.cidx and dtt1.CDECIMAL4_2 >= dtt2.CTIME ;
cidx	CDECIMAL4_2	CTIME
select dtt1.cidx, dtt1.CDECIMAL4_2, dtt2.CTIME from datatypetestm1 dtt1, datatypetestm2 dtt2 where dtt1.cidx = dtt2.cidx and dtt1.CDECIMAL4_2 <> dtt2.CTIME ;
cidx	CDECIMAL4_2	CTIME
1	-9.99	11:58:28
2	-9.98	11:58:28
3	-9.97	11:58:28
4	-9.96	11:58:28
5	-9.95	11:58:28
6	9.95	11:58:28
7	9.96	11:58:28
8	9.97	11:58:28
9	9.98	11:58:28
10	9.99	11:58:28
11	0.00	11:58:28
select dtt1.cidx, dtt1.CDECIMAL4_2, dtt2.CTIME from datatypetestm1 dtt1, datatypetestm2 dtt2 where dtt1.cidx = dtt2.cidx and dtt1.CDECIMAL4_2 < dtt2.CTIME ;
cidx	CDECIMAL4_2	CTIME
1	-9.99	11:58:28
2	-9.98	11:58:28
3	-9.97	11:58:28
4	-9.96	11:58:28
5	-9.95	11:58:28
6	9.95	11:58:28
7	9.96	11:58:28
8	9.97	11:58:28
9	9.98	11:58:28
10	9.99	11:58:28
11	0.00	11:58:28
select dtt1.cidx, dtt1.CDECIMAL4_2, dtt2.CTIME from datatypetestm1 dtt1, datatypetestm2 dtt2 where dtt1.cidx = dtt2.cidx and dtt1.CDECIMAL4_2 <= dtt2.CTIME ;
cidx	CDECIMAL4_2	CTIME
1	-9.99	11:58:28
2	-9.98	11:58:28
3	-9.97	11:58:28
4	-9.96	11:58:28
5	-9.95	11:58:28
6	9.95	11:58:28
7	9.96	11:58:28
8	9.97	11:58:28
9	9.98	11:58:28
10	9.99	11:58:28
11	0.00	11:58:28
