USE autopilot;
select dtt1.cidx, dtt1.CDECIMAL9_2, dtt2.CCHAR2 from datatypetestm1 dtt1, datatypetestm2 dtt2 where dtt1.cidx = dtt2.cidx and dtt1.CDECIMAL9_2 > dtt2.CCHAR2 ;
cidx	CDECIMAL9_2	CCHAR2
6	9999.95	yy
7	9999.96	yy
8	9999.97	yy
9	9999.98	yy
10	9999.99	zz
select dtt1.cidx, dtt1.CDECIMAL9_2, dtt2.CCHAR2 from datatypetestm1 dtt1, datatypetestm2 dtt2 where dtt1.cidx = dtt2.cidx and dtt1.CDECIMAL9_2 >= dtt2.CCHAR2 ;
cidx	CDECIMAL9_2	CCHAR2
6	9999.95	yy
7	9999.96	yy
8	9999.97	yy
9	9999.98	yy
10	9999.99	zz
select dtt1.cidx, dtt1.CDECIMAL9_2, dtt2.CCHAR2 from datatypetestm1 dtt1, datatypetestm2 dtt2 where dtt1.cidx = dtt2.cidx and dtt1.CDECIMAL9_2 <> dtt2.CCHAR2 ;
cidx	CDECIMAL9_2	CCHAR2
1	-9999.99	aa
2	-9999.98	b
3	-9999.97	bb
4	-9999.96	bb
5	-9999.95	bb
6	9999.95	yy
7	9999.96	yy
8	9999.97	yy
9	9999.98	yy
10	9999.99	zz
select dtt1.cidx, dtt1.CDECIMAL9_2, dtt2.CCHAR2 from datatypetestm1 dtt1, datatypetestm2 dtt2 where dtt1.cidx = dtt2.cidx and dtt1.CDECIMAL9_2 < dtt2.CCHAR2 ;
cidx	CDECIMAL9_2	CCHAR2
1	-9999.99	aa
2	-9999.98	b
3	-9999.97	bb
4	-9999.96	bb
5	-9999.95	bb
select dtt1.cidx, dtt1.CDECIMAL9_2, dtt2.CCHAR2 from datatypetestm1 dtt1, datatypetestm2 dtt2 where dtt1.cidx = dtt2.cidx and dtt1.CDECIMAL9_2 <= dtt2.CCHAR2 ;
cidx	CDECIMAL9_2	CCHAR2
1	-9999.99	aa
2	-9999.98	b
3	-9999.97	bb
4	-9999.96	bb
5	-9999.95	bb
