USE autopilot;
select dtt1.cidx, dtt1.CTIME, dtt2.CVCHAR8 from datatypetestm1 dtt1, datatypetestm2 dtt2 where dtt1.cidx = dtt2.cidx and dtt1.CTIME > dtt2.CVCHAR8 ;
cidx	CTIME	CVCHAR8
1	11:58:28	aaaaaaaa
2	11:58:28	h
3	11:58:28	hh
4	11:58:28	hhh
5	11:58:28	hhhh
6	11:58:28	sssssss
7	11:58:28	ssssssss
8	11:58:28	ssssssss
9	11:58:28	ssssssss
10	11:58:28	zzzzzzzz
select dtt1.cidx, dtt1.CTIME, dtt2.CVCHAR8 from datatypetestm1 dtt1, datatypetestm2 dtt2 where dtt1.cidx = dtt2.cidx and dtt1.CTIME >= dtt2.CVCHAR8 ;
cidx	CTIME	CVCHAR8
1	11:58:28	aaaaaaaa
2	11:58:28	h
3	11:58:28	hh
4	11:58:28	hhh
5	11:58:28	hhhh
6	11:58:28	sssssss
7	11:58:28	ssssssss
8	11:58:28	ssssssss
9	11:58:28	ssssssss
10	11:58:28	zzzzzzzz
select dtt1.cidx, dtt1.CTIME, dtt2.CVCHAR8 from datatypetestm1 dtt1, datatypetestm2 dtt2 where dtt1.cidx = dtt2.cidx and dtt1.CTIME <> dtt2.CVCHAR8 ;
cidx	CTIME	CVCHAR8
1	11:58:28	aaaaaaaa
2	11:58:28	h
3	11:58:28	hh
4	11:58:28	hhh
5	11:58:28	hhhh
6	11:58:28	sssssss
7	11:58:28	ssssssss
8	11:58:28	ssssssss
9	11:58:28	ssssssss
10	11:58:28	zzzzzzzz
select dtt1.cidx, dtt1.CTIME, dtt2.CVCHAR8 from datatypetestm1 dtt1, datatypetestm2 dtt2 where dtt1.cidx = dtt2.cidx and dtt1.CTIME < dtt2.CVCHAR8 ;
cidx	CTIME	CVCHAR8
select dtt1.cidx, dtt1.CTIME, dtt2.CVCHAR8 from datatypetestm1 dtt1, datatypetestm2 dtt2 where dtt1.cidx = dtt2.cidx and dtt1.CTIME <= dtt2.CVCHAR8 ;
cidx	CTIME	CVCHAR8
