USE autopilot;
select dtt1.cidx, dtt1.CDECIMAL10, dtt2.CVCHAR3 from datatypetestm1 dtt1, datatypetestm2 dtt2 where dtt1.cidx = dtt2.cidx and dtt1.CDECIMAL10 > dtt2.CVCHAR3 ;
cidx	CDECIMAL10	CVCHAR3
6	9999995	xxx
7	9999996	xxx
8	9999997	xxx
9	9999998	xxx
10	9999999	zzz
select dtt1.cidx, dtt1.CDECIMAL10, dtt2.CVCHAR3 from datatypetestm1 dtt1, datatypetestm2 dtt2 where dtt1.cidx = dtt2.cidx and dtt1.CDECIMAL10 >= dtt2.CVCHAR3 ;
cidx	CDECIMAL10	CVCHAR3
6	9999995	xxx
7	9999996	xxx
8	9999997	xxx
9	9999998	xxx
10	9999999	zzz
select dtt1.cidx, dtt1.CDECIMAL10, dtt2.CVCHAR3 from datatypetestm1 dtt1, datatypetestm2 dtt2 where dtt1.cidx = dtt2.cidx and dtt1.CDECIMAL10 <> dtt2.CVCHAR3 ;
cidx	CDECIMAL10	CVCHAR3
1	-9999999	aaa
2	-9999998	c
3	-9999997	cc
4	-9999996	ccc
5	-9999995	ccc
6	9999995	xxx
7	9999996	xxx
8	9999997	xxx
9	9999998	xxx
10	9999999	zzz
select dtt1.cidx, dtt1.CDECIMAL10, dtt2.CVCHAR3 from datatypetestm1 dtt1, datatypetestm2 dtt2 where dtt1.cidx = dtt2.cidx and dtt1.CDECIMAL10 < dtt2.CVCHAR3 ;
cidx	CDECIMAL10	CVCHAR3
1	-9999999	aaa
2	-9999998	c
3	-9999997	cc
4	-9999996	ccc
5	-9999995	ccc
select dtt1.cidx, dtt1.CDECIMAL10, dtt2.CVCHAR3 from datatypetestm1 dtt1, datatypetestm2 dtt2 where dtt1.cidx = dtt2.cidx and dtt1.CDECIMAL10 <= dtt2.CVCHAR3 ;
cidx	CDECIMAL10	CVCHAR3
1	-9999999	aaa
2	-9999998	c
3	-9999997	cc
4	-9999996	ccc
5	-9999995	ccc
