USE autopilot;
select dtt1.cidx, dtt1.CMEDIUMTEXT, dtt2.CTINYINT from datatypetestm1 dtt1, datatypetestm2 dtt2 where dtt1.cidx = dtt2.cidx and dtt1.CMEDIUMTEXT > dtt2.CTINYINT ;
cidx	CMEDIUMTEXT	CTINYINT
1	mediumtestmediumtest	-26
2	mediumtestmediumtest	-25
3	mediumtestmediumtest	-24
4	mediumtestmediumtest	-23
5	mediumtestmediumtest	-22
select dtt1.cidx, dtt1.CMEDIUMTEXT, dtt2.CTINYINT from datatypetestm1 dtt1, datatypetestm2 dtt2 where dtt1.cidx = dtt2.cidx and dtt1.CMEDIUMTEXT >= dtt2.CTINYINT ;
cidx	CMEDIUMTEXT	CTINYINT
1	mediumtestmediumtest	-26
2	mediumtestmediumtest	-25
3	mediumtestmediumtest	-24
4	mediumtestmediumtest	-23
5	mediumtestmediumtest	-22
select dtt1.cidx, dtt1.CMEDIUMTEXT, dtt2.CTINYINT from datatypetestm1 dtt1, datatypetestm2 dtt2 where dtt1.cidx = dtt2.cidx and dtt1.CMEDIUMTEXT <> dtt2.CTINYINT ;
cidx	CMEDIUMTEXT	CTINYINT
1	mediumtestmediumtest	-26
2	mediumtestmediumtest	-25
3	mediumtestmediumtest	-24
4	mediumtestmediumtest	-23
5	mediumtestmediumtest	-22
6	mediumtestmediumtest	23
7	mediumtestmediumtest	24
8	mediumtestmediumtest	25
9	mediumtestmediumtest	26
10	mediumtestmediumtest	27
select dtt1.cidx, dtt1.CMEDIUMTEXT, dtt2.CTINYINT from datatypetestm1 dtt1, datatypetestm2 dtt2 where dtt1.cidx = dtt2.cidx and dtt1.CMEDIUMTEXT < dtt2.CTINYINT ;
cidx	CMEDIUMTEXT	CTINYINT
6	mediumtestmediumtest	23
7	mediumtestmediumtest	24
8	mediumtestmediumtest	25
9	mediumtestmediumtest	26
10	mediumtestmediumtest	27
select dtt1.cidx, dtt1.CMEDIUMTEXT, dtt2.CTINYINT from datatypetestm1 dtt1, datatypetestm2 dtt2 where dtt1.cidx = dtt2.cidx and dtt1.CMEDIUMTEXT <= dtt2.CTINYINT ;
cidx	CMEDIUMTEXT	CTINYINT
6	mediumtestmediumtest	23
7	mediumtestmediumtest	24
8	mediumtestmediumtest	25
9	mediumtestmediumtest	26
10	mediumtestmediumtest	27
