USE autopilot;
select dtt1.cidx, dtt1.CDECIMAL4_2, dtt2.CDECIMAL18 from datatypetestm1 dtt1, datatypetestm2 dtt2 where dtt1.cidx = dtt2.cidx and dtt1.CDECIMAL4_2 > dtt2.CDECIMAL18 ;
cidx	CDECIMAL4_2	CDECIMAL18
1	-9.99	-9999999999999
2	-9.98	-9999999999998
3	-9.97	-9999999999997
4	-9.96	-9999999999996
5	-9.95	-9999999999995
select dtt1.cidx, dtt1.CDECIMAL4_2, dtt2.CDECIMAL18 from datatypetestm1 dtt1, datatypetestm2 dtt2 where dtt1.cidx = dtt2.cidx and dtt1.CDECIMAL4_2 >= dtt2.CDECIMAL18 ;
cidx	CDECIMAL4_2	CDECIMAL18
1	-9.99	-9999999999999
2	-9.98	-9999999999998
3	-9.97	-9999999999997
4	-9.96	-9999999999996
5	-9.95	-9999999999995
11	0.00	0
select dtt1.cidx, dtt1.CDECIMAL4_2, dtt2.CDECIMAL18 from datatypetestm1 dtt1, datatypetestm2 dtt2 where dtt1.cidx = dtt2.cidx and dtt1.CDECIMAL4_2 <> dtt2.CDECIMAL18 ;
cidx	CDECIMAL4_2	CDECIMAL18
1	-9.99	-9999999999999
2	-9.98	-9999999999998
3	-9.97	-9999999999997
4	-9.96	-9999999999996
5	-9.95	-9999999999995
6	9.95	9999999999995
7	9.96	9999999999996
8	9.97	9999999999997
9	9.98	9999999999998
10	9.99	9999999999999
select dtt1.cidx, dtt1.CDECIMAL4_2, dtt2.CDECIMAL18 from datatypetestm1 dtt1, datatypetestm2 dtt2 where dtt1.cidx = dtt2.cidx and dtt1.CDECIMAL4_2 < dtt2.CDECIMAL18 ;
cidx	CDECIMAL4_2	CDECIMAL18
6	9.95	9999999999995
7	9.96	9999999999996
8	9.97	9999999999997
9	9.98	9999999999998
10	9.99	9999999999999
select dtt1.cidx, dtt1.CDECIMAL4_2, dtt2.CDECIMAL18 from datatypetestm1 dtt1, datatypetestm2 dtt2 where dtt1.cidx = dtt2.cidx and dtt1.CDECIMAL4_2 <= dtt2.CDECIMAL18 ;
cidx	CDECIMAL4_2	CDECIMAL18
6	9.95	9999999999995
7	9.96	9999999999996
8	9.97	9999999999997
9	9.98	9999999999998
10	9.99	9999999999999
11	0.00	0
