USE autopilot;
select dtt1.cidx, dtt1.CDECIMAL9_2, dtt2.CCHAR3 from datatypetestm1 dtt1, datatypetestm2 dtt2 where dtt1.cidx = dtt2.cidx and dtt1.CDECIMAL9_2 > dtt2.CCHAR3 ;
cidx	CDECIMAL9_2	CCHAR3
6	9999.95	xxx
7	9999.96	xxx
8	9999.97	xxx
9	9999.98	xxx
10	9999.99	zzz
select dtt1.cidx, dtt1.CDECIMAL9_2, dtt2.CCHAR3 from datatypetestm1 dtt1, datatypetestm2 dtt2 where dtt1.cidx = dtt2.cidx and dtt1.CDECIMAL9_2 >= dtt2.CCHAR3 ;
cidx	CDECIMAL9_2	CCHAR3
6	9999.95	xxx
7	9999.96	xxx
8	9999.97	xxx
9	9999.98	xxx
10	9999.99	zzz
select dtt1.cidx, dtt1.CDECIMAL9_2, dtt2.CCHAR3 from datatypetestm1 dtt1, datatypetestm2 dtt2 where dtt1.cidx = dtt2.cidx and dtt1.CDECIMAL9_2 <> dtt2.CCHAR3 ;
cidx	CDECIMAL9_2	CCHAR3
1	-9999.99	aaa
2	-9999.98	c
3	-9999.97	cc
4	-9999.96	ccc
5	-9999.95	ccc
6	9999.95	xxx
7	9999.96	xxx
8	9999.97	xxx
9	9999.98	xxx
10	9999.99	zzz
select dtt1.cidx, dtt1.CDECIMAL9_2, dtt2.CCHAR3 from datatypetestm1 dtt1, datatypetestm2 dtt2 where dtt1.cidx = dtt2.cidx and dtt1.CDECIMAL9_2 < dtt2.CCHAR3 ;
cidx	CDECIMAL9_2	CCHAR3
1	-9999.99	aaa
2	-9999.98	c
3	-9999.97	cc
4	-9999.96	ccc
5	-9999.95	ccc
select dtt1.cidx, dtt1.CDECIMAL9_2, dtt2.CCHAR3 from datatypetestm1 dtt1, datatypetestm2 dtt2 where dtt1.cidx = dtt2.cidx and dtt1.CDECIMAL9_2 <= dtt2.CCHAR3 ;
cidx	CDECIMAL9_2	CCHAR3
1	-9999.99	aaa
2	-9999.98	c
3	-9999.97	cc
4	-9999.96	ccc
5	-9999.95	ccc
