USE autopilot;
select dtt1.cidx, dtt1.CFLOAT, dtt2.CDECIMAL4_2 from datatypetestm1 dtt1, datatypetestm2 dtt2 where dtt1.cidx = dtt2.cidx and dtt1.CFLOAT > dtt2.CDECIMAL4_2 ;
cidx	CFLOAT	CDECIMAL4_2
6	3.40286e18	9.95
7	3.40286e18	9.96
8	3.40286e18	9.97
9	3.40287e18	9.98
10	3.40287e18	9.99
select dtt1.cidx, dtt1.CFLOAT, dtt2.CDECIMAL4_2 from datatypetestm1 dtt1, datatypetestm2 dtt2 where dtt1.cidx = dtt2.cidx and dtt1.CFLOAT >= dtt2.CDECIMAL4_2 ;
cidx	CFLOAT	CDECIMAL4_2
6	3.40286e18	9.95
7	3.40286e18	9.96
8	3.40286e18	9.97
9	3.40287e18	9.98
10	3.40287e18	9.99
11	0	0.00
select dtt1.cidx, dtt1.CFLOAT, dtt2.CDECIMAL4_2 from datatypetestm1 dtt1, datatypetestm2 dtt2 where dtt1.cidx = dtt2.cidx and dtt1.CFLOAT <> dtt2.CDECIMAL4_2 ;
cidx	CFLOAT	CDECIMAL4_2
1	-3.40287e18	-9.99
2	-3.40287e18	-9.98
3	-3.40286e18	-9.97
4	-3.40286e18	-9.96
5	-3.40286e18	-9.95
6	3.40286e18	9.95
7	3.40286e18	9.96
8	3.40286e18	9.97
9	3.40287e18	9.98
10	3.40287e18	9.99
select dtt1.cidx, dtt1.CFLOAT, dtt2.CDECIMAL4_2 from datatypetestm1 dtt1, datatypetestm2 dtt2 where dtt1.cidx = dtt2.cidx and dtt1.CFLOAT < dtt2.CDECIMAL4_2 ;
cidx	CFLOAT	CDECIMAL4_2
1	-3.40287e18	-9.99
2	-3.40287e18	-9.98
3	-3.40286e18	-9.97
4	-3.40286e18	-9.96
5	-3.40286e18	-9.95
select dtt1.cidx, dtt1.CFLOAT, dtt2.CDECIMAL4_2 from datatypetestm1 dtt1, datatypetestm2 dtt2 where dtt1.cidx = dtt2.cidx and dtt1.CFLOAT <= dtt2.CDECIMAL4_2 ;
cidx	CFLOAT	CDECIMAL4_2
1	-3.40287e18	-9.99
2	-3.40287e18	-9.98
3	-3.40286e18	-9.97
4	-3.40286e18	-9.96
5	-3.40286e18	-9.95
11	0	0.00
