USE autopilot;
select dtt1.cidx, dtt1.CDECIMAL4_2, dtt2.CTINYTEXT from datatypetestm1 dtt1, datatypetestm2 dtt2 where dtt1.cidx = dtt2.cidx and dtt1.CDECIMAL4_2 > dtt2.CTINYTEXT ;
cidx	CDECIMAL4_2	CTINYTEXT
6	9.95	tinytext
7	9.96	tinytext
8	9.97	tinytext
9	9.98	tinytext
10	9.99	tinytext
select dtt1.cidx, dtt1.CDECIMAL4_2, dtt2.CTINYTEXT from datatypetestm1 dtt1, datatypetestm2 dtt2 where dtt1.cidx = dtt2.cidx and dtt1.CDECIMAL4_2 >= dtt2.CTINYTEXT ;
cidx	CDECIMAL4_2	CTINYTEXT
6	9.95	tinytext
7	9.96	tinytext
8	9.97	tinytext
9	9.98	tinytext
10	9.99	tinytext
select dtt1.cidx, dtt1.CDECIMAL4_2, dtt2.CTINYTEXT from datatypetestm1 dtt1, datatypetestm2 dtt2 where dtt1.cidx = dtt2.cidx and dtt1.CDECIMAL4_2 <> dtt2.CTINYTEXT ;
cidx	CDECIMAL4_2	CTINYTEXT
1	-9.99	tinytext
2	-9.98	tinytext
3	-9.97	tinytext
4	-9.96	tinytext
5	-9.95	tinytext
6	9.95	tinytext
7	9.96	tinytext
8	9.97	tinytext
9	9.98	tinytext
10	9.99	tinytext
select dtt1.cidx, dtt1.CDECIMAL4_2, dtt2.CTINYTEXT from datatypetestm1 dtt1, datatypetestm2 dtt2 where dtt1.cidx = dtt2.cidx and dtt1.CDECIMAL4_2 < dtt2.CTINYTEXT ;
cidx	CDECIMAL4_2	CTINYTEXT
1	-9.99	tinytext
2	-9.98	tinytext
3	-9.97	tinytext
4	-9.96	tinytext
5	-9.95	tinytext
select dtt1.cidx, dtt1.CDECIMAL4_2, dtt2.CTINYTEXT from datatypetestm1 dtt1, datatypetestm2 dtt2 where dtt1.cidx = dtt2.cidx and dtt1.CDECIMAL4_2 <= dtt2.CTINYTEXT ;
cidx	CDECIMAL4_2	CTINYTEXT
1	-9.99	tinytext
2	-9.98	tinytext
3	-9.97	tinytext
4	-9.96	tinytext
5	-9.95	tinytext
