USE autopilot;
select dtt1.cidx, dtt1.CDECIMAL9, dtt2.CMEDIUMTEXT from datatypetestm1 dtt1, datatypetestm2 dtt2 where dtt1.cidx = dtt2.cidx and dtt1.CDECIMAL9 > dtt2.CMEDIUMTEXT ;
cidx	CDECIMAL9	CMEDIUMTEXT
6	999995	mediumtestmediumtest
7	999996	mediumtestmediumtest
8	999997	mediumtestmediumtest
9	999998	mediumtestmediumtest
10	999999	mediumtestmediumtest
select dtt1.cidx, dtt1.CDECIMAL9, dtt2.CMEDIUMTEXT from datatypetestm1 dtt1, datatypetestm2 dtt2 where dtt1.cidx = dtt2.cidx and dtt1.CDECIMAL9 >= dtt2.CMEDIUMTEXT ;
cidx	CDECIMAL9	CMEDIUMTEXT
6	999995	mediumtestmediumtest
7	999996	mediumtestmediumtest
8	999997	mediumtestmediumtest
9	999998	mediumtestmediumtest
10	999999	mediumtestmediumtest
select dtt1.cidx, dtt1.CDECIMAL9, dtt2.CMEDIUMTEXT from datatypetestm1 dtt1, datatypetestm2 dtt2 where dtt1.cidx = dtt2.cidx and dtt1.CDECIMAL9 <> dtt2.CMEDIUMTEXT ;
cidx	CDECIMAL9	CMEDIUMTEXT
1	-999999	mediumtestmediumtest
2	-999998	mediumtestmediumtest
3	-999997	mediumtestmediumtest
4	-999996	mediumtestmediumtest
5	-999995	mediumtestmediumtest
6	999995	mediumtestmediumtest
7	999996	mediumtestmediumtest
8	999997	mediumtestmediumtest
9	999998	mediumtestmediumtest
10	999999	mediumtestmediumtest
select dtt1.cidx, dtt1.CDECIMAL9, dtt2.CMEDIUMTEXT from datatypetestm1 dtt1, datatypetestm2 dtt2 where dtt1.cidx = dtt2.cidx and dtt1.CDECIMAL9 < dtt2.CMEDIUMTEXT ;
cidx	CDECIMAL9	CMEDIUMTEXT
1	-999999	mediumtestmediumtest
2	-999998	mediumtestmediumtest
3	-999997	mediumtestmediumtest
4	-999996	mediumtestmediumtest
5	-999995	mediumtestmediumtest
select dtt1.cidx, dtt1.CDECIMAL9, dtt2.CMEDIUMTEXT from datatypetestm1 dtt1, datatypetestm2 dtt2 where dtt1.cidx = dtt2.cidx and dtt1.CDECIMAL9 <= dtt2.CMEDIUMTEXT ;
cidx	CDECIMAL9	CMEDIUMTEXT
1	-999999	mediumtestmediumtest
2	-999998	mediumtestmediumtest
3	-999997	mediumtestmediumtest
4	-999996	mediumtestmediumtest
5	-999995	mediumtestmediumtest
