USE autopilot;
select dtt1.cidx, dtt1.CSMALLINT, dtt2.CFLOAT from datatypetestm1 dtt1, datatypetestm2 dtt2 where dtt1.cidx = dtt2.cidx and dtt1.CSMALLINT > dtt2.CFLOAT ;
cidx	CSMALLINT	CFLOAT
1	-766	-3.40287e18
2	-765	-3.40287e18
3	-764	-3.40286e18
4	-763	-3.40286e18
5	-762	-3.40286e18
select dtt1.cidx, dtt1.CSMALLINT, dtt2.CFLOAT from datatypetestm1 dtt1, datatypetestm2 dtt2 where dtt1.cidx = dtt2.cidx and dtt1.CSMALLINT >= dtt2.CFLOAT ;
cidx	CSMALLINT	CFLOAT
1	-766	-3.40287e18
2	-765	-3.40287e18
3	-764	-3.40286e18
4	-763	-3.40286e18
5	-762	-3.40286e18
11	0	0
select dtt1.cidx, dtt1.CSMALLINT, dtt2.CFLOAT from datatypetestm1 dtt1, datatypetestm2 dtt2 where dtt1.cidx = dtt2.cidx and dtt1.CSMALLINT <> dtt2.CFLOAT ;
cidx	CSMALLINT	CFLOAT
1	-766	-3.40287e18
2	-765	-3.40287e18
3	-764	-3.40286e18
4	-763	-3.40286e18
5	-762	-3.40286e18
6	763	3.40286e18
7	764	3.40286e18
8	765	3.40286e18
9	766	3.40287e18
10	767	3.40287e18
select dtt1.cidx, dtt1.CSMALLINT, dtt2.CFLOAT from datatypetestm1 dtt1, datatypetestm2 dtt2 where dtt1.cidx = dtt2.cidx and dtt1.CSMALLINT < dtt2.CFLOAT ;
cidx	CSMALLINT	CFLOAT
6	763	3.40286e18
7	764	3.40286e18
8	765	3.40286e18
9	766	3.40287e18
10	767	3.40287e18
select dtt1.cidx, dtt1.CSMALLINT, dtt2.CFLOAT from datatypetestm1 dtt1, datatypetestm2 dtt2 where dtt1.cidx = dtt2.cidx and dtt1.CSMALLINT <= dtt2.CFLOAT ;
cidx	CSMALLINT	CFLOAT
6	763	3.40286e18
7	764	3.40286e18
8	765	3.40286e18
9	766	3.40287e18
10	767	3.40287e18
11	0	0
