USE autopilot;
select dtt1.cidx, dtt1.CTINYINT, dtt2.CDECIMAL1 from datatypetestm1 dtt1, datatypetestm2 dtt2 where dtt1.cidx = dtt2.cidx and dtt1.CTINYINT > dtt2.CDECIMAL1 ;
cidx	CTINYINT	CDECIMAL1
6	23	5
7	24	6
8	25	7
9	26	8
10	27	9
select dtt1.cidx, dtt1.CTINYINT, dtt2.CDECIMAL1 from datatypetestm1 dtt1, datatypetestm2 dtt2 where dtt1.cidx = dtt2.cidx and dtt1.CTINYINT >= dtt2.CDECIMAL1 ;
cidx	CTINYINT	CDECIMAL1
6	23	5
7	24	6
8	25	7
9	26	8
10	27	9
11	0	0
select dtt1.cidx, dtt1.CTINYINT, dtt2.CDECIMAL1 from datatypetestm1 dtt1, datatypetestm2 dtt2 where dtt1.cidx = dtt2.cidx and dtt1.CTINYINT <> dtt2.CDECIMAL1 ;
cidx	CTINYINT	CDECIMAL1
1	-26	-9
2	-25	-8
3	-24	-7
4	-23	-6
5	-22	-5
6	23	5
7	24	6
8	25	7
9	26	8
10	27	9
select dtt1.cidx, dtt1.CTINYINT, dtt2.CDECIMAL1 from datatypetestm1 dtt1, datatypetestm2 dtt2 where dtt1.cidx = dtt2.cidx and dtt1.CTINYINT < dtt2.CDECIMAL1 ;
cidx	CTINYINT	CDECIMAL1
1	-26	-9
2	-25	-8
3	-24	-7
4	-23	-6
5	-22	-5
select dtt1.cidx, dtt1.CTINYINT, dtt2.CDECIMAL1 from datatypetestm1 dtt1, datatypetestm2 dtt2 where dtt1.cidx = dtt2.cidx and dtt1.CTINYINT <= dtt2.CDECIMAL1 ;
cidx	CTINYINT	CDECIMAL1
1	-26	-9
2	-25	-8
3	-24	-7
4	-23	-6
5	-22	-5
11	0	0
