USE autopilot;
select dtt1.cidx, dtt1.CFLOAT, dtt2.CTEXT from datatypetestm1 dtt1, datatypetestm2 dtt2 where dtt1.cidx = dtt2.cidx and dtt1.CFLOAT > dtt2.CTEXT ;
cidx	CFLOAT	CTEXT
6	3.40286e18	texttexttext
7	3.40286e18	texttexttext
8	3.40286e18	texttexttext
9	3.40287e18	texttexttext
10	3.40287e18	texttexttext
select dtt1.cidx, dtt1.CFLOAT, dtt2.CTEXT from datatypetestm1 dtt1, datatypetestm2 dtt2 where dtt1.cidx = dtt2.cidx and dtt1.CFLOAT >= dtt2.CTEXT ;
cidx	CFLOAT	CTEXT
6	3.40286e18	texttexttext
7	3.40286e18	texttexttext
8	3.40286e18	texttexttext
9	3.40287e18	texttexttext
10	3.40287e18	texttexttext
select dtt1.cidx, dtt1.CFLOAT, dtt2.CTEXT from datatypetestm1 dtt1, datatypetestm2 dtt2 where dtt1.cidx = dtt2.cidx and dtt1.CFLOAT <> dtt2.CTEXT ;
cidx	CFLOAT	CTEXT
1	-3.40287e18	texttexttext
2	-3.40287e18	texttexttext
3	-3.40286e18	texttexttext
4	-3.40286e18	texttexttext
5	-3.40286e18	texttexttext
6	3.40286e18	texttexttext
7	3.40286e18	texttexttext
8	3.40286e18	texttexttext
9	3.40287e18	texttexttext
10	3.40287e18	texttexttext
select dtt1.cidx, dtt1.CFLOAT, dtt2.CTEXT from datatypetestm1 dtt1, datatypetestm2 dtt2 where dtt1.cidx = dtt2.cidx and dtt1.CFLOAT < dtt2.CTEXT ;
cidx	CFLOAT	CTEXT
1	-3.40287e18	texttexttext
2	-3.40287e18	texttexttext
3	-3.40286e18	texttexttext
4	-3.40286e18	texttexttext
5	-3.40286e18	texttexttext
select dtt1.cidx, dtt1.CFLOAT, dtt2.CTEXT from datatypetestm1 dtt1, datatypetestm2 dtt2 where dtt1.cidx = dtt2.cidx and dtt1.CFLOAT <= dtt2.CTEXT ;
cidx	CFLOAT	CTEXT
1	-3.40287e18	texttexttext
2	-3.40287e18	texttexttext
3	-3.40286e18	texttexttext
4	-3.40286e18	texttexttext
5	-3.40286e18	texttexttext
