USE autopilot;
select dtt1.cidx, dtt1.CDECIMAL18_2, dtt2.CTIME from datatypetestm1 dtt1, datatypetestm2 dtt2 where dtt1.cidx = dtt2.cidx and dtt1.CDECIMAL18_2 > dtt2.CTIME ;
cidx	CDECIMAL18_2	CTIME
select dtt1.cidx, dtt1.CDECIMAL18_2, dtt2.CTIME from datatypetestm1 dtt1, datatypetestm2 dtt2 where dtt1.cidx = dtt2.cidx and dtt1.CDECIMAL18_2 >= dtt2.CTIME ;
cidx	CDECIMAL18_2	CTIME
select dtt1.cidx, dtt1.CDECIMAL18_2, dtt2.CTIME from datatypetestm1 dtt1, datatypetestm2 dtt2 where dtt1.cidx = dtt2.cidx and dtt1.CDECIMAL18_2 <> dtt2.CTIME ;
cidx	CDECIMAL18_2	CTIME
1	-99999999999.99	11:58:28
2	-99999999999.98	11:58:28
3	-99999999999.97	11:58:28
4	-99999999999.96	11:58:28
5	-99999999999.95	11:58:28
6	99999999999.95	11:58:28
7	99999999999.96	11:58:28
8	99999999999.97	11:58:28
9	99999999999.98	11:58:28
10	99999999999.99	11:58:28
11	0.00	11:58:28
select dtt1.cidx, dtt1.CDECIMAL18_2, dtt2.CTIME from datatypetestm1 dtt1, datatypetestm2 dtt2 where dtt1.cidx = dtt2.cidx and dtt1.CDECIMAL18_2 < dtt2.CTIME ;
cidx	CDECIMAL18_2	CTIME
1	-99999999999.99	11:58:28
2	-99999999999.98	11:58:28
3	-99999999999.97	11:58:28
4	-99999999999.96	11:58:28
5	-99999999999.95	11:58:28
6	99999999999.95	11:58:28
7	99999999999.96	11:58:28
8	99999999999.97	11:58:28
9	99999999999.98	11:58:28
10	99999999999.99	11:58:28
11	0.00	11:58:28
select dtt1.cidx, dtt1.CDECIMAL18_2, dtt2.CTIME from datatypetestm1 dtt1, datatypetestm2 dtt2 where dtt1.cidx = dtt2.cidx and dtt1.CDECIMAL18_2 <= dtt2.CTIME ;
cidx	CDECIMAL18_2	CTIME
1	-99999999999.99	11:58:28
2	-99999999999.98	11:58:28
3	-99999999999.97	11:58:28
4	-99999999999.96	11:58:28
5	-99999999999.95	11:58:28
6	99999999999.95	11:58:28
7	99999999999.96	11:58:28
8	99999999999.97	11:58:28
9	99999999999.98	11:58:28
10	99999999999.99	11:58:28
11	0.00	11:58:28
