USE autopilot;
select dtt1.cidx, dtt1.CTEXT, dtt2.CTIME from datatypetestm1 dtt1, datatypetestm2 dtt2 where dtt1.cidx = dtt2.cidx and dtt1.CTEXT > dtt2.CTIME ;
cidx	CTEXT	CTIME
select dtt1.cidx, dtt1.CTEXT, dtt2.CTIME from datatypetestm1 dtt1, datatypetestm2 dtt2 where dtt1.cidx = dtt2.cidx and dtt1.CTEXT >= dtt2.CTIME ;
cidx	CTEXT	CTIME
select dtt1.cidx, dtt1.CTEXT, dtt2.CTIME from datatypetestm1 dtt1, datatypetestm2 dtt2 where dtt1.cidx = dtt2.cidx and dtt1.CTEXT <> dtt2.CTIME ;
cidx	CTEXT	CTIME
1	texttexttext	11:58:28
2	texttexttext	11:58:28
3	texttexttext	11:58:28
4	texttexttext	11:58:28
5	texttexttext	11:58:28
6	texttexttext	11:58:28
7	texttexttext	11:58:28
8	texttexttext	11:58:28
9	texttexttext	11:58:28
10	texttexttext	11:58:28
select dtt1.cidx, dtt1.CTEXT, dtt2.CTIME from datatypetestm1 dtt1, datatypetestm2 dtt2 where dtt1.cidx = dtt2.cidx and dtt1.CTEXT < dtt2.CTIME ;
cidx	CTEXT	CTIME
1	texttexttext	11:58:28
2	texttexttext	11:58:28
3	texttexttext	11:58:28
4	texttexttext	11:58:28
5	texttexttext	11:58:28
6	texttexttext	11:58:28
7	texttexttext	11:58:28
8	texttexttext	11:58:28
9	texttexttext	11:58:28
10	texttexttext	11:58:28
select dtt1.cidx, dtt1.CTEXT, dtt2.CTIME from datatypetestm1 dtt1, datatypetestm2 dtt2 where dtt1.cidx = dtt2.cidx and dtt1.CTEXT <= dtt2.CTIME ;
cidx	CTEXT	CTIME
1	texttexttext	11:58:28
2	texttexttext	11:58:28
3	texttexttext	11:58:28
4	texttexttext	11:58:28
5	texttexttext	11:58:28
6	texttexttext	11:58:28
7	texttexttext	11:58:28
8	texttexttext	11:58:28
9	texttexttext	11:58:28
10	texttexttext	11:58:28
