USE autopilot;
select dtt1.cidx, dtt1.CINTEGER, dtt2.CCHAR9 from datatypetestm1 dtt1, datatypetestm2 dtt2 where dtt1.cidx = dtt2.cidx and dtt1.CINTEGER > dtt2.CCHAR9 ;
cidx	CINTEGER	CCHAR9
6	7483643	rrrrrrr
7	7483644	rrrrrrrr
8	7483645	rrrrrrrrr
9	7483646	rrrrrrrrr
10	7483647	zzzzzzzzz
select dtt1.cidx, dtt1.CINTEGER, dtt2.CCHAR9 from datatypetestm1 dtt1, datatypetestm2 dtt2 where dtt1.cidx = dtt2.cidx and dtt1.CINTEGER >= dtt2.CCHAR9 ;
cidx	CINTEGER	CCHAR9
6	7483643	rrrrrrr
7	7483644	rrrrrrrr
8	7483645	rrrrrrrrr
9	7483646	rrrrrrrrr
10	7483647	zzzzzzzzz
select dtt1.cidx, dtt1.CINTEGER, dtt2.CCHAR9 from datatypetestm1 dtt1, datatypetestm2 dtt2 where dtt1.cidx = dtt2.cidx and dtt1.CINTEGER <> dtt2.CCHAR9 ;
cidx	CINTEGER	CCHAR9
1	-7483646	aaaaaaaaa
2	-7483645	i
3	-7483644	ii
4	-7483643	iii
5	-7483642	iiii
6	7483643	rrrrrrr
7	7483644	rrrrrrrr
8	7483645	rrrrrrrrr
9	7483646	rrrrrrrrr
10	7483647	zzzzzzzzz
select dtt1.cidx, dtt1.CINTEGER, dtt2.CCHAR9 from datatypetestm1 dtt1, datatypetestm2 dtt2 where dtt1.cidx = dtt2.cidx and dtt1.CINTEGER < dtt2.CCHAR9 ;
cidx	CINTEGER	CCHAR9
1	-7483646	aaaaaaaaa
2	-7483645	i
3	-7483644	ii
4	-7483643	iii
5	-7483642	iiii
select dtt1.cidx, dtt1.CINTEGER, dtt2.CCHAR9 from datatypetestm1 dtt1, datatypetestm2 dtt2 where dtt1.cidx = dtt2.cidx and dtt1.CINTEGER <= dtt2.CCHAR9 ;
cidx	CINTEGER	CCHAR9
1	-7483646	aaaaaaaaa
2	-7483645	i
3	-7483644	ii
4	-7483643	iii
5	-7483642	iiii
