USE autopilot;
select dtt1.cidx, dtt1.CDECIMAL18, dtt2.CCHAR4 from datatypetestm1 dtt1, datatypetestm2 dtt2 where dtt1.cidx = dtt2.cidx and dtt1.CDECIMAL18 > dtt2.CCHAR4 ;
cidx	CDECIMAL18	CCHAR4
6	9999999999995	wwww
7	9999999999996	wwww
8	9999999999997	wwww
9	9999999999998	wwww
10	9999999999999	zzzz
select dtt1.cidx, dtt1.CDECIMAL18, dtt2.CCHAR4 from datatypetestm1 dtt1, datatypetestm2 dtt2 where dtt1.cidx = dtt2.cidx and dtt1.CDECIMAL18 >= dtt2.CCHAR4 ;
cidx	CDECIMAL18	CCHAR4
6	9999999999995	wwww
7	9999999999996	wwww
8	9999999999997	wwww
9	9999999999998	wwww
10	9999999999999	zzzz
select dtt1.cidx, dtt1.CDECIMAL18, dtt2.CCHAR4 from datatypetestm1 dtt1, datatypetestm2 dtt2 where dtt1.cidx = dtt2.cidx and dtt1.CDECIMAL18 <> dtt2.CCHAR4 ;
cidx	CDECIMAL18	CCHAR4
1	-9999999999999	aaaa
2	-9999999999998	d
3	-9999999999997	dd
4	-9999999999996	ddd
5	-9999999999995	dddd
6	9999999999995	wwww
7	9999999999996	wwww
8	9999999999997	wwww
9	9999999999998	wwww
10	9999999999999	zzzz
select dtt1.cidx, dtt1.CDECIMAL18, dtt2.CCHAR4 from datatypetestm1 dtt1, datatypetestm2 dtt2 where dtt1.cidx = dtt2.cidx and dtt1.CDECIMAL18 < dtt2.CCHAR4 ;
cidx	CDECIMAL18	CCHAR4
1	-9999999999999	aaaa
2	-9999999999998	d
3	-9999999999997	dd
4	-9999999999996	ddd
5	-9999999999995	dddd
select dtt1.cidx, dtt1.CDECIMAL18, dtt2.CCHAR4 from datatypetestm1 dtt1, datatypetestm2 dtt2 where dtt1.cidx = dtt2.cidx and dtt1.CDECIMAL18 <= dtt2.CCHAR4 ;
cidx	CDECIMAL18	CCHAR4
1	-9999999999999	aaaa
2	-9999999999998	d
3	-9999999999997	dd
4	-9999999999996	ddd
5	-9999999999995	dddd
