USE autopilot;
select dtt1.cidx, dtt1.CTEXT, dtt2.CDECIMAL9 from datatypetestm1 dtt1, datatypetestm2 dtt2 where dtt1.cidx = dtt2.cidx and dtt1.CTEXT > dtt2.CDECIMAL9 ;
cidx	CTEXT	CDECIMAL9
1	texttexttext	-999999
2	texttexttext	-999998
3	texttexttext	-999997
4	texttexttext	-999996
5	texttexttext	-999995
select dtt1.cidx, dtt1.CTEXT, dtt2.CDECIMAL9 from datatypetestm1 dtt1, datatypetestm2 dtt2 where dtt1.cidx = dtt2.cidx and dtt1.CTEXT >= dtt2.CDECIMAL9 ;
cidx	CTEXT	CDECIMAL9
1	texttexttext	-999999
2	texttexttext	-999998
3	texttexttext	-999997
4	texttexttext	-999996
5	texttexttext	-999995
select dtt1.cidx, dtt1.CTEXT, dtt2.CDECIMAL9 from datatypetestm1 dtt1, datatypetestm2 dtt2 where dtt1.cidx = dtt2.cidx and dtt1.CTEXT <> dtt2.CDECIMAL9 ;
cidx	CTEXT	CDECIMAL9
1	texttexttext	-999999
2	texttexttext	-999998
3	texttexttext	-999997
4	texttexttext	-999996
5	texttexttext	-999995
6	texttexttext	999995
7	texttexttext	999996
8	texttexttext	999997
9	texttexttext	999998
10	texttexttext	999999
select dtt1.cidx, dtt1.CTEXT, dtt2.CDECIMAL9 from datatypetestm1 dtt1, datatypetestm2 dtt2 where dtt1.cidx = dtt2.cidx and dtt1.CTEXT < dtt2.CDECIMAL9 ;
cidx	CTEXT	CDECIMAL9
6	texttexttext	999995
7	texttexttext	999996
8	texttexttext	999997
9	texttexttext	999998
10	texttexttext	999999
select dtt1.cidx, dtt1.CTEXT, dtt2.CDECIMAL9 from datatypetestm1 dtt1, datatypetestm2 dtt2 where dtt1.cidx = dtt2.cidx and dtt1.CTEXT <= dtt2.CDECIMAL9 ;
cidx	CTEXT	CDECIMAL9
6	texttexttext	999995
7	texttexttext	999996
8	texttexttext	999997
9	texttexttext	999998
10	texttexttext	999999
