USE autopilot;
select dtt1.cidx, dtt1.CDECIMAL4_2, dtt2.CBIGINT from datatypetestm1 dtt1, datatypetestm2 dtt2 where dtt1.cidx = dtt2.cidx and dtt1.CDECIMAL4_2 > dtt2.CBIGINT ;
cidx	CDECIMAL4_2	CBIGINT
1	-9.99	-72036854775806
2	-9.98	-72036854775805
3	-9.97	-72036854775804
4	-9.96	-72036854775803
5	-9.95	-72036854775802
select dtt1.cidx, dtt1.CDECIMAL4_2, dtt2.CBIGINT from datatypetestm1 dtt1, datatypetestm2 dtt2 where dtt1.cidx = dtt2.cidx and dtt1.CDECIMAL4_2 >= dtt2.CBIGINT ;
cidx	CDECIMAL4_2	CBIGINT
1	-9.99	-72036854775806
2	-9.98	-72036854775805
3	-9.97	-72036854775804
4	-9.96	-72036854775803
5	-9.95	-72036854775802
11	0.00	0
select dtt1.cidx, dtt1.CDECIMAL4_2, dtt2.CBIGINT from datatypetestm1 dtt1, datatypetestm2 dtt2 where dtt1.cidx = dtt2.cidx and dtt1.CDECIMAL4_2 <> dtt2.CBIGINT ;
cidx	CDECIMAL4_2	CBIGINT
1	-9.99	-72036854775806
2	-9.98	-72036854775805
3	-9.97	-72036854775804
4	-9.96	-72036854775803
5	-9.95	-72036854775802
6	9.95	72036854775803
7	9.96	72036854775804
8	9.97	72036854775805
9	9.98	72036854775806
10	9.99	72036854775807
select dtt1.cidx, dtt1.CDECIMAL4_2, dtt2.CBIGINT from datatypetestm1 dtt1, datatypetestm2 dtt2 where dtt1.cidx = dtt2.cidx and dtt1.CDECIMAL4_2 < dtt2.CBIGINT ;
cidx	CDECIMAL4_2	CBIGINT
6	9.95	72036854775803
7	9.96	72036854775804
8	9.97	72036854775805
9	9.98	72036854775806
10	9.99	72036854775807
select dtt1.cidx, dtt1.CDECIMAL4_2, dtt2.CBIGINT from datatypetestm1 dtt1, datatypetestm2 dtt2 where dtt1.cidx = dtt2.cidx and dtt1.CDECIMAL4_2 <= dtt2.CBIGINT ;
cidx	CDECIMAL4_2	CBIGINT
6	9.95	72036854775803
7	9.96	72036854775804
8	9.97	72036854775805
9	9.98	72036854775806
10	9.99	72036854775807
11	0.00	0
