USE autopilot;
select dtt1.cidx, dtt1.CDOUBLE, dtt2.CBIGINT from datatypetestm1 dtt1, datatypetestm2 dtt2 where dtt1.cidx = dtt2.cidx and dtt1.CDOUBLE > dtt2.CBIGINT ;
cidx	CDOUBLE	CBIGINT
6	1.797693227e108	72036854775803
7	1.797693228e108	72036854775804
8	1.797693229e108	72036854775805
9	1.79769323e108	72036854775806
10	1.797693231e108	72036854775807
select dtt1.cidx, dtt1.CDOUBLE, dtt2.CBIGINT from datatypetestm1 dtt1, datatypetestm2 dtt2 where dtt1.cidx = dtt2.cidx and dtt1.CDOUBLE >= dtt2.CBIGINT ;
cidx	CDOUBLE	CBIGINT
6	1.797693227e108	72036854775803
7	1.797693228e108	72036854775804
8	1.797693229e108	72036854775805
9	1.79769323e108	72036854775806
10	1.797693231e108	72036854775807
11	0	0
select dtt1.cidx, dtt1.CDOUBLE, dtt2.CBIGINT from datatypetestm1 dtt1, datatypetestm2 dtt2 where dtt1.cidx = dtt2.cidx and dtt1.CDOUBLE <> dtt2.CBIGINT ;
cidx	CDOUBLE	CBIGINT
1	-1.797693231e108	-72036854775806
2	-1.79769323e108	-72036854775805
3	-1.797693229e108	-72036854775804
4	-1.797693228e108	-72036854775803
5	-1.797693227e108	-72036854775802
6	1.797693227e108	72036854775803
7	1.797693228e108	72036854775804
8	1.797693229e108	72036854775805
9	1.79769323e108	72036854775806
10	1.797693231e108	72036854775807
select dtt1.cidx, dtt1.CDOUBLE, dtt2.CBIGINT from datatypetestm1 dtt1, datatypetestm2 dtt2 where dtt1.cidx = dtt2.cidx and dtt1.CDOUBLE < dtt2.CBIGINT ;
cidx	CDOUBLE	CBIGINT
1	-1.797693231e108	-72036854775806
2	-1.79769323e108	-72036854775805
3	-1.797693229e108	-72036854775804
4	-1.797693228e108	-72036854775803
5	-1.797693227e108	-72036854775802
select dtt1.cidx, dtt1.CDOUBLE, dtt2.CBIGINT from datatypetestm1 dtt1, datatypetestm2 dtt2 where dtt1.cidx = dtt2.cidx and dtt1.CDOUBLE <= dtt2.CBIGINT ;
cidx	CDOUBLE	CBIGINT
1	-1.797693231e108	-72036854775806
2	-1.79769323e108	-72036854775805
3	-1.797693229e108	-72036854775804
4	-1.797693228e108	-72036854775803
5	-1.797693227e108	-72036854775802
11	0	0
