USE autopilot;
select dtt1.cidx, dtt1.CFLOAT, dtt2.CMEDIUMINT from datatypetestm1 dtt1, datatypetestm2 dtt2 where dtt1.cidx = dtt2.cidx and dtt1.CFLOAT > dtt2.CMEDIUMINT ;
cidx	CFLOAT	CMEDIUMINT
6	3.40286e18	1000
7	3.40286e18	1000
8	3.40286e18	1000
9	3.40287e18	1000
10	3.40287e18	1000
select dtt1.cidx, dtt1.CFLOAT, dtt2.CMEDIUMINT from datatypetestm1 dtt1, datatypetestm2 dtt2 where dtt1.cidx = dtt2.cidx and dtt1.CFLOAT >= dtt2.CMEDIUMINT ;
cidx	CFLOAT	CMEDIUMINT
6	3.40286e18	1000
7	3.40286e18	1000
8	3.40286e18	1000
9	3.40287e18	1000
10	3.40287e18	1000
select dtt1.cidx, dtt1.CFLOAT, dtt2.CMEDIUMINT from datatypetestm1 dtt1, datatypetestm2 dtt2 where dtt1.cidx = dtt2.cidx and dtt1.CFLOAT <> dtt2.CMEDIUMINT ;
cidx	CFLOAT	CMEDIUMINT
1	-3.40287e18	1000
2	-3.40287e18	1000
3	-3.40286e18	1000
4	-3.40286e18	1000
5	-3.40286e18	1000
6	3.40286e18	1000
7	3.40286e18	1000
8	3.40286e18	1000
9	3.40287e18	1000
10	3.40287e18	1000
select dtt1.cidx, dtt1.CFLOAT, dtt2.CMEDIUMINT from datatypetestm1 dtt1, datatypetestm2 dtt2 where dtt1.cidx = dtt2.cidx and dtt1.CFLOAT < dtt2.CMEDIUMINT ;
cidx	CFLOAT	CMEDIUMINT
1	-3.40287e18	1000
2	-3.40287e18	1000
3	-3.40286e18	1000
4	-3.40286e18	1000
5	-3.40286e18	1000
select dtt1.cidx, dtt1.CFLOAT, dtt2.CMEDIUMINT from datatypetestm1 dtt1, datatypetestm2 dtt2 where dtt1.cidx = dtt2.cidx and dtt1.CFLOAT <= dtt2.CMEDIUMINT ;
cidx	CFLOAT	CMEDIUMINT
1	-3.40287e18	1000
2	-3.40287e18	1000
3	-3.40286e18	1000
4	-3.40286e18	1000
5	-3.40286e18	1000
