USE autopilot;
select dtt1.cidx, dtt1.CTINYTEXT, dtt2.CDOUBLE from datatypetestm1 dtt1, datatypetestm2 dtt2 where dtt1.cidx = dtt2.cidx and dtt1.CTINYTEXT > dtt2.CDOUBLE ;
cidx	CTINYTEXT	CDOUBLE
1	tinytext	-1.797693231e108
2	tinytext	-1.79769323e108
3	tinytext	-1.797693229e108
4	tinytext	-1.797693228e108
5	tinytext	-1.797693227e108
select dtt1.cidx, dtt1.CTINYTEXT, dtt2.CDOUBLE from datatypetestm1 dtt1, datatypetestm2 dtt2 where dtt1.cidx = dtt2.cidx and dtt1.CTINYTEXT >= dtt2.CDOUBLE ;
cidx	CTINYTEXT	CDOUBLE
1	tinytext	-1.797693231e108
2	tinytext	-1.79769323e108
3	tinytext	-1.797693229e108
4	tinytext	-1.797693228e108
5	tinytext	-1.797693227e108
select dtt1.cidx, dtt1.CTINYTEXT, dtt2.CDOUBLE from datatypetestm1 dtt1, datatypetestm2 dtt2 where dtt1.cidx = dtt2.cidx and dtt1.CTINYTEXT <> dtt2.CDOUBLE ;
cidx	CTINYTEXT	CDOUBLE
1	tinytext	-1.797693231e108
2	tinytext	-1.79769323e108
3	tinytext	-1.797693229e108
4	tinytext	-1.797693228e108
5	tinytext	-1.797693227e108
6	tinytext	1.797693227e108
7	tinytext	1.797693228e108
8	tinytext	1.797693229e108
9	tinytext	1.79769323e108
10	tinytext	1.797693231e108
select dtt1.cidx, dtt1.CTINYTEXT, dtt2.CDOUBLE from datatypetestm1 dtt1, datatypetestm2 dtt2 where dtt1.cidx = dtt2.cidx and dtt1.CTINYTEXT < dtt2.CDOUBLE ;
cidx	CTINYTEXT	CDOUBLE
6	tinytext	1.797693227e108
7	tinytext	1.797693228e108
8	tinytext	1.797693229e108
9	tinytext	1.79769323e108
10	tinytext	1.797693231e108
select dtt1.cidx, dtt1.CTINYTEXT, dtt2.CDOUBLE from datatypetestm1 dtt1, datatypetestm2 dtt2 where dtt1.cidx = dtt2.cidx and dtt1.CTINYTEXT <= dtt2.CDOUBLE ;
cidx	CTINYTEXT	CDOUBLE
6	tinytext	1.797693227e108
7	tinytext	1.797693228e108
8	tinytext	1.797693229e108
9	tinytext	1.79769323e108
10	tinytext	1.797693231e108
