USE autopilot;
select dtt1.cidx, dtt1.CFLOAT, dtt2.CCHAR6 from datatypetestm1 dtt1, datatypetestm2 dtt2 where dtt1.cidx = dtt2.cidx and dtt1.CFLOAT > dtt2.CCHAR6 ;
cidx	CFLOAT	CCHAR6
6	3.40286e18	uuuuuu
7	3.40286e18	uuuuuu
8	3.40286e18	uuuuuu
9	3.40287e18	uuuuuu
10	3.40287e18	zzzzzz
select dtt1.cidx, dtt1.CFLOAT, dtt2.CCHAR6 from datatypetestm1 dtt1, datatypetestm2 dtt2 where dtt1.cidx = dtt2.cidx and dtt1.CFLOAT >= dtt2.CCHAR6 ;
cidx	CFLOAT	CCHAR6
6	3.40286e18	uuuuuu
7	3.40286e18	uuuuuu
8	3.40286e18	uuuuuu
9	3.40287e18	uuuuuu
10	3.40287e18	zzzzzz
select dtt1.cidx, dtt1.CFLOAT, dtt2.CCHAR6 from datatypetestm1 dtt1, datatypetestm2 dtt2 where dtt1.cidx = dtt2.cidx and dtt1.CFLOAT <> dtt2.CCHAR6 ;
cidx	CFLOAT	CCHAR6
1	-3.40287e18	aaaaaa
2	-3.40287e18	f
3	-3.40286e18	ff
4	-3.40286e18	fff
5	-3.40286e18	ffff
6	3.40286e18	uuuuuu
7	3.40286e18	uuuuuu
8	3.40286e18	uuuuuu
9	3.40287e18	uuuuuu
10	3.40287e18	zzzzzz
select dtt1.cidx, dtt1.CFLOAT, dtt2.CCHAR6 from datatypetestm1 dtt1, datatypetestm2 dtt2 where dtt1.cidx = dtt2.cidx and dtt1.CFLOAT < dtt2.CCHAR6 ;
cidx	CFLOAT	CCHAR6
1	-3.40287e18	aaaaaa
2	-3.40287e18	f
3	-3.40286e18	ff
4	-3.40286e18	fff
5	-3.40286e18	ffff
select dtt1.cidx, dtt1.CFLOAT, dtt2.CCHAR6 from datatypetestm1 dtt1, datatypetestm2 dtt2 where dtt1.cidx = dtt2.cidx and dtt1.CFLOAT <= dtt2.CCHAR6 ;
cidx	CFLOAT	CCHAR6
1	-3.40287e18	aaaaaa
2	-3.40287e18	f
3	-3.40286e18	ff
4	-3.40286e18	fff
5	-3.40286e18	ffff
