USE autopilot;
select dtt1.cidx, dtt1.CDECIMAL18, dtt2.CDECIMAL10 from datatypetestm1 dtt1, datatypetestm2 dtt2 where dtt1.cidx = dtt2.cidx and dtt1.CDECIMAL18 > dtt2.CDECIMAL10 ;
cidx	CDECIMAL18	CDECIMAL10
6	9999999999995	9999995
7	9999999999996	9999996
8	9999999999997	9999997
9	9999999999998	9999998
10	9999999999999	9999999
select dtt1.cidx, dtt1.CDECIMAL18, dtt2.CDECIMAL10 from datatypetestm1 dtt1, datatypetestm2 dtt2 where dtt1.cidx = dtt2.cidx and dtt1.CDECIMAL18 >= dtt2.CDECIMAL10 ;
cidx	CDECIMAL18	CDECIMAL10
6	9999999999995	9999995
7	9999999999996	9999996
8	9999999999997	9999997
9	9999999999998	9999998
10	9999999999999	9999999
11	0	0
select dtt1.cidx, dtt1.CDECIMAL18, dtt2.CDECIMAL10 from datatypetestm1 dtt1, datatypetestm2 dtt2 where dtt1.cidx = dtt2.cidx and dtt1.CDECIMAL18 <> dtt2.CDECIMAL10 ;
cidx	CDECIMAL18	CDECIMAL10
1	-9999999999999	-9999999
2	-9999999999998	-9999998
3	-9999999999997	-9999997
4	-9999999999996	-9999996
5	-9999999999995	-9999995
6	9999999999995	9999995
7	9999999999996	9999996
8	9999999999997	9999997
9	9999999999998	9999998
10	9999999999999	9999999
select dtt1.cidx, dtt1.CDECIMAL18, dtt2.CDECIMAL10 from datatypetestm1 dtt1, datatypetestm2 dtt2 where dtt1.cidx = dtt2.cidx and dtt1.CDECIMAL18 < dtt2.CDECIMAL10 ;
cidx	CDECIMAL18	CDECIMAL10
1	-9999999999999	-9999999
2	-9999999999998	-9999998
3	-9999999999997	-9999997
4	-9999999999996	-9999996
5	-9999999999995	-9999995
select dtt1.cidx, dtt1.CDECIMAL18, dtt2.CDECIMAL10 from datatypetestm1 dtt1, datatypetestm2 dtt2 where dtt1.cidx = dtt2.cidx and dtt1.CDECIMAL18 <= dtt2.CDECIMAL10 ;
cidx	CDECIMAL18	CDECIMAL10
1	-9999999999999	-9999999
2	-9999999999998	-9999998
3	-9999999999997	-9999997
4	-9999999999996	-9999996
5	-9999999999995	-9999995
11	0	0
