USE autopilot;
select dtt1.cidx, dtt1.CTIMESTAMP, dtt2.CTINYINT from datatypetestm1 dtt1, datatypetestm2 dtt2 where dtt1.cidx = dtt2.cidx and dtt1.CTIMESTAMP > dtt2.CTINYINT ;
cidx	CTIMESTAMP	CTINYINT
1	2020-08-13 03:14:07	-26
2	2020-08-13 03:14:07	-25
3	2020-08-13 03:14:07	-24
4	2020-08-13 03:14:07	-23
5	2020-08-13 03:14:07	-22
6	2020-08-13 03:14:07	23
7	2020-08-13 03:14:07	24
8	2020-08-13 03:14:07	25
9	2020-08-13 03:14:07	26
10	2020-08-13 03:14:07	27
11	2020-08-13 03:14:07	0
select dtt1.cidx, dtt1.CTIMESTAMP, dtt2.CTINYINT from datatypetestm1 dtt1, datatypetestm2 dtt2 where dtt1.cidx = dtt2.cidx and dtt1.CTIMESTAMP >= dtt2.CTINYINT ;
cidx	CTIMESTAMP	CTINYINT
1	2020-08-13 03:14:07	-26
2	2020-08-13 03:14:07	-25
3	2020-08-13 03:14:07	-24
4	2020-08-13 03:14:07	-23
5	2020-08-13 03:14:07	-22
6	2020-08-13 03:14:07	23
7	2020-08-13 03:14:07	24
8	2020-08-13 03:14:07	25
9	2020-08-13 03:14:07	26
10	2020-08-13 03:14:07	27
11	2020-08-13 03:14:07	0
select dtt1.cidx, dtt1.CTIMESTAMP, dtt2.CTINYINT from datatypetestm1 dtt1, datatypetestm2 dtt2 where dtt1.cidx = dtt2.cidx and dtt1.CTIMESTAMP <> dtt2.CTINYINT ;
cidx	CTIMESTAMP	CTINYINT
1	2020-08-13 03:14:07	-26
2	2020-08-13 03:14:07	-25
3	2020-08-13 03:14:07	-24
4	2020-08-13 03:14:07	-23
5	2020-08-13 03:14:07	-22
6	2020-08-13 03:14:07	23
7	2020-08-13 03:14:07	24
8	2020-08-13 03:14:07	25
9	2020-08-13 03:14:07	26
10	2020-08-13 03:14:07	27
11	2020-08-13 03:14:07	0
select dtt1.cidx, dtt1.CTIMESTAMP, dtt2.CTINYINT from datatypetestm1 dtt1, datatypetestm2 dtt2 where dtt1.cidx = dtt2.cidx and dtt1.CTIMESTAMP < dtt2.CTINYINT ;
cidx	CTIMESTAMP	CTINYINT
select dtt1.cidx, dtt1.CTIMESTAMP, dtt2.CTINYINT from datatypetestm1 dtt1, datatypetestm2 dtt2 where dtt1.cidx = dtt2.cidx and dtt1.CTIMESTAMP <= dtt2.CTINYINT ;
cidx	CTIMESTAMP	CTINYINT
