USE autopilot;
select dtt1.cidx, dtt1.CMEDIUMINT, dtt2.CDECIMAL18 from datatypetestm1 dtt1, datatypetestm2 dtt2 where dtt1.cidx = dtt2.cidx and dtt1.CMEDIUMINT > dtt2.CDECIMAL18 ;
cidx	CMEDIUMINT	CDECIMAL18
1	1000	-9999999999999
2	1000	-9999999999998
3	1000	-9999999999997
4	1000	-9999999999996
5	1000	-9999999999995
select dtt1.cidx, dtt1.CMEDIUMINT, dtt2.CDECIMAL18 from datatypetestm1 dtt1, datatypetestm2 dtt2 where dtt1.cidx = dtt2.cidx and dtt1.CMEDIUMINT >= dtt2.CDECIMAL18 ;
cidx	CMEDIUMINT	CDECIMAL18
1	1000	-9999999999999
2	1000	-9999999999998
3	1000	-9999999999997
4	1000	-9999999999996
5	1000	-9999999999995
select dtt1.cidx, dtt1.CMEDIUMINT, dtt2.CDECIMAL18 from datatypetestm1 dtt1, datatypetestm2 dtt2 where dtt1.cidx = dtt2.cidx and dtt1.CMEDIUMINT <> dtt2.CDECIMAL18 ;
cidx	CMEDIUMINT	CDECIMAL18
1	1000	-9999999999999
2	1000	-9999999999998
3	1000	-9999999999997
4	1000	-9999999999996
5	1000	-9999999999995
6	1000	9999999999995
7	1000	9999999999996
8	1000	9999999999997
9	1000	9999999999998
10	1000	9999999999999
select dtt1.cidx, dtt1.CMEDIUMINT, dtt2.CDECIMAL18 from datatypetestm1 dtt1, datatypetestm2 dtt2 where dtt1.cidx = dtt2.cidx and dtt1.CMEDIUMINT < dtt2.CDECIMAL18 ;
cidx	CMEDIUMINT	CDECIMAL18
6	1000	9999999999995
7	1000	9999999999996
8	1000	9999999999997
9	1000	9999999999998
10	1000	9999999999999
select dtt1.cidx, dtt1.CMEDIUMINT, dtt2.CDECIMAL18 from datatypetestm1 dtt1, datatypetestm2 dtt2 where dtt1.cidx = dtt2.cidx and dtt1.CMEDIUMINT <= dtt2.CDECIMAL18 ;
cidx	CMEDIUMINT	CDECIMAL18
6	1000	9999999999995
7	1000	9999999999996
8	1000	9999999999997
9	1000	9999999999998
10	1000	9999999999999
