USE autopilot;
select dtt1.cidx, dtt1.CDECIMAL18_2, dtt2.CDECIMAL10 from datatypetestm1 dtt1, datatypetestm2 dtt2 where dtt1.cidx = dtt2.cidx and dtt1.CDECIMAL18_2 > dtt2.CDECIMAL10 ;
cidx	CDECIMAL18_2	CDECIMAL10
6	99999999999.95	9999995
7	99999999999.96	9999996
8	99999999999.97	9999997
9	99999999999.98	9999998
10	99999999999.99	9999999
select dtt1.cidx, dtt1.CDECIMAL18_2, dtt2.CDECIMAL10 from datatypetestm1 dtt1, datatypetestm2 dtt2 where dtt1.cidx = dtt2.cidx and dtt1.CDECIMAL18_2 >= dtt2.CDECIMAL10 ;
cidx	CDECIMAL18_2	CDECIMAL10
6	99999999999.95	9999995
7	99999999999.96	9999996
8	99999999999.97	9999997
9	99999999999.98	9999998
10	99999999999.99	9999999
11	0.00	0
select dtt1.cidx, dtt1.CDECIMAL18_2, dtt2.CDECIMAL10 from datatypetestm1 dtt1, datatypetestm2 dtt2 where dtt1.cidx = dtt2.cidx and dtt1.CDECIMAL18_2 <> dtt2.CDECIMAL10 ;
cidx	CDECIMAL18_2	CDECIMAL10
1	-99999999999.99	-9999999
2	-99999999999.98	-9999998
3	-99999999999.97	-9999997
4	-99999999999.96	-9999996
5	-99999999999.95	-9999995
6	99999999999.95	9999995
7	99999999999.96	9999996
8	99999999999.97	9999997
9	99999999999.98	9999998
10	99999999999.99	9999999
select dtt1.cidx, dtt1.CDECIMAL18_2, dtt2.CDECIMAL10 from datatypetestm1 dtt1, datatypetestm2 dtt2 where dtt1.cidx = dtt2.cidx and dtt1.CDECIMAL18_2 < dtt2.CDECIMAL10 ;
cidx	CDECIMAL18_2	CDECIMAL10
1	-99999999999.99	-9999999
2	-99999999999.98	-9999998
3	-99999999999.97	-9999997
4	-99999999999.96	-9999996
5	-99999999999.95	-9999995
select dtt1.cidx, dtt1.CDECIMAL18_2, dtt2.CDECIMAL10 from datatypetestm1 dtt1, datatypetestm2 dtt2 where dtt1.cidx = dtt2.cidx and dtt1.CDECIMAL18_2 <= dtt2.CDECIMAL10 ;
cidx	CDECIMAL18_2	CDECIMAL10
1	-99999999999.99	-9999999
2	-99999999999.98	-9999998
3	-99999999999.97	-9999997
4	-99999999999.96	-9999996
5	-99999999999.95	-9999995
11	0.00	0
