USE autopilot;
select dtt1.cidx, dtt1.CDECIMAL9_2, dtt2.CCHAR4 from datatypetestm1 dtt1, datatypetestm2 dtt2 where dtt1.cidx = dtt2.cidx and dtt1.CDECIMAL9_2 > dtt2.CCHAR4 ;
cidx	CDECIMAL9_2	CCHAR4
6	9999.95	wwww
7	9999.96	wwww
8	9999.97	wwww
9	9999.98	wwww
10	9999.99	zzzz
select dtt1.cidx, dtt1.CDECIMAL9_2, dtt2.CCHAR4 from datatypetestm1 dtt1, datatypetestm2 dtt2 where dtt1.cidx = dtt2.cidx and dtt1.CDECIMAL9_2 >= dtt2.CCHAR4 ;
cidx	CDECIMAL9_2	CCHAR4
6	9999.95	wwww
7	9999.96	wwww
8	9999.97	wwww
9	9999.98	wwww
10	9999.99	zzzz
select dtt1.cidx, dtt1.CDECIMAL9_2, dtt2.CCHAR4 from datatypetestm1 dtt1, datatypetestm2 dtt2 where dtt1.cidx = dtt2.cidx and dtt1.CDECIMAL9_2 <> dtt2.CCHAR4 ;
cidx	CDECIMAL9_2	CCHAR4
1	-9999.99	aaaa
2	-9999.98	d
3	-9999.97	dd
4	-9999.96	ddd
5	-9999.95	dddd
6	9999.95	wwww
7	9999.96	wwww
8	9999.97	wwww
9	9999.98	wwww
10	9999.99	zzzz
select dtt1.cidx, dtt1.CDECIMAL9_2, dtt2.CCHAR4 from datatypetestm1 dtt1, datatypetestm2 dtt2 where dtt1.cidx = dtt2.cidx and dtt1.CDECIMAL9_2 < dtt2.CCHAR4 ;
cidx	CDECIMAL9_2	CCHAR4
1	-9999.99	aaaa
2	-9999.98	d
3	-9999.97	dd
4	-9999.96	ddd
5	-9999.95	dddd
select dtt1.cidx, dtt1.CDECIMAL9_2, dtt2.CCHAR4 from datatypetestm1 dtt1, datatypetestm2 dtt2 where dtt1.cidx = dtt2.cidx and dtt1.CDECIMAL9_2 <= dtt2.CCHAR4 ;
cidx	CDECIMAL9_2	CCHAR4
1	-9999.99	aaaa
2	-9999.98	d
3	-9999.97	dd
4	-9999.96	ddd
5	-9999.95	dddd
