USE autopilot;
select dtt1.cidx, dtt1.CDECIMAL9, dtt2.CDECIMAL9_2 from datatypetestm1 dtt1, datatypetestm2 dtt2 where dtt1.cidx = dtt2.cidx and dtt1.CDECIMAL9 > dtt2.CDECIMAL9_2 ;
cidx	CDECIMAL9	CDECIMAL9_2
6	999995	9999.95
7	999996	9999.96
8	999997	9999.97
9	999998	9999.98
10	999999	9999.99
select dtt1.cidx, dtt1.CDECIMAL9, dtt2.CDECIMAL9_2 from datatypetestm1 dtt1, datatypetestm2 dtt2 where dtt1.cidx = dtt2.cidx and dtt1.CDECIMAL9 >= dtt2.CDECIMAL9_2 ;
cidx	CDECIMAL9	CDECIMAL9_2
6	999995	9999.95
7	999996	9999.96
8	999997	9999.97
9	999998	9999.98
10	999999	9999.99
11	0	0.00
select dtt1.cidx, dtt1.CDECIMAL9, dtt2.CDECIMAL9_2 from datatypetestm1 dtt1, datatypetestm2 dtt2 where dtt1.cidx = dtt2.cidx and dtt1.CDECIMAL9 <> dtt2.CDECIMAL9_2 ;
cidx	CDECIMAL9	CDECIMAL9_2
1	-999999	-9999.99
2	-999998	-9999.98
3	-999997	-9999.97
4	-999996	-9999.96
5	-999995	-9999.95
6	999995	9999.95
7	999996	9999.96
8	999997	9999.97
9	999998	9999.98
10	999999	9999.99
select dtt1.cidx, dtt1.CDECIMAL9, dtt2.CDECIMAL9_2 from datatypetestm1 dtt1, datatypetestm2 dtt2 where dtt1.cidx = dtt2.cidx and dtt1.CDECIMAL9 < dtt2.CDECIMAL9_2 ;
cidx	CDECIMAL9	CDECIMAL9_2
1	-999999	-9999.99
2	-999998	-9999.98
3	-999997	-9999.97
4	-999996	-9999.96
5	-999995	-9999.95
select dtt1.cidx, dtt1.CDECIMAL9, dtt2.CDECIMAL9_2 from datatypetestm1 dtt1, datatypetestm2 dtt2 where dtt1.cidx = dtt2.cidx and dtt1.CDECIMAL9 <= dtt2.CDECIMAL9_2 ;
cidx	CDECIMAL9	CDECIMAL9_2
1	-999999	-9999.99
2	-999998	-9999.98
3	-999997	-9999.97
4	-999996	-9999.96
5	-999995	-9999.95
11	0	0.00
