USE autopilot;
select dtt1.cidx, dtt1.CTINYINT, dtt2.CVCHAR5 from datatypetestm1 dtt1, datatypetestm2 dtt2 where dtt1.cidx = dtt2.cidx and dtt1.CTINYINT > dtt2.CVCHAR5 ;
cidx	CTINYINT	CVCHAR5
6	23	vvvvv
7	24	vvvvv
8	25	vvvvv
9	26	vvvvv
10	27	zzzzz
select dtt1.cidx, dtt1.CTINYINT, dtt2.CVCHAR5 from datatypetestm1 dtt1, datatypetestm2 dtt2 where dtt1.cidx = dtt2.cidx and dtt1.CTINYINT >= dtt2.CVCHAR5 ;
cidx	CTINYINT	CVCHAR5
6	23	vvvvv
7	24	vvvvv
8	25	vvvvv
9	26	vvvvv
10	27	zzzzz
select dtt1.cidx, dtt1.CTINYINT, dtt2.CVCHAR5 from datatypetestm1 dtt1, datatypetestm2 dtt2 where dtt1.cidx = dtt2.cidx and dtt1.CTINYINT <> dtt2.CVCHAR5 ;
cidx	CTINYINT	CVCHAR5
1	-26	aaaaa
2	-25	e
3	-24	ee
4	-23	eee
5	-22	eeee
6	23	vvvvv
7	24	vvvvv
8	25	vvvvv
9	26	vvvvv
10	27	zzzzz
select dtt1.cidx, dtt1.CTINYINT, dtt2.CVCHAR5 from datatypetestm1 dtt1, datatypetestm2 dtt2 where dtt1.cidx = dtt2.cidx and dtt1.CTINYINT < dtt2.CVCHAR5 ;
cidx	CTINYINT	CVCHAR5
1	-26	aaaaa
2	-25	e
3	-24	ee
4	-23	eee
5	-22	eeee
select dtt1.cidx, dtt1.CTINYINT, dtt2.CVCHAR5 from datatypetestm1 dtt1, datatypetestm2 dtt2 where dtt1.cidx = dtt2.cidx and dtt1.CTINYINT <= dtt2.CVCHAR5 ;
cidx	CTINYINT	CVCHAR5
1	-26	aaaaa
2	-25	e
3	-24	ee
4	-23	eee
5	-22	eeee
