USE autopilot;
select dtt1.cidx, dtt1.CDECIMAL18_2, dtt2.CDECIMAL4_2 from datatypetestm1 dtt1, datatypetestm2 dtt2 where dtt1.cidx = dtt2.cidx and dtt1.CDECIMAL18_2 > dtt2.CDECIMAL4_2 ;
cidx	CDECIMAL18_2	CDECIMAL4_2
6	99999999999.95	9.95
7	99999999999.96	9.96
8	99999999999.97	9.97
9	99999999999.98	9.98
10	99999999999.99	9.99
select dtt1.cidx, dtt1.CDECIMAL18_2, dtt2.CDECIMAL4_2 from datatypetestm1 dtt1, datatypetestm2 dtt2 where dtt1.cidx = dtt2.cidx and dtt1.CDECIMAL18_2 >= dtt2.CDECIMAL4_2 ;
cidx	CDECIMAL18_2	CDECIMAL4_2
6	99999999999.95	9.95
7	99999999999.96	9.96
8	99999999999.97	9.97
9	99999999999.98	9.98
10	99999999999.99	9.99
11	0.00	0.00
select dtt1.cidx, dtt1.CDECIMAL18_2, dtt2.CDECIMAL4_2 from datatypetestm1 dtt1, datatypetestm2 dtt2 where dtt1.cidx = dtt2.cidx and dtt1.CDECIMAL18_2 <> dtt2.CDECIMAL4_2 ;
cidx	CDECIMAL18_2	CDECIMAL4_2
1	-99999999999.99	-9.99
2	-99999999999.98	-9.98
3	-99999999999.97	-9.97
4	-99999999999.96	-9.96
5	-99999999999.95	-9.95
6	99999999999.95	9.95
7	99999999999.96	9.96
8	99999999999.97	9.97
9	99999999999.98	9.98
10	99999999999.99	9.99
select dtt1.cidx, dtt1.CDECIMAL18_2, dtt2.CDECIMAL4_2 from datatypetestm1 dtt1, datatypetestm2 dtt2 where dtt1.cidx = dtt2.cidx and dtt1.CDECIMAL18_2 < dtt2.CDECIMAL4_2 ;
cidx	CDECIMAL18_2	CDECIMAL4_2
1	-99999999999.99	-9.99
2	-99999999999.98	-9.98
3	-99999999999.97	-9.97
4	-99999999999.96	-9.96
5	-99999999999.95	-9.95
select dtt1.cidx, dtt1.CDECIMAL18_2, dtt2.CDECIMAL4_2 from datatypetestm1 dtt1, datatypetestm2 dtt2 where dtt1.cidx = dtt2.cidx and dtt1.CDECIMAL18_2 <= dtt2.CDECIMAL4_2 ;
cidx	CDECIMAL18_2	CDECIMAL4_2
1	-99999999999.99	-9.99
2	-99999999999.98	-9.98
3	-99999999999.97	-9.97
4	-99999999999.96	-9.96
5	-99999999999.95	-9.95
11	0.00	0.00
