USE autopilot;
select dtt1.cidx, dtt1.CFLOAT, dtt2.CTINYINT from datatypetestm1 dtt1, datatypetestm2 dtt2 where dtt1.cidx = dtt2.cidx and dtt1.CFLOAT > dtt2.CTINYINT ;
cidx	CFLOAT	CTINYINT
6	3.40286e18	23
7	3.40286e18	24
8	3.40286e18	25
9	3.40287e18	26
10	3.40287e18	27
select dtt1.cidx, dtt1.CFLOAT, dtt2.CTINYINT from datatypetestm1 dtt1, datatypetestm2 dtt2 where dtt1.cidx = dtt2.cidx and dtt1.CFLOAT >= dtt2.CTINYINT ;
cidx	CFLOAT	CTINYINT
6	3.40286e18	23
7	3.40286e18	24
8	3.40286e18	25
9	3.40287e18	26
10	3.40287e18	27
11	0	0
select dtt1.cidx, dtt1.CFLOAT, dtt2.CTINYINT from datatypetestm1 dtt1, datatypetestm2 dtt2 where dtt1.cidx = dtt2.cidx and dtt1.CFLOAT <> dtt2.CTINYINT ;
cidx	CFLOAT	CTINYINT
1	-3.40287e18	-26
2	-3.40287e18	-25
3	-3.40286e18	-24
4	-3.40286e18	-23
5	-3.40286e18	-22
6	3.40286e18	23
7	3.40286e18	24
8	3.40286e18	25
9	3.40287e18	26
10	3.40287e18	27
select dtt1.cidx, dtt1.CFLOAT, dtt2.CTINYINT from datatypetestm1 dtt1, datatypetestm2 dtt2 where dtt1.cidx = dtt2.cidx and dtt1.CFLOAT < dtt2.CTINYINT ;
cidx	CFLOAT	CTINYINT
1	-3.40287e18	-26
2	-3.40287e18	-25
3	-3.40286e18	-24
4	-3.40286e18	-23
5	-3.40286e18	-22
select dtt1.cidx, dtt1.CFLOAT, dtt2.CTINYINT from datatypetestm1 dtt1, datatypetestm2 dtt2 where dtt1.cidx = dtt2.cidx and dtt1.CFLOAT <= dtt2.CTINYINT ;
cidx	CFLOAT	CTINYINT
1	-3.40287e18	-26
2	-3.40287e18	-25
3	-3.40286e18	-24
4	-3.40286e18	-23
5	-3.40286e18	-22
11	0	0
