USE autopilot;
select dtt1.cidx, dtt1.CDECIMAL9, dtt2.CDECIMAL5 from datatypetestm1 dtt1, datatypetestm2 dtt2 where dtt1.cidx = dtt2.cidx and dtt1.CDECIMAL9 > dtt2.CDECIMAL5 ;
cidx	CDECIMAL9	CDECIMAL5
6	999995	995
7	999996	996
8	999997	997
9	999998	998
10	999999	999
select dtt1.cidx, dtt1.CDECIMAL9, dtt2.CDECIMAL5 from datatypetestm1 dtt1, datatypetestm2 dtt2 where dtt1.cidx = dtt2.cidx and dtt1.CDECIMAL9 >= dtt2.CDECIMAL5 ;
cidx	CDECIMAL9	CDECIMAL5
6	999995	995
7	999996	996
8	999997	997
9	999998	998
10	999999	999
11	0	0
select dtt1.cidx, dtt1.CDECIMAL9, dtt2.CDECIMAL5 from datatypetestm1 dtt1, datatypetestm2 dtt2 where dtt1.cidx = dtt2.cidx and dtt1.CDECIMAL9 <> dtt2.CDECIMAL5 ;
cidx	CDECIMAL9	CDECIMAL5
1	-999999	-999
2	-999998	-998
3	-999997	-997
4	-999996	-996
5	-999995	-995
6	999995	995
7	999996	996
8	999997	997
9	999998	998
10	999999	999
select dtt1.cidx, dtt1.CDECIMAL9, dtt2.CDECIMAL5 from datatypetestm1 dtt1, datatypetestm2 dtt2 where dtt1.cidx = dtt2.cidx and dtt1.CDECIMAL9 < dtt2.CDECIMAL5 ;
cidx	CDECIMAL9	CDECIMAL5
1	-999999	-999
2	-999998	-998
3	-999997	-997
4	-999996	-996
5	-999995	-995
select dtt1.cidx, dtt1.CDECIMAL9, dtt2.CDECIMAL5 from datatypetestm1 dtt1, datatypetestm2 dtt2 where dtt1.cidx = dtt2.cidx and dtt1.CDECIMAL9 <= dtt2.CDECIMAL5 ;
cidx	CDECIMAL9	CDECIMAL5
1	-999999	-999
2	-999998	-998
3	-999997	-997
4	-999996	-996
5	-999995	-995
11	0	0
