USE autopilot;
select dtt1.cidx, dtt1.CSMALLINT, dtt2.CCHAR7 from datatypetestm1 dtt1, datatypetestm2 dtt2 where dtt1.cidx = dtt2.cidx and dtt1.CSMALLINT > dtt2.CCHAR7 ;
cidx	CSMALLINT	CCHAR7
6	763	ttttttt
7	764	ttttttt
8	765	ttttttt
9	766	ttttttt
10	767	zzzzzzz
select dtt1.cidx, dtt1.CSMALLINT, dtt2.CCHAR7 from datatypetestm1 dtt1, datatypetestm2 dtt2 where dtt1.cidx = dtt2.cidx and dtt1.CSMALLINT >= dtt2.CCHAR7 ;
cidx	CSMALLINT	CCHAR7
6	763	ttttttt
7	764	ttttttt
8	765	ttttttt
9	766	ttttttt
10	767	zzzzzzz
select dtt1.cidx, dtt1.CSMALLINT, dtt2.CCHAR7 from datatypetestm1 dtt1, datatypetestm2 dtt2 where dtt1.cidx = dtt2.cidx and dtt1.CSMALLINT <> dtt2.CCHAR7 ;
cidx	CSMALLINT	CCHAR7
1	-766	aaaaaaa
2	-765	g
3	-764	gg
4	-763	ggg
5	-762	gggg
6	763	ttttttt
7	764	ttttttt
8	765	ttttttt
9	766	ttttttt
10	767	zzzzzzz
select dtt1.cidx, dtt1.CSMALLINT, dtt2.CCHAR7 from datatypetestm1 dtt1, datatypetestm2 dtt2 where dtt1.cidx = dtt2.cidx and dtt1.CSMALLINT < dtt2.CCHAR7 ;
cidx	CSMALLINT	CCHAR7
1	-766	aaaaaaa
2	-765	g
3	-764	gg
4	-763	ggg
5	-762	gggg
select dtt1.cidx, dtt1.CSMALLINT, dtt2.CCHAR7 from datatypetestm1 dtt1, datatypetestm2 dtt2 where dtt1.cidx = dtt2.cidx and dtt1.CSMALLINT <= dtt2.CCHAR7 ;
cidx	CSMALLINT	CCHAR7
1	-766	aaaaaaa
2	-765	g
3	-764	gg
4	-763	ggg
5	-762	gggg
