USE autopilot;
select dtt1.cidx, dtt1.CSMALLINT, dtt2.CDATETIME from datatypetestm1 dtt1, datatypetestm2 dtt2 where dtt1.cidx = dtt2.cidx and dtt1.CSMALLINT > dtt2.CDATETIME ;
cidx	CSMALLINT	CDATETIME
select dtt1.cidx, dtt1.CSMALLINT, dtt2.CDATETIME from datatypetestm1 dtt1, datatypetestm2 dtt2 where dtt1.cidx = dtt2.cidx and dtt1.CSMALLINT >= dtt2.CDATETIME ;
cidx	CSMALLINT	CDATETIME
select dtt1.cidx, dtt1.CSMALLINT, dtt2.CDATETIME from datatypetestm1 dtt1, datatypetestm2 dtt2 where dtt1.cidx = dtt2.cidx and dtt1.CSMALLINT <> dtt2.CDATETIME ;
cidx	CSMALLINT	CDATETIME
1	-766	1997-01-01 00:00:00
2	-765	1997-01-01 00:00:01
3	-764	1997-01-02 00:00:01
4	-763	1997-01-03 00:00:02
5	-762	1997-01-04 00:00:03
6	763	2009-12-31 23:59:56
7	764	2009-12-31 23:59:57
8	765	2009-12-31 23:59:58
9	766	2009-12-31 23:59:59
10	767	2009-12-31 23:59:59
11	0	2009-12-31 23:59:59
select dtt1.cidx, dtt1.CSMALLINT, dtt2.CDATETIME from datatypetestm1 dtt1, datatypetestm2 dtt2 where dtt1.cidx = dtt2.cidx and dtt1.CSMALLINT < dtt2.CDATETIME ;
cidx	CSMALLINT	CDATETIME
1	-766	1997-01-01 00:00:00
2	-765	1997-01-01 00:00:01
3	-764	1997-01-02 00:00:01
4	-763	1997-01-03 00:00:02
5	-762	1997-01-04 00:00:03
6	763	2009-12-31 23:59:56
7	764	2009-12-31 23:59:57
8	765	2009-12-31 23:59:58
9	766	2009-12-31 23:59:59
10	767	2009-12-31 23:59:59
11	0	2009-12-31 23:59:59
select dtt1.cidx, dtt1.CSMALLINT, dtt2.CDATETIME from datatypetestm1 dtt1, datatypetestm2 dtt2 where dtt1.cidx = dtt2.cidx and dtt1.CSMALLINT <= dtt2.CDATETIME ;
cidx	CSMALLINT	CDATETIME
1	-766	1997-01-01 00:00:00
2	-765	1997-01-01 00:00:01
3	-764	1997-01-02 00:00:01
4	-763	1997-01-03 00:00:02
5	-762	1997-01-04 00:00:03
6	763	2009-12-31 23:59:56
7	764	2009-12-31 23:59:57
8	765	2009-12-31 23:59:58
9	766	2009-12-31 23:59:59
10	767	2009-12-31 23:59:59
11	0	2009-12-31 23:59:59
