USE autopilot;
select dtt1.cidx, dtt1.CDECIMAL4_2, dtt2.CCHAR8 from datatypetestm1 dtt1, datatypetestm2 dtt2 where dtt1.cidx = dtt2.cidx and dtt1.CDECIMAL4_2 > dtt2.CCHAR8 ;
cidx	CDECIMAL4_2	CCHAR8
6	9.95	sssssss
7	9.96	ssssssss
8	9.97	ssssssss
9	9.98	ssssssss
10	9.99	zzzzzzzz
select dtt1.cidx, dtt1.CDECIMAL4_2, dtt2.CCHAR8 from datatypetestm1 dtt1, datatypetestm2 dtt2 where dtt1.cidx = dtt2.cidx and dtt1.CDECIMAL4_2 >= dtt2.CCHAR8 ;
cidx	CDECIMAL4_2	CCHAR8
6	9.95	sssssss
7	9.96	ssssssss
8	9.97	ssssssss
9	9.98	ssssssss
10	9.99	zzzzzzzz
select dtt1.cidx, dtt1.CDECIMAL4_2, dtt2.CCHAR8 from datatypetestm1 dtt1, datatypetestm2 dtt2 where dtt1.cidx = dtt2.cidx and dtt1.CDECIMAL4_2 <> dtt2.CCHAR8 ;
cidx	CDECIMAL4_2	CCHAR8
1	-9.99	aaaaaaaa
2	-9.98	h
3	-9.97	hh
4	-9.96	hhh
5	-9.95	hhhh
6	9.95	sssssss
7	9.96	ssssssss
8	9.97	ssssssss
9	9.98	ssssssss
10	9.99	zzzzzzzz
select dtt1.cidx, dtt1.CDECIMAL4_2, dtt2.CCHAR8 from datatypetestm1 dtt1, datatypetestm2 dtt2 where dtt1.cidx = dtt2.cidx and dtt1.CDECIMAL4_2 < dtt2.CCHAR8 ;
cidx	CDECIMAL4_2	CCHAR8
1	-9.99	aaaaaaaa
2	-9.98	h
3	-9.97	hh
4	-9.96	hhh
5	-9.95	hhhh
select dtt1.cidx, dtt1.CDECIMAL4_2, dtt2.CCHAR8 from datatypetestm1 dtt1, datatypetestm2 dtt2 where dtt1.cidx = dtt2.cidx and dtt1.CDECIMAL4_2 <= dtt2.CCHAR8 ;
cidx	CDECIMAL4_2	CCHAR8
1	-9.99	aaaaaaaa
2	-9.98	h
3	-9.97	hh
4	-9.96	hhh
5	-9.95	hhhh
