USE autopilot;
select dtt1.cidx, dtt1.CDECIMAL4_2, dtt2.CCHAR7 from datatypetestm1 dtt1, datatypetestm2 dtt2 where dtt1.cidx = dtt2.cidx and dtt1.CDECIMAL4_2 > dtt2.CCHAR7 ;
cidx	CDECIMAL4_2	CCHAR7
6	9.95	ttttttt
7	9.96	ttttttt
8	9.97	ttttttt
9	9.98	ttttttt
10	9.99	zzzzzzz
select dtt1.cidx, dtt1.CDECIMAL4_2, dtt2.CCHAR7 from datatypetestm1 dtt1, datatypetestm2 dtt2 where dtt1.cidx = dtt2.cidx and dtt1.CDECIMAL4_2 >= dtt2.CCHAR7 ;
cidx	CDECIMAL4_2	CCHAR7
6	9.95	ttttttt
7	9.96	ttttttt
8	9.97	ttttttt
9	9.98	ttttttt
10	9.99	zzzzzzz
select dtt1.cidx, dtt1.CDECIMAL4_2, dtt2.CCHAR7 from datatypetestm1 dtt1, datatypetestm2 dtt2 where dtt1.cidx = dtt2.cidx and dtt1.CDECIMAL4_2 <> dtt2.CCHAR7 ;
cidx	CDECIMAL4_2	CCHAR7
1	-9.99	aaaaaaa
2	-9.98	g
3	-9.97	gg
4	-9.96	ggg
5	-9.95	gggg
6	9.95	ttttttt
7	9.96	ttttttt
8	9.97	ttttttt
9	9.98	ttttttt
10	9.99	zzzzzzz
select dtt1.cidx, dtt1.CDECIMAL4_2, dtt2.CCHAR7 from datatypetestm1 dtt1, datatypetestm2 dtt2 where dtt1.cidx = dtt2.cidx and dtt1.CDECIMAL4_2 < dtt2.CCHAR7 ;
cidx	CDECIMAL4_2	CCHAR7
1	-9.99	aaaaaaa
2	-9.98	g
3	-9.97	gg
4	-9.96	ggg
5	-9.95	gggg
select dtt1.cidx, dtt1.CDECIMAL4_2, dtt2.CCHAR7 from datatypetestm1 dtt1, datatypetestm2 dtt2 where dtt1.cidx = dtt2.cidx and dtt1.CDECIMAL4_2 <= dtt2.CCHAR7 ;
cidx	CDECIMAL4_2	CCHAR7
1	-9.99	aaaaaaa
2	-9.98	g
3	-9.97	gg
4	-9.96	ggg
5	-9.95	gggg
