USE autopilot;
select dtt1.cidx, dtt1.CINTEGER, dtt2.CDOUBLE from datatypetestm1 dtt1, datatypetestm2 dtt2 where dtt1.cidx = dtt2.cidx and dtt1.CINTEGER > dtt2.CDOUBLE ;
cidx	CINTEGER	CDOUBLE
1	-7483646	-1.797693231e108
2	-7483645	-1.79769323e108
3	-7483644	-1.797693229e108
4	-7483643	-1.797693228e108
5	-7483642	-1.797693227e108
select dtt1.cidx, dtt1.CINTEGER, dtt2.CDOUBLE from datatypetestm1 dtt1, datatypetestm2 dtt2 where dtt1.cidx = dtt2.cidx and dtt1.CINTEGER >= dtt2.CDOUBLE ;
cidx	CINTEGER	CDOUBLE
1	-7483646	-1.797693231e108
2	-7483645	-1.79769323e108
3	-7483644	-1.797693229e108
4	-7483643	-1.797693228e108
5	-7483642	-1.797693227e108
11	0	0
select dtt1.cidx, dtt1.CINTEGER, dtt2.CDOUBLE from datatypetestm1 dtt1, datatypetestm2 dtt2 where dtt1.cidx = dtt2.cidx and dtt1.CINTEGER <> dtt2.CDOUBLE ;
cidx	CINTEGER	CDOUBLE
1	-7483646	-1.797693231e108
2	-7483645	-1.79769323e108
3	-7483644	-1.797693229e108
4	-7483643	-1.797693228e108
5	-7483642	-1.797693227e108
6	7483643	1.797693227e108
7	7483644	1.797693228e108
8	7483645	1.797693229e108
9	7483646	1.79769323e108
10	7483647	1.797693231e108
select dtt1.cidx, dtt1.CINTEGER, dtt2.CDOUBLE from datatypetestm1 dtt1, datatypetestm2 dtt2 where dtt1.cidx = dtt2.cidx and dtt1.CINTEGER < dtt2.CDOUBLE ;
cidx	CINTEGER	CDOUBLE
6	7483643	1.797693227e108
7	7483644	1.797693228e108
8	7483645	1.797693229e108
9	7483646	1.79769323e108
10	7483647	1.797693231e108
select dtt1.cidx, dtt1.CINTEGER, dtt2.CDOUBLE from datatypetestm1 dtt1, datatypetestm2 dtt2 where dtt1.cidx = dtt2.cidx and dtt1.CINTEGER <= dtt2.CDOUBLE ;
cidx	CINTEGER	CDOUBLE
6	7483643	1.797693227e108
7	7483644	1.797693228e108
8	7483645	1.797693229e108
9	7483646	1.79769323e108
10	7483647	1.797693231e108
11	0	0
