USE autopilot;
select dtt1.cidx, dtt1.CDECIMAL5, dtt2.CVCHAR2 from datatypetestm1 dtt1, datatypetestm2 dtt2 where dtt1.cidx = dtt2.cidx and dtt1.CDECIMAL5 > dtt2.CVCHAR2 ;
cidx	CDECIMAL5	CVCHAR2
6	995	yy
7	996	yy
8	997	yy
9	998	yy
10	999	zz
select dtt1.cidx, dtt1.CDECIMAL5, dtt2.CVCHAR2 from datatypetestm1 dtt1, datatypetestm2 dtt2 where dtt1.cidx = dtt2.cidx and dtt1.CDECIMAL5 >= dtt2.CVCHAR2 ;
cidx	CDECIMAL5	CVCHAR2
6	995	yy
7	996	yy
8	997	yy
9	998	yy
10	999	zz
select dtt1.cidx, dtt1.CDECIMAL5, dtt2.CVCHAR2 from datatypetestm1 dtt1, datatypetestm2 dtt2 where dtt1.cidx = dtt2.cidx and dtt1.CDECIMAL5 <> dtt2.CVCHAR2 ;
cidx	CDECIMAL5	CVCHAR2
1	-999	aa
2	-998	b
3	-997	bb
4	-996	bb
5	-995	bb
6	995	yy
7	996	yy
8	997	yy
9	998	yy
10	999	zz
select dtt1.cidx, dtt1.CDECIMAL5, dtt2.CVCHAR2 from datatypetestm1 dtt1, datatypetestm2 dtt2 where dtt1.cidx = dtt2.cidx and dtt1.CDECIMAL5 < dtt2.CVCHAR2 ;
cidx	CDECIMAL5	CVCHAR2
1	-999	aa
2	-998	b
3	-997	bb
4	-996	bb
5	-995	bb
select dtt1.cidx, dtt1.CDECIMAL5, dtt2.CVCHAR2 from datatypetestm1 dtt1, datatypetestm2 dtt2 where dtt1.cidx = dtt2.cidx and dtt1.CDECIMAL5 <= dtt2.CVCHAR2 ;
cidx	CDECIMAL5	CVCHAR2
1	-999	aa
2	-998	b
3	-997	bb
4	-996	bb
5	-995	bb
