USE autopilot;
select dtt1.cidx, dtt1.CTINYTEXT, dtt2.CDECIMAL4 from datatypetestm1 dtt1, datatypetestm2 dtt2 where dtt1.cidx = dtt2.cidx and dtt1.CTINYTEXT > dtt2.CDECIMAL4 ;
cidx	CTINYTEXT	CDECIMAL4
1	tinytext	-999
2	tinytext	-998
3	tinytext	-997
4	tinytext	-996
5	tinytext	-995
select dtt1.cidx, dtt1.CTINYTEXT, dtt2.CDECIMAL4 from datatypetestm1 dtt1, datatypetestm2 dtt2 where dtt1.cidx = dtt2.cidx and dtt1.CTINYTEXT >= dtt2.CDECIMAL4 ;
cidx	CTINYTEXT	CDECIMAL4
1	tinytext	-999
2	tinytext	-998
3	tinytext	-997
4	tinytext	-996
5	tinytext	-995
select dtt1.cidx, dtt1.CTINYTEXT, dtt2.CDECIMAL4 from datatypetestm1 dtt1, datatypetestm2 dtt2 where dtt1.cidx = dtt2.cidx and dtt1.CTINYTEXT <> dtt2.CDECIMAL4 ;
cidx	CTINYTEXT	CDECIMAL4
1	tinytext	-999
2	tinytext	-998
3	tinytext	-997
4	tinytext	-996
5	tinytext	-995
6	tinytext	995
7	tinytext	996
8	tinytext	997
9	tinytext	998
10	tinytext	999
select dtt1.cidx, dtt1.CTINYTEXT, dtt2.CDECIMAL4 from datatypetestm1 dtt1, datatypetestm2 dtt2 where dtt1.cidx = dtt2.cidx and dtt1.CTINYTEXT < dtt2.CDECIMAL4 ;
cidx	CTINYTEXT	CDECIMAL4
6	tinytext	995
7	tinytext	996
8	tinytext	997
9	tinytext	998
10	tinytext	999
select dtt1.cidx, dtt1.CTINYTEXT, dtt2.CDECIMAL4 from datatypetestm1 dtt1, datatypetestm2 dtt2 where dtt1.cidx = dtt2.cidx and dtt1.CTINYTEXT <= dtt2.CDECIMAL4 ;
cidx	CTINYTEXT	CDECIMAL4
6	tinytext	995
7	tinytext	996
8	tinytext	997
9	tinytext	998
10	tinytext	999
