USE autopilot;
select dtt1.cidx, dtt1.CDECIMAL5, dtt2.CDECIMAL18 from datatypetestm1 dtt1, datatypetestm2 dtt2 where dtt1.cidx = dtt2.cidx and dtt1.CDECIMAL5 > dtt2.CDECIMAL18 ;
cidx	CDECIMAL5	CDECIMAL18
1	-999	-9999999999999
2	-998	-9999999999998
3	-997	-9999999999997
4	-996	-9999999999996
5	-995	-9999999999995
select dtt1.cidx, dtt1.CDECIMAL5, dtt2.CDECIMAL18 from datatypetestm1 dtt1, datatypetestm2 dtt2 where dtt1.cidx = dtt2.cidx and dtt1.CDECIMAL5 >= dtt2.CDECIMAL18 ;
cidx	CDECIMAL5	CDECIMAL18
1	-999	-9999999999999
2	-998	-9999999999998
3	-997	-9999999999997
4	-996	-9999999999996
5	-995	-9999999999995
11	0	0
select dtt1.cidx, dtt1.CDECIMAL5, dtt2.CDECIMAL18 from datatypetestm1 dtt1, datatypetestm2 dtt2 where dtt1.cidx = dtt2.cidx and dtt1.CDECIMAL5 <> dtt2.CDECIMAL18 ;
cidx	CDECIMAL5	CDECIMAL18
1	-999	-9999999999999
2	-998	-9999999999998
3	-997	-9999999999997
4	-996	-9999999999996
5	-995	-9999999999995
6	995	9999999999995
7	996	9999999999996
8	997	9999999999997
9	998	9999999999998
10	999	9999999999999
select dtt1.cidx, dtt1.CDECIMAL5, dtt2.CDECIMAL18 from datatypetestm1 dtt1, datatypetestm2 dtt2 where dtt1.cidx = dtt2.cidx and dtt1.CDECIMAL5 < dtt2.CDECIMAL18 ;
cidx	CDECIMAL5	CDECIMAL18
6	995	9999999999995
7	996	9999999999996
8	997	9999999999997
9	998	9999999999998
10	999	9999999999999
select dtt1.cidx, dtt1.CDECIMAL5, dtt2.CDECIMAL18 from datatypetestm1 dtt1, datatypetestm2 dtt2 where dtt1.cidx = dtt2.cidx and dtt1.CDECIMAL5 <= dtt2.CDECIMAL18 ;
cidx	CDECIMAL5	CDECIMAL18
6	995	9999999999995
7	996	9999999999996
8	997	9999999999997
9	998	9999999999998
10	999	9999999999999
11	0	0
