USE autopilot;
select dtt1.cidx, dtt1.CDECIMAL18, dtt2.CVCHAR1 from datatypetestm1 dtt1, datatypetestm2 dtt2 where dtt1.cidx = dtt2.cidx and dtt1.CDECIMAL18 > dtt2.CVCHAR1 ;
cidx	CDECIMAL18	CVCHAR1
6	9999999999995	z
7	9999999999996	z
8	9999999999997	z
9	9999999999998	z
10	9999999999999	z
select dtt1.cidx, dtt1.CDECIMAL18, dtt2.CVCHAR1 from datatypetestm1 dtt1, datatypetestm2 dtt2 where dtt1.cidx = dtt2.cidx and dtt1.CDECIMAL18 >= dtt2.CVCHAR1 ;
cidx	CDECIMAL18	CVCHAR1
6	9999999999995	z
7	9999999999996	z
8	9999999999997	z
9	9999999999998	z
10	9999999999999	z
select dtt1.cidx, dtt1.CDECIMAL18, dtt2.CVCHAR1 from datatypetestm1 dtt1, datatypetestm2 dtt2 where dtt1.cidx = dtt2.cidx and dtt1.CDECIMAL18 <> dtt2.CVCHAR1 ;
cidx	CDECIMAL18	CVCHAR1
1	-9999999999999	a
2	-9999999999998	a
3	-9999999999997	a
4	-9999999999996	a
5	-9999999999995	a
6	9999999999995	z
7	9999999999996	z
8	9999999999997	z
9	9999999999998	z
10	9999999999999	z
select dtt1.cidx, dtt1.CDECIMAL18, dtt2.CVCHAR1 from datatypetestm1 dtt1, datatypetestm2 dtt2 where dtt1.cidx = dtt2.cidx and dtt1.CDECIMAL18 < dtt2.CVCHAR1 ;
cidx	CDECIMAL18	CVCHAR1
1	-9999999999999	a
2	-9999999999998	a
3	-9999999999997	a
4	-9999999999996	a
5	-9999999999995	a
select dtt1.cidx, dtt1.CDECIMAL18, dtt2.CVCHAR1 from datatypetestm1 dtt1, datatypetestm2 dtt2 where dtt1.cidx = dtt2.cidx and dtt1.CDECIMAL18 <= dtt2.CVCHAR1 ;
cidx	CDECIMAL18	CVCHAR1
1	-9999999999999	a
2	-9999999999998	a
3	-9999999999997	a
4	-9999999999996	a
5	-9999999999995	a
