USE autopilot;
select dtt1.cidx, dtt1.CDECIMAL9_2, dtt2.CTINYTEXT from datatypetestm1 dtt1, datatypetestm2 dtt2 where dtt1.cidx = dtt2.cidx and dtt1.CDECIMAL9_2 > dtt2.CTINYTEXT ;
cidx	CDECIMAL9_2	CTINYTEXT
6	9999.95	tinytext
7	9999.96	tinytext
8	9999.97	tinytext
9	9999.98	tinytext
10	9999.99	tinytext
select dtt1.cidx, dtt1.CDECIMAL9_2, dtt2.CTINYTEXT from datatypetestm1 dtt1, datatypetestm2 dtt2 where dtt1.cidx = dtt2.cidx and dtt1.CDECIMAL9_2 >= dtt2.CTINYTEXT ;
cidx	CDECIMAL9_2	CTINYTEXT
6	9999.95	tinytext
7	9999.96	tinytext
8	9999.97	tinytext
9	9999.98	tinytext
10	9999.99	tinytext
select dtt1.cidx, dtt1.CDECIMAL9_2, dtt2.CTINYTEXT from datatypetestm1 dtt1, datatypetestm2 dtt2 where dtt1.cidx = dtt2.cidx and dtt1.CDECIMAL9_2 <> dtt2.CTINYTEXT ;
cidx	CDECIMAL9_2	CTINYTEXT
1	-9999.99	tinytext
2	-9999.98	tinytext
3	-9999.97	tinytext
4	-9999.96	tinytext
5	-9999.95	tinytext
6	9999.95	tinytext
7	9999.96	tinytext
8	9999.97	tinytext
9	9999.98	tinytext
10	9999.99	tinytext
select dtt1.cidx, dtt1.CDECIMAL9_2, dtt2.CTINYTEXT from datatypetestm1 dtt1, datatypetestm2 dtt2 where dtt1.cidx = dtt2.cidx and dtt1.CDECIMAL9_2 < dtt2.CTINYTEXT ;
cidx	CDECIMAL9_2	CTINYTEXT
1	-9999.99	tinytext
2	-9999.98	tinytext
3	-9999.97	tinytext
4	-9999.96	tinytext
5	-9999.95	tinytext
select dtt1.cidx, dtt1.CDECIMAL9_2, dtt2.CTINYTEXT from datatypetestm1 dtt1, datatypetestm2 dtt2 where dtt1.cidx = dtt2.cidx and dtt1.CDECIMAL9_2 <= dtt2.CTINYTEXT ;
cidx	CDECIMAL9_2	CTINYTEXT
1	-9999.99	tinytext
2	-9999.98	tinytext
3	-9999.97	tinytext
4	-9999.96	tinytext
5	-9999.95	tinytext
