USE autopilot;
select dtt1.cidx, dtt1.CDECIMAL4, dtt2.CINTEGER from datatypetestm1 dtt1, datatypetestm2 dtt2 where dtt1.cidx = dtt2.cidx and dtt1.CDECIMAL4 > dtt2.CINTEGER ;
cidx	CDECIMAL4	CINTEGER
1	-999	-7483646
2	-998	-7483645
3	-997	-7483644
4	-996	-7483643
5	-995	-7483642
select dtt1.cidx, dtt1.CDECIMAL4, dtt2.CINTEGER from datatypetestm1 dtt1, datatypetestm2 dtt2 where dtt1.cidx = dtt2.cidx and dtt1.CDECIMAL4 >= dtt2.CINTEGER ;
cidx	CDECIMAL4	CINTEGER
1	-999	-7483646
2	-998	-7483645
3	-997	-7483644
4	-996	-7483643
5	-995	-7483642
11	0	0
select dtt1.cidx, dtt1.CDECIMAL4, dtt2.CINTEGER from datatypetestm1 dtt1, datatypetestm2 dtt2 where dtt1.cidx = dtt2.cidx and dtt1.CDECIMAL4 <> dtt2.CINTEGER ;
cidx	CDECIMAL4	CINTEGER
1	-999	-7483646
2	-998	-7483645
3	-997	-7483644
4	-996	-7483643
5	-995	-7483642
6	995	7483643
7	996	7483644
8	997	7483645
9	998	7483646
10	999	7483647
select dtt1.cidx, dtt1.CDECIMAL4, dtt2.CINTEGER from datatypetestm1 dtt1, datatypetestm2 dtt2 where dtt1.cidx = dtt2.cidx and dtt1.CDECIMAL4 < dtt2.CINTEGER ;
cidx	CDECIMAL4	CINTEGER
6	995	7483643
7	996	7483644
8	997	7483645
9	998	7483646
10	999	7483647
select dtt1.cidx, dtt1.CDECIMAL4, dtt2.CINTEGER from datatypetestm1 dtt1, datatypetestm2 dtt2 where dtt1.cidx = dtt2.cidx and dtt1.CDECIMAL4 <= dtt2.CINTEGER ;
cidx	CDECIMAL4	CINTEGER
6	995	7483643
7	996	7483644
8	997	7483645
9	998	7483646
10	999	7483647
11	0	0
