USE autopilot;
select dtt1.cidx, dtt1.CFLOAT, dtt2.CBIGINT from datatypetestm1 dtt1, datatypetestm2 dtt2 where dtt1.cidx = dtt2.cidx and dtt1.CFLOAT > dtt2.CBIGINT ;
cidx	CFLOAT	CBIGINT
6	3.40286e18	72036854775803
7	3.40286e18	72036854775804
8	3.40286e18	72036854775805
9	3.40287e18	72036854775806
10	3.40287e18	72036854775807
select dtt1.cidx, dtt1.CFLOAT, dtt2.CBIGINT from datatypetestm1 dtt1, datatypetestm2 dtt2 where dtt1.cidx = dtt2.cidx and dtt1.CFLOAT >= dtt2.CBIGINT ;
cidx	CFLOAT	CBIGINT
6	3.40286e18	72036854775803
7	3.40286e18	72036854775804
8	3.40286e18	72036854775805
9	3.40287e18	72036854775806
10	3.40287e18	72036854775807
11	0	0
select dtt1.cidx, dtt1.CFLOAT, dtt2.CBIGINT from datatypetestm1 dtt1, datatypetestm2 dtt2 where dtt1.cidx = dtt2.cidx and dtt1.CFLOAT <> dtt2.CBIGINT ;
cidx	CFLOAT	CBIGINT
1	-3.40287e18	-72036854775806
2	-3.40287e18	-72036854775805
3	-3.40286e18	-72036854775804
4	-3.40286e18	-72036854775803
5	-3.40286e18	-72036854775802
6	3.40286e18	72036854775803
7	3.40286e18	72036854775804
8	3.40286e18	72036854775805
9	3.40287e18	72036854775806
10	3.40287e18	72036854775807
select dtt1.cidx, dtt1.CFLOAT, dtt2.CBIGINT from datatypetestm1 dtt1, datatypetestm2 dtt2 where dtt1.cidx = dtt2.cidx and dtt1.CFLOAT < dtt2.CBIGINT ;
cidx	CFLOAT	CBIGINT
1	-3.40287e18	-72036854775806
2	-3.40287e18	-72036854775805
3	-3.40286e18	-72036854775804
4	-3.40286e18	-72036854775803
5	-3.40286e18	-72036854775802
select dtt1.cidx, dtt1.CFLOAT, dtt2.CBIGINT from datatypetestm1 dtt1, datatypetestm2 dtt2 where dtt1.cidx = dtt2.cidx and dtt1.CFLOAT <= dtt2.CBIGINT ;
cidx	CFLOAT	CBIGINT
1	-3.40287e18	-72036854775806
2	-3.40287e18	-72036854775805
3	-3.40286e18	-72036854775804
4	-3.40286e18	-72036854775803
5	-3.40286e18	-72036854775802
11	0	0
