USE autopilot;
select dtt1.cidx, dtt1.CLONGTEXT, dtt2.CCHAR6 from datatypetestm1 dtt1, datatypetestm2 dtt2 where dtt1.cidx = dtt2.cidx and dtt1.CLONGTEXT > dtt2.CCHAR6 ;
cidx	CLONGTEXT	CCHAR6
1	longtextlongtextlongtext	aaaaaa
2	longtextlongtextlongtext	f
3	longtextlongtextlongtext	ff
4	longtextlongtextlongtext	fff
5	longtextlongtextlongtext	ffff
select dtt1.cidx, dtt1.CLONGTEXT, dtt2.CCHAR6 from datatypetestm1 dtt1, datatypetestm2 dtt2 where dtt1.cidx = dtt2.cidx and dtt1.CLONGTEXT >= dtt2.CCHAR6 ;
cidx	CLONGTEXT	CCHAR6
1	longtextlongtextlongtext	aaaaaa
2	longtextlongtextlongtext	f
3	longtextlongtextlongtext	ff
4	longtextlongtextlongtext	fff
5	longtextlongtextlongtext	ffff
select dtt1.cidx, dtt1.CLONGTEXT, dtt2.CCHAR6 from datatypetestm1 dtt1, datatypetestm2 dtt2 where dtt1.cidx = dtt2.cidx and dtt1.CLONGTEXT <> dtt2.CCHAR6 ;
cidx	CLONGTEXT	CCHAR6
1	longtextlongtextlongtext	aaaaaa
2	longtextlongtextlongtext	f
3	longtextlongtextlongtext	ff
4	longtextlongtextlongtext	fff
5	longtextlongtextlongtext	ffff
6	longtextlongtextlongtext	uuuuuu
7	longtextlongtextlongtext	uuuuuu
8	longtextlongtextlongtext	uuuuuu
9	longtextlongtextlongtext	uuuuuu
10	longtextlongtextlongtext	zzzzzz
select dtt1.cidx, dtt1.CLONGTEXT, dtt2.CCHAR6 from datatypetestm1 dtt1, datatypetestm2 dtt2 where dtt1.cidx = dtt2.cidx and dtt1.CLONGTEXT < dtt2.CCHAR6 ;
cidx	CLONGTEXT	CCHAR6
6	longtextlongtextlongtext	uuuuuu
7	longtextlongtextlongtext	uuuuuu
8	longtextlongtextlongtext	uuuuuu
9	longtextlongtextlongtext	uuuuuu
10	longtextlongtextlongtext	zzzzzz
select dtt1.cidx, dtt1.CLONGTEXT, dtt2.CCHAR6 from datatypetestm1 dtt1, datatypetestm2 dtt2 where dtt1.cidx = dtt2.cidx and dtt1.CLONGTEXT <= dtt2.CCHAR6 ;
cidx	CLONGTEXT	CCHAR6
6	longtextlongtextlongtext	uuuuuu
7	longtextlongtextlongtext	uuuuuu
8	longtextlongtextlongtext	uuuuuu
9	longtextlongtextlongtext	uuuuuu
10	longtextlongtextlongtext	zzzzzz
