USE autopilot;
select dtt1.cidx, dtt1.CDECIMAL5, dtt2.CCHAR6 from datatypetestm1 dtt1, datatypetestm2 dtt2 where dtt1.cidx = dtt2.cidx and dtt1.CDECIMAL5 > dtt2.CCHAR6 ;
cidx	CDECIMAL5	CCHAR6
6	995	uuuuuu
7	996	uuuuuu
8	997	uuuuuu
9	998	uuuuuu
10	999	zzzzzz
select dtt1.cidx, dtt1.CDECIMAL5, dtt2.CCHAR6 from datatypetestm1 dtt1, datatypetestm2 dtt2 where dtt1.cidx = dtt2.cidx and dtt1.CDECIMAL5 >= dtt2.CCHAR6 ;
cidx	CDECIMAL5	CCHAR6
6	995	uuuuuu
7	996	uuuuuu
8	997	uuuuuu
9	998	uuuuuu
10	999	zzzzzz
select dtt1.cidx, dtt1.CDECIMAL5, dtt2.CCHAR6 from datatypetestm1 dtt1, datatypetestm2 dtt2 where dtt1.cidx = dtt2.cidx and dtt1.CDECIMAL5 <> dtt2.CCHAR6 ;
cidx	CDECIMAL5	CCHAR6
1	-999	aaaaaa
2	-998	f
3	-997	ff
4	-996	fff
5	-995	ffff
6	995	uuuuuu
7	996	uuuuuu
8	997	uuuuuu
9	998	uuuuuu
10	999	zzzzzz
select dtt1.cidx, dtt1.CDECIMAL5, dtt2.CCHAR6 from datatypetestm1 dtt1, datatypetestm2 dtt2 where dtt1.cidx = dtt2.cidx and dtt1.CDECIMAL5 < dtt2.CCHAR6 ;
cidx	CDECIMAL5	CCHAR6
1	-999	aaaaaa
2	-998	f
3	-997	ff
4	-996	fff
5	-995	ffff
select dtt1.cidx, dtt1.CDECIMAL5, dtt2.CCHAR6 from datatypetestm1 dtt1, datatypetestm2 dtt2 where dtt1.cidx = dtt2.cidx and dtt1.CDECIMAL5 <= dtt2.CCHAR6 ;
cidx	CDECIMAL5	CCHAR6
1	-999	aaaaaa
2	-998	f
3	-997	ff
4	-996	fff
5	-995	ffff
