USE autopilot;
select dtt1.cidx, dtt1.CDECIMAL1, dtt2.CDECIMAL9 from datatypetestm1 dtt1, datatypetestm2 dtt2 where dtt1.cidx = dtt2.cidx and dtt1.CDECIMAL1 > dtt2.CDECIMAL9 ;
cidx	CDECIMAL1	CDECIMAL9
1	-9	-999999
2	-8	-999998
3	-7	-999997
4	-6	-999996
5	-5	-999995
select dtt1.cidx, dtt1.CDECIMAL1, dtt2.CDECIMAL9 from datatypetestm1 dtt1, datatypetestm2 dtt2 where dtt1.cidx = dtt2.cidx and dtt1.CDECIMAL1 >= dtt2.CDECIMAL9 ;
cidx	CDECIMAL1	CDECIMAL9
1	-9	-999999
2	-8	-999998
3	-7	-999997
4	-6	-999996
5	-5	-999995
11	0	0
select dtt1.cidx, dtt1.CDECIMAL1, dtt2.CDECIMAL9 from datatypetestm1 dtt1, datatypetestm2 dtt2 where dtt1.cidx = dtt2.cidx and dtt1.CDECIMAL1 <> dtt2.CDECIMAL9 ;
cidx	CDECIMAL1	CDECIMAL9
1	-9	-999999
2	-8	-999998
3	-7	-999997
4	-6	-999996
5	-5	-999995
6	5	999995
7	6	999996
8	7	999997
9	8	999998
10	9	999999
select dtt1.cidx, dtt1.CDECIMAL1, dtt2.CDECIMAL9 from datatypetestm1 dtt1, datatypetestm2 dtt2 where dtt1.cidx = dtt2.cidx and dtt1.CDECIMAL1 < dtt2.CDECIMAL9 ;
cidx	CDECIMAL1	CDECIMAL9
6	5	999995
7	6	999996
8	7	999997
9	8	999998
10	9	999999
select dtt1.cidx, dtt1.CDECIMAL1, dtt2.CDECIMAL9 from datatypetestm1 dtt1, datatypetestm2 dtt2 where dtt1.cidx = dtt2.cidx and dtt1.CDECIMAL1 <= dtt2.CDECIMAL9 ;
cidx	CDECIMAL1	CDECIMAL9
6	5	999995
7	6	999996
8	7	999997
9	8	999998
10	9	999999
11	0	0
