USE autopilot;
select dtt1.cidx, dtt1.CTINYTEXT, dtt2.CCHAR255 from datatypetestm1 dtt1, datatypetestm2 dtt2 where dtt1.cidx = dtt2.cidx and dtt1.CTINYTEXT > dtt2.CCHAR255 ;
cidx	CTINYTEXT	CCHAR255
1	tinytext	aaaaaaaaaa
2	tinytext	j
3	tinytext	jj
4	tinytext	jjj
5	tinytext	jjjj
6	tinytext	qqqqqqq
7	tinytext	qqqqqqqq
8	tinytext	qqqqqqqqq
9	tinytext	qqqqqqqqqq
select dtt1.cidx, dtt1.CTINYTEXT, dtt2.CCHAR255 from datatypetestm1 dtt1, datatypetestm2 dtt2 where dtt1.cidx = dtt2.cidx and dtt1.CTINYTEXT >= dtt2.CCHAR255 ;
cidx	CTINYTEXT	CCHAR255
1	tinytext	aaaaaaaaaa
2	tinytext	j
3	tinytext	jj
4	tinytext	jjj
5	tinytext	jjjj
6	tinytext	qqqqqqq
7	tinytext	qqqqqqqq
8	tinytext	qqqqqqqqq
9	tinytext	qqqqqqqqqq
select dtt1.cidx, dtt1.CTINYTEXT, dtt2.CCHAR255 from datatypetestm1 dtt1, datatypetestm2 dtt2 where dtt1.cidx = dtt2.cidx and dtt1.CTINYTEXT <> dtt2.CCHAR255 ;
cidx	CTINYTEXT	CCHAR255
1	tinytext	aaaaaaaaaa
2	tinytext	j
3	tinytext	jj
4	tinytext	jjj
5	tinytext	jjjj
6	tinytext	qqqqqqq
7	tinytext	qqqqqqqq
8	tinytext	qqqqqqqqq
9	tinytext	qqqqqqqqqq
10	tinytext	zzzzzzzzzz
select dtt1.cidx, dtt1.CTINYTEXT, dtt2.CCHAR255 from datatypetestm1 dtt1, datatypetestm2 dtt2 where dtt1.cidx = dtt2.cidx and dtt1.CTINYTEXT < dtt2.CCHAR255 ;
cidx	CTINYTEXT	CCHAR255
10	tinytext	zzzzzzzzzz
select dtt1.cidx, dtt1.CTINYTEXT, dtt2.CCHAR255 from datatypetestm1 dtt1, datatypetestm2 dtt2 where dtt1.cidx = dtt2.cidx and dtt1.CTINYTEXT <= dtt2.CCHAR255 ;
cidx	CTINYTEXT	CCHAR255
10	tinytext	zzzzzzzzzz
