USE autopilot;
select dtt1.cidx, dtt1.CFLOAT, dtt2.CDECIMAL10 from datatypetestm1 dtt1, datatypetestm2 dtt2 where dtt1.cidx = dtt2.cidx and dtt1.CFLOAT > dtt2.CDECIMAL10 ;
cidx	CFLOAT	CDECIMAL10
6	3.40286e18	9999995
7	3.40286e18	9999996
8	3.40286e18	9999997
9	3.40287e18	9999998
10	3.40287e18	9999999
select dtt1.cidx, dtt1.CFLOAT, dtt2.CDECIMAL10 from datatypetestm1 dtt1, datatypetestm2 dtt2 where dtt1.cidx = dtt2.cidx and dtt1.CFLOAT >= dtt2.CDECIMAL10 ;
cidx	CFLOAT	CDECIMAL10
6	3.40286e18	9999995
7	3.40286e18	9999996
8	3.40286e18	9999997
9	3.40287e18	9999998
10	3.40287e18	9999999
11	0	0
select dtt1.cidx, dtt1.CFLOAT, dtt2.CDECIMAL10 from datatypetestm1 dtt1, datatypetestm2 dtt2 where dtt1.cidx = dtt2.cidx and dtt1.CFLOAT <> dtt2.CDECIMAL10 ;
cidx	CFLOAT	CDECIMAL10
1	-3.40287e18	-9999999
2	-3.40287e18	-9999998
3	-3.40286e18	-9999997
4	-3.40286e18	-9999996
5	-3.40286e18	-9999995
6	3.40286e18	9999995
7	3.40286e18	9999996
8	3.40286e18	9999997
9	3.40287e18	9999998
10	3.40287e18	9999999
select dtt1.cidx, dtt1.CFLOAT, dtt2.CDECIMAL10 from datatypetestm1 dtt1, datatypetestm2 dtt2 where dtt1.cidx = dtt2.cidx and dtt1.CFLOAT < dtt2.CDECIMAL10 ;
cidx	CFLOAT	CDECIMAL10
1	-3.40287e18	-9999999
2	-3.40287e18	-9999998
3	-3.40286e18	-9999997
4	-3.40286e18	-9999996
5	-3.40286e18	-9999995
select dtt1.cidx, dtt1.CFLOAT, dtt2.CDECIMAL10 from datatypetestm1 dtt1, datatypetestm2 dtt2 where dtt1.cidx = dtt2.cidx and dtt1.CFLOAT <= dtt2.CDECIMAL10 ;
cidx	CFLOAT	CDECIMAL10
1	-3.40287e18	-9999999
2	-3.40287e18	-9999998
3	-3.40286e18	-9999997
4	-3.40286e18	-9999996
5	-3.40286e18	-9999995
11	0	0
