USE autopilot;
select dtt1.cidx, dtt1.CTEXT, dtt2.CDECIMAL1 from datatypetestm1 dtt1, datatypetestm2 dtt2 where dtt1.cidx = dtt2.cidx and dtt1.CTEXT > dtt2.CDECIMAL1 ;
cidx	CTEXT	CDECIMAL1
1	texttexttext	-9
2	texttexttext	-8
3	texttexttext	-7
4	texttexttext	-6
5	texttexttext	-5
select dtt1.cidx, dtt1.CTEXT, dtt2.CDECIMAL1 from datatypetestm1 dtt1, datatypetestm2 dtt2 where dtt1.cidx = dtt2.cidx and dtt1.CTEXT >= dtt2.CDECIMAL1 ;
cidx	CTEXT	CDECIMAL1
1	texttexttext	-9
2	texttexttext	-8
3	texttexttext	-7
4	texttexttext	-6
5	texttexttext	-5
select dtt1.cidx, dtt1.CTEXT, dtt2.CDECIMAL1 from datatypetestm1 dtt1, datatypetestm2 dtt2 where dtt1.cidx = dtt2.cidx and dtt1.CTEXT <> dtt2.CDECIMAL1 ;
cidx	CTEXT	CDECIMAL1
1	texttexttext	-9
2	texttexttext	-8
3	texttexttext	-7
4	texttexttext	-6
5	texttexttext	-5
6	texttexttext	5
7	texttexttext	6
8	texttexttext	7
9	texttexttext	8
10	texttexttext	9
select dtt1.cidx, dtt1.CTEXT, dtt2.CDECIMAL1 from datatypetestm1 dtt1, datatypetestm2 dtt2 where dtt1.cidx = dtt2.cidx and dtt1.CTEXT < dtt2.CDECIMAL1 ;
cidx	CTEXT	CDECIMAL1
6	texttexttext	5
7	texttexttext	6
8	texttexttext	7
9	texttexttext	8
10	texttexttext	9
select dtt1.cidx, dtt1.CTEXT, dtt2.CDECIMAL1 from datatypetestm1 dtt1, datatypetestm2 dtt2 where dtt1.cidx = dtt2.cidx and dtt1.CTEXT <= dtt2.CDECIMAL1 ;
cidx	CTEXT	CDECIMAL1
6	texttexttext	5
7	texttexttext	6
8	texttexttext	7
9	texttexttext	8
10	texttexttext	9
