USE autopilot;
select dtt1.cidx, dtt1.CTINYTEXT, dtt2.CDECIMAL18 from datatypetestm1 dtt1, datatypetestm2 dtt2 where dtt1.cidx = dtt2.cidx and dtt1.CTINYTEXT > dtt2.CDECIMAL18 ;
cidx	CTINYTEXT	CDECIMAL18
1	tinytext	-9999999999999
2	tinytext	-9999999999998
3	tinytext	-9999999999997
4	tinytext	-9999999999996
5	tinytext	-9999999999995
select dtt1.cidx, dtt1.CTINYTEXT, dtt2.CDECIMAL18 from datatypetestm1 dtt1, datatypetestm2 dtt2 where dtt1.cidx = dtt2.cidx and dtt1.CTINYTEXT >= dtt2.CDECIMAL18 ;
cidx	CTINYTEXT	CDECIMAL18
1	tinytext	-9999999999999
2	tinytext	-9999999999998
3	tinytext	-9999999999997
4	tinytext	-9999999999996
5	tinytext	-9999999999995
select dtt1.cidx, dtt1.CTINYTEXT, dtt2.CDECIMAL18 from datatypetestm1 dtt1, datatypetestm2 dtt2 where dtt1.cidx = dtt2.cidx and dtt1.CTINYTEXT <> dtt2.CDECIMAL18 ;
cidx	CTINYTEXT	CDECIMAL18
1	tinytext	-9999999999999
2	tinytext	-9999999999998
3	tinytext	-9999999999997
4	tinytext	-9999999999996
5	tinytext	-9999999999995
6	tinytext	9999999999995
7	tinytext	9999999999996
8	tinytext	9999999999997
9	tinytext	9999999999998
10	tinytext	9999999999999
select dtt1.cidx, dtt1.CTINYTEXT, dtt2.CDECIMAL18 from datatypetestm1 dtt1, datatypetestm2 dtt2 where dtt1.cidx = dtt2.cidx and dtt1.CTINYTEXT < dtt2.CDECIMAL18 ;
cidx	CTINYTEXT	CDECIMAL18
6	tinytext	9999999999995
7	tinytext	9999999999996
8	tinytext	9999999999997
9	tinytext	9999999999998
10	tinytext	9999999999999
select dtt1.cidx, dtt1.CTINYTEXT, dtt2.CDECIMAL18 from datatypetestm1 dtt1, datatypetestm2 dtt2 where dtt1.cidx = dtt2.cidx and dtt1.CTINYTEXT <= dtt2.CDECIMAL18 ;
cidx	CTINYTEXT	CDECIMAL18
6	tinytext	9999999999995
7	tinytext	9999999999996
8	tinytext	9999999999997
9	tinytext	9999999999998
10	tinytext	9999999999999
