USE autopilot;
select dtt1.cidx, dtt1.CDECIMAL18, dtt2.CTINYTEXT from datatypetestm1 dtt1, datatypetestm2 dtt2 where dtt1.cidx = dtt2.cidx and dtt1.CDECIMAL18 > dtt2.CTINYTEXT ;
cidx	CDECIMAL18	CTINYTEXT
6	9999999999995	tinytext
7	9999999999996	tinytext
8	9999999999997	tinytext
9	9999999999998	tinytext
10	9999999999999	tinytext
select dtt1.cidx, dtt1.CDECIMAL18, dtt2.CTINYTEXT from datatypetestm1 dtt1, datatypetestm2 dtt2 where dtt1.cidx = dtt2.cidx and dtt1.CDECIMAL18 >= dtt2.CTINYTEXT ;
cidx	CDECIMAL18	CTINYTEXT
6	9999999999995	tinytext
7	9999999999996	tinytext
8	9999999999997	tinytext
9	9999999999998	tinytext
10	9999999999999	tinytext
select dtt1.cidx, dtt1.CDECIMAL18, dtt2.CTINYTEXT from datatypetestm1 dtt1, datatypetestm2 dtt2 where dtt1.cidx = dtt2.cidx and dtt1.CDECIMAL18 <> dtt2.CTINYTEXT ;
cidx	CDECIMAL18	CTINYTEXT
1	-9999999999999	tinytext
2	-9999999999998	tinytext
3	-9999999999997	tinytext
4	-9999999999996	tinytext
5	-9999999999995	tinytext
6	9999999999995	tinytext
7	9999999999996	tinytext
8	9999999999997	tinytext
9	9999999999998	tinytext
10	9999999999999	tinytext
select dtt1.cidx, dtt1.CDECIMAL18, dtt2.CTINYTEXT from datatypetestm1 dtt1, datatypetestm2 dtt2 where dtt1.cidx = dtt2.cidx and dtt1.CDECIMAL18 < dtt2.CTINYTEXT ;
cidx	CDECIMAL18	CTINYTEXT
1	-9999999999999	tinytext
2	-9999999999998	tinytext
3	-9999999999997	tinytext
4	-9999999999996	tinytext
5	-9999999999995	tinytext
select dtt1.cidx, dtt1.CDECIMAL18, dtt2.CTINYTEXT from datatypetestm1 dtt1, datatypetestm2 dtt2 where dtt1.cidx = dtt2.cidx and dtt1.CDECIMAL18 <= dtt2.CTINYTEXT ;
cidx	CDECIMAL18	CTINYTEXT
1	-9999999999999	tinytext
2	-9999999999998	tinytext
3	-9999999999997	tinytext
4	-9999999999996	tinytext
5	-9999999999995	tinytext
