USE autopilot;
select dtt1.cidx, dtt1.CTEXT, dtt2.CINTEGER from datatypetestm1 dtt1, datatypetestm2 dtt2 where dtt1.cidx = dtt2.cidx and dtt1.CTEXT > dtt2.CINTEGER ;
cidx	CTEXT	CINTEGER
1	texttexttext	-7483646
2	texttexttext	-7483645
3	texttexttext	-7483644
4	texttexttext	-7483643
5	texttexttext	-7483642
select dtt1.cidx, dtt1.CTEXT, dtt2.CINTEGER from datatypetestm1 dtt1, datatypetestm2 dtt2 where dtt1.cidx = dtt2.cidx and dtt1.CTEXT >= dtt2.CINTEGER ;
cidx	CTEXT	CINTEGER
1	texttexttext	-7483646
2	texttexttext	-7483645
3	texttexttext	-7483644
4	texttexttext	-7483643
5	texttexttext	-7483642
select dtt1.cidx, dtt1.CTEXT, dtt2.CINTEGER from datatypetestm1 dtt1, datatypetestm2 dtt2 where dtt1.cidx = dtt2.cidx and dtt1.CTEXT <> dtt2.CINTEGER ;
cidx	CTEXT	CINTEGER
1	texttexttext	-7483646
2	texttexttext	-7483645
3	texttexttext	-7483644
4	texttexttext	-7483643
5	texttexttext	-7483642
6	texttexttext	7483643
7	texttexttext	7483644
8	texttexttext	7483645
9	texttexttext	7483646
10	texttexttext	7483647
select dtt1.cidx, dtt1.CTEXT, dtt2.CINTEGER from datatypetestm1 dtt1, datatypetestm2 dtt2 where dtt1.cidx = dtt2.cidx and dtt1.CTEXT < dtt2.CINTEGER ;
cidx	CTEXT	CINTEGER
6	texttexttext	7483643
7	texttexttext	7483644
8	texttexttext	7483645
9	texttexttext	7483646
10	texttexttext	7483647
select dtt1.cidx, dtt1.CTEXT, dtt2.CINTEGER from datatypetestm1 dtt1, datatypetestm2 dtt2 where dtt1.cidx = dtt2.cidx and dtt1.CTEXT <= dtt2.CINTEGER ;
cidx	CTEXT	CINTEGER
6	texttexttext	7483643
7	texttexttext	7483644
8	texttexttext	7483645
9	texttexttext	7483646
10	texttexttext	7483647
