USE autopilot;
select dtt1.cidx, dtt1.CDECIMAL9_2, dtt2.CVCHAR7 from datatypetestm1 dtt1, datatypetestm2 dtt2 where dtt1.cidx = dtt2.cidx and dtt1.CDECIMAL9_2 > dtt2.CVCHAR7 ;
cidx	CDECIMAL9_2	CVCHAR7
6	9999.95	ttttttt
7	9999.96	ttttttt
8	9999.97	ttttttt
9	9999.98	ttttttt
10	9999.99	zzzzzzz
select dtt1.cidx, dtt1.CDECIMAL9_2, dtt2.CVCHAR7 from datatypetestm1 dtt1, datatypetestm2 dtt2 where dtt1.cidx = dtt2.cidx and dtt1.CDECIMAL9_2 >= dtt2.CVCHAR7 ;
cidx	CDECIMAL9_2	CVCHAR7
6	9999.95	ttttttt
7	9999.96	ttttttt
8	9999.97	ttttttt
9	9999.98	ttttttt
10	9999.99	zzzzzzz
select dtt1.cidx, dtt1.CDECIMAL9_2, dtt2.CVCHAR7 from datatypetestm1 dtt1, datatypetestm2 dtt2 where dtt1.cidx = dtt2.cidx and dtt1.CDECIMAL9_2 <> dtt2.CVCHAR7 ;
cidx	CDECIMAL9_2	CVCHAR7
1	-9999.99	aaaaaaa
2	-9999.98	g
3	-9999.97	gg
4	-9999.96	ggg
5	-9999.95	gggg
6	9999.95	ttttttt
7	9999.96	ttttttt
8	9999.97	ttttttt
9	9999.98	ttttttt
10	9999.99	zzzzzzz
select dtt1.cidx, dtt1.CDECIMAL9_2, dtt2.CVCHAR7 from datatypetestm1 dtt1, datatypetestm2 dtt2 where dtt1.cidx = dtt2.cidx and dtt1.CDECIMAL9_2 < dtt2.CVCHAR7 ;
cidx	CDECIMAL9_2	CVCHAR7
1	-9999.99	aaaaaaa
2	-9999.98	g
3	-9999.97	gg
4	-9999.96	ggg
5	-9999.95	gggg
select dtt1.cidx, dtt1.CDECIMAL9_2, dtt2.CVCHAR7 from datatypetestm1 dtt1, datatypetestm2 dtt2 where dtt1.cidx = dtt2.cidx and dtt1.CDECIMAL9_2 <= dtt2.CVCHAR7 ;
cidx	CDECIMAL9_2	CVCHAR7
1	-9999.99	aaaaaaa
2	-9999.98	g
3	-9999.97	gg
4	-9999.96	ggg
5	-9999.95	gggg
