USE autopilot;
select dtt1.cidx, dtt1.CDECIMAL10, dtt2.CVCHAR7 from datatypetestm1 dtt1, datatypetestm2 dtt2 where dtt1.cidx = dtt2.cidx and dtt1.CDECIMAL10 > dtt2.CVCHAR7 ;
cidx	CDECIMAL10	CVCHAR7
6	9999995	ttttttt
7	9999996	ttttttt
8	9999997	ttttttt
9	9999998	ttttttt
10	9999999	zzzzzzz
select dtt1.cidx, dtt1.CDECIMAL10, dtt2.CVCHAR7 from datatypetestm1 dtt1, datatypetestm2 dtt2 where dtt1.cidx = dtt2.cidx and dtt1.CDECIMAL10 >= dtt2.CVCHAR7 ;
cidx	CDECIMAL10	CVCHAR7
6	9999995	ttttttt
7	9999996	ttttttt
8	9999997	ttttttt
9	9999998	ttttttt
10	9999999	zzzzzzz
select dtt1.cidx, dtt1.CDECIMAL10, dtt2.CVCHAR7 from datatypetestm1 dtt1, datatypetestm2 dtt2 where dtt1.cidx = dtt2.cidx and dtt1.CDECIMAL10 <> dtt2.CVCHAR7 ;
cidx	CDECIMAL10	CVCHAR7
1	-9999999	aaaaaaa
2	-9999998	g
3	-9999997	gg
4	-9999996	ggg
5	-9999995	gggg
6	9999995	ttttttt
7	9999996	ttttttt
8	9999997	ttttttt
9	9999998	ttttttt
10	9999999	zzzzzzz
select dtt1.cidx, dtt1.CDECIMAL10, dtt2.CVCHAR7 from datatypetestm1 dtt1, datatypetestm2 dtt2 where dtt1.cidx = dtt2.cidx and dtt1.CDECIMAL10 < dtt2.CVCHAR7 ;
cidx	CDECIMAL10	CVCHAR7
1	-9999999	aaaaaaa
2	-9999998	g
3	-9999997	gg
4	-9999996	ggg
5	-9999995	gggg
select dtt1.cidx, dtt1.CDECIMAL10, dtt2.CVCHAR7 from datatypetestm1 dtt1, datatypetestm2 dtt2 where dtt1.cidx = dtt2.cidx and dtt1.CDECIMAL10 <= dtt2.CVCHAR7 ;
cidx	CDECIMAL10	CVCHAR7
1	-9999999	aaaaaaa
2	-9999998	g
3	-9999997	gg
4	-9999996	ggg
5	-9999995	gggg
