USE autopilot;
select dtt1.cidx, dtt1.CTINYINT, dtt2.CBIGINT from datatypetestm1 dtt1, datatypetestm2 dtt2 where dtt1.cidx = dtt2.cidx and dtt1.CTINYINT > dtt2.CBIGINT ;
cidx	CTINYINT	CBIGINT
1	-26	-72036854775806
2	-25	-72036854775805
3	-24	-72036854775804
4	-23	-72036854775803
5	-22	-72036854775802
select dtt1.cidx, dtt1.CTINYINT, dtt2.CBIGINT from datatypetestm1 dtt1, datatypetestm2 dtt2 where dtt1.cidx = dtt2.cidx and dtt1.CTINYINT >= dtt2.CBIGINT ;
cidx	CTINYINT	CBIGINT
1	-26	-72036854775806
2	-25	-72036854775805
3	-24	-72036854775804
4	-23	-72036854775803
5	-22	-72036854775802
11	0	0
select dtt1.cidx, dtt1.CTINYINT, dtt2.CBIGINT from datatypetestm1 dtt1, datatypetestm2 dtt2 where dtt1.cidx = dtt2.cidx and dtt1.CTINYINT <> dtt2.CBIGINT ;
cidx	CTINYINT	CBIGINT
1	-26	-72036854775806
2	-25	-72036854775805
3	-24	-72036854775804
4	-23	-72036854775803
5	-22	-72036854775802
6	23	72036854775803
7	24	72036854775804
8	25	72036854775805
9	26	72036854775806
10	27	72036854775807
select dtt1.cidx, dtt1.CTINYINT, dtt2.CBIGINT from datatypetestm1 dtt1, datatypetestm2 dtt2 where dtt1.cidx = dtt2.cidx and dtt1.CTINYINT < dtt2.CBIGINT ;
cidx	CTINYINT	CBIGINT
6	23	72036854775803
7	24	72036854775804
8	25	72036854775805
9	26	72036854775806
10	27	72036854775807
select dtt1.cidx, dtt1.CTINYINT, dtt2.CBIGINT from datatypetestm1 dtt1, datatypetestm2 dtt2 where dtt1.cidx = dtt2.cidx and dtt1.CTINYINT <= dtt2.CBIGINT ;
cidx	CTINYINT	CBIGINT
6	23	72036854775803
7	24	72036854775804
8	25	72036854775805
9	26	72036854775806
10	27	72036854775807
11	0	0
