USE autopilot;
select dtt1.cidx, dtt1.CDECIMAL9, dtt2.CDOUBLE from datatypetestm1 dtt1, datatypetestm2 dtt2 where dtt1.cidx = dtt2.cidx and dtt1.CDECIMAL9 > dtt2.CDOUBLE ;
cidx	CDECIMAL9	CDOUBLE
1	-999999	-1.797693231e108
2	-999998	-1.79769323e108
3	-999997	-1.797693229e108
4	-999996	-1.797693228e108
5	-999995	-1.797693227e108
select dtt1.cidx, dtt1.CDECIMAL9, dtt2.CDOUBLE from datatypetestm1 dtt1, datatypetestm2 dtt2 where dtt1.cidx = dtt2.cidx and dtt1.CDECIMAL9 >= dtt2.CDOUBLE ;
cidx	CDECIMAL9	CDOUBLE
1	-999999	-1.797693231e108
2	-999998	-1.79769323e108
3	-999997	-1.797693229e108
4	-999996	-1.797693228e108
5	-999995	-1.797693227e108
11	0	0
select dtt1.cidx, dtt1.CDECIMAL9, dtt2.CDOUBLE from datatypetestm1 dtt1, datatypetestm2 dtt2 where dtt1.cidx = dtt2.cidx and dtt1.CDECIMAL9 <> dtt2.CDOUBLE ;
cidx	CDECIMAL9	CDOUBLE
1	-999999	-1.797693231e108
2	-999998	-1.79769323e108
3	-999997	-1.797693229e108
4	-999996	-1.797693228e108
5	-999995	-1.797693227e108
6	999995	1.797693227e108
7	999996	1.797693228e108
8	999997	1.797693229e108
9	999998	1.79769323e108
10	999999	1.797693231e108
select dtt1.cidx, dtt1.CDECIMAL9, dtt2.CDOUBLE from datatypetestm1 dtt1, datatypetestm2 dtt2 where dtt1.cidx = dtt2.cidx and dtt1.CDECIMAL9 < dtt2.CDOUBLE ;
cidx	CDECIMAL9	CDOUBLE
6	999995	1.797693227e108
7	999996	1.797693228e108
8	999997	1.797693229e108
9	999998	1.79769323e108
10	999999	1.797693231e108
select dtt1.cidx, dtt1.CDECIMAL9, dtt2.CDOUBLE from datatypetestm1 dtt1, datatypetestm2 dtt2 where dtt1.cidx = dtt2.cidx and dtt1.CDECIMAL9 <= dtt2.CDOUBLE ;
cidx	CDECIMAL9	CDOUBLE
6	999995	1.797693227e108
7	999996	1.797693228e108
8	999997	1.797693229e108
9	999998	1.79769323e108
10	999999	1.797693231e108
11	0	0
