USE autopilot;
select dtt1.cidx, dtt1.CMEDIUMINT, dtt2.CCHAR1 from datatypetestm1 dtt1, datatypetestm2 dtt2 where dtt1.cidx = dtt2.cidx and dtt1.CMEDIUMINT > dtt2.CCHAR1 ;
cidx	CMEDIUMINT	CCHAR1
1	1000	a
2	1000	a
3	1000	a
4	1000	a
5	1000	a
6	1000	z
7	1000	z
8	1000	z
9	1000	z
10	1000	z
select dtt1.cidx, dtt1.CMEDIUMINT, dtt2.CCHAR1 from datatypetestm1 dtt1, datatypetestm2 dtt2 where dtt1.cidx = dtt2.cidx and dtt1.CMEDIUMINT >= dtt2.CCHAR1 ;
cidx	CMEDIUMINT	CCHAR1
1	1000	a
2	1000	a
3	1000	a
4	1000	a
5	1000	a
6	1000	z
7	1000	z
8	1000	z
9	1000	z
10	1000	z
select dtt1.cidx, dtt1.CMEDIUMINT, dtt2.CCHAR1 from datatypetestm1 dtt1, datatypetestm2 dtt2 where dtt1.cidx = dtt2.cidx and dtt1.CMEDIUMINT <> dtt2.CCHAR1 ;
cidx	CMEDIUMINT	CCHAR1
1	1000	a
2	1000	a
3	1000	a
4	1000	a
5	1000	a
6	1000	z
7	1000	z
8	1000	z
9	1000	z
10	1000	z
select dtt1.cidx, dtt1.CMEDIUMINT, dtt2.CCHAR1 from datatypetestm1 dtt1, datatypetestm2 dtt2 where dtt1.cidx = dtt2.cidx and dtt1.CMEDIUMINT < dtt2.CCHAR1 ;
cidx	CMEDIUMINT	CCHAR1
select dtt1.cidx, dtt1.CMEDIUMINT, dtt2.CCHAR1 from datatypetestm1 dtt1, datatypetestm2 dtt2 where dtt1.cidx = dtt2.cidx and dtt1.CMEDIUMINT <= dtt2.CCHAR1 ;
cidx	CMEDIUMINT	CCHAR1
