USE autopilot;
select dtt1.cidx, dtt1.CVCHAR2, dtt2.CCHAR9 from datatypetestm1 dtt1, datatypetestm2 dtt2 where dtt1.cidx = dtt2.cidx and dtt1.CVCHAR2 > dtt2.CCHAR9 ;
cidx	CVCHAR2	CCHAR9
6	yy	rrrrrrr
7	yy	rrrrrrrr
8	yy	rrrrrrrrr
9	yy	rrrrrrrrr
select dtt1.cidx, dtt1.CVCHAR2, dtt2.CCHAR9 from datatypetestm1 dtt1, datatypetestm2 dtt2 where dtt1.cidx = dtt2.cidx and dtt1.CVCHAR2 >= dtt2.CCHAR9 ;
cidx	CVCHAR2	CCHAR9
6	yy	rrrrrrr
7	yy	rrrrrrrr
8	yy	rrrrrrrrr
9	yy	rrrrrrrrr
select dtt1.cidx, dtt1.CVCHAR2, dtt2.CCHAR9 from datatypetestm1 dtt1, datatypetestm2 dtt2 where dtt1.cidx = dtt2.cidx and dtt1.CVCHAR2 <> dtt2.CCHAR9 ;
cidx	CVCHAR2	CCHAR9
1	aa	aaaaaaaaa
2	b	i
3	bb	ii
4	bb	iii
5	bb	iiii
6	yy	rrrrrrr
7	yy	rrrrrrrr
8	yy	rrrrrrrrr
9	yy	rrrrrrrrr
10	zz	zzzzzzzzz
select dtt1.cidx, dtt1.CVCHAR2, dtt2.CCHAR9 from datatypetestm1 dtt1, datatypetestm2 dtt2 where dtt1.cidx = dtt2.cidx and dtt1.CVCHAR2 < dtt2.CCHAR9 ;
cidx	CVCHAR2	CCHAR9
1	aa	aaaaaaaaa
2	b	i
3	bb	ii
4	bb	iii
5	bb	iiii
10	zz	zzzzzzzzz
select dtt1.cidx, dtt1.CVCHAR2, dtt2.CCHAR9 from datatypetestm1 dtt1, datatypetestm2 dtt2 where dtt1.cidx = dtt2.cidx and dtt1.CVCHAR2 <= dtt2.CCHAR9 ;
cidx	CVCHAR2	CCHAR9
1	aa	aaaaaaaaa
2	b	i
3	bb	ii
4	bb	iii
5	bb	iiii
10	zz	zzzzzzzzz
