USE autopilot;
select dtt1.cidx, dtt1.CMEDIUMINT, dtt2.CDECIMAL18_2 from datatypetestm1 dtt1, datatypetestm2 dtt2 where dtt1.cidx = dtt2.cidx and dtt1.CMEDIUMINT > dtt2.CDECIMAL18_2 ;
cidx	CMEDIUMINT	CDECIMAL18_2
1	1000	-99999999999.99
2	1000	-99999999999.98
3	1000	-99999999999.97
4	1000	-99999999999.96
5	1000	-99999999999.95
select dtt1.cidx, dtt1.CMEDIUMINT, dtt2.CDECIMAL18_2 from datatypetestm1 dtt1, datatypetestm2 dtt2 where dtt1.cidx = dtt2.cidx and dtt1.CMEDIUMINT >= dtt2.CDECIMAL18_2 ;
cidx	CMEDIUMINT	CDECIMAL18_2
1	1000	-99999999999.99
2	1000	-99999999999.98
3	1000	-99999999999.97
4	1000	-99999999999.96
5	1000	-99999999999.95
select dtt1.cidx, dtt1.CMEDIUMINT, dtt2.CDECIMAL18_2 from datatypetestm1 dtt1, datatypetestm2 dtt2 where dtt1.cidx = dtt2.cidx and dtt1.CMEDIUMINT <> dtt2.CDECIMAL18_2 ;
cidx	CMEDIUMINT	CDECIMAL18_2
1	1000	-99999999999.99
2	1000	-99999999999.98
3	1000	-99999999999.97
4	1000	-99999999999.96
5	1000	-99999999999.95
6	1000	99999999999.95
7	1000	99999999999.96
8	1000	99999999999.97
9	1000	99999999999.98
10	1000	99999999999.99
select dtt1.cidx, dtt1.CMEDIUMINT, dtt2.CDECIMAL18_2 from datatypetestm1 dtt1, datatypetestm2 dtt2 where dtt1.cidx = dtt2.cidx and dtt1.CMEDIUMINT < dtt2.CDECIMAL18_2 ;
cidx	CMEDIUMINT	CDECIMAL18_2
6	1000	99999999999.95
7	1000	99999999999.96
8	1000	99999999999.97
9	1000	99999999999.98
10	1000	99999999999.99
select dtt1.cidx, dtt1.CMEDIUMINT, dtt2.CDECIMAL18_2 from datatypetestm1 dtt1, datatypetestm2 dtt2 where dtt1.cidx = dtt2.cidx and dtt1.CMEDIUMINT <= dtt2.CDECIMAL18_2 ;
cidx	CMEDIUMINT	CDECIMAL18_2
6	1000	99999999999.95
7	1000	99999999999.96
8	1000	99999999999.97
9	1000	99999999999.98
10	1000	99999999999.99
