USE autopilot;
select dtt1.cidx, dtt1.CDECIMAL9, dtt2.CDECIMAL18_2 from datatypetestm1 dtt1, datatypetestm2 dtt2 where dtt1.cidx = dtt2.cidx and dtt1.CDECIMAL9 > dtt2.CDECIMAL18_2 ;
cidx	CDECIMAL9	CDECIMAL18_2
1	-999999	-99999999999.99
2	-999998	-99999999999.98
3	-999997	-99999999999.97
4	-999996	-99999999999.96
5	-999995	-99999999999.95
select dtt1.cidx, dtt1.CDECIMAL9, dtt2.CDECIMAL18_2 from datatypetestm1 dtt1, datatypetestm2 dtt2 where dtt1.cidx = dtt2.cidx and dtt1.CDECIMAL9 >= dtt2.CDECIMAL18_2 ;
cidx	CDECIMAL9	CDECIMAL18_2
1	-999999	-99999999999.99
2	-999998	-99999999999.98
3	-999997	-99999999999.97
4	-999996	-99999999999.96
5	-999995	-99999999999.95
11	0	0.00
select dtt1.cidx, dtt1.CDECIMAL9, dtt2.CDECIMAL18_2 from datatypetestm1 dtt1, datatypetestm2 dtt2 where dtt1.cidx = dtt2.cidx and dtt1.CDECIMAL9 <> dtt2.CDECIMAL18_2 ;
cidx	CDECIMAL9	CDECIMAL18_2
1	-999999	-99999999999.99
2	-999998	-99999999999.98
3	-999997	-99999999999.97
4	-999996	-99999999999.96
5	-999995	-99999999999.95
6	999995	99999999999.95
7	999996	99999999999.96
8	999997	99999999999.97
9	999998	99999999999.98
10	999999	99999999999.99
select dtt1.cidx, dtt1.CDECIMAL9, dtt2.CDECIMAL18_2 from datatypetestm1 dtt1, datatypetestm2 dtt2 where dtt1.cidx = dtt2.cidx and dtt1.CDECIMAL9 < dtt2.CDECIMAL18_2 ;
cidx	CDECIMAL9	CDECIMAL18_2
6	999995	99999999999.95
7	999996	99999999999.96
8	999997	99999999999.97
9	999998	99999999999.98
10	999999	99999999999.99
select dtt1.cidx, dtt1.CDECIMAL9, dtt2.CDECIMAL18_2 from datatypetestm1 dtt1, datatypetestm2 dtt2 where dtt1.cidx = dtt2.cidx and dtt1.CDECIMAL9 <= dtt2.CDECIMAL18_2 ;
cidx	CDECIMAL9	CDECIMAL18_2
6	999995	99999999999.95
7	999996	99999999999.96
8	999997	99999999999.97
9	999998	99999999999.98
10	999999	99999999999.99
11	0	0.00
