USE autopilot;
select dtt1.cidx, dtt1.CDECIMAL1, dtt2.CVCHAR7 from datatypetestm1 dtt1, datatypetestm2 dtt2 where dtt1.cidx = dtt2.cidx and dtt1.CDECIMAL1 > dtt2.CVCHAR7 ;
cidx	CDECIMAL1	CVCHAR7
6	5	ttttttt
7	6	ttttttt
8	7	ttttttt
9	8	ttttttt
10	9	zzzzzzz
select dtt1.cidx, dtt1.CDECIMAL1, dtt2.CVCHAR7 from datatypetestm1 dtt1, datatypetestm2 dtt2 where dtt1.cidx = dtt2.cidx and dtt1.CDECIMAL1 >= dtt2.CVCHAR7 ;
cidx	CDECIMAL1	CVCHAR7
6	5	ttttttt
7	6	ttttttt
8	7	ttttttt
9	8	ttttttt
10	9	zzzzzzz
select dtt1.cidx, dtt1.CDECIMAL1, dtt2.CVCHAR7 from datatypetestm1 dtt1, datatypetestm2 dtt2 where dtt1.cidx = dtt2.cidx and dtt1.CDECIMAL1 <> dtt2.CVCHAR7 ;
cidx	CDECIMAL1	CVCHAR7
1	-9	aaaaaaa
2	-8	g
3	-7	gg
4	-6	ggg
5	-5	gggg
6	5	ttttttt
7	6	ttttttt
8	7	ttttttt
9	8	ttttttt
10	9	zzzzzzz
select dtt1.cidx, dtt1.CDECIMAL1, dtt2.CVCHAR7 from datatypetestm1 dtt1, datatypetestm2 dtt2 where dtt1.cidx = dtt2.cidx and dtt1.CDECIMAL1 < dtt2.CVCHAR7 ;
cidx	CDECIMAL1	CVCHAR7
1	-9	aaaaaaa
2	-8	g
3	-7	gg
4	-6	ggg
5	-5	gggg
select dtt1.cidx, dtt1.CDECIMAL1, dtt2.CVCHAR7 from datatypetestm1 dtt1, datatypetestm2 dtt2 where dtt1.cidx = dtt2.cidx and dtt1.CDECIMAL1 <= dtt2.CVCHAR7 ;
cidx	CDECIMAL1	CVCHAR7
1	-9	aaaaaaa
2	-8	g
3	-7	gg
4	-6	ggg
5	-5	gggg
