USE autopilot;
select dtt1.cidx, dtt1.CINTEGER, dtt2.CBIGINT from datatypetestm1 dtt1, datatypetestm2 dtt2 where dtt1.cidx = dtt2.cidx and dtt1.CINTEGER > dtt2.CBIGINT ;
cidx	CINTEGER	CBIGINT
1	-7483646	-72036854775806
2	-7483645	-72036854775805
3	-7483644	-72036854775804
4	-7483643	-72036854775803
5	-7483642	-72036854775802
select dtt1.cidx, dtt1.CINTEGER, dtt2.CBIGINT from datatypetestm1 dtt1, datatypetestm2 dtt2 where dtt1.cidx = dtt2.cidx and dtt1.CINTEGER >= dtt2.CBIGINT ;
cidx	CINTEGER	CBIGINT
1	-7483646	-72036854775806
2	-7483645	-72036854775805
3	-7483644	-72036854775804
4	-7483643	-72036854775803
5	-7483642	-72036854775802
11	0	0
select dtt1.cidx, dtt1.CINTEGER, dtt2.CBIGINT from datatypetestm1 dtt1, datatypetestm2 dtt2 where dtt1.cidx = dtt2.cidx and dtt1.CINTEGER <> dtt2.CBIGINT ;
cidx	CINTEGER	CBIGINT
1	-7483646	-72036854775806
2	-7483645	-72036854775805
3	-7483644	-72036854775804
4	-7483643	-72036854775803
5	-7483642	-72036854775802
6	7483643	72036854775803
7	7483644	72036854775804
8	7483645	72036854775805
9	7483646	72036854775806
10	7483647	72036854775807
select dtt1.cidx, dtt1.CINTEGER, dtt2.CBIGINT from datatypetestm1 dtt1, datatypetestm2 dtt2 where dtt1.cidx = dtt2.cidx and dtt1.CINTEGER < dtt2.CBIGINT ;
cidx	CINTEGER	CBIGINT
6	7483643	72036854775803
7	7483644	72036854775804
8	7483645	72036854775805
9	7483646	72036854775806
10	7483647	72036854775807
select dtt1.cidx, dtt1.CINTEGER, dtt2.CBIGINT from datatypetestm1 dtt1, datatypetestm2 dtt2 where dtt1.cidx = dtt2.cidx and dtt1.CINTEGER <= dtt2.CBIGINT ;
cidx	CINTEGER	CBIGINT
6	7483643	72036854775803
7	7483644	72036854775804
8	7483645	72036854775805
9	7483646	72036854775806
10	7483647	72036854775807
11	0	0
