USE autopilot;
select dtt1.cidx, dtt1.CTIME, dtt2.CCHAR6 from datatypetestm1 dtt1, datatypetestm2 dtt2 where dtt1.cidx = dtt2.cidx and dtt1.CTIME > dtt2.CCHAR6 ;
cidx	CTIME	CCHAR6
1	11:58:28	aaaaaa
2	11:58:28	f
3	11:58:28	ff
4	11:58:28	fff
5	11:58:28	ffff
6	11:58:28	uuuuuu
7	11:58:28	uuuuuu
8	11:58:28	uuuuuu
9	11:58:28	uuuuuu
10	11:58:28	zzzzzz
select dtt1.cidx, dtt1.CTIME, dtt2.CCHAR6 from datatypetestm1 dtt1, datatypetestm2 dtt2 where dtt1.cidx = dtt2.cidx and dtt1.CTIME >= dtt2.CCHAR6 ;
cidx	CTIME	CCHAR6
1	11:58:28	aaaaaa
2	11:58:28	f
3	11:58:28	ff
4	11:58:28	fff
5	11:58:28	ffff
6	11:58:28	uuuuuu
7	11:58:28	uuuuuu
8	11:58:28	uuuuuu
9	11:58:28	uuuuuu
10	11:58:28	zzzzzz
select dtt1.cidx, dtt1.CTIME, dtt2.CCHAR6 from datatypetestm1 dtt1, datatypetestm2 dtt2 where dtt1.cidx = dtt2.cidx and dtt1.CTIME <> dtt2.CCHAR6 ;
cidx	CTIME	CCHAR6
1	11:58:28	aaaaaa
2	11:58:28	f
3	11:58:28	ff
4	11:58:28	fff
5	11:58:28	ffff
6	11:58:28	uuuuuu
7	11:58:28	uuuuuu
8	11:58:28	uuuuuu
9	11:58:28	uuuuuu
10	11:58:28	zzzzzz
select dtt1.cidx, dtt1.CTIME, dtt2.CCHAR6 from datatypetestm1 dtt1, datatypetestm2 dtt2 where dtt1.cidx = dtt2.cidx and dtt1.CTIME < dtt2.CCHAR6 ;
cidx	CTIME	CCHAR6
select dtt1.cidx, dtt1.CTIME, dtt2.CCHAR6 from datatypetestm1 dtt1, datatypetestm2 dtt2 where dtt1.cidx = dtt2.cidx and dtt1.CTIME <= dtt2.CCHAR6 ;
cidx	CTIME	CCHAR6
