USE autopilot;
select dtt1.cidx, dtt1.CDECIMAL9, dtt2.CTIMESTAMP from datatypetestm1 dtt1, datatypetestm2 dtt2 where dtt1.cidx = dtt2.cidx and dtt1.CDECIMAL9 > dtt2.CTIMESTAMP ;
cidx	CDECIMAL9	CTIMESTAMP
select dtt1.cidx, dtt1.CDECIMAL9, dtt2.CTIMESTAMP from datatypetestm1 dtt1, datatypetestm2 dtt2 where dtt1.cidx = dtt2.cidx and dtt1.CDECIMAL9 >= dtt2.CTIMESTAMP ;
cidx	CDECIMAL9	CTIMESTAMP
select dtt1.cidx, dtt1.CDECIMAL9, dtt2.CTIMESTAMP from datatypetestm1 dtt1, datatypetestm2 dtt2 where dtt1.cidx = dtt2.cidx and dtt1.CDECIMAL9 <> dtt2.CTIMESTAMP ;
cidx	CDECIMAL9	CTIMESTAMP
1	-999999	2020-08-13 03:14:07
2	-999998	2020-08-13 03:14:07
3	-999997	2020-08-13 03:14:07
4	-999996	2020-08-13 03:14:07
5	-999995	2020-08-13 03:14:07
6	999995	2020-08-13 03:14:07
7	999996	2020-08-13 03:14:07
8	999997	2020-08-13 03:14:07
9	999998	2020-08-13 03:14:07
10	999999	2020-08-13 03:14:07
11	0	2020-08-13 03:14:07
select dtt1.cidx, dtt1.CDECIMAL9, dtt2.CTIMESTAMP from datatypetestm1 dtt1, datatypetestm2 dtt2 where dtt1.cidx = dtt2.cidx and dtt1.CDECIMAL9 < dtt2.CTIMESTAMP ;
cidx	CDECIMAL9	CTIMESTAMP
1	-999999	2020-08-13 03:14:07
2	-999998	2020-08-13 03:14:07
3	-999997	2020-08-13 03:14:07
4	-999996	2020-08-13 03:14:07
5	-999995	2020-08-13 03:14:07
6	999995	2020-08-13 03:14:07
7	999996	2020-08-13 03:14:07
8	999997	2020-08-13 03:14:07
9	999998	2020-08-13 03:14:07
10	999999	2020-08-13 03:14:07
11	0	2020-08-13 03:14:07
select dtt1.cidx, dtt1.CDECIMAL9, dtt2.CTIMESTAMP from datatypetestm1 dtt1, datatypetestm2 dtt2 where dtt1.cidx = dtt2.cidx and dtt1.CDECIMAL9 <= dtt2.CTIMESTAMP ;
cidx	CDECIMAL9	CTIMESTAMP
1	-999999	2020-08-13 03:14:07
2	-999998	2020-08-13 03:14:07
3	-999997	2020-08-13 03:14:07
4	-999996	2020-08-13 03:14:07
5	-999995	2020-08-13 03:14:07
6	999995	2020-08-13 03:14:07
7	999996	2020-08-13 03:14:07
8	999997	2020-08-13 03:14:07
9	999998	2020-08-13 03:14:07
10	999999	2020-08-13 03:14:07
11	0	2020-08-13 03:14:07
