USE autopilot;
select dtt1.cidx, dtt1.CDECIMAL10, dtt2.CVCHAR2 from datatypetestm1 dtt1, datatypetestm2 dtt2 where dtt1.cidx = dtt2.cidx and dtt1.CDECIMAL10 > dtt2.CVCHAR2 ;
cidx	CDECIMAL10	CVCHAR2
6	9999995	yy
7	9999996	yy
8	9999997	yy
9	9999998	yy
10	9999999	zz
select dtt1.cidx, dtt1.CDECIMAL10, dtt2.CVCHAR2 from datatypetestm1 dtt1, datatypetestm2 dtt2 where dtt1.cidx = dtt2.cidx and dtt1.CDECIMAL10 >= dtt2.CVCHAR2 ;
cidx	CDECIMAL10	CVCHAR2
6	9999995	yy
7	9999996	yy
8	9999997	yy
9	9999998	yy
10	9999999	zz
select dtt1.cidx, dtt1.CDECIMAL10, dtt2.CVCHAR2 from datatypetestm1 dtt1, datatypetestm2 dtt2 where dtt1.cidx = dtt2.cidx and dtt1.CDECIMAL10 <> dtt2.CVCHAR2 ;
cidx	CDECIMAL10	CVCHAR2
1	-9999999	aa
2	-9999998	b
3	-9999997	bb
4	-9999996	bb
5	-9999995	bb
6	9999995	yy
7	9999996	yy
8	9999997	yy
9	9999998	yy
10	9999999	zz
select dtt1.cidx, dtt1.CDECIMAL10, dtt2.CVCHAR2 from datatypetestm1 dtt1, datatypetestm2 dtt2 where dtt1.cidx = dtt2.cidx and dtt1.CDECIMAL10 < dtt2.CVCHAR2 ;
cidx	CDECIMAL10	CVCHAR2
1	-9999999	aa
2	-9999998	b
3	-9999997	bb
4	-9999996	bb
5	-9999995	bb
select dtt1.cidx, dtt1.CDECIMAL10, dtt2.CVCHAR2 from datatypetestm1 dtt1, datatypetestm2 dtt2 where dtt1.cidx = dtt2.cidx and dtt1.CDECIMAL10 <= dtt2.CVCHAR2 ;
cidx	CDECIMAL10	CVCHAR2
1	-9999999	aa
2	-9999998	b
3	-9999997	bb
4	-9999996	bb
5	-9999995	bb
