USE autopilot;
select dtt1.cidx, dtt1.CDECIMAL1, dtt2.CCHAR4 from datatypetestm1 dtt1, datatypetestm2 dtt2 where dtt1.cidx = dtt2.cidx and dtt1.CDECIMAL1 > dtt2.CCHAR4 ;
cidx	CDECIMAL1	CCHAR4
6	5	wwww
7	6	wwww
8	7	wwww
9	8	wwww
10	9	zzzz
select dtt1.cidx, dtt1.CDECIMAL1, dtt2.CCHAR4 from datatypetestm1 dtt1, datatypetestm2 dtt2 where dtt1.cidx = dtt2.cidx and dtt1.CDECIMAL1 >= dtt2.CCHAR4 ;
cidx	CDECIMAL1	CCHAR4
6	5	wwww
7	6	wwww
8	7	wwww
9	8	wwww
10	9	zzzz
select dtt1.cidx, dtt1.CDECIMAL1, dtt2.CCHAR4 from datatypetestm1 dtt1, datatypetestm2 dtt2 where dtt1.cidx = dtt2.cidx and dtt1.CDECIMAL1 <> dtt2.CCHAR4 ;
cidx	CDECIMAL1	CCHAR4
1	-9	aaaa
2	-8	d
3	-7	dd
4	-6	ddd
5	-5	dddd
6	5	wwww
7	6	wwww
8	7	wwww
9	8	wwww
10	9	zzzz
select dtt1.cidx, dtt1.CDECIMAL1, dtt2.CCHAR4 from datatypetestm1 dtt1, datatypetestm2 dtt2 where dtt1.cidx = dtt2.cidx and dtt1.CDECIMAL1 < dtt2.CCHAR4 ;
cidx	CDECIMAL1	CCHAR4
1	-9	aaaa
2	-8	d
3	-7	dd
4	-6	ddd
5	-5	dddd
select dtt1.cidx, dtt1.CDECIMAL1, dtt2.CCHAR4 from datatypetestm1 dtt1, datatypetestm2 dtt2 where dtt1.cidx = dtt2.cidx and dtt1.CDECIMAL1 <= dtt2.CCHAR4 ;
cidx	CDECIMAL1	CCHAR4
1	-9	aaaa
2	-8	d
3	-7	dd
4	-6	ddd
5	-5	dddd
