USE autopilot;
select dtt1.cidx, dtt1.CDECIMAL4, dtt2.CDECIMAL1 from datatypetestm1 dtt1, datatypetestm2 dtt2 where dtt1.cidx = dtt2.cidx and dtt1.CDECIMAL4 > dtt2.CDECIMAL1 ;
cidx	CDECIMAL4	CDECIMAL1
6	995	5
7	996	6
8	997	7
9	998	8
10	999	9
select dtt1.cidx, dtt1.CDECIMAL4, dtt2.CDECIMAL1 from datatypetestm1 dtt1, datatypetestm2 dtt2 where dtt1.cidx = dtt2.cidx and dtt1.CDECIMAL4 >= dtt2.CDECIMAL1 ;
cidx	CDECIMAL4	CDECIMAL1
6	995	5
7	996	6
8	997	7
9	998	8
10	999	9
11	0	0
select dtt1.cidx, dtt1.CDECIMAL4, dtt2.CDECIMAL1 from datatypetestm1 dtt1, datatypetestm2 dtt2 where dtt1.cidx = dtt2.cidx and dtt1.CDECIMAL4 <> dtt2.CDECIMAL1 ;
cidx	CDECIMAL4	CDECIMAL1
1	-999	-9
2	-998	-8
3	-997	-7
4	-996	-6
5	-995	-5
6	995	5
7	996	6
8	997	7
9	998	8
10	999	9
select dtt1.cidx, dtt1.CDECIMAL4, dtt2.CDECIMAL1 from datatypetestm1 dtt1, datatypetestm2 dtt2 where dtt1.cidx = dtt2.cidx and dtt1.CDECIMAL4 < dtt2.CDECIMAL1 ;
cidx	CDECIMAL4	CDECIMAL1
1	-999	-9
2	-998	-8
3	-997	-7
4	-996	-6
5	-995	-5
select dtt1.cidx, dtt1.CDECIMAL4, dtt2.CDECIMAL1 from datatypetestm1 dtt1, datatypetestm2 dtt2 where dtt1.cidx = dtt2.cidx and dtt1.CDECIMAL4 <= dtt2.CDECIMAL1 ;
cidx	CDECIMAL4	CDECIMAL1
1	-999	-9
2	-998	-8
3	-997	-7
4	-996	-6
5	-995	-5
11	0	0
