USE autopilot;
select dtt1.cidx, dtt1.CDOUBLE, dtt2.CDECIMAL10 from datatypetestm1 dtt1, datatypetestm2 dtt2 where dtt1.cidx = dtt2.cidx and dtt1.CDOUBLE > dtt2.CDECIMAL10 ;
cidx	CDOUBLE	CDECIMAL10
6	1.797693227e108	9999995
7	1.797693228e108	9999996
8	1.797693229e108	9999997
9	1.79769323e108	9999998
10	1.797693231e108	9999999
select dtt1.cidx, dtt1.CDOUBLE, dtt2.CDECIMAL10 from datatypetestm1 dtt1, datatypetestm2 dtt2 where dtt1.cidx = dtt2.cidx and dtt1.CDOUBLE >= dtt2.CDECIMAL10 ;
cidx	CDOUBLE	CDECIMAL10
6	1.797693227e108	9999995
7	1.797693228e108	9999996
8	1.797693229e108	9999997
9	1.79769323e108	9999998
10	1.797693231e108	9999999
11	0	0
select dtt1.cidx, dtt1.CDOUBLE, dtt2.CDECIMAL10 from datatypetestm1 dtt1, datatypetestm2 dtt2 where dtt1.cidx = dtt2.cidx and dtt1.CDOUBLE <> dtt2.CDECIMAL10 ;
cidx	CDOUBLE	CDECIMAL10
1	-1.797693231e108	-9999999
2	-1.79769323e108	-9999998
3	-1.797693229e108	-9999997
4	-1.797693228e108	-9999996
5	-1.797693227e108	-9999995
6	1.797693227e108	9999995
7	1.797693228e108	9999996
8	1.797693229e108	9999997
9	1.79769323e108	9999998
10	1.797693231e108	9999999
select dtt1.cidx, dtt1.CDOUBLE, dtt2.CDECIMAL10 from datatypetestm1 dtt1, datatypetestm2 dtt2 where dtt1.cidx = dtt2.cidx and dtt1.CDOUBLE < dtt2.CDECIMAL10 ;
cidx	CDOUBLE	CDECIMAL10
1	-1.797693231e108	-9999999
2	-1.79769323e108	-9999998
3	-1.797693229e108	-9999997
4	-1.797693228e108	-9999996
5	-1.797693227e108	-9999995
select dtt1.cidx, dtt1.CDOUBLE, dtt2.CDECIMAL10 from datatypetestm1 dtt1, datatypetestm2 dtt2 where dtt1.cidx = dtt2.cidx and dtt1.CDOUBLE <= dtt2.CDECIMAL10 ;
cidx	CDOUBLE	CDECIMAL10
1	-1.797693231e108	-9999999
2	-1.79769323e108	-9999998
3	-1.797693229e108	-9999997
4	-1.797693228e108	-9999996
5	-1.797693227e108	-9999995
11	0	0
