USE autopilot;
select dtt1.cidx, dtt1.CVCHAR1, dtt2.CCHAR8 from datatypetestm1 dtt1, datatypetestm2 dtt2 where dtt1.cidx = dtt2.cidx and dtt1.CVCHAR1 > dtt2.CCHAR8 ;
cidx	CVCHAR1	CCHAR8
6	z	sssssss
7	z	ssssssss
8	z	ssssssss
9	z	ssssssss
select dtt1.cidx, dtt1.CVCHAR1, dtt2.CCHAR8 from datatypetestm1 dtt1, datatypetestm2 dtt2 where dtt1.cidx = dtt2.cidx and dtt1.CVCHAR1 >= dtt2.CCHAR8 ;
cidx	CVCHAR1	CCHAR8
6	z	sssssss
7	z	ssssssss
8	z	ssssssss
9	z	ssssssss
select dtt1.cidx, dtt1.CVCHAR1, dtt2.CCHAR8 from datatypetestm1 dtt1, datatypetestm2 dtt2 where dtt1.cidx = dtt2.cidx and dtt1.CVCHAR1 <> dtt2.CCHAR8 ;
cidx	CVCHAR1	CCHAR8
1	a	aaaaaaaa
2	a	h
3	a	hh
4	a	hhh
5	a	hhhh
6	z	sssssss
7	z	ssssssss
8	z	ssssssss
9	z	ssssssss
10	z	zzzzzzzz
select dtt1.cidx, dtt1.CVCHAR1, dtt2.CCHAR8 from datatypetestm1 dtt1, datatypetestm2 dtt2 where dtt1.cidx = dtt2.cidx and dtt1.CVCHAR1 < dtt2.CCHAR8 ;
cidx	CVCHAR1	CCHAR8
1	a	aaaaaaaa
2	a	h
3	a	hh
4	a	hhh
5	a	hhhh
10	z	zzzzzzzz
select dtt1.cidx, dtt1.CVCHAR1, dtt2.CCHAR8 from datatypetestm1 dtt1, datatypetestm2 dtt2 where dtt1.cidx = dtt2.cidx and dtt1.CVCHAR1 <= dtt2.CCHAR8 ;
cidx	CVCHAR1	CCHAR8
1	a	aaaaaaaa
2	a	h
3	a	hh
4	a	hhh
5	a	hhhh
10	z	zzzzzzzz
