USE autopilot;
select dtt1.cidx, dtt1.CDECIMAL18_2, dtt2.CDECIMAL18 from datatypetestm1 dtt1, datatypetestm2 dtt2 where dtt1.cidx = dtt2.cidx and dtt1.CDECIMAL18_2 > dtt2.CDECIMAL18 ;
cidx	CDECIMAL18_2	CDECIMAL18
1	-99999999999.99	-9999999999999
2	-99999999999.98	-9999999999998
3	-99999999999.97	-9999999999997
4	-99999999999.96	-9999999999996
5	-99999999999.95	-9999999999995
select dtt1.cidx, dtt1.CDECIMAL18_2, dtt2.CDECIMAL18 from datatypetestm1 dtt1, datatypetestm2 dtt2 where dtt1.cidx = dtt2.cidx and dtt1.CDECIMAL18_2 >= dtt2.CDECIMAL18 ;
cidx	CDECIMAL18_2	CDECIMAL18
1	-99999999999.99	-9999999999999
2	-99999999999.98	-9999999999998
3	-99999999999.97	-9999999999997
4	-99999999999.96	-9999999999996
5	-99999999999.95	-9999999999995
11	0.00	0
select dtt1.cidx, dtt1.CDECIMAL18_2, dtt2.CDECIMAL18 from datatypetestm1 dtt1, datatypetestm2 dtt2 where dtt1.cidx = dtt2.cidx and dtt1.CDECIMAL18_2 <> dtt2.CDECIMAL18 ;
cidx	CDECIMAL18_2	CDECIMAL18
1	-99999999999.99	-9999999999999
2	-99999999999.98	-9999999999998
3	-99999999999.97	-9999999999997
4	-99999999999.96	-9999999999996
5	-99999999999.95	-9999999999995
6	99999999999.95	9999999999995
7	99999999999.96	9999999999996
8	99999999999.97	9999999999997
9	99999999999.98	9999999999998
10	99999999999.99	9999999999999
select dtt1.cidx, dtt1.CDECIMAL18_2, dtt2.CDECIMAL18 from datatypetestm1 dtt1, datatypetestm2 dtt2 where dtt1.cidx = dtt2.cidx and dtt1.CDECIMAL18_2 < dtt2.CDECIMAL18 ;
cidx	CDECIMAL18_2	CDECIMAL18
6	99999999999.95	9999999999995
7	99999999999.96	9999999999996
8	99999999999.97	9999999999997
9	99999999999.98	9999999999998
10	99999999999.99	9999999999999
select dtt1.cidx, dtt1.CDECIMAL18_2, dtt2.CDECIMAL18 from datatypetestm1 dtt1, datatypetestm2 dtt2 where dtt1.cidx = dtt2.cidx and dtt1.CDECIMAL18_2 <= dtt2.CDECIMAL18 ;
cidx	CDECIMAL18_2	CDECIMAL18
6	99999999999.95	9999999999995
7	99999999999.96	9999999999996
8	99999999999.97	9999999999997
9	99999999999.98	9999999999998
10	99999999999.99	9999999999999
11	0.00	0
