USE autopilot;
select dtt1.cidx, dtt1.CDECIMAL18, dtt2.CBIGINT from datatypetestm1 dtt1, datatypetestm2 dtt2 where dtt1.cidx = dtt2.cidx and dtt1.CDECIMAL18 > dtt2.CBIGINT ;
cidx	CDECIMAL18	CBIGINT
1	-9999999999999	-72036854775806
2	-9999999999998	-72036854775805
3	-9999999999997	-72036854775804
4	-9999999999996	-72036854775803
5	-9999999999995	-72036854775802
select dtt1.cidx, dtt1.CDECIMAL18, dtt2.CBIGINT from datatypetestm1 dtt1, datatypetestm2 dtt2 where dtt1.cidx = dtt2.cidx and dtt1.CDECIMAL18 >= dtt2.CBIGINT ;
cidx	CDECIMAL18	CBIGINT
1	-9999999999999	-72036854775806
2	-9999999999998	-72036854775805
3	-9999999999997	-72036854775804
4	-9999999999996	-72036854775803
5	-9999999999995	-72036854775802
11	0	0
select dtt1.cidx, dtt1.CDECIMAL18, dtt2.CBIGINT from datatypetestm1 dtt1, datatypetestm2 dtt2 where dtt1.cidx = dtt2.cidx and dtt1.CDECIMAL18 <> dtt2.CBIGINT ;
cidx	CDECIMAL18	CBIGINT
1	-9999999999999	-72036854775806
2	-9999999999998	-72036854775805
3	-9999999999997	-72036854775804
4	-9999999999996	-72036854775803
5	-9999999999995	-72036854775802
6	9999999999995	72036854775803
7	9999999999996	72036854775804
8	9999999999997	72036854775805
9	9999999999998	72036854775806
10	9999999999999	72036854775807
select dtt1.cidx, dtt1.CDECIMAL18, dtt2.CBIGINT from datatypetestm1 dtt1, datatypetestm2 dtt2 where dtt1.cidx = dtt2.cidx and dtt1.CDECIMAL18 < dtt2.CBIGINT ;
cidx	CDECIMAL18	CBIGINT
6	9999999999995	72036854775803
7	9999999999996	72036854775804
8	9999999999997	72036854775805
9	9999999999998	72036854775806
10	9999999999999	72036854775807
select dtt1.cidx, dtt1.CDECIMAL18, dtt2.CBIGINT from datatypetestm1 dtt1, datatypetestm2 dtt2 where dtt1.cidx = dtt2.cidx and dtt1.CDECIMAL18 <= dtt2.CBIGINT ;
cidx	CDECIMAL18	CBIGINT
6	9999999999995	72036854775803
7	9999999999996	72036854775804
8	9999999999997	72036854775805
9	9999999999998	72036854775806
10	9999999999999	72036854775807
11	0	0
