USE autopilot;
select dtt1.cidx, dtt1.CDECIMAL18_2, dtt2.CCHAR6 from datatypetestm1 dtt1, datatypetestm2 dtt2 where dtt1.cidx = dtt2.cidx and dtt1.CDECIMAL18_2 > dtt2.CCHAR6 ;
cidx	CDECIMAL18_2	CCHAR6
6	99999999999.95	uuuuuu
7	99999999999.96	uuuuuu
8	99999999999.97	uuuuuu
9	99999999999.98	uuuuuu
10	99999999999.99	zzzzzz
select dtt1.cidx, dtt1.CDECIMAL18_2, dtt2.CCHAR6 from datatypetestm1 dtt1, datatypetestm2 dtt2 where dtt1.cidx = dtt2.cidx and dtt1.CDECIMAL18_2 >= dtt2.CCHAR6 ;
cidx	CDECIMAL18_2	CCHAR6
6	99999999999.95	uuuuuu
7	99999999999.96	uuuuuu
8	99999999999.97	uuuuuu
9	99999999999.98	uuuuuu
10	99999999999.99	zzzzzz
select dtt1.cidx, dtt1.CDECIMAL18_2, dtt2.CCHAR6 from datatypetestm1 dtt1, datatypetestm2 dtt2 where dtt1.cidx = dtt2.cidx and dtt1.CDECIMAL18_2 <> dtt2.CCHAR6 ;
cidx	CDECIMAL18_2	CCHAR6
1	-99999999999.99	aaaaaa
2	-99999999999.98	f
3	-99999999999.97	ff
4	-99999999999.96	fff
5	-99999999999.95	ffff
6	99999999999.95	uuuuuu
7	99999999999.96	uuuuuu
8	99999999999.97	uuuuuu
9	99999999999.98	uuuuuu
10	99999999999.99	zzzzzz
select dtt1.cidx, dtt1.CDECIMAL18_2, dtt2.CCHAR6 from datatypetestm1 dtt1, datatypetestm2 dtt2 where dtt1.cidx = dtt2.cidx and dtt1.CDECIMAL18_2 < dtt2.CCHAR6 ;
cidx	CDECIMAL18_2	CCHAR6
1	-99999999999.99	aaaaaa
2	-99999999999.98	f
3	-99999999999.97	ff
4	-99999999999.96	fff
5	-99999999999.95	ffff
select dtt1.cidx, dtt1.CDECIMAL18_2, dtt2.CCHAR6 from datatypetestm1 dtt1, datatypetestm2 dtt2 where dtt1.cidx = dtt2.cidx and dtt1.CDECIMAL18_2 <= dtt2.CCHAR6 ;
cidx	CDECIMAL18_2	CCHAR6
1	-99999999999.99	aaaaaa
2	-99999999999.98	f
3	-99999999999.97	ff
4	-99999999999.96	fff
5	-99999999999.95	ffff
