USE autopilot;
select dtt1.cidx, dtt1.CLONGTEXT, dtt2.CCHAR9 from datatypetestm1 dtt1, datatypetestm2 dtt2 where dtt1.cidx = dtt2.cidx and dtt1.CLONGTEXT > dtt2.CCHAR9 ;
cidx	CLONGTEXT	CCHAR9
1	longtextlongtextlongtext	aaaaaaaaa
2	longtextlongtextlongtext	i
3	longtextlongtextlongtext	ii
4	longtextlongtextlongtext	iii
5	longtextlongtextlongtext	iiii
select dtt1.cidx, dtt1.CLONGTEXT, dtt2.CCHAR9 from datatypetestm1 dtt1, datatypetestm2 dtt2 where dtt1.cidx = dtt2.cidx and dtt1.CLONGTEXT >= dtt2.CCHAR9 ;
cidx	CLONGTEXT	CCHAR9
1	longtextlongtextlongtext	aaaaaaaaa
2	longtextlongtextlongtext	i
3	longtextlongtextlongtext	ii
4	longtextlongtextlongtext	iii
5	longtextlongtextlongtext	iiii
select dtt1.cidx, dtt1.CLONGTEXT, dtt2.CCHAR9 from datatypetestm1 dtt1, datatypetestm2 dtt2 where dtt1.cidx = dtt2.cidx and dtt1.CLONGTEXT <> dtt2.CCHAR9 ;
cidx	CLONGTEXT	CCHAR9
1	longtextlongtextlongtext	aaaaaaaaa
2	longtextlongtextlongtext	i
3	longtextlongtextlongtext	ii
4	longtextlongtextlongtext	iii
5	longtextlongtextlongtext	iiii
6	longtextlongtextlongtext	rrrrrrr
7	longtextlongtextlongtext	rrrrrrrr
8	longtextlongtextlongtext	rrrrrrrrr
9	longtextlongtextlongtext	rrrrrrrrr
10	longtextlongtextlongtext	zzzzzzzzz
select dtt1.cidx, dtt1.CLONGTEXT, dtt2.CCHAR9 from datatypetestm1 dtt1, datatypetestm2 dtt2 where dtt1.cidx = dtt2.cidx and dtt1.CLONGTEXT < dtt2.CCHAR9 ;
cidx	CLONGTEXT	CCHAR9
6	longtextlongtextlongtext	rrrrrrr
7	longtextlongtextlongtext	rrrrrrrr
8	longtextlongtextlongtext	rrrrrrrrr
9	longtextlongtextlongtext	rrrrrrrrr
10	longtextlongtextlongtext	zzzzzzzzz
select dtt1.cidx, dtt1.CLONGTEXT, dtt2.CCHAR9 from datatypetestm1 dtt1, datatypetestm2 dtt2 where dtt1.cidx = dtt2.cidx and dtt1.CLONGTEXT <= dtt2.CCHAR9 ;
cidx	CLONGTEXT	CCHAR9
6	longtextlongtextlongtext	rrrrrrr
7	longtextlongtextlongtext	rrrrrrrr
8	longtextlongtextlongtext	rrrrrrrrr
9	longtextlongtextlongtext	rrrrrrrrr
10	longtextlongtextlongtext	zzzzzzzzz
