USE autopilot;
select dtt1.cidx, dtt1.CINTEGER, dtt2.CVCHAR255 from datatypetestm1 dtt1, datatypetestm2 dtt2 where dtt1.cidx = dtt2.cidx and dtt1.CINTEGER > dtt2.CVCHAR255 ;
cidx	CINTEGER	CVCHAR255
6	7483643	qqqqqqq
7	7483644	qqqqqqqq
8	7483645	qqqqqqqqq
9	7483646	qqqqqqqqqq
10	7483647	zzzzzzzzzz
select dtt1.cidx, dtt1.CINTEGER, dtt2.CVCHAR255 from datatypetestm1 dtt1, datatypetestm2 dtt2 where dtt1.cidx = dtt2.cidx and dtt1.CINTEGER >= dtt2.CVCHAR255 ;
cidx	CINTEGER	CVCHAR255
6	7483643	qqqqqqq
7	7483644	qqqqqqqq
8	7483645	qqqqqqqqq
9	7483646	qqqqqqqqqq
10	7483647	zzzzzzzzzz
select dtt1.cidx, dtt1.CINTEGER, dtt2.CVCHAR255 from datatypetestm1 dtt1, datatypetestm2 dtt2 where dtt1.cidx = dtt2.cidx and dtt1.CINTEGER <> dtt2.CVCHAR255 ;
cidx	CINTEGER	CVCHAR255
1	-7483646	aaaaaaaaaa
2	-7483645	j
3	-7483644	jj
4	-7483643	jjj
5	-7483642	jjjj
6	7483643	qqqqqqq
7	7483644	qqqqqqqq
8	7483645	qqqqqqqqq
9	7483646	qqqqqqqqqq
10	7483647	zzzzzzzzzz
select dtt1.cidx, dtt1.CINTEGER, dtt2.CVCHAR255 from datatypetestm1 dtt1, datatypetestm2 dtt2 where dtt1.cidx = dtt2.cidx and dtt1.CINTEGER < dtt2.CVCHAR255 ;
cidx	CINTEGER	CVCHAR255
1	-7483646	aaaaaaaaaa
2	-7483645	j
3	-7483644	jj
4	-7483643	jjj
5	-7483642	jjjj
select dtt1.cidx, dtt1.CINTEGER, dtt2.CVCHAR255 from datatypetestm1 dtt1, datatypetestm2 dtt2 where dtt1.cidx = dtt2.cidx and dtt1.CINTEGER <= dtt2.CVCHAR255 ;
cidx	CINTEGER	CVCHAR255
1	-7483646	aaaaaaaaaa
2	-7483645	j
3	-7483644	jj
4	-7483643	jjj
5	-7483642	jjjj
