USE autopilot;
select dtt1.cidx, dtt1.CTIMESTAMP, dtt2.CMEDIUMINT from datatypetestm1 dtt1, datatypetestm2 dtt2 where dtt1.cidx = dtt2.cidx and dtt1.CTIMESTAMP > dtt2.CMEDIUMINT ;
cidx	CTIMESTAMP	CMEDIUMINT
1	2020-08-13 03:14:07	1000
2	2020-08-13 03:14:07	1000
3	2020-08-13 03:14:07	1000
4	2020-08-13 03:14:07	1000
5	2020-08-13 03:14:07	1000
6	2020-08-13 03:14:07	1000
7	2020-08-13 03:14:07	1000
8	2020-08-13 03:14:07	1000
9	2020-08-13 03:14:07	1000
10	2020-08-13 03:14:07	1000
select dtt1.cidx, dtt1.CTIMESTAMP, dtt2.CMEDIUMINT from datatypetestm1 dtt1, datatypetestm2 dtt2 where dtt1.cidx = dtt2.cidx and dtt1.CTIMESTAMP >= dtt2.CMEDIUMINT ;
cidx	CTIMESTAMP	CMEDIUMINT
1	2020-08-13 03:14:07	1000
2	2020-08-13 03:14:07	1000
3	2020-08-13 03:14:07	1000
4	2020-08-13 03:14:07	1000
5	2020-08-13 03:14:07	1000
6	2020-08-13 03:14:07	1000
7	2020-08-13 03:14:07	1000
8	2020-08-13 03:14:07	1000
9	2020-08-13 03:14:07	1000
10	2020-08-13 03:14:07	1000
select dtt1.cidx, dtt1.CTIMESTAMP, dtt2.CMEDIUMINT from datatypetestm1 dtt1, datatypetestm2 dtt2 where dtt1.cidx = dtt2.cidx and dtt1.CTIMESTAMP <> dtt2.CMEDIUMINT ;
cidx	CTIMESTAMP	CMEDIUMINT
1	2020-08-13 03:14:07	1000
2	2020-08-13 03:14:07	1000
3	2020-08-13 03:14:07	1000
4	2020-08-13 03:14:07	1000
5	2020-08-13 03:14:07	1000
6	2020-08-13 03:14:07	1000
7	2020-08-13 03:14:07	1000
8	2020-08-13 03:14:07	1000
9	2020-08-13 03:14:07	1000
10	2020-08-13 03:14:07	1000
select dtt1.cidx, dtt1.CTIMESTAMP, dtt2.CMEDIUMINT from datatypetestm1 dtt1, datatypetestm2 dtt2 where dtt1.cidx = dtt2.cidx and dtt1.CTIMESTAMP < dtt2.CMEDIUMINT ;
cidx	CTIMESTAMP	CMEDIUMINT
select dtt1.cidx, dtt1.CTIMESTAMP, dtt2.CMEDIUMINT from datatypetestm1 dtt1, datatypetestm2 dtt2 where dtt1.cidx = dtt2.cidx and dtt1.CTIMESTAMP <= dtt2.CMEDIUMINT ;
cidx	CTIMESTAMP	CMEDIUMINT
