USE autopilot;
select dtt1.cidx, dtt1.CDOUBLE, dtt2.CDECIMAL18_2 from datatypetestm1 dtt1, datatypetestm2 dtt2 where dtt1.cidx = dtt2.cidx and dtt1.CDOUBLE > dtt2.CDECIMAL18_2 ;
cidx	CDOUBLE	CDECIMAL18_2
6	1.797693227e108	99999999999.95
7	1.797693228e108	99999999999.96
8	1.797693229e108	99999999999.97
9	1.79769323e108	99999999999.98
10	1.797693231e108	99999999999.99
select dtt1.cidx, dtt1.CDOUBLE, dtt2.CDECIMAL18_2 from datatypetestm1 dtt1, datatypetestm2 dtt2 where dtt1.cidx = dtt2.cidx and dtt1.CDOUBLE >= dtt2.CDECIMAL18_2 ;
cidx	CDOUBLE	CDECIMAL18_2
6	1.797693227e108	99999999999.95
7	1.797693228e108	99999999999.96
8	1.797693229e108	99999999999.97
9	1.79769323e108	99999999999.98
10	1.797693231e108	99999999999.99
11	0	0.00
select dtt1.cidx, dtt1.CDOUBLE, dtt2.CDECIMAL18_2 from datatypetestm1 dtt1, datatypetestm2 dtt2 where dtt1.cidx = dtt2.cidx and dtt1.CDOUBLE <> dtt2.CDECIMAL18_2 ;
cidx	CDOUBLE	CDECIMAL18_2
1	-1.797693231e108	-99999999999.99
2	-1.79769323e108	-99999999999.98
3	-1.797693229e108	-99999999999.97
4	-1.797693228e108	-99999999999.96
5	-1.797693227e108	-99999999999.95
6	1.797693227e108	99999999999.95
7	1.797693228e108	99999999999.96
8	1.797693229e108	99999999999.97
9	1.79769323e108	99999999999.98
10	1.797693231e108	99999999999.99
select dtt1.cidx, dtt1.CDOUBLE, dtt2.CDECIMAL18_2 from datatypetestm1 dtt1, datatypetestm2 dtt2 where dtt1.cidx = dtt2.cidx and dtt1.CDOUBLE < dtt2.CDECIMAL18_2 ;
cidx	CDOUBLE	CDECIMAL18_2
1	-1.797693231e108	-99999999999.99
2	-1.79769323e108	-99999999999.98
3	-1.797693229e108	-99999999999.97
4	-1.797693228e108	-99999999999.96
5	-1.797693227e108	-99999999999.95
select dtt1.cidx, dtt1.CDOUBLE, dtt2.CDECIMAL18_2 from datatypetestm1 dtt1, datatypetestm2 dtt2 where dtt1.cidx = dtt2.cidx and dtt1.CDOUBLE <= dtt2.CDECIMAL18_2 ;
cidx	CDOUBLE	CDECIMAL18_2
1	-1.797693231e108	-99999999999.99
2	-1.79769323e108	-99999999999.98
3	-1.797693229e108	-99999999999.97
4	-1.797693228e108	-99999999999.96
5	-1.797693227e108	-99999999999.95
11	0	0.00
