USE autopilot;
select dtt1.cidx, dtt1.CFLOAT, dtt2.CMEDIUMTEXT from datatypetestm1 dtt1, datatypetestm2 dtt2 where dtt1.cidx = dtt2.cidx and dtt1.CFLOAT > dtt2.CMEDIUMTEXT ;
cidx	CFLOAT	CMEDIUMTEXT
6	3.40286e18	mediumtestmediumtest
7	3.40286e18	mediumtestmediumtest
8	3.40286e18	mediumtestmediumtest
9	3.40287e18	mediumtestmediumtest
10	3.40287e18	mediumtestmediumtest
select dtt1.cidx, dtt1.CFLOAT, dtt2.CMEDIUMTEXT from datatypetestm1 dtt1, datatypetestm2 dtt2 where dtt1.cidx = dtt2.cidx and dtt1.CFLOAT >= dtt2.CMEDIUMTEXT ;
cidx	CFLOAT	CMEDIUMTEXT
6	3.40286e18	mediumtestmediumtest
7	3.40286e18	mediumtestmediumtest
8	3.40286e18	mediumtestmediumtest
9	3.40287e18	mediumtestmediumtest
10	3.40287e18	mediumtestmediumtest
select dtt1.cidx, dtt1.CFLOAT, dtt2.CMEDIUMTEXT from datatypetestm1 dtt1, datatypetestm2 dtt2 where dtt1.cidx = dtt2.cidx and dtt1.CFLOAT <> dtt2.CMEDIUMTEXT ;
cidx	CFLOAT	CMEDIUMTEXT
1	-3.40287e18	mediumtestmediumtest
2	-3.40287e18	mediumtestmediumtest
3	-3.40286e18	mediumtestmediumtest
4	-3.40286e18	mediumtestmediumtest
5	-3.40286e18	mediumtestmediumtest
6	3.40286e18	mediumtestmediumtest
7	3.40286e18	mediumtestmediumtest
8	3.40286e18	mediumtestmediumtest
9	3.40287e18	mediumtestmediumtest
10	3.40287e18	mediumtestmediumtest
select dtt1.cidx, dtt1.CFLOAT, dtt2.CMEDIUMTEXT from datatypetestm1 dtt1, datatypetestm2 dtt2 where dtt1.cidx = dtt2.cidx and dtt1.CFLOAT < dtt2.CMEDIUMTEXT ;
cidx	CFLOAT	CMEDIUMTEXT
1	-3.40287e18	mediumtestmediumtest
2	-3.40287e18	mediumtestmediumtest
3	-3.40286e18	mediumtestmediumtest
4	-3.40286e18	mediumtestmediumtest
5	-3.40286e18	mediumtestmediumtest
select dtt1.cidx, dtt1.CFLOAT, dtt2.CMEDIUMTEXT from datatypetestm1 dtt1, datatypetestm2 dtt2 where dtt1.cidx = dtt2.cidx and dtt1.CFLOAT <= dtt2.CMEDIUMTEXT ;
cidx	CFLOAT	CMEDIUMTEXT
1	-3.40287e18	mediumtestmediumtest
2	-3.40287e18	mediumtestmediumtest
3	-3.40286e18	mediumtestmediumtest
4	-3.40286e18	mediumtestmediumtest
5	-3.40286e18	mediumtestmediumtest
