USE autopilot;
select dtt1.cidx, dtt1.CDOUBLE, dtt2.CDECIMAL18 from datatypetestm1 dtt1, datatypetestm2 dtt2 where dtt1.cidx = dtt2.cidx and dtt1.CDOUBLE > dtt2.CDECIMAL18 ;
cidx	CDOUBLE	CDECIMAL18
6	1.797693227e108	9999999999995
7	1.797693228e108	9999999999996
8	1.797693229e108	9999999999997
9	1.79769323e108	9999999999998
10	1.797693231e108	9999999999999
select dtt1.cidx, dtt1.CDOUBLE, dtt2.CDECIMAL18 from datatypetestm1 dtt1, datatypetestm2 dtt2 where dtt1.cidx = dtt2.cidx and dtt1.CDOUBLE >= dtt2.CDECIMAL18 ;
cidx	CDOUBLE	CDECIMAL18
6	1.797693227e108	9999999999995
7	1.797693228e108	9999999999996
8	1.797693229e108	9999999999997
9	1.79769323e108	9999999999998
10	1.797693231e108	9999999999999
11	0	0
select dtt1.cidx, dtt1.CDOUBLE, dtt2.CDECIMAL18 from datatypetestm1 dtt1, datatypetestm2 dtt2 where dtt1.cidx = dtt2.cidx and dtt1.CDOUBLE <> dtt2.CDECIMAL18 ;
cidx	CDOUBLE	CDECIMAL18
1	-1.797693231e108	-9999999999999
2	-1.79769323e108	-9999999999998
3	-1.797693229e108	-9999999999997
4	-1.797693228e108	-9999999999996
5	-1.797693227e108	-9999999999995
6	1.797693227e108	9999999999995
7	1.797693228e108	9999999999996
8	1.797693229e108	9999999999997
9	1.79769323e108	9999999999998
10	1.797693231e108	9999999999999
select dtt1.cidx, dtt1.CDOUBLE, dtt2.CDECIMAL18 from datatypetestm1 dtt1, datatypetestm2 dtt2 where dtt1.cidx = dtt2.cidx and dtt1.CDOUBLE < dtt2.CDECIMAL18 ;
cidx	CDOUBLE	CDECIMAL18
1	-1.797693231e108	-9999999999999
2	-1.79769323e108	-9999999999998
3	-1.797693229e108	-9999999999997
4	-1.797693228e108	-9999999999996
5	-1.797693227e108	-9999999999995
select dtt1.cidx, dtt1.CDOUBLE, dtt2.CDECIMAL18 from datatypetestm1 dtt1, datatypetestm2 dtt2 where dtt1.cidx = dtt2.cidx and dtt1.CDOUBLE <= dtt2.CDECIMAL18 ;
cidx	CDOUBLE	CDECIMAL18
1	-1.797693231e108	-9999999999999
2	-1.79769323e108	-9999999999998
3	-1.797693229e108	-9999999999997
4	-1.797693228e108	-9999999999996
5	-1.797693227e108	-9999999999995
11	0	0
