USE autopilot;
select dtt1.cidx, dtt1.CDECIMAL9, dtt2.CCHAR1 from datatypetestm1 dtt1, datatypetestm2 dtt2 where dtt1.cidx = dtt2.cidx and dtt1.CDECIMAL9 > dtt2.CCHAR1 ;
cidx	CDECIMAL9	CCHAR1
6	999995	z
7	999996	z
8	999997	z
9	999998	z
10	999999	z
select dtt1.cidx, dtt1.CDECIMAL9, dtt2.CCHAR1 from datatypetestm1 dtt1, datatypetestm2 dtt2 where dtt1.cidx = dtt2.cidx and dtt1.CDECIMAL9 >= dtt2.CCHAR1 ;
cidx	CDECIMAL9	CCHAR1
6	999995	z
7	999996	z
8	999997	z
9	999998	z
10	999999	z
select dtt1.cidx, dtt1.CDECIMAL9, dtt2.CCHAR1 from datatypetestm1 dtt1, datatypetestm2 dtt2 where dtt1.cidx = dtt2.cidx and dtt1.CDECIMAL9 <> dtt2.CCHAR1 ;
cidx	CDECIMAL9	CCHAR1
1	-999999	a
2	-999998	a
3	-999997	a
4	-999996	a
5	-999995	a
6	999995	z
7	999996	z
8	999997	z
9	999998	z
10	999999	z
select dtt1.cidx, dtt1.CDECIMAL9, dtt2.CCHAR1 from datatypetestm1 dtt1, datatypetestm2 dtt2 where dtt1.cidx = dtt2.cidx and dtt1.CDECIMAL9 < dtt2.CCHAR1 ;
cidx	CDECIMAL9	CCHAR1
1	-999999	a
2	-999998	a
3	-999997	a
4	-999996	a
5	-999995	a
select dtt1.cidx, dtt1.CDECIMAL9, dtt2.CCHAR1 from datatypetestm1 dtt1, datatypetestm2 dtt2 where dtt1.cidx = dtt2.cidx and dtt1.CDECIMAL9 <= dtt2.CCHAR1 ;
cidx	CDECIMAL9	CCHAR1
1	-999999	a
2	-999998	a
3	-999997	a
4	-999996	a
5	-999995	a
