USE autopilot;
select dtt1.cidx, dtt1.CDECIMAL9, dtt2.CVCHAR4 from datatypetestm1 dtt1, datatypetestm2 dtt2 where dtt1.cidx = dtt2.cidx and dtt1.CDECIMAL9 > dtt2.CVCHAR4 ;
cidx	CDECIMAL9	CVCHAR4
6	999995	wwww
7	999996	wwww
8	999997	wwww
9	999998	wwww
10	999999	zzzz
select dtt1.cidx, dtt1.CDECIMAL9, dtt2.CVCHAR4 from datatypetestm1 dtt1, datatypetestm2 dtt2 where dtt1.cidx = dtt2.cidx and dtt1.CDECIMAL9 >= dtt2.CVCHAR4 ;
cidx	CDECIMAL9	CVCHAR4
6	999995	wwww
7	999996	wwww
8	999997	wwww
9	999998	wwww
10	999999	zzzz
select dtt1.cidx, dtt1.CDECIMAL9, dtt2.CVCHAR4 from datatypetestm1 dtt1, datatypetestm2 dtt2 where dtt1.cidx = dtt2.cidx and dtt1.CDECIMAL9 <> dtt2.CVCHAR4 ;
cidx	CDECIMAL9	CVCHAR4
1	-999999	aaaa
2	-999998	d
3	-999997	dd
4	-999996	ddd
5	-999995	dddd
6	999995	wwww
7	999996	wwww
8	999997	wwww
9	999998	wwww
10	999999	zzzz
select dtt1.cidx, dtt1.CDECIMAL9, dtt2.CVCHAR4 from datatypetestm1 dtt1, datatypetestm2 dtt2 where dtt1.cidx = dtt2.cidx and dtt1.CDECIMAL9 < dtt2.CVCHAR4 ;
cidx	CDECIMAL9	CVCHAR4
1	-999999	aaaa
2	-999998	d
3	-999997	dd
4	-999996	ddd
5	-999995	dddd
select dtt1.cidx, dtt1.CDECIMAL9, dtt2.CVCHAR4 from datatypetestm1 dtt1, datatypetestm2 dtt2 where dtt1.cidx = dtt2.cidx and dtt1.CDECIMAL9 <= dtt2.CVCHAR4 ;
cidx	CDECIMAL9	CVCHAR4
1	-999999	aaaa
2	-999998	d
3	-999997	dd
4	-999996	ddd
5	-999995	dddd
