USE autopilot;
select dtt1.cidx, dtt1.CVCHAR3, dtt2.CVCHAR255 from datatypetestm1 dtt1, datatypetestm2 dtt2 where dtt1.cidx = dtt2.cidx and dtt1.CVCHAR3 > dtt2.CVCHAR255 ;
cidx	CVCHAR3	CVCHAR255
6	xxx	qqqqqqq
7	xxx	qqqqqqqq
8	xxx	qqqqqqqqq
9	xxx	qqqqqqqqqq
select dtt1.cidx, dtt1.CVCHAR3, dtt2.CVCHAR255 from datatypetestm1 dtt1, datatypetestm2 dtt2 where dtt1.cidx = dtt2.cidx and dtt1.CVCHAR3 >= dtt2.CVCHAR255 ;
cidx	CVCHAR3	CVCHAR255
6	xxx	qqqqqqq
7	xxx	qqqqqqqq
8	xxx	qqqqqqqqq
9	xxx	qqqqqqqqqq
select dtt1.cidx, dtt1.CVCHAR3, dtt2.CVCHAR255 from datatypetestm1 dtt1, datatypetestm2 dtt2 where dtt1.cidx = dtt2.cidx and dtt1.CVCHAR3 <> dtt2.CVCHAR255 ;
cidx	CVCHAR3	CVCHAR255
1	aaa	aaaaaaaaaa
2	c	j
3	cc	jj
4	ccc	jjj
5	ccc	jjjj
6	xxx	qqqqqqq
7	xxx	qqqqqqqq
8	xxx	qqqqqqqqq
9	xxx	qqqqqqqqqq
10	zzz	zzzzzzzzzz
select dtt1.cidx, dtt1.CVCHAR3, dtt2.CVCHAR255 from datatypetestm1 dtt1, datatypetestm2 dtt2 where dtt1.cidx = dtt2.cidx and dtt1.CVCHAR3 < dtt2.CVCHAR255 ;
cidx	CVCHAR3	CVCHAR255
1	aaa	aaaaaaaaaa
2	c	j
3	cc	jj
4	ccc	jjj
5	ccc	jjjj
10	zzz	zzzzzzzzzz
select dtt1.cidx, dtt1.CVCHAR3, dtt2.CVCHAR255 from datatypetestm1 dtt1, datatypetestm2 dtt2 where dtt1.cidx = dtt2.cidx and dtt1.CVCHAR3 <= dtt2.CVCHAR255 ;
cidx	CVCHAR3	CVCHAR255
1	aaa	aaaaaaaaaa
2	c	j
3	cc	jj
4	ccc	jjj
5	ccc	jjjj
10	zzz	zzzzzzzzzz
