USE autopilot;
select dtt1.cidx, dtt1.CTIMESTAMP, dtt2.CDECIMAL10 from datatypetestm1 dtt1, datatypetestm2 dtt2 where dtt1.cidx = dtt2.cidx and dtt1.CTIMESTAMP > dtt2.CDECIMAL10 ;
cidx	CTIMESTAMP	CDECIMAL10
1	2020-08-13 03:14:07	-9999999
2	2020-08-13 03:14:07	-9999998
3	2020-08-13 03:14:07	-9999997
4	2020-08-13 03:14:07	-9999996
5	2020-08-13 03:14:07	-9999995
6	2020-08-13 03:14:07	9999995
7	2020-08-13 03:14:07	9999996
8	2020-08-13 03:14:07	9999997
9	2020-08-13 03:14:07	9999998
10	2020-08-13 03:14:07	9999999
11	2020-08-13 03:14:07	0
select dtt1.cidx, dtt1.CTIMESTAMP, dtt2.CDECIMAL10 from datatypetestm1 dtt1, datatypetestm2 dtt2 where dtt1.cidx = dtt2.cidx and dtt1.CTIMESTAMP >= dtt2.CDECIMAL10 ;
cidx	CTIMESTAMP	CDECIMAL10
1	2020-08-13 03:14:07	-9999999
2	2020-08-13 03:14:07	-9999998
3	2020-08-13 03:14:07	-9999997
4	2020-08-13 03:14:07	-9999996
5	2020-08-13 03:14:07	-9999995
6	2020-08-13 03:14:07	9999995
7	2020-08-13 03:14:07	9999996
8	2020-08-13 03:14:07	9999997
9	2020-08-13 03:14:07	9999998
10	2020-08-13 03:14:07	9999999
11	2020-08-13 03:14:07	0
select dtt1.cidx, dtt1.CTIMESTAMP, dtt2.CDECIMAL10 from datatypetestm1 dtt1, datatypetestm2 dtt2 where dtt1.cidx = dtt2.cidx and dtt1.CTIMESTAMP <> dtt2.CDECIMAL10 ;
cidx	CTIMESTAMP	CDECIMAL10
1	2020-08-13 03:14:07	-9999999
2	2020-08-13 03:14:07	-9999998
3	2020-08-13 03:14:07	-9999997
4	2020-08-13 03:14:07	-9999996
5	2020-08-13 03:14:07	-9999995
6	2020-08-13 03:14:07	9999995
7	2020-08-13 03:14:07	9999996
8	2020-08-13 03:14:07	9999997
9	2020-08-13 03:14:07	9999998
10	2020-08-13 03:14:07	9999999
11	2020-08-13 03:14:07	0
select dtt1.cidx, dtt1.CTIMESTAMP, dtt2.CDECIMAL10 from datatypetestm1 dtt1, datatypetestm2 dtt2 where dtt1.cidx = dtt2.cidx and dtt1.CTIMESTAMP < dtt2.CDECIMAL10 ;
cidx	CTIMESTAMP	CDECIMAL10
select dtt1.cidx, dtt1.CTIMESTAMP, dtt2.CDECIMAL10 from datatypetestm1 dtt1, datatypetestm2 dtt2 where dtt1.cidx = dtt2.cidx and dtt1.CTIMESTAMP <= dtt2.CDECIMAL10 ;
cidx	CTIMESTAMP	CDECIMAL10
