USE autopilot;
select dtt1.cidx, dtt1.CFLOAT, dtt2.CCHAR3 from datatypetestm1 dtt1, datatypetestm2 dtt2 where dtt1.cidx = dtt2.cidx and dtt1.CFLOAT > dtt2.CCHAR3 ;
cidx	CFLOAT	CCHAR3
6	3.40286e18	xxx
7	3.40286e18	xxx
8	3.40286e18	xxx
9	3.40287e18	xxx
10	3.40287e18	zzz
select dtt1.cidx, dtt1.CFLOAT, dtt2.CCHAR3 from datatypetestm1 dtt1, datatypetestm2 dtt2 where dtt1.cidx = dtt2.cidx and dtt1.CFLOAT >= dtt2.CCHAR3 ;
cidx	CFLOAT	CCHAR3
6	3.40286e18	xxx
7	3.40286e18	xxx
8	3.40286e18	xxx
9	3.40287e18	xxx
10	3.40287e18	zzz
select dtt1.cidx, dtt1.CFLOAT, dtt2.CCHAR3 from datatypetestm1 dtt1, datatypetestm2 dtt2 where dtt1.cidx = dtt2.cidx and dtt1.CFLOAT <> dtt2.CCHAR3 ;
cidx	CFLOAT	CCHAR3
1	-3.40287e18	aaa
2	-3.40287e18	c
3	-3.40286e18	cc
4	-3.40286e18	ccc
5	-3.40286e18	ccc
6	3.40286e18	xxx
7	3.40286e18	xxx
8	3.40286e18	xxx
9	3.40287e18	xxx
10	3.40287e18	zzz
select dtt1.cidx, dtt1.CFLOAT, dtt2.CCHAR3 from datatypetestm1 dtt1, datatypetestm2 dtt2 where dtt1.cidx = dtt2.cidx and dtt1.CFLOAT < dtt2.CCHAR3 ;
cidx	CFLOAT	CCHAR3
1	-3.40287e18	aaa
2	-3.40287e18	c
3	-3.40286e18	cc
4	-3.40286e18	ccc
5	-3.40286e18	ccc
select dtt1.cidx, dtt1.CFLOAT, dtt2.CCHAR3 from datatypetestm1 dtt1, datatypetestm2 dtt2 where dtt1.cidx = dtt2.cidx and dtt1.CFLOAT <= dtt2.CCHAR3 ;
cidx	CFLOAT	CCHAR3
1	-3.40287e18	aaa
2	-3.40287e18	c
3	-3.40286e18	cc
4	-3.40286e18	ccc
5	-3.40286e18	ccc
