USE autopilot;
select dtt1.cidx, dtt1.CVCHAR255, dtt2.CMEDIUMTEXT from datatypetestm1 dtt1, datatypetestm2 dtt2 where dtt1.cidx = dtt2.cidx and dtt1.CVCHAR255 > dtt2.CMEDIUMTEXT ;
cidx	CVCHAR255	CMEDIUMTEXT
6	qqqqqqq	mediumtestmediumtest
7	qqqqqqqq	mediumtestmediumtest
8	qqqqqqqqq	mediumtestmediumtest
9	qqqqqqqqqq	mediumtestmediumtest
10	zzzzzzzzzz	mediumtestmediumtest
select dtt1.cidx, dtt1.CVCHAR255, dtt2.CMEDIUMTEXT from datatypetestm1 dtt1, datatypetestm2 dtt2 where dtt1.cidx = dtt2.cidx and dtt1.CVCHAR255 >= dtt2.CMEDIUMTEXT ;
cidx	CVCHAR255	CMEDIUMTEXT
6	qqqqqqq	mediumtestmediumtest
7	qqqqqqqq	mediumtestmediumtest
8	qqqqqqqqq	mediumtestmediumtest
9	qqqqqqqqqq	mediumtestmediumtest
10	zzzzzzzzzz	mediumtestmediumtest
select dtt1.cidx, dtt1.CVCHAR255, dtt2.CMEDIUMTEXT from datatypetestm1 dtt1, datatypetestm2 dtt2 where dtt1.cidx = dtt2.cidx and dtt1.CVCHAR255 <> dtt2.CMEDIUMTEXT ;
cidx	CVCHAR255	CMEDIUMTEXT
1	aaaaaaaaaa	mediumtestmediumtest
2	j	mediumtestmediumtest
3	jj	mediumtestmediumtest
4	jjj	mediumtestmediumtest
5	jjjj	mediumtestmediumtest
6	qqqqqqq	mediumtestmediumtest
7	qqqqqqqq	mediumtestmediumtest
8	qqqqqqqqq	mediumtestmediumtest
9	qqqqqqqqqq	mediumtestmediumtest
10	zzzzzzzzzz	mediumtestmediumtest
select dtt1.cidx, dtt1.CVCHAR255, dtt2.CMEDIUMTEXT from datatypetestm1 dtt1, datatypetestm2 dtt2 where dtt1.cidx = dtt2.cidx and dtt1.CVCHAR255 < dtt2.CMEDIUMTEXT ;
cidx	CVCHAR255	CMEDIUMTEXT
1	aaaaaaaaaa	mediumtestmediumtest
2	j	mediumtestmediumtest
3	jj	mediumtestmediumtest
4	jjj	mediumtestmediumtest
5	jjjj	mediumtestmediumtest
select dtt1.cidx, dtt1.CVCHAR255, dtt2.CMEDIUMTEXT from datatypetestm1 dtt1, datatypetestm2 dtt2 where dtt1.cidx = dtt2.cidx and dtt1.CVCHAR255 <= dtt2.CMEDIUMTEXT ;
cidx	CVCHAR255	CMEDIUMTEXT
1	aaaaaaaaaa	mediumtestmediumtest
2	j	mediumtestmediumtest
3	jj	mediumtestmediumtest
4	jjj	mediumtestmediumtest
5	jjjj	mediumtestmediumtest
