USE autopilot;
select dtt1.cidx, dtt1.CDECIMAL18, dtt2.CTIME from datatypetestm1 dtt1, datatypetestm2 dtt2 where dtt1.cidx = dtt2.cidx and dtt1.CDECIMAL18 > dtt2.CTIME ;
cidx	CDECIMAL18	CTIME
select dtt1.cidx, dtt1.CDECIMAL18, dtt2.CTIME from datatypetestm1 dtt1, datatypetestm2 dtt2 where dtt1.cidx = dtt2.cidx and dtt1.CDECIMAL18 >= dtt2.CTIME ;
cidx	CDECIMAL18	CTIME
select dtt1.cidx, dtt1.CDECIMAL18, dtt2.CTIME from datatypetestm1 dtt1, datatypetestm2 dtt2 where dtt1.cidx = dtt2.cidx and dtt1.CDECIMAL18 <> dtt2.CTIME ;
cidx	CDECIMAL18	CTIME
1	-9999999999999	11:58:28
2	-9999999999998	11:58:28
3	-9999999999997	11:58:28
4	-9999999999996	11:58:28
5	-9999999999995	11:58:28
6	9999999999995	11:58:28
7	9999999999996	11:58:28
8	9999999999997	11:58:28
9	9999999999998	11:58:28
10	9999999999999	11:58:28
11	0	11:58:28
select dtt1.cidx, dtt1.CDECIMAL18, dtt2.CTIME from datatypetestm1 dtt1, datatypetestm2 dtt2 where dtt1.cidx = dtt2.cidx and dtt1.CDECIMAL18 < dtt2.CTIME ;
cidx	CDECIMAL18	CTIME
1	-9999999999999	11:58:28
2	-9999999999998	11:58:28
3	-9999999999997	11:58:28
4	-9999999999996	11:58:28
5	-9999999999995	11:58:28
6	9999999999995	11:58:28
7	9999999999996	11:58:28
8	9999999999997	11:58:28
9	9999999999998	11:58:28
10	9999999999999	11:58:28
11	0	11:58:28
select dtt1.cidx, dtt1.CDECIMAL18, dtt2.CTIME from datatypetestm1 dtt1, datatypetestm2 dtt2 where dtt1.cidx = dtt2.cidx and dtt1.CDECIMAL18 <= dtt2.CTIME ;
cidx	CDECIMAL18	CTIME
1	-9999999999999	11:58:28
2	-9999999999998	11:58:28
3	-9999999999997	11:58:28
4	-9999999999996	11:58:28
5	-9999999999995	11:58:28
6	9999999999995	11:58:28
7	9999999999996	11:58:28
8	9999999999997	11:58:28
9	9999999999998	11:58:28
10	9999999999999	11:58:28
11	0	11:58:28
