USE autopilot;
select dtt1.cidx, dtt1.CDECIMAL10, dtt2.CTEXT from datatypetestm1 dtt1, datatypetestm2 dtt2 where dtt1.cidx = dtt2.cidx and dtt1.CDECIMAL10 > dtt2.CTEXT ;
cidx	CDECIMAL10	CTEXT
6	9999995	texttexttext
7	9999996	texttexttext
8	9999997	texttexttext
9	9999998	texttexttext
10	9999999	texttexttext
select dtt1.cidx, dtt1.CDECIMAL10, dtt2.CTEXT from datatypetestm1 dtt1, datatypetestm2 dtt2 where dtt1.cidx = dtt2.cidx and dtt1.CDECIMAL10 >= dtt2.CTEXT ;
cidx	CDECIMAL10	CTEXT
6	9999995	texttexttext
7	9999996	texttexttext
8	9999997	texttexttext
9	9999998	texttexttext
10	9999999	texttexttext
select dtt1.cidx, dtt1.CDECIMAL10, dtt2.CTEXT from datatypetestm1 dtt1, datatypetestm2 dtt2 where dtt1.cidx = dtt2.cidx and dtt1.CDECIMAL10 <> dtt2.CTEXT ;
cidx	CDECIMAL10	CTEXT
1	-9999999	texttexttext
2	-9999998	texttexttext
3	-9999997	texttexttext
4	-9999996	texttexttext
5	-9999995	texttexttext
6	9999995	texttexttext
7	9999996	texttexttext
8	9999997	texttexttext
9	9999998	texttexttext
10	9999999	texttexttext
select dtt1.cidx, dtt1.CDECIMAL10, dtt2.CTEXT from datatypetestm1 dtt1, datatypetestm2 dtt2 where dtt1.cidx = dtt2.cidx and dtt1.CDECIMAL10 < dtt2.CTEXT ;
cidx	CDECIMAL10	CTEXT
1	-9999999	texttexttext
2	-9999998	texttexttext
3	-9999997	texttexttext
4	-9999996	texttexttext
5	-9999995	texttexttext
select dtt1.cidx, dtt1.CDECIMAL10, dtt2.CTEXT from datatypetestm1 dtt1, datatypetestm2 dtt2 where dtt1.cidx = dtt2.cidx and dtt1.CDECIMAL10 <= dtt2.CTEXT ;
cidx	CDECIMAL10	CTEXT
1	-9999999	texttexttext
2	-9999998	texttexttext
3	-9999997	texttexttext
4	-9999996	texttexttext
5	-9999995	texttexttext
