USE autopilot;
select dtt1.cidx, dtt1.CDECIMAL9_2, dtt2.CSMALLINT from datatypetestm1 dtt1, datatypetestm2 dtt2 where dtt1.cidx = dtt2.cidx and dtt1.CDECIMAL9_2 > dtt2.CSMALLINT ;
cidx	CDECIMAL9_2	CSMALLINT
6	9999.95	763
7	9999.96	764
8	9999.97	765
9	9999.98	766
10	9999.99	767
select dtt1.cidx, dtt1.CDECIMAL9_2, dtt2.CSMALLINT from datatypetestm1 dtt1, datatypetestm2 dtt2 where dtt1.cidx = dtt2.cidx and dtt1.CDECIMAL9_2 >= dtt2.CSMALLINT ;
cidx	CDECIMAL9_2	CSMALLINT
6	9999.95	763
7	9999.96	764
8	9999.97	765
9	9999.98	766
10	9999.99	767
11	0.00	0
select dtt1.cidx, dtt1.CDECIMAL9_2, dtt2.CSMALLINT from datatypetestm1 dtt1, datatypetestm2 dtt2 where dtt1.cidx = dtt2.cidx and dtt1.CDECIMAL9_2 <> dtt2.CSMALLINT ;
cidx	CDECIMAL9_2	CSMALLINT
1	-9999.99	-766
2	-9999.98	-765
3	-9999.97	-764
4	-9999.96	-763
5	-9999.95	-762
6	9999.95	763
7	9999.96	764
8	9999.97	765
9	9999.98	766
10	9999.99	767
select dtt1.cidx, dtt1.CDECIMAL9_2, dtt2.CSMALLINT from datatypetestm1 dtt1, datatypetestm2 dtt2 where dtt1.cidx = dtt2.cidx and dtt1.CDECIMAL9_2 < dtt2.CSMALLINT ;
cidx	CDECIMAL9_2	CSMALLINT
1	-9999.99	-766
2	-9999.98	-765
3	-9999.97	-764
4	-9999.96	-763
5	-9999.95	-762
select dtt1.cidx, dtt1.CDECIMAL9_2, dtt2.CSMALLINT from datatypetestm1 dtt1, datatypetestm2 dtt2 where dtt1.cidx = dtt2.cidx and dtt1.CDECIMAL9_2 <= dtt2.CSMALLINT ;
cidx	CDECIMAL9_2	CSMALLINT
1	-9999.99	-766
2	-9999.98	-765
3	-9999.97	-764
4	-9999.96	-763
5	-9999.95	-762
11	0.00	0
