USE autopilot;
select dtt1.cidx, dtt1.CDOUBLE, dtt2.CTINYTEXT from datatypetestm1 dtt1, datatypetestm2 dtt2 where dtt1.cidx = dtt2.cidx and dtt1.CDOUBLE > dtt2.CTINYTEXT ;
cidx	CDOUBLE	CTINYTEXT
6	1.797693227e108	tinytext
7	1.797693228e108	tinytext
8	1.797693229e108	tinytext
9	1.79769323e108	tinytext
10	1.797693231e108	tinytext
select dtt1.cidx, dtt1.CDOUBLE, dtt2.CTINYTEXT from datatypetestm1 dtt1, datatypetestm2 dtt2 where dtt1.cidx = dtt2.cidx and dtt1.CDOUBLE >= dtt2.CTINYTEXT ;
cidx	CDOUBLE	CTINYTEXT
6	1.797693227e108	tinytext
7	1.797693228e108	tinytext
8	1.797693229e108	tinytext
9	1.79769323e108	tinytext
10	1.797693231e108	tinytext
select dtt1.cidx, dtt1.CDOUBLE, dtt2.CTINYTEXT from datatypetestm1 dtt1, datatypetestm2 dtt2 where dtt1.cidx = dtt2.cidx and dtt1.CDOUBLE <> dtt2.CTINYTEXT ;
cidx	CDOUBLE	CTINYTEXT
1	-1.797693231e108	tinytext
2	-1.79769323e108	tinytext
3	-1.797693229e108	tinytext
4	-1.797693228e108	tinytext
5	-1.797693227e108	tinytext
6	1.797693227e108	tinytext
7	1.797693228e108	tinytext
8	1.797693229e108	tinytext
9	1.79769323e108	tinytext
10	1.797693231e108	tinytext
select dtt1.cidx, dtt1.CDOUBLE, dtt2.CTINYTEXT from datatypetestm1 dtt1, datatypetestm2 dtt2 where dtt1.cidx = dtt2.cidx and dtt1.CDOUBLE < dtt2.CTINYTEXT ;
cidx	CDOUBLE	CTINYTEXT
1	-1.797693231e108	tinytext
2	-1.79769323e108	tinytext
3	-1.797693229e108	tinytext
4	-1.797693228e108	tinytext
5	-1.797693227e108	tinytext
select dtt1.cidx, dtt1.CDOUBLE, dtt2.CTINYTEXT from datatypetestm1 dtt1, datatypetestm2 dtt2 where dtt1.cidx = dtt2.cidx and dtt1.CDOUBLE <= dtt2.CTINYTEXT ;
cidx	CDOUBLE	CTINYTEXT
1	-1.797693231e108	tinytext
2	-1.79769323e108	tinytext
3	-1.797693229e108	tinytext
4	-1.797693228e108	tinytext
5	-1.797693227e108	tinytext
