USE autopilot;
select dtt1.cidx, dtt1.CSMALLINT, dtt2.CDECIMAL18_2 from datatypetestm1 dtt1, datatypetestm2 dtt2 where dtt1.cidx = dtt2.cidx and dtt1.CSMALLINT > dtt2.CDECIMAL18_2 ;
cidx	CSMALLINT	CDECIMAL18_2
1	-766	-99999999999.99
2	-765	-99999999999.98
3	-764	-99999999999.97
4	-763	-99999999999.96
5	-762	-99999999999.95
select dtt1.cidx, dtt1.CSMALLINT, dtt2.CDECIMAL18_2 from datatypetestm1 dtt1, datatypetestm2 dtt2 where dtt1.cidx = dtt2.cidx and dtt1.CSMALLINT >= dtt2.CDECIMAL18_2 ;
cidx	CSMALLINT	CDECIMAL18_2
1	-766	-99999999999.99
2	-765	-99999999999.98
3	-764	-99999999999.97
4	-763	-99999999999.96
5	-762	-99999999999.95
11	0	0.00
select dtt1.cidx, dtt1.CSMALLINT, dtt2.CDECIMAL18_2 from datatypetestm1 dtt1, datatypetestm2 dtt2 where dtt1.cidx = dtt2.cidx and dtt1.CSMALLINT <> dtt2.CDECIMAL18_2 ;
cidx	CSMALLINT	CDECIMAL18_2
1	-766	-99999999999.99
2	-765	-99999999999.98
3	-764	-99999999999.97
4	-763	-99999999999.96
5	-762	-99999999999.95
6	763	99999999999.95
7	764	99999999999.96
8	765	99999999999.97
9	766	99999999999.98
10	767	99999999999.99
select dtt1.cidx, dtt1.CSMALLINT, dtt2.CDECIMAL18_2 from datatypetestm1 dtt1, datatypetestm2 dtt2 where dtt1.cidx = dtt2.cidx and dtt1.CSMALLINT < dtt2.CDECIMAL18_2 ;
cidx	CSMALLINT	CDECIMAL18_2
6	763	99999999999.95
7	764	99999999999.96
8	765	99999999999.97
9	766	99999999999.98
10	767	99999999999.99
select dtt1.cidx, dtt1.CSMALLINT, dtt2.CDECIMAL18_2 from datatypetestm1 dtt1, datatypetestm2 dtt2 where dtt1.cidx = dtt2.cidx and dtt1.CSMALLINT <= dtt2.CDECIMAL18_2 ;
cidx	CSMALLINT	CDECIMAL18_2
6	763	99999999999.95
7	764	99999999999.96
8	765	99999999999.97
9	766	99999999999.98
10	767	99999999999.99
11	0	0.00
