USE autopilot;
select dtt1.cidx, dtt1.CTINYTEXT, dtt2.CSMALLINT from datatypetestm1 dtt1, datatypetestm2 dtt2 where dtt1.cidx = dtt2.cidx and dtt1.CTINYTEXT > dtt2.CSMALLINT ;
cidx	CTINYTEXT	CSMALLINT
1	tinytext	-766
2	tinytext	-765
3	tinytext	-764
4	tinytext	-763
5	tinytext	-762
select dtt1.cidx, dtt1.CTINYTEXT, dtt2.CSMALLINT from datatypetestm1 dtt1, datatypetestm2 dtt2 where dtt1.cidx = dtt2.cidx and dtt1.CTINYTEXT >= dtt2.CSMALLINT ;
cidx	CTINYTEXT	CSMALLINT
1	tinytext	-766
2	tinytext	-765
3	tinytext	-764
4	tinytext	-763
5	tinytext	-762
select dtt1.cidx, dtt1.CTINYTEXT, dtt2.CSMALLINT from datatypetestm1 dtt1, datatypetestm2 dtt2 where dtt1.cidx = dtt2.cidx and dtt1.CTINYTEXT <> dtt2.CSMALLINT ;
cidx	CTINYTEXT	CSMALLINT
1	tinytext	-766
2	tinytext	-765
3	tinytext	-764
4	tinytext	-763
5	tinytext	-762
6	tinytext	763
7	tinytext	764
8	tinytext	765
9	tinytext	766
10	tinytext	767
select dtt1.cidx, dtt1.CTINYTEXT, dtt2.CSMALLINT from datatypetestm1 dtt1, datatypetestm2 dtt2 where dtt1.cidx = dtt2.cidx and dtt1.CTINYTEXT < dtt2.CSMALLINT ;
cidx	CTINYTEXT	CSMALLINT
6	tinytext	763
7	tinytext	764
8	tinytext	765
9	tinytext	766
10	tinytext	767
select dtt1.cidx, dtt1.CTINYTEXT, dtt2.CSMALLINT from datatypetestm1 dtt1, datatypetestm2 dtt2 where dtt1.cidx = dtt2.cidx and dtt1.CTINYTEXT <= dtt2.CSMALLINT ;
cidx	CTINYTEXT	CSMALLINT
6	tinytext	763
7	tinytext	764
8	tinytext	765
9	tinytext	766
10	tinytext	767
