USE autopilot;
select dtt1.cidx, dtt1.CMEDIUMINT, dtt2.CDECIMAL4 from datatypetestm1 dtt1, datatypetestm2 dtt2 where dtt1.cidx = dtt2.cidx and dtt1.CMEDIUMINT > dtt2.CDECIMAL4 ;
cidx	CMEDIUMINT	CDECIMAL4
1	1000	-999
2	1000	-998
3	1000	-997
4	1000	-996
5	1000	-995
6	1000	995
7	1000	996
8	1000	997
9	1000	998
10	1000	999
select dtt1.cidx, dtt1.CMEDIUMINT, dtt2.CDECIMAL4 from datatypetestm1 dtt1, datatypetestm2 dtt2 where dtt1.cidx = dtt2.cidx and dtt1.CMEDIUMINT >= dtt2.CDECIMAL4 ;
cidx	CMEDIUMINT	CDECIMAL4
1	1000	-999
2	1000	-998
3	1000	-997
4	1000	-996
5	1000	-995
6	1000	995
7	1000	996
8	1000	997
9	1000	998
10	1000	999
select dtt1.cidx, dtt1.CMEDIUMINT, dtt2.CDECIMAL4 from datatypetestm1 dtt1, datatypetestm2 dtt2 where dtt1.cidx = dtt2.cidx and dtt1.CMEDIUMINT <> dtt2.CDECIMAL4 ;
cidx	CMEDIUMINT	CDECIMAL4
1	1000	-999
2	1000	-998
3	1000	-997
4	1000	-996
5	1000	-995
6	1000	995
7	1000	996
8	1000	997
9	1000	998
10	1000	999
select dtt1.cidx, dtt1.CMEDIUMINT, dtt2.CDECIMAL4 from datatypetestm1 dtt1, datatypetestm2 dtt2 where dtt1.cidx = dtt2.cidx and dtt1.CMEDIUMINT < dtt2.CDECIMAL4 ;
cidx	CMEDIUMINT	CDECIMAL4
select dtt1.cidx, dtt1.CMEDIUMINT, dtt2.CDECIMAL4 from datatypetestm1 dtt1, datatypetestm2 dtt2 where dtt1.cidx = dtt2.cidx and dtt1.CMEDIUMINT <= dtt2.CDECIMAL4 ;
cidx	CMEDIUMINT	CDECIMAL4
