USE autopilot;
select dtt1.cidx, dtt1.CMEDIUMINT, dtt2.CTINYINT from datatypetestm1 dtt1, datatypetestm2 dtt2 where dtt1.cidx = dtt2.cidx and dtt1.CMEDIUMINT > dtt2.CTINYINT ;
cidx	CMEDIUMINT	CTINYINT
1	1000	-26
2	1000	-25
3	1000	-24
4	1000	-23
5	1000	-22
6	1000	23
7	1000	24
8	1000	25
9	1000	26
10	1000	27
select dtt1.cidx, dtt1.CMEDIUMINT, dtt2.CTINYINT from datatypetestm1 dtt1, datatypetestm2 dtt2 where dtt1.cidx = dtt2.cidx and dtt1.CMEDIUMINT >= dtt2.CTINYINT ;
cidx	CMEDIUMINT	CTINYINT
1	1000	-26
2	1000	-25
3	1000	-24
4	1000	-23
5	1000	-22
6	1000	23
7	1000	24
8	1000	25
9	1000	26
10	1000	27
select dtt1.cidx, dtt1.CMEDIUMINT, dtt2.CTINYINT from datatypetestm1 dtt1, datatypetestm2 dtt2 where dtt1.cidx = dtt2.cidx and dtt1.CMEDIUMINT <> dtt2.CTINYINT ;
cidx	CMEDIUMINT	CTINYINT
1	1000	-26
2	1000	-25
3	1000	-24
4	1000	-23
5	1000	-22
6	1000	23
7	1000	24
8	1000	25
9	1000	26
10	1000	27
select dtt1.cidx, dtt1.CMEDIUMINT, dtt2.CTINYINT from datatypetestm1 dtt1, datatypetestm2 dtt2 where dtt1.cidx = dtt2.cidx and dtt1.CMEDIUMINT < dtt2.CTINYINT ;
cidx	CMEDIUMINT	CTINYINT
select dtt1.cidx, dtt1.CMEDIUMINT, dtt2.CTINYINT from datatypetestm1 dtt1, datatypetestm2 dtt2 where dtt1.cidx = dtt2.cidx and dtt1.CMEDIUMINT <= dtt2.CTINYINT ;
cidx	CMEDIUMINT	CTINYINT
