USE autopilot;
select dtt1.cidx, dtt1.CFLOAT, dtt2.CSMALLINT from datatypetestm1 dtt1, datatypetestm2 dtt2 where dtt1.cidx = dtt2.cidx and dtt1.CFLOAT > dtt2.CSMALLINT ;
cidx	CFLOAT	CSMALLINT
6	3.40286e18	763
7	3.40286e18	764
8	3.40286e18	765
9	3.40287e18	766
10	3.40287e18	767
select dtt1.cidx, dtt1.CFLOAT, dtt2.CSMALLINT from datatypetestm1 dtt1, datatypetestm2 dtt2 where dtt1.cidx = dtt2.cidx and dtt1.CFLOAT >= dtt2.CSMALLINT ;
cidx	CFLOAT	CSMALLINT
6	3.40286e18	763
7	3.40286e18	764
8	3.40286e18	765
9	3.40287e18	766
10	3.40287e18	767
11	0	0
select dtt1.cidx, dtt1.CFLOAT, dtt2.CSMALLINT from datatypetestm1 dtt1, datatypetestm2 dtt2 where dtt1.cidx = dtt2.cidx and dtt1.CFLOAT <> dtt2.CSMALLINT ;
cidx	CFLOAT	CSMALLINT
1	-3.40287e18	-766
2	-3.40287e18	-765
3	-3.40286e18	-764
4	-3.40286e18	-763
5	-3.40286e18	-762
6	3.40286e18	763
7	3.40286e18	764
8	3.40286e18	765
9	3.40287e18	766
10	3.40287e18	767
select dtt1.cidx, dtt1.CFLOAT, dtt2.CSMALLINT from datatypetestm1 dtt1, datatypetestm2 dtt2 where dtt1.cidx = dtt2.cidx and dtt1.CFLOAT < dtt2.CSMALLINT ;
cidx	CFLOAT	CSMALLINT
1	-3.40287e18	-766
2	-3.40287e18	-765
3	-3.40286e18	-764
4	-3.40286e18	-763
5	-3.40286e18	-762
select dtt1.cidx, dtt1.CFLOAT, dtt2.CSMALLINT from datatypetestm1 dtt1, datatypetestm2 dtt2 where dtt1.cidx = dtt2.cidx and dtt1.CFLOAT <= dtt2.CSMALLINT ;
cidx	CFLOAT	CSMALLINT
1	-3.40287e18	-766
2	-3.40287e18	-765
3	-3.40286e18	-764
4	-3.40286e18	-763
5	-3.40286e18	-762
11	0	0
