USE autopilot;
select dtt1.cidx, dtt1.CTINYINT, dtt2.CVCHAR2 from datatypetestm1 dtt1, datatypetestm2 dtt2 where dtt1.cidx = dtt2.cidx and dtt1.CTINYINT > dtt2.CVCHAR2 ;
cidx	CTINYINT	CVCHAR2
6	23	yy
7	24	yy
8	25	yy
9	26	yy
10	27	zz
select dtt1.cidx, dtt1.CTINYINT, dtt2.CVCHAR2 from datatypetestm1 dtt1, datatypetestm2 dtt2 where dtt1.cidx = dtt2.cidx and dtt1.CTINYINT >= dtt2.CVCHAR2 ;
cidx	CTINYINT	CVCHAR2
6	23	yy
7	24	yy
8	25	yy
9	26	yy
10	27	zz
select dtt1.cidx, dtt1.CTINYINT, dtt2.CVCHAR2 from datatypetestm1 dtt1, datatypetestm2 dtt2 where dtt1.cidx = dtt2.cidx and dtt1.CTINYINT <> dtt2.CVCHAR2 ;
cidx	CTINYINT	CVCHAR2
1	-26	aa
2	-25	b
3	-24	bb
4	-23	bb
5	-22	bb
6	23	yy
7	24	yy
8	25	yy
9	26	yy
10	27	zz
select dtt1.cidx, dtt1.CTINYINT, dtt2.CVCHAR2 from datatypetestm1 dtt1, datatypetestm2 dtt2 where dtt1.cidx = dtt2.cidx and dtt1.CTINYINT < dtt2.CVCHAR2 ;
cidx	CTINYINT	CVCHAR2
1	-26	aa
2	-25	b
3	-24	bb
4	-23	bb
5	-22	bb
select dtt1.cidx, dtt1.CTINYINT, dtt2.CVCHAR2 from datatypetestm1 dtt1, datatypetestm2 dtt2 where dtt1.cidx = dtt2.cidx and dtt1.CTINYINT <= dtt2.CVCHAR2 ;
cidx	CTINYINT	CVCHAR2
1	-26	aa
2	-25	b
3	-24	bb
4	-23	bb
5	-22	bb
