USE autopilot;
select dtt1.cidx, dtt1.CDECIMAL18_2, dtt2.CDECIMAL1 from datatypetestm1 dtt1, datatypetestm2 dtt2 where dtt1.cidx = dtt2.cidx and dtt1.CDECIMAL18_2 > dtt2.CDECIMAL1 ;
cidx	CDECIMAL18_2	CDECIMAL1
6	99999999999.95	5
7	99999999999.96	6
8	99999999999.97	7
9	99999999999.98	8
10	99999999999.99	9
select dtt1.cidx, dtt1.CDECIMAL18_2, dtt2.CDECIMAL1 from datatypetestm1 dtt1, datatypetestm2 dtt2 where dtt1.cidx = dtt2.cidx and dtt1.CDECIMAL18_2 >= dtt2.CDECIMAL1 ;
cidx	CDECIMAL18_2	CDECIMAL1
6	99999999999.95	5
7	99999999999.96	6
8	99999999999.97	7
9	99999999999.98	8
10	99999999999.99	9
11	0.00	0
select dtt1.cidx, dtt1.CDECIMAL18_2, dtt2.CDECIMAL1 from datatypetestm1 dtt1, datatypetestm2 dtt2 where dtt1.cidx = dtt2.cidx and dtt1.CDECIMAL18_2 <> dtt2.CDECIMAL1 ;
cidx	CDECIMAL18_2	CDECIMAL1
1	-99999999999.99	-9
2	-99999999999.98	-8
3	-99999999999.97	-7
4	-99999999999.96	-6
5	-99999999999.95	-5
6	99999999999.95	5
7	99999999999.96	6
8	99999999999.97	7
9	99999999999.98	8
10	99999999999.99	9
select dtt1.cidx, dtt1.CDECIMAL18_2, dtt2.CDECIMAL1 from datatypetestm1 dtt1, datatypetestm2 dtt2 where dtt1.cidx = dtt2.cidx and dtt1.CDECIMAL18_2 < dtt2.CDECIMAL1 ;
cidx	CDECIMAL18_2	CDECIMAL1
1	-99999999999.99	-9
2	-99999999999.98	-8
3	-99999999999.97	-7
4	-99999999999.96	-6
5	-99999999999.95	-5
select dtt1.cidx, dtt1.CDECIMAL18_2, dtt2.CDECIMAL1 from datatypetestm1 dtt1, datatypetestm2 dtt2 where dtt1.cidx = dtt2.cidx and dtt1.CDECIMAL18_2 <= dtt2.CDECIMAL1 ;
cidx	CDECIMAL18_2	CDECIMAL1
1	-99999999999.99	-9
2	-99999999999.98	-8
3	-99999999999.97	-7
4	-99999999999.96	-6
5	-99999999999.95	-5
11	0.00	0
