USE autopilot;
select dtt1.cidx, dtt1.CDECIMAL9_2, dtt2.CDECIMAL1 from datatypetestm1 dtt1, datatypetestm2 dtt2 where dtt1.cidx = dtt2.cidx and dtt1.CDECIMAL9_2 > dtt2.CDECIMAL1 ;
cidx	CDECIMAL9_2	CDECIMAL1
6	9999.95	5
7	9999.96	6
8	9999.97	7
9	9999.98	8
10	9999.99	9
select dtt1.cidx, dtt1.CDECIMAL9_2, dtt2.CDECIMAL1 from datatypetestm1 dtt1, datatypetestm2 dtt2 where dtt1.cidx = dtt2.cidx and dtt1.CDECIMAL9_2 >= dtt2.CDECIMAL1 ;
cidx	CDECIMAL9_2	CDECIMAL1
6	9999.95	5
7	9999.96	6
8	9999.97	7
9	9999.98	8
10	9999.99	9
11	0.00	0
select dtt1.cidx, dtt1.CDECIMAL9_2, dtt2.CDECIMAL1 from datatypetestm1 dtt1, datatypetestm2 dtt2 where dtt1.cidx = dtt2.cidx and dtt1.CDECIMAL9_2 <> dtt2.CDECIMAL1 ;
cidx	CDECIMAL9_2	CDECIMAL1
1	-9999.99	-9
2	-9999.98	-8
3	-9999.97	-7
4	-9999.96	-6
5	-9999.95	-5
6	9999.95	5
7	9999.96	6
8	9999.97	7
9	9999.98	8
10	9999.99	9
select dtt1.cidx, dtt1.CDECIMAL9_2, dtt2.CDECIMAL1 from datatypetestm1 dtt1, datatypetestm2 dtt2 where dtt1.cidx = dtt2.cidx and dtt1.CDECIMAL9_2 < dtt2.CDECIMAL1 ;
cidx	CDECIMAL9_2	CDECIMAL1
1	-9999.99	-9
2	-9999.98	-8
3	-9999.97	-7
4	-9999.96	-6
5	-9999.95	-5
select dtt1.cidx, dtt1.CDECIMAL9_2, dtt2.CDECIMAL1 from datatypetestm1 dtt1, datatypetestm2 dtt2 where dtt1.cidx = dtt2.cidx and dtt1.CDECIMAL9_2 <= dtt2.CDECIMAL1 ;
cidx	CDECIMAL9_2	CDECIMAL1
1	-9999.99	-9
2	-9999.98	-8
3	-9999.97	-7
4	-9999.96	-6
5	-9999.95	-5
11	0.00	0
