USE autopilot;
select dtt1.cidx, dtt1.CDECIMAL5, dtt2.CCHAR1 from datatypetestm1 dtt1, datatypetestm2 dtt2 where dtt1.cidx = dtt2.cidx and dtt1.CDECIMAL5 > dtt2.CCHAR1 ;
cidx	CDECIMAL5	CCHAR1
6	995	z
7	996	z
8	997	z
9	998	z
10	999	z
select dtt1.cidx, dtt1.CDECIMAL5, dtt2.CCHAR1 from datatypetestm1 dtt1, datatypetestm2 dtt2 where dtt1.cidx = dtt2.cidx and dtt1.CDECIMAL5 >= dtt2.CCHAR1 ;
cidx	CDECIMAL5	CCHAR1
6	995	z
7	996	z
8	997	z
9	998	z
10	999	z
select dtt1.cidx, dtt1.CDECIMAL5, dtt2.CCHAR1 from datatypetestm1 dtt1, datatypetestm2 dtt2 where dtt1.cidx = dtt2.cidx and dtt1.CDECIMAL5 <> dtt2.CCHAR1 ;
cidx	CDECIMAL5	CCHAR1
1	-999	a
2	-998	a
3	-997	a
4	-996	a
5	-995	a
6	995	z
7	996	z
8	997	z
9	998	z
10	999	z
select dtt1.cidx, dtt1.CDECIMAL5, dtt2.CCHAR1 from datatypetestm1 dtt1, datatypetestm2 dtt2 where dtt1.cidx = dtt2.cidx and dtt1.CDECIMAL5 < dtt2.CCHAR1 ;
cidx	CDECIMAL5	CCHAR1
1	-999	a
2	-998	a
3	-997	a
4	-996	a
5	-995	a
select dtt1.cidx, dtt1.CDECIMAL5, dtt2.CCHAR1 from datatypetestm1 dtt1, datatypetestm2 dtt2 where dtt1.cidx = dtt2.cidx and dtt1.CDECIMAL5 <= dtt2.CCHAR1 ;
cidx	CDECIMAL5	CCHAR1
1	-999	a
2	-998	a
3	-997	a
4	-996	a
5	-995	a
