USE autopilot;
select dtt1.cidx, dtt1.CVCHAR3, dtt2.CDECIMAL5 from datatypetestm1 dtt1, datatypetestm2 dtt2 where dtt1.cidx = dtt2.cidx and dtt1.CVCHAR3 > dtt2.CDECIMAL5 ;
cidx	CVCHAR3	CDECIMAL5
1	aaa	-999
2	c	-998
3	cc	-997
4	ccc	-996
5	ccc	-995
select dtt1.cidx, dtt1.CVCHAR3, dtt2.CDECIMAL5 from datatypetestm1 dtt1, datatypetestm2 dtt2 where dtt1.cidx = dtt2.cidx and dtt1.CVCHAR3 >= dtt2.CDECIMAL5 ;
cidx	CVCHAR3	CDECIMAL5
1	aaa	-999
2	c	-998
3	cc	-997
4	ccc	-996
5	ccc	-995
select dtt1.cidx, dtt1.CVCHAR3, dtt2.CDECIMAL5 from datatypetestm1 dtt1, datatypetestm2 dtt2 where dtt1.cidx = dtt2.cidx and dtt1.CVCHAR3 <> dtt2.CDECIMAL5 ;
cidx	CVCHAR3	CDECIMAL5
1	aaa	-999
2	c	-998
3	cc	-997
4	ccc	-996
5	ccc	-995
6	xxx	995
7	xxx	996
8	xxx	997
9	xxx	998
10	zzz	999
select dtt1.cidx, dtt1.CVCHAR3, dtt2.CDECIMAL5 from datatypetestm1 dtt1, datatypetestm2 dtt2 where dtt1.cidx = dtt2.cidx and dtt1.CVCHAR3 < dtt2.CDECIMAL5 ;
cidx	CVCHAR3	CDECIMAL5
6	xxx	995
7	xxx	996
8	xxx	997
9	xxx	998
10	zzz	999
select dtt1.cidx, dtt1.CVCHAR3, dtt2.CDECIMAL5 from datatypetestm1 dtt1, datatypetestm2 dtt2 where dtt1.cidx = dtt2.cidx and dtt1.CVCHAR3 <= dtt2.CDECIMAL5 ;
cidx	CVCHAR3	CDECIMAL5
6	xxx	995
7	xxx	996
8	xxx	997
9	xxx	998
10	zzz	999
