USE autopilot;
select dtt1.cidx, dtt1.CMEDIUMINT, dtt2.CCHAR7 from datatypetestm1 dtt1, datatypetestm2 dtt2 where dtt1.cidx = dtt2.cidx and dtt1.CMEDIUMINT > dtt2.CCHAR7 ;
cidx	CMEDIUMINT	CCHAR7
1	1000	aaaaaaa
2	1000	g
3	1000	gg
4	1000	ggg
5	1000	gggg
6	1000	ttttttt
7	1000	ttttttt
8	1000	ttttttt
9	1000	ttttttt
10	1000	zzzzzzz
select dtt1.cidx, dtt1.CMEDIUMINT, dtt2.CCHAR7 from datatypetestm1 dtt1, datatypetestm2 dtt2 where dtt1.cidx = dtt2.cidx and dtt1.CMEDIUMINT >= dtt2.CCHAR7 ;
cidx	CMEDIUMINT	CCHAR7
1	1000	aaaaaaa
2	1000	g
3	1000	gg
4	1000	ggg
5	1000	gggg
6	1000	ttttttt
7	1000	ttttttt
8	1000	ttttttt
9	1000	ttttttt
10	1000	zzzzzzz
select dtt1.cidx, dtt1.CMEDIUMINT, dtt2.CCHAR7 from datatypetestm1 dtt1, datatypetestm2 dtt2 where dtt1.cidx = dtt2.cidx and dtt1.CMEDIUMINT <> dtt2.CCHAR7 ;
cidx	CMEDIUMINT	CCHAR7
1	1000	aaaaaaa
2	1000	g
3	1000	gg
4	1000	ggg
5	1000	gggg
6	1000	ttttttt
7	1000	ttttttt
8	1000	ttttttt
9	1000	ttttttt
10	1000	zzzzzzz
select dtt1.cidx, dtt1.CMEDIUMINT, dtt2.CCHAR7 from datatypetestm1 dtt1, datatypetestm2 dtt2 where dtt1.cidx = dtt2.cidx and dtt1.CMEDIUMINT < dtt2.CCHAR7 ;
cidx	CMEDIUMINT	CCHAR7
select dtt1.cidx, dtt1.CMEDIUMINT, dtt2.CCHAR7 from datatypetestm1 dtt1, datatypetestm2 dtt2 where dtt1.cidx = dtt2.cidx and dtt1.CMEDIUMINT <= dtt2.CCHAR7 ;
cidx	CMEDIUMINT	CCHAR7
