USE autopilot;
select dtt1.cidx, dtt1.CFLOAT, dtt2.CDECIMAL1 from datatypetestm1 dtt1, datatypetestm2 dtt2 where dtt1.cidx = dtt2.cidx and dtt1.CFLOAT > dtt2.CDECIMAL1 ;
cidx	CFLOAT	CDECIMAL1
6	3.40286e18	5
7	3.40286e18	6
8	3.40286e18	7
9	3.40287e18	8
10	3.40287e18	9
select dtt1.cidx, dtt1.CFLOAT, dtt2.CDECIMAL1 from datatypetestm1 dtt1, datatypetestm2 dtt2 where dtt1.cidx = dtt2.cidx and dtt1.CFLOAT >= dtt2.CDECIMAL1 ;
cidx	CFLOAT	CDECIMAL1
6	3.40286e18	5
7	3.40286e18	6
8	3.40286e18	7
9	3.40287e18	8
10	3.40287e18	9
11	0	0
select dtt1.cidx, dtt1.CFLOAT, dtt2.CDECIMAL1 from datatypetestm1 dtt1, datatypetestm2 dtt2 where dtt1.cidx = dtt2.cidx and dtt1.CFLOAT <> dtt2.CDECIMAL1 ;
cidx	CFLOAT	CDECIMAL1
1	-3.40287e18	-9
2	-3.40287e18	-8
3	-3.40286e18	-7
4	-3.40286e18	-6
5	-3.40286e18	-5
6	3.40286e18	5
7	3.40286e18	6
8	3.40286e18	7
9	3.40287e18	8
10	3.40287e18	9
select dtt1.cidx, dtt1.CFLOAT, dtt2.CDECIMAL1 from datatypetestm1 dtt1, datatypetestm2 dtt2 where dtt1.cidx = dtt2.cidx and dtt1.CFLOAT < dtt2.CDECIMAL1 ;
cidx	CFLOAT	CDECIMAL1
1	-3.40287e18	-9
2	-3.40287e18	-8
3	-3.40286e18	-7
4	-3.40286e18	-6
5	-3.40286e18	-5
select dtt1.cidx, dtt1.CFLOAT, dtt2.CDECIMAL1 from datatypetestm1 dtt1, datatypetestm2 dtt2 where dtt1.cidx = dtt2.cidx and dtt1.CFLOAT <= dtt2.CDECIMAL1 ;
cidx	CFLOAT	CDECIMAL1
1	-3.40287e18	-9
2	-3.40287e18	-8
3	-3.40286e18	-7
4	-3.40286e18	-6
5	-3.40286e18	-5
11	0	0
