USE autopilot;
select dtt1.cidx, dtt1.CTINYTEXT, dtt2.CINTEGER from datatypetestm1 dtt1, datatypetestm2 dtt2 where dtt1.cidx = dtt2.cidx and dtt1.CTINYTEXT > dtt2.CINTEGER ;
cidx	CTINYTEXT	CINTEGER
1	tinytext	-7483646
2	tinytext	-7483645
3	tinytext	-7483644
4	tinytext	-7483643
5	tinytext	-7483642
select dtt1.cidx, dtt1.CTINYTEXT, dtt2.CINTEGER from datatypetestm1 dtt1, datatypetestm2 dtt2 where dtt1.cidx = dtt2.cidx and dtt1.CTINYTEXT >= dtt2.CINTEGER ;
cidx	CTINYTEXT	CINTEGER
1	tinytext	-7483646
2	tinytext	-7483645
3	tinytext	-7483644
4	tinytext	-7483643
5	tinytext	-7483642
select dtt1.cidx, dtt1.CTINYTEXT, dtt2.CINTEGER from datatypetestm1 dtt1, datatypetestm2 dtt2 where dtt1.cidx = dtt2.cidx and dtt1.CTINYTEXT <> dtt2.CINTEGER ;
cidx	CTINYTEXT	CINTEGER
1	tinytext	-7483646
2	tinytext	-7483645
3	tinytext	-7483644
4	tinytext	-7483643
5	tinytext	-7483642
6	tinytext	7483643
7	tinytext	7483644
8	tinytext	7483645
9	tinytext	7483646
10	tinytext	7483647
select dtt1.cidx, dtt1.CTINYTEXT, dtt2.CINTEGER from datatypetestm1 dtt1, datatypetestm2 dtt2 where dtt1.cidx = dtt2.cidx and dtt1.CTINYTEXT < dtt2.CINTEGER ;
cidx	CTINYTEXT	CINTEGER
6	tinytext	7483643
7	tinytext	7483644
8	tinytext	7483645
9	tinytext	7483646
10	tinytext	7483647
select dtt1.cidx, dtt1.CTINYTEXT, dtt2.CINTEGER from datatypetestm1 dtt1, datatypetestm2 dtt2 where dtt1.cidx = dtt2.cidx and dtt1.CTINYTEXT <= dtt2.CINTEGER ;
cidx	CTINYTEXT	CINTEGER
6	tinytext	7483643
7	tinytext	7483644
8	tinytext	7483645
9	tinytext	7483646
10	tinytext	7483647
