USE autopilot;
select dtt1.cidx, dtt1.CTINYINT, dtt2.CDECIMAL4_2 from datatypetestm1 dtt1, datatypetestm2 dtt2 where dtt1.cidx = dtt2.cidx and dtt1.CTINYINT > dtt2.CDECIMAL4_2 ;
cidx	CTINYINT	CDECIMAL4_2
6	23	9.95
7	24	9.96
8	25	9.97
9	26	9.98
10	27	9.99
select dtt1.cidx, dtt1.CTINYINT, dtt2.CDECIMAL4_2 from datatypetestm1 dtt1, datatypetestm2 dtt2 where dtt1.cidx = dtt2.cidx and dtt1.CTINYINT >= dtt2.CDECIMAL4_2 ;
cidx	CTINYINT	CDECIMAL4_2
6	23	9.95
7	24	9.96
8	25	9.97
9	26	9.98
10	27	9.99
11	0	0.00
select dtt1.cidx, dtt1.CTINYINT, dtt2.CDECIMAL4_2 from datatypetestm1 dtt1, datatypetestm2 dtt2 where dtt1.cidx = dtt2.cidx and dtt1.CTINYINT <> dtt2.CDECIMAL4_2 ;
cidx	CTINYINT	CDECIMAL4_2
1	-26	-9.99
2	-25	-9.98
3	-24	-9.97
4	-23	-9.96
5	-22	-9.95
6	23	9.95
7	24	9.96
8	25	9.97
9	26	9.98
10	27	9.99
select dtt1.cidx, dtt1.CTINYINT, dtt2.CDECIMAL4_2 from datatypetestm1 dtt1, datatypetestm2 dtt2 where dtt1.cidx = dtt2.cidx and dtt1.CTINYINT < dtt2.CDECIMAL4_2 ;
cidx	CTINYINT	CDECIMAL4_2
1	-26	-9.99
2	-25	-9.98
3	-24	-9.97
4	-23	-9.96
5	-22	-9.95
select dtt1.cidx, dtt1.CTINYINT, dtt2.CDECIMAL4_2 from datatypetestm1 dtt1, datatypetestm2 dtt2 where dtt1.cidx = dtt2.cidx and dtt1.CTINYINT <= dtt2.CDECIMAL4_2 ;
cidx	CTINYINT	CDECIMAL4_2
1	-26	-9.99
2	-25	-9.98
3	-24	-9.97
4	-23	-9.96
5	-22	-9.95
11	0	0.00
