USE autopilot;
select dtt1.cidx, dtt1.CDECIMAL18_2, dtt2.CBIGINT from datatypetestm1 dtt1, datatypetestm2 dtt2 where dtt1.cidx = dtt2.cidx and dtt1.CDECIMAL18_2 > dtt2.CBIGINT ;
cidx	CDECIMAL18_2	CBIGINT
1	-99999999999.99	-72036854775806
2	-99999999999.98	-72036854775805
3	-99999999999.97	-72036854775804
4	-99999999999.96	-72036854775803
5	-99999999999.95	-72036854775802
select dtt1.cidx, dtt1.CDECIMAL18_2, dtt2.CBIGINT from datatypetestm1 dtt1, datatypetestm2 dtt2 where dtt1.cidx = dtt2.cidx and dtt1.CDECIMAL18_2 >= dtt2.CBIGINT ;
cidx	CDECIMAL18_2	CBIGINT
1	-99999999999.99	-72036854775806
2	-99999999999.98	-72036854775805
3	-99999999999.97	-72036854775804
4	-99999999999.96	-72036854775803
5	-99999999999.95	-72036854775802
11	0.00	0
select dtt1.cidx, dtt1.CDECIMAL18_2, dtt2.CBIGINT from datatypetestm1 dtt1, datatypetestm2 dtt2 where dtt1.cidx = dtt2.cidx and dtt1.CDECIMAL18_2 <> dtt2.CBIGINT ;
cidx	CDECIMAL18_2	CBIGINT
1	-99999999999.99	-72036854775806
2	-99999999999.98	-72036854775805
3	-99999999999.97	-72036854775804
4	-99999999999.96	-72036854775803
5	-99999999999.95	-72036854775802
6	99999999999.95	72036854775803
7	99999999999.96	72036854775804
8	99999999999.97	72036854775805
9	99999999999.98	72036854775806
10	99999999999.99	72036854775807
select dtt1.cidx, dtt1.CDECIMAL18_2, dtt2.CBIGINT from datatypetestm1 dtt1, datatypetestm2 dtt2 where dtt1.cidx = dtt2.cidx and dtt1.CDECIMAL18_2 < dtt2.CBIGINT ;
cidx	CDECIMAL18_2	CBIGINT
6	99999999999.95	72036854775803
7	99999999999.96	72036854775804
8	99999999999.97	72036854775805
9	99999999999.98	72036854775806
10	99999999999.99	72036854775807
select dtt1.cidx, dtt1.CDECIMAL18_2, dtt2.CBIGINT from datatypetestm1 dtt1, datatypetestm2 dtt2 where dtt1.cidx = dtt2.cidx and dtt1.CDECIMAL18_2 <= dtt2.CBIGINT ;
cidx	CDECIMAL18_2	CBIGINT
6	99999999999.95	72036854775803
7	99999999999.96	72036854775804
8	99999999999.97	72036854775805
9	99999999999.98	72036854775806
10	99999999999.99	72036854775807
11	0.00	0
