USE autopilot;
select dtt1.cidx, dtt1.CDECIMAL18_2, dtt2.CSMALLINT from datatypetestm1 dtt1, datatypetestm2 dtt2 where dtt1.cidx = dtt2.cidx and dtt1.CDECIMAL18_2 > dtt2.CSMALLINT ;
cidx	CDECIMAL18_2	CSMALLINT
6	99999999999.95	763
7	99999999999.96	764
8	99999999999.97	765
9	99999999999.98	766
10	99999999999.99	767
select dtt1.cidx, dtt1.CDECIMAL18_2, dtt2.CSMALLINT from datatypetestm1 dtt1, datatypetestm2 dtt2 where dtt1.cidx = dtt2.cidx and dtt1.CDECIMAL18_2 >= dtt2.CSMALLINT ;
cidx	CDECIMAL18_2	CSMALLINT
6	99999999999.95	763
7	99999999999.96	764
8	99999999999.97	765
9	99999999999.98	766
10	99999999999.99	767
11	0.00	0
select dtt1.cidx, dtt1.CDECIMAL18_2, dtt2.CSMALLINT from datatypetestm1 dtt1, datatypetestm2 dtt2 where dtt1.cidx = dtt2.cidx and dtt1.CDECIMAL18_2 <> dtt2.CSMALLINT ;
cidx	CDECIMAL18_2	CSMALLINT
1	-99999999999.99	-766
2	-99999999999.98	-765
3	-99999999999.97	-764
4	-99999999999.96	-763
5	-99999999999.95	-762
6	99999999999.95	763
7	99999999999.96	764
8	99999999999.97	765
9	99999999999.98	766
10	99999999999.99	767
select dtt1.cidx, dtt1.CDECIMAL18_2, dtt2.CSMALLINT from datatypetestm1 dtt1, datatypetestm2 dtt2 where dtt1.cidx = dtt2.cidx and dtt1.CDECIMAL18_2 < dtt2.CSMALLINT ;
cidx	CDECIMAL18_2	CSMALLINT
1	-99999999999.99	-766
2	-99999999999.98	-765
3	-99999999999.97	-764
4	-99999999999.96	-763
5	-99999999999.95	-762
select dtt1.cidx, dtt1.CDECIMAL18_2, dtt2.CSMALLINT from datatypetestm1 dtt1, datatypetestm2 dtt2 where dtt1.cidx = dtt2.cidx and dtt1.CDECIMAL18_2 <= dtt2.CSMALLINT ;
cidx	CDECIMAL18_2	CSMALLINT
1	-99999999999.99	-766
2	-99999999999.98	-765
3	-99999999999.97	-764
4	-99999999999.96	-763
5	-99999999999.95	-762
11	0.00	0
