USE autopilot;
select dtt1.cidx, dtt1.CMEDIUMINT, dtt2.CTIMESTAMP from datatypetestm1 dtt1, datatypetestm2 dtt2 where dtt1.cidx = dtt2.cidx and dtt1.CMEDIUMINT > dtt2.CTIMESTAMP ;
cidx	CMEDIUMINT	CTIMESTAMP
select dtt1.cidx, dtt1.CMEDIUMINT, dtt2.CTIMESTAMP from datatypetestm1 dtt1, datatypetestm2 dtt2 where dtt1.cidx = dtt2.cidx and dtt1.CMEDIUMINT >= dtt2.CTIMESTAMP ;
cidx	CMEDIUMINT	CTIMESTAMP
select dtt1.cidx, dtt1.CMEDIUMINT, dtt2.CTIMESTAMP from datatypetestm1 dtt1, datatypetestm2 dtt2 where dtt1.cidx = dtt2.cidx and dtt1.CMEDIUMINT <> dtt2.CTIMESTAMP ;
cidx	CMEDIUMINT	CTIMESTAMP
1	1000	2020-08-13 03:14:07
2	1000	2020-08-13 03:14:07
3	1000	2020-08-13 03:14:07
4	1000	2020-08-13 03:14:07
5	1000	2020-08-13 03:14:07
6	1000	2020-08-13 03:14:07
7	1000	2020-08-13 03:14:07
8	1000	2020-08-13 03:14:07
9	1000	2020-08-13 03:14:07
10	1000	2020-08-13 03:14:07
select dtt1.cidx, dtt1.CMEDIUMINT, dtt2.CTIMESTAMP from datatypetestm1 dtt1, datatypetestm2 dtt2 where dtt1.cidx = dtt2.cidx and dtt1.CMEDIUMINT < dtt2.CTIMESTAMP ;
cidx	CMEDIUMINT	CTIMESTAMP
1	1000	2020-08-13 03:14:07
2	1000	2020-08-13 03:14:07
3	1000	2020-08-13 03:14:07
4	1000	2020-08-13 03:14:07
5	1000	2020-08-13 03:14:07
6	1000	2020-08-13 03:14:07
7	1000	2020-08-13 03:14:07
8	1000	2020-08-13 03:14:07
9	1000	2020-08-13 03:14:07
10	1000	2020-08-13 03:14:07
select dtt1.cidx, dtt1.CMEDIUMINT, dtt2.CTIMESTAMP from datatypetestm1 dtt1, datatypetestm2 dtt2 where dtt1.cidx = dtt2.cidx and dtt1.CMEDIUMINT <= dtt2.CTIMESTAMP ;
cidx	CMEDIUMINT	CTIMESTAMP
1	1000	2020-08-13 03:14:07
2	1000	2020-08-13 03:14:07
3	1000	2020-08-13 03:14:07
4	1000	2020-08-13 03:14:07
5	1000	2020-08-13 03:14:07
6	1000	2020-08-13 03:14:07
7	1000	2020-08-13 03:14:07
8	1000	2020-08-13 03:14:07
9	1000	2020-08-13 03:14:07
10	1000	2020-08-13 03:14:07
