USE autopilot;
select dtt1.cidx, dtt1.CFLOAT, dtt2.CVCHAR2 from datatypetestm1 dtt1, datatypetestm2 dtt2 where dtt1.cidx = dtt2.cidx and dtt1.CFLOAT > dtt2.CVCHAR2 ;
cidx	CFLOAT	CVCHAR2
6	3.40286e18	yy
7	3.40286e18	yy
8	3.40286e18	yy
9	3.40287e18	yy
10	3.40287e18	zz
select dtt1.cidx, dtt1.CFLOAT, dtt2.CVCHAR2 from datatypetestm1 dtt1, datatypetestm2 dtt2 where dtt1.cidx = dtt2.cidx and dtt1.CFLOAT >= dtt2.CVCHAR2 ;
cidx	CFLOAT	CVCHAR2
6	3.40286e18	yy
7	3.40286e18	yy
8	3.40286e18	yy
9	3.40287e18	yy
10	3.40287e18	zz
select dtt1.cidx, dtt1.CFLOAT, dtt2.CVCHAR2 from datatypetestm1 dtt1, datatypetestm2 dtt2 where dtt1.cidx = dtt2.cidx and dtt1.CFLOAT <> dtt2.CVCHAR2 ;
cidx	CFLOAT	CVCHAR2
1	-3.40287e18	aa
2	-3.40287e18	b
3	-3.40286e18	bb
4	-3.40286e18	bb
5	-3.40286e18	bb
6	3.40286e18	yy
7	3.40286e18	yy
8	3.40286e18	yy
9	3.40287e18	yy
10	3.40287e18	zz
select dtt1.cidx, dtt1.CFLOAT, dtt2.CVCHAR2 from datatypetestm1 dtt1, datatypetestm2 dtt2 where dtt1.cidx = dtt2.cidx and dtt1.CFLOAT < dtt2.CVCHAR2 ;
cidx	CFLOAT	CVCHAR2
1	-3.40287e18	aa
2	-3.40287e18	b
3	-3.40286e18	bb
4	-3.40286e18	bb
5	-3.40286e18	bb
select dtt1.cidx, dtt1.CFLOAT, dtt2.CVCHAR2 from datatypetestm1 dtt1, datatypetestm2 dtt2 where dtt1.cidx = dtt2.cidx and dtt1.CFLOAT <= dtt2.CVCHAR2 ;
cidx	CFLOAT	CVCHAR2
1	-3.40287e18	aa
2	-3.40287e18	b
3	-3.40286e18	bb
4	-3.40286e18	bb
5	-3.40286e18	bb
