USE autopilot;
select dtt1.cidx, dtt1.CDECIMAL18, dtt2.CTINYINT from datatypetestm1 dtt1, datatypetestm2 dtt2 where dtt1.cidx = dtt2.cidx and dtt1.CDECIMAL18 > dtt2.CTINYINT ;
cidx	CDECIMAL18	CTINYINT
6	9999999999995	23
7	9999999999996	24
8	9999999999997	25
9	9999999999998	26
10	9999999999999	27
select dtt1.cidx, dtt1.CDECIMAL18, dtt2.CTINYINT from datatypetestm1 dtt1, datatypetestm2 dtt2 where dtt1.cidx = dtt2.cidx and dtt1.CDECIMAL18 >= dtt2.CTINYINT ;
cidx	CDECIMAL18	CTINYINT
6	9999999999995	23
7	9999999999996	24
8	9999999999997	25
9	9999999999998	26
10	9999999999999	27
11	0	0
select dtt1.cidx, dtt1.CDECIMAL18, dtt2.CTINYINT from datatypetestm1 dtt1, datatypetestm2 dtt2 where dtt1.cidx = dtt2.cidx and dtt1.CDECIMAL18 <> dtt2.CTINYINT ;
cidx	CDECIMAL18	CTINYINT
1	-9999999999999	-26
2	-9999999999998	-25
3	-9999999999997	-24
4	-9999999999996	-23
5	-9999999999995	-22
6	9999999999995	23
7	9999999999996	24
8	9999999999997	25
9	9999999999998	26
10	9999999999999	27
select dtt1.cidx, dtt1.CDECIMAL18, dtt2.CTINYINT from datatypetestm1 dtt1, datatypetestm2 dtt2 where dtt1.cidx = dtt2.cidx and dtt1.CDECIMAL18 < dtt2.CTINYINT ;
cidx	CDECIMAL18	CTINYINT
1	-9999999999999	-26
2	-9999999999998	-25
3	-9999999999997	-24
4	-9999999999996	-23
5	-9999999999995	-22
select dtt1.cidx, dtt1.CDECIMAL18, dtt2.CTINYINT from datatypetestm1 dtt1, datatypetestm2 dtt2 where dtt1.cidx = dtt2.cidx and dtt1.CDECIMAL18 <= dtt2.CTINYINT ;
cidx	CDECIMAL18	CTINYINT
1	-9999999999999	-26
2	-9999999999998	-25
3	-9999999999997	-24
4	-9999999999996	-23
5	-9999999999995	-22
11	0	0
