USE autopilot;
select dtt1.cidx, dtt1.CDECIMAL1, dtt2.CTIMESTAMP from datatypetestm1 dtt1, datatypetestm2 dtt2 where dtt1.cidx = dtt2.cidx and dtt1.CDECIMAL1 > dtt2.CTIMESTAMP ;
cidx	CDECIMAL1	CTIMESTAMP
select dtt1.cidx, dtt1.CDECIMAL1, dtt2.CTIMESTAMP from datatypetestm1 dtt1, datatypetestm2 dtt2 where dtt1.cidx = dtt2.cidx and dtt1.CDECIMAL1 >= dtt2.CTIMESTAMP ;
cidx	CDECIMAL1	CTIMESTAMP
select dtt1.cidx, dtt1.CDECIMAL1, dtt2.CTIMESTAMP from datatypetestm1 dtt1, datatypetestm2 dtt2 where dtt1.cidx = dtt2.cidx and dtt1.CDECIMAL1 <> dtt2.CTIMESTAMP ;
cidx	CDECIMAL1	CTIMESTAMP
1	-9	2020-08-13 03:14:07
2	-8	2020-08-13 03:14:07
3	-7	2020-08-13 03:14:07
4	-6	2020-08-13 03:14:07
5	-5	2020-08-13 03:14:07
6	5	2020-08-13 03:14:07
7	6	2020-08-13 03:14:07
8	7	2020-08-13 03:14:07
9	8	2020-08-13 03:14:07
10	9	2020-08-13 03:14:07
11	0	2020-08-13 03:14:07
select dtt1.cidx, dtt1.CDECIMAL1, dtt2.CTIMESTAMP from datatypetestm1 dtt1, datatypetestm2 dtt2 where dtt1.cidx = dtt2.cidx and dtt1.CDECIMAL1 < dtt2.CTIMESTAMP ;
cidx	CDECIMAL1	CTIMESTAMP
1	-9	2020-08-13 03:14:07
2	-8	2020-08-13 03:14:07
3	-7	2020-08-13 03:14:07
4	-6	2020-08-13 03:14:07
5	-5	2020-08-13 03:14:07
6	5	2020-08-13 03:14:07
7	6	2020-08-13 03:14:07
8	7	2020-08-13 03:14:07
9	8	2020-08-13 03:14:07
10	9	2020-08-13 03:14:07
11	0	2020-08-13 03:14:07
select dtt1.cidx, dtt1.CDECIMAL1, dtt2.CTIMESTAMP from datatypetestm1 dtt1, datatypetestm2 dtt2 where dtt1.cidx = dtt2.cidx and dtt1.CDECIMAL1 <= dtt2.CTIMESTAMP ;
cidx	CDECIMAL1	CTIMESTAMP
1	-9	2020-08-13 03:14:07
2	-8	2020-08-13 03:14:07
3	-7	2020-08-13 03:14:07
4	-6	2020-08-13 03:14:07
5	-5	2020-08-13 03:14:07
6	5	2020-08-13 03:14:07
7	6	2020-08-13 03:14:07
8	7	2020-08-13 03:14:07
9	8	2020-08-13 03:14:07
10	9	2020-08-13 03:14:07
11	0	2020-08-13 03:14:07
