USE autopilot;
select dtt1.cidx, dtt1.CDECIMAL18, dtt2.CDOUBLE from datatypetestm1 dtt1, datatypetestm2 dtt2 where dtt1.cidx = dtt2.cidx and dtt1.CDECIMAL18 > dtt2.CDOUBLE ;
cidx	CDECIMAL18	CDOUBLE
1	-9999999999999	-1.797693231e108
2	-9999999999998	-1.79769323e108
3	-9999999999997	-1.797693229e108
4	-9999999999996	-1.797693228e108
5	-9999999999995	-1.797693227e108
select dtt1.cidx, dtt1.CDECIMAL18, dtt2.CDOUBLE from datatypetestm1 dtt1, datatypetestm2 dtt2 where dtt1.cidx = dtt2.cidx and dtt1.CDECIMAL18 >= dtt2.CDOUBLE ;
cidx	CDECIMAL18	CDOUBLE
1	-9999999999999	-1.797693231e108
2	-9999999999998	-1.79769323e108
3	-9999999999997	-1.797693229e108
4	-9999999999996	-1.797693228e108
5	-9999999999995	-1.797693227e108
11	0	0
select dtt1.cidx, dtt1.CDECIMAL18, dtt2.CDOUBLE from datatypetestm1 dtt1, datatypetestm2 dtt2 where dtt1.cidx = dtt2.cidx and dtt1.CDECIMAL18 <> dtt2.CDOUBLE ;
cidx	CDECIMAL18	CDOUBLE
1	-9999999999999	-1.797693231e108
2	-9999999999998	-1.79769323e108
3	-9999999999997	-1.797693229e108
4	-9999999999996	-1.797693228e108
5	-9999999999995	-1.797693227e108
6	9999999999995	1.797693227e108
7	9999999999996	1.797693228e108
8	9999999999997	1.797693229e108
9	9999999999998	1.79769323e108
10	9999999999999	1.797693231e108
select dtt1.cidx, dtt1.CDECIMAL18, dtt2.CDOUBLE from datatypetestm1 dtt1, datatypetestm2 dtt2 where dtt1.cidx = dtt2.cidx and dtt1.CDECIMAL18 < dtt2.CDOUBLE ;
cidx	CDECIMAL18	CDOUBLE
6	9999999999995	1.797693227e108
7	9999999999996	1.797693228e108
8	9999999999997	1.797693229e108
9	9999999999998	1.79769323e108
10	9999999999999	1.797693231e108
select dtt1.cidx, dtt1.CDECIMAL18, dtt2.CDOUBLE from datatypetestm1 dtt1, datatypetestm2 dtt2 where dtt1.cidx = dtt2.cidx and dtt1.CDECIMAL18 <= dtt2.CDOUBLE ;
cidx	CDECIMAL18	CDOUBLE
6	9999999999995	1.797693227e108
7	9999999999996	1.797693228e108
8	9999999999997	1.797693229e108
9	9999999999998	1.79769323e108
10	9999999999999	1.797693231e108
11	0	0
