USE autopilot;
select dtt1.cidx, dtt1.CDECIMAL1, dtt2.CDOUBLE from datatypetestm1 dtt1, datatypetestm2 dtt2 where dtt1.cidx = dtt2.cidx and dtt1.CDECIMAL1 > dtt2.CDOUBLE ;
cidx	CDECIMAL1	CDOUBLE
1	-9	-1.797693231e108
2	-8	-1.79769323e108
3	-7	-1.797693229e108
4	-6	-1.797693228e108
5	-5	-1.797693227e108
select dtt1.cidx, dtt1.CDECIMAL1, dtt2.CDOUBLE from datatypetestm1 dtt1, datatypetestm2 dtt2 where dtt1.cidx = dtt2.cidx and dtt1.CDECIMAL1 >= dtt2.CDOUBLE ;
cidx	CDECIMAL1	CDOUBLE
1	-9	-1.797693231e108
2	-8	-1.79769323e108
3	-7	-1.797693229e108
4	-6	-1.797693228e108
5	-5	-1.797693227e108
11	0	0
select dtt1.cidx, dtt1.CDECIMAL1, dtt2.CDOUBLE from datatypetestm1 dtt1, datatypetestm2 dtt2 where dtt1.cidx = dtt2.cidx and dtt1.CDECIMAL1 <> dtt2.CDOUBLE ;
cidx	CDECIMAL1	CDOUBLE
1	-9	-1.797693231e108
2	-8	-1.79769323e108
3	-7	-1.797693229e108
4	-6	-1.797693228e108
5	-5	-1.797693227e108
6	5	1.797693227e108
7	6	1.797693228e108
8	7	1.797693229e108
9	8	1.79769323e108
10	9	1.797693231e108
select dtt1.cidx, dtt1.CDECIMAL1, dtt2.CDOUBLE from datatypetestm1 dtt1, datatypetestm2 dtt2 where dtt1.cidx = dtt2.cidx and dtt1.CDECIMAL1 < dtt2.CDOUBLE ;
cidx	CDECIMAL1	CDOUBLE
6	5	1.797693227e108
7	6	1.797693228e108
8	7	1.797693229e108
9	8	1.79769323e108
10	9	1.797693231e108
select dtt1.cidx, dtt1.CDECIMAL1, dtt2.CDOUBLE from datatypetestm1 dtt1, datatypetestm2 dtt2 where dtt1.cidx = dtt2.cidx and dtt1.CDECIMAL1 <= dtt2.CDOUBLE ;
cidx	CDECIMAL1	CDOUBLE
6	5	1.797693227e108
7	6	1.797693228e108
8	7	1.797693229e108
9	8	1.79769323e108
10	9	1.797693231e108
11	0	0
