USE autopilot;
select dtt1.cidx, dtt1.CMEDIUMINT, dtt2.CDOUBLE from datatypetestm1 dtt1, datatypetestm2 dtt2 where dtt1.cidx = dtt2.cidx and dtt1.CMEDIUMINT > dtt2.CDOUBLE ;
cidx	CMEDIUMINT	CDOUBLE
1	1000	-1.797693231e108
2	1000	-1.79769323e108
3	1000	-1.797693229e108
4	1000	-1.797693228e108
5	1000	-1.797693227e108
select dtt1.cidx, dtt1.CMEDIUMINT, dtt2.CDOUBLE from datatypetestm1 dtt1, datatypetestm2 dtt2 where dtt1.cidx = dtt2.cidx and dtt1.CMEDIUMINT >= dtt2.CDOUBLE ;
cidx	CMEDIUMINT	CDOUBLE
1	1000	-1.797693231e108
2	1000	-1.79769323e108
3	1000	-1.797693229e108
4	1000	-1.797693228e108
5	1000	-1.797693227e108
select dtt1.cidx, dtt1.CMEDIUMINT, dtt2.CDOUBLE from datatypetestm1 dtt1, datatypetestm2 dtt2 where dtt1.cidx = dtt2.cidx and dtt1.CMEDIUMINT <> dtt2.CDOUBLE ;
cidx	CMEDIUMINT	CDOUBLE
1	1000	-1.797693231e108
2	1000	-1.79769323e108
3	1000	-1.797693229e108
4	1000	-1.797693228e108
5	1000	-1.797693227e108
6	1000	1.797693227e108
7	1000	1.797693228e108
8	1000	1.797693229e108
9	1000	1.79769323e108
10	1000	1.797693231e108
select dtt1.cidx, dtt1.CMEDIUMINT, dtt2.CDOUBLE from datatypetestm1 dtt1, datatypetestm2 dtt2 where dtt1.cidx = dtt2.cidx and dtt1.CMEDIUMINT < dtt2.CDOUBLE ;
cidx	CMEDIUMINT	CDOUBLE
6	1000	1.797693227e108
7	1000	1.797693228e108
8	1000	1.797693229e108
9	1000	1.79769323e108
10	1000	1.797693231e108
select dtt1.cidx, dtt1.CMEDIUMINT, dtt2.CDOUBLE from datatypetestm1 dtt1, datatypetestm2 dtt2 where dtt1.cidx = dtt2.cidx and dtt1.CMEDIUMINT <= dtt2.CDOUBLE ;
cidx	CMEDIUMINT	CDOUBLE
6	1000	1.797693227e108
7	1000	1.797693228e108
8	1000	1.797693229e108
9	1000	1.79769323e108
10	1000	1.797693231e108
