USE autopilot;
select dtt1.cidx, dtt1.CMEDIUMINT, dtt2.CTEXT from datatypetestm1 dtt1, datatypetestm2 dtt2 where dtt1.cidx = dtt2.cidx and dtt1.CMEDIUMINT > dtt2.CTEXT ;
cidx	CMEDIUMINT	CTEXT
1	1000	texttexttext
2	1000	texttexttext
3	1000	texttexttext
4	1000	texttexttext
5	1000	texttexttext
6	1000	texttexttext
7	1000	texttexttext
8	1000	texttexttext
9	1000	texttexttext
10	1000	texttexttext
select dtt1.cidx, dtt1.CMEDIUMINT, dtt2.CTEXT from datatypetestm1 dtt1, datatypetestm2 dtt2 where dtt1.cidx = dtt2.cidx and dtt1.CMEDIUMINT >= dtt2.CTEXT ;
cidx	CMEDIUMINT	CTEXT
1	1000	texttexttext
2	1000	texttexttext
3	1000	texttexttext
4	1000	texttexttext
5	1000	texttexttext
6	1000	texttexttext
7	1000	texttexttext
8	1000	texttexttext
9	1000	texttexttext
10	1000	texttexttext
select dtt1.cidx, dtt1.CMEDIUMINT, dtt2.CTEXT from datatypetestm1 dtt1, datatypetestm2 dtt2 where dtt1.cidx = dtt2.cidx and dtt1.CMEDIUMINT <> dtt2.CTEXT ;
cidx	CMEDIUMINT	CTEXT
1	1000	texttexttext
2	1000	texttexttext
3	1000	texttexttext
4	1000	texttexttext
5	1000	texttexttext
6	1000	texttexttext
7	1000	texttexttext
8	1000	texttexttext
9	1000	texttexttext
10	1000	texttexttext
select dtt1.cidx, dtt1.CMEDIUMINT, dtt2.CTEXT from datatypetestm1 dtt1, datatypetestm2 dtt2 where dtt1.cidx = dtt2.cidx and dtt1.CMEDIUMINT < dtt2.CTEXT ;
cidx	CMEDIUMINT	CTEXT
select dtt1.cidx, dtt1.CMEDIUMINT, dtt2.CTEXT from datatypetestm1 dtt1, datatypetestm2 dtt2 where dtt1.cidx = dtt2.cidx and dtt1.CMEDIUMINT <= dtt2.CTEXT ;
cidx	CMEDIUMINT	CTEXT
