USE autopilot;
select dtt1.cidx, dtt1.CINTEGER, dtt2.CDECIMAL9 from datatypetestm1 dtt1, datatypetestm2 dtt2 where dtt1.cidx = dtt2.cidx and dtt1.CINTEGER > dtt2.CDECIMAL9 ;
cidx	CINTEGER	CDECIMAL9
6	7483643	999995
7	7483644	999996
8	7483645	999997
9	7483646	999998
10	7483647	999999
select dtt1.cidx, dtt1.CINTEGER, dtt2.CDECIMAL9 from datatypetestm1 dtt1, datatypetestm2 dtt2 where dtt1.cidx = dtt2.cidx and dtt1.CINTEGER >= dtt2.CDECIMAL9 ;
cidx	CINTEGER	CDECIMAL9
6	7483643	999995
7	7483644	999996
8	7483645	999997
9	7483646	999998
10	7483647	999999
11	0	0
select dtt1.cidx, dtt1.CINTEGER, dtt2.CDECIMAL9 from datatypetestm1 dtt1, datatypetestm2 dtt2 where dtt1.cidx = dtt2.cidx and dtt1.CINTEGER <> dtt2.CDECIMAL9 ;
cidx	CINTEGER	CDECIMAL9
1	-7483646	-999999
2	-7483645	-999998
3	-7483644	-999997
4	-7483643	-999996
5	-7483642	-999995
6	7483643	999995
7	7483644	999996
8	7483645	999997
9	7483646	999998
10	7483647	999999
select dtt1.cidx, dtt1.CINTEGER, dtt2.CDECIMAL9 from datatypetestm1 dtt1, datatypetestm2 dtt2 where dtt1.cidx = dtt2.cidx and dtt1.CINTEGER < dtt2.CDECIMAL9 ;
cidx	CINTEGER	CDECIMAL9
1	-7483646	-999999
2	-7483645	-999998
3	-7483644	-999997
4	-7483643	-999996
5	-7483642	-999995
select dtt1.cidx, dtt1.CINTEGER, dtt2.CDECIMAL9 from datatypetestm1 dtt1, datatypetestm2 dtt2 where dtt1.cidx = dtt2.cidx and dtt1.CINTEGER <= dtt2.CDECIMAL9 ;
cidx	CINTEGER	CDECIMAL9
1	-7483646	-999999
2	-7483645	-999998
3	-7483644	-999997
4	-7483643	-999996
5	-7483642	-999995
11	0	0
