USE autopilot;
select dtt1.cidx, dtt1.CDECIMAL9, dtt2.CCHAR9 from datatypetestm1 dtt1, datatypetestm2 dtt2 where dtt1.cidx = dtt2.cidx and dtt1.CDECIMAL9 > dtt2.CCHAR9 ;
cidx	CDECIMAL9	CCHAR9
6	999995	rrrrrrr
7	999996	rrrrrrrr
8	999997	rrrrrrrrr
9	999998	rrrrrrrrr
10	999999	zzzzzzzzz
select dtt1.cidx, dtt1.CDECIMAL9, dtt2.CCHAR9 from datatypetestm1 dtt1, datatypetestm2 dtt2 where dtt1.cidx = dtt2.cidx and dtt1.CDECIMAL9 >= dtt2.CCHAR9 ;
cidx	CDECIMAL9	CCHAR9
6	999995	rrrrrrr
7	999996	rrrrrrrr
8	999997	rrrrrrrrr
9	999998	rrrrrrrrr
10	999999	zzzzzzzzz
select dtt1.cidx, dtt1.CDECIMAL9, dtt2.CCHAR9 from datatypetestm1 dtt1, datatypetestm2 dtt2 where dtt1.cidx = dtt2.cidx and dtt1.CDECIMAL9 <> dtt2.CCHAR9 ;
cidx	CDECIMAL9	CCHAR9
1	-999999	aaaaaaaaa
2	-999998	i
3	-999997	ii
4	-999996	iii
5	-999995	iiii
6	999995	rrrrrrr
7	999996	rrrrrrrr
8	999997	rrrrrrrrr
9	999998	rrrrrrrrr
10	999999	zzzzzzzzz
select dtt1.cidx, dtt1.CDECIMAL9, dtt2.CCHAR9 from datatypetestm1 dtt1, datatypetestm2 dtt2 where dtt1.cidx = dtt2.cidx and dtt1.CDECIMAL9 < dtt2.CCHAR9 ;
cidx	CDECIMAL9	CCHAR9
1	-999999	aaaaaaaaa
2	-999998	i
3	-999997	ii
4	-999996	iii
5	-999995	iiii
select dtt1.cidx, dtt1.CDECIMAL9, dtt2.CCHAR9 from datatypetestm1 dtt1, datatypetestm2 dtt2 where dtt1.cidx = dtt2.cidx and dtt1.CDECIMAL9 <= dtt2.CCHAR9 ;
cidx	CDECIMAL9	CCHAR9
1	-999999	aaaaaaaaa
2	-999998	i
3	-999997	ii
4	-999996	iii
5	-999995	iiii
