USE autopilot;
select dtt1.cidx, dtt1.CTIME, dtt2.CDECIMAL5 from datatypetestm1 dtt1, datatypetestm2 dtt2 where dtt1.cidx = dtt2.cidx and dtt1.CTIME > dtt2.CDECIMAL5 ;
cidx	CTIME	CDECIMAL5
1	11:58:28	-999
2	11:58:28	-998
3	11:58:28	-997
4	11:58:28	-996
5	11:58:28	-995
6	11:58:28	995
7	11:58:28	996
8	11:58:28	997
9	11:58:28	998
10	11:58:28	999
11	11:58:28	0
select dtt1.cidx, dtt1.CTIME, dtt2.CDECIMAL5 from datatypetestm1 dtt1, datatypetestm2 dtt2 where dtt1.cidx = dtt2.cidx and dtt1.CTIME >= dtt2.CDECIMAL5 ;
cidx	CTIME	CDECIMAL5
1	11:58:28	-999
2	11:58:28	-998
3	11:58:28	-997
4	11:58:28	-996
5	11:58:28	-995
6	11:58:28	995
7	11:58:28	996
8	11:58:28	997
9	11:58:28	998
10	11:58:28	999
11	11:58:28	0
select dtt1.cidx, dtt1.CTIME, dtt2.CDECIMAL5 from datatypetestm1 dtt1, datatypetestm2 dtt2 where dtt1.cidx = dtt2.cidx and dtt1.CTIME <> dtt2.CDECIMAL5 ;
cidx	CTIME	CDECIMAL5
1	11:58:28	-999
2	11:58:28	-998
3	11:58:28	-997
4	11:58:28	-996
5	11:58:28	-995
6	11:58:28	995
7	11:58:28	996
8	11:58:28	997
9	11:58:28	998
10	11:58:28	999
11	11:58:28	0
select dtt1.cidx, dtt1.CTIME, dtt2.CDECIMAL5 from datatypetestm1 dtt1, datatypetestm2 dtt2 where dtt1.cidx = dtt2.cidx and dtt1.CTIME < dtt2.CDECIMAL5 ;
cidx	CTIME	CDECIMAL5
select dtt1.cidx, dtt1.CTIME, dtt2.CDECIMAL5 from datatypetestm1 dtt1, datatypetestm2 dtt2 where dtt1.cidx = dtt2.cidx and dtt1.CTIME <= dtt2.CDECIMAL5 ;
cidx	CTIME	CDECIMAL5
