USE autopilot;
select dtt1.cidx, dtt1.CDECIMAL18_2, dtt2.CVCHAR5 from datatypetestm1 dtt1, datatypetestm2 dtt2 where dtt1.cidx = dtt2.cidx and dtt1.CDECIMAL18_2 > dtt2.CVCHAR5 ;
cidx	CDECIMAL18_2	CVCHAR5
6	99999999999.95	vvvvv
7	99999999999.96	vvvvv
8	99999999999.97	vvvvv
9	99999999999.98	vvvvv
10	99999999999.99	zzzzz
select dtt1.cidx, dtt1.CDECIMAL18_2, dtt2.CVCHAR5 from datatypetestm1 dtt1, datatypetestm2 dtt2 where dtt1.cidx = dtt2.cidx and dtt1.CDECIMAL18_2 >= dtt2.CVCHAR5 ;
cidx	CDECIMAL18_2	CVCHAR5
6	99999999999.95	vvvvv
7	99999999999.96	vvvvv
8	99999999999.97	vvvvv
9	99999999999.98	vvvvv
10	99999999999.99	zzzzz
select dtt1.cidx, dtt1.CDECIMAL18_2, dtt2.CVCHAR5 from datatypetestm1 dtt1, datatypetestm2 dtt2 where dtt1.cidx = dtt2.cidx and dtt1.CDECIMAL18_2 <> dtt2.CVCHAR5 ;
cidx	CDECIMAL18_2	CVCHAR5
1	-99999999999.99	aaaaa
2	-99999999999.98	e
3	-99999999999.97	ee
4	-99999999999.96	eee
5	-99999999999.95	eeee
6	99999999999.95	vvvvv
7	99999999999.96	vvvvv
8	99999999999.97	vvvvv
9	99999999999.98	vvvvv
10	99999999999.99	zzzzz
select dtt1.cidx, dtt1.CDECIMAL18_2, dtt2.CVCHAR5 from datatypetestm1 dtt1, datatypetestm2 dtt2 where dtt1.cidx = dtt2.cidx and dtt1.CDECIMAL18_2 < dtt2.CVCHAR5 ;
cidx	CDECIMAL18_2	CVCHAR5
1	-99999999999.99	aaaaa
2	-99999999999.98	e
3	-99999999999.97	ee
4	-99999999999.96	eee
5	-99999999999.95	eeee
select dtt1.cidx, dtt1.CDECIMAL18_2, dtt2.CVCHAR5 from datatypetestm1 dtt1, datatypetestm2 dtt2 where dtt1.cidx = dtt2.cidx and dtt1.CDECIMAL18_2 <= dtt2.CVCHAR5 ;
cidx	CDECIMAL18_2	CVCHAR5
1	-99999999999.99	aaaaa
2	-99999999999.98	e
3	-99999999999.97	ee
4	-99999999999.96	eee
5	-99999999999.95	eeee
