USE autopilot;
select dtt1.cidx, dtt1.CSMALLINT, dtt2.CCHAR9 from datatypetestm1 dtt1, datatypetestm2 dtt2 where dtt1.cidx = dtt2.cidx and dtt1.CSMALLINT > dtt2.CCHAR9 ;
cidx	CSMALLINT	CCHAR9
6	763	rrrrrrr
7	764	rrrrrrrr
8	765	rrrrrrrrr
9	766	rrrrrrrrr
10	767	zzzzzzzzz
select dtt1.cidx, dtt1.CSMALLINT, dtt2.CCHAR9 from datatypetestm1 dtt1, datatypetestm2 dtt2 where dtt1.cidx = dtt2.cidx and dtt1.CSMALLINT >= dtt2.CCHAR9 ;
cidx	CSMALLINT	CCHAR9
6	763	rrrrrrr
7	764	rrrrrrrr
8	765	rrrrrrrrr
9	766	rrrrrrrrr
10	767	zzzzzzzzz
select dtt1.cidx, dtt1.CSMALLINT, dtt2.CCHAR9 from datatypetestm1 dtt1, datatypetestm2 dtt2 where dtt1.cidx = dtt2.cidx and dtt1.CSMALLINT <> dtt2.CCHAR9 ;
cidx	CSMALLINT	CCHAR9
1	-766	aaaaaaaaa
2	-765	i
3	-764	ii
4	-763	iii
5	-762	iiii
6	763	rrrrrrr
7	764	rrrrrrrr
8	765	rrrrrrrrr
9	766	rrrrrrrrr
10	767	zzzzzzzzz
select dtt1.cidx, dtt1.CSMALLINT, dtt2.CCHAR9 from datatypetestm1 dtt1, datatypetestm2 dtt2 where dtt1.cidx = dtt2.cidx and dtt1.CSMALLINT < dtt2.CCHAR9 ;
cidx	CSMALLINT	CCHAR9
1	-766	aaaaaaaaa
2	-765	i
3	-764	ii
4	-763	iii
5	-762	iiii
select dtt1.cidx, dtt1.CSMALLINT, dtt2.CCHAR9 from datatypetestm1 dtt1, datatypetestm2 dtt2 where dtt1.cidx = dtt2.cidx and dtt1.CSMALLINT <= dtt2.CCHAR9 ;
cidx	CSMALLINT	CCHAR9
1	-766	aaaaaaaaa
2	-765	i
3	-764	ii
4	-763	iii
5	-762	iiii
