USE autopilot;
select dtt1.cidx, dtt1.CDECIMAL10, dtt2.CTINYTEXT from datatypetestm1 dtt1, datatypetestm2 dtt2 where dtt1.cidx = dtt2.cidx and dtt1.CDECIMAL10 > dtt2.CTINYTEXT ;
cidx	CDECIMAL10	CTINYTEXT
6	9999995	tinytext
7	9999996	tinytext
8	9999997	tinytext
9	9999998	tinytext
10	9999999	tinytext
select dtt1.cidx, dtt1.CDECIMAL10, dtt2.CTINYTEXT from datatypetestm1 dtt1, datatypetestm2 dtt2 where dtt1.cidx = dtt2.cidx and dtt1.CDECIMAL10 >= dtt2.CTINYTEXT ;
cidx	CDECIMAL10	CTINYTEXT
6	9999995	tinytext
7	9999996	tinytext
8	9999997	tinytext
9	9999998	tinytext
10	9999999	tinytext
select dtt1.cidx, dtt1.CDECIMAL10, dtt2.CTINYTEXT from datatypetestm1 dtt1, datatypetestm2 dtt2 where dtt1.cidx = dtt2.cidx and dtt1.CDECIMAL10 <> dtt2.CTINYTEXT ;
cidx	CDECIMAL10	CTINYTEXT
1	-9999999	tinytext
2	-9999998	tinytext
3	-9999997	tinytext
4	-9999996	tinytext
5	-9999995	tinytext
6	9999995	tinytext
7	9999996	tinytext
8	9999997	tinytext
9	9999998	tinytext
10	9999999	tinytext
select dtt1.cidx, dtt1.CDECIMAL10, dtt2.CTINYTEXT from datatypetestm1 dtt1, datatypetestm2 dtt2 where dtt1.cidx = dtt2.cidx and dtt1.CDECIMAL10 < dtt2.CTINYTEXT ;
cidx	CDECIMAL10	CTINYTEXT
1	-9999999	tinytext
2	-9999998	tinytext
3	-9999997	tinytext
4	-9999996	tinytext
5	-9999995	tinytext
select dtt1.cidx, dtt1.CDECIMAL10, dtt2.CTINYTEXT from datatypetestm1 dtt1, datatypetestm2 dtt2 where dtt1.cidx = dtt2.cidx and dtt1.CDECIMAL10 <= dtt2.CTINYTEXT ;
cidx	CDECIMAL10	CTINYTEXT
1	-9999999	tinytext
2	-9999998	tinytext
3	-9999997	tinytext
4	-9999996	tinytext
5	-9999995	tinytext
