USE autopilot;
select dtt1.cidx, dtt1.CINTEGER, dtt2.CDATETIME from datatypetestm1 dtt1, datatypetestm2 dtt2 where dtt1.cidx = dtt2.cidx and dtt1.CINTEGER > dtt2.CDATETIME ;
cidx	CINTEGER	CDATETIME
select dtt1.cidx, dtt1.CINTEGER, dtt2.CDATETIME from datatypetestm1 dtt1, datatypetestm2 dtt2 where dtt1.cidx = dtt2.cidx and dtt1.CINTEGER >= dtt2.CDATETIME ;
cidx	CINTEGER	CDATETIME
select dtt1.cidx, dtt1.CINTEGER, dtt2.CDATETIME from datatypetestm1 dtt1, datatypetestm2 dtt2 where dtt1.cidx = dtt2.cidx and dtt1.CINTEGER <> dtt2.CDATETIME ;
cidx	CINTEGER	CDATETIME
1	-7483646	1997-01-01 00:00:00
2	-7483645	1997-01-01 00:00:01
3	-7483644	1997-01-02 00:00:01
4	-7483643	1997-01-03 00:00:02
5	-7483642	1997-01-04 00:00:03
6	7483643	2009-12-31 23:59:56
7	7483644	2009-12-31 23:59:57
8	7483645	2009-12-31 23:59:58
9	7483646	2009-12-31 23:59:59
10	7483647	2009-12-31 23:59:59
11	0	2009-12-31 23:59:59
select dtt1.cidx, dtt1.CINTEGER, dtt2.CDATETIME from datatypetestm1 dtt1, datatypetestm2 dtt2 where dtt1.cidx = dtt2.cidx and dtt1.CINTEGER < dtt2.CDATETIME ;
cidx	CINTEGER	CDATETIME
1	-7483646	1997-01-01 00:00:00
2	-7483645	1997-01-01 00:00:01
3	-7483644	1997-01-02 00:00:01
4	-7483643	1997-01-03 00:00:02
5	-7483642	1997-01-04 00:00:03
6	7483643	2009-12-31 23:59:56
7	7483644	2009-12-31 23:59:57
8	7483645	2009-12-31 23:59:58
9	7483646	2009-12-31 23:59:59
10	7483647	2009-12-31 23:59:59
11	0	2009-12-31 23:59:59
select dtt1.cidx, dtt1.CINTEGER, dtt2.CDATETIME from datatypetestm1 dtt1, datatypetestm2 dtt2 where dtt1.cidx = dtt2.cidx and dtt1.CINTEGER <= dtt2.CDATETIME ;
cidx	CINTEGER	CDATETIME
1	-7483646	1997-01-01 00:00:00
2	-7483645	1997-01-01 00:00:01
3	-7483644	1997-01-02 00:00:01
4	-7483643	1997-01-03 00:00:02
5	-7483642	1997-01-04 00:00:03
6	7483643	2009-12-31 23:59:56
7	7483644	2009-12-31 23:59:57
8	7483645	2009-12-31 23:59:58
9	7483646	2009-12-31 23:59:59
10	7483647	2009-12-31 23:59:59
11	0	2009-12-31 23:59:59
