USE autopilot;
select dtt1.cidx, dtt1.CDECIMAL4, dtt2.CVCHAR8 from datatypetestm1 dtt1, datatypetestm2 dtt2 where dtt1.cidx = dtt2.cidx and dtt1.CDECIMAL4 > dtt2.CVCHAR8 ;
cidx	CDECIMAL4	CVCHAR8
6	995	sssssss
7	996	ssssssss
8	997	ssssssss
9	998	ssssssss
10	999	zzzzzzzz
select dtt1.cidx, dtt1.CDECIMAL4, dtt2.CVCHAR8 from datatypetestm1 dtt1, datatypetestm2 dtt2 where dtt1.cidx = dtt2.cidx and dtt1.CDECIMAL4 >= dtt2.CVCHAR8 ;
cidx	CDECIMAL4	CVCHAR8
6	995	sssssss
7	996	ssssssss
8	997	ssssssss
9	998	ssssssss
10	999	zzzzzzzz
select dtt1.cidx, dtt1.CDECIMAL4, dtt2.CVCHAR8 from datatypetestm1 dtt1, datatypetestm2 dtt2 where dtt1.cidx = dtt2.cidx and dtt1.CDECIMAL4 <> dtt2.CVCHAR8 ;
cidx	CDECIMAL4	CVCHAR8
1	-999	aaaaaaaa
2	-998	h
3	-997	hh
4	-996	hhh
5	-995	hhhh
6	995	sssssss
7	996	ssssssss
8	997	ssssssss
9	998	ssssssss
10	999	zzzzzzzz
select dtt1.cidx, dtt1.CDECIMAL4, dtt2.CVCHAR8 from datatypetestm1 dtt1, datatypetestm2 dtt2 where dtt1.cidx = dtt2.cidx and dtt1.CDECIMAL4 < dtt2.CVCHAR8 ;
cidx	CDECIMAL4	CVCHAR8
1	-999	aaaaaaaa
2	-998	h
3	-997	hh
4	-996	hhh
5	-995	hhhh
select dtt1.cidx, dtt1.CDECIMAL4, dtt2.CVCHAR8 from datatypetestm1 dtt1, datatypetestm2 dtt2 where dtt1.cidx = dtt2.cidx and dtt1.CDECIMAL4 <= dtt2.CVCHAR8 ;
cidx	CDECIMAL4	CVCHAR8
1	-999	aaaaaaaa
2	-998	h
3	-997	hh
4	-996	hhh
5	-995	hhhh
