USE autopilot;
select dtt1.cidx, dtt1.CVCHAR2, dtt2.CDECIMAL1 from datatypetestm1 dtt1, datatypetestm2 dtt2 where dtt1.cidx = dtt2.cidx and dtt1.CVCHAR2 > dtt2.CDECIMAL1 ;
cidx	CVCHAR2	CDECIMAL1
1	aa	-9
2	b	-8
3	bb	-7
4	bb	-6
5	bb	-5
select dtt1.cidx, dtt1.CVCHAR2, dtt2.CDECIMAL1 from datatypetestm1 dtt1, datatypetestm2 dtt2 where dtt1.cidx = dtt2.cidx and dtt1.CVCHAR2 >= dtt2.CDECIMAL1 ;
cidx	CVCHAR2	CDECIMAL1
1	aa	-9
2	b	-8
3	bb	-7
4	bb	-6
5	bb	-5
select dtt1.cidx, dtt1.CVCHAR2, dtt2.CDECIMAL1 from datatypetestm1 dtt1, datatypetestm2 dtt2 where dtt1.cidx = dtt2.cidx and dtt1.CVCHAR2 <> dtt2.CDECIMAL1 ;
cidx	CVCHAR2	CDECIMAL1
1	aa	-9
2	b	-8
3	bb	-7
4	bb	-6
5	bb	-5
6	yy	5
7	yy	6
8	yy	7
9	yy	8
10	zz	9
select dtt1.cidx, dtt1.CVCHAR2, dtt2.CDECIMAL1 from datatypetestm1 dtt1, datatypetestm2 dtt2 where dtt1.cidx = dtt2.cidx and dtt1.CVCHAR2 < dtt2.CDECIMAL1 ;
cidx	CVCHAR2	CDECIMAL1
6	yy	5
7	yy	6
8	yy	7
9	yy	8
10	zz	9
select dtt1.cidx, dtt1.CVCHAR2, dtt2.CDECIMAL1 from datatypetestm1 dtt1, datatypetestm2 dtt2 where dtt1.cidx = dtt2.cidx and dtt1.CVCHAR2 <= dtt2.CDECIMAL1 ;
cidx	CVCHAR2	CDECIMAL1
6	yy	5
7	yy	6
8	yy	7
9	yy	8
10	zz	9
