USE autopilot;
select dtt1.cidx, dtt1.CVCHAR255, dtt2.CDECIMAL4 from datatypetestm1 dtt1, datatypetestm2 dtt2 where dtt1.cidx = dtt2.cidx and dtt1.CVCHAR255 > dtt2.CDECIMAL4 ;
cidx	CVCHAR255	CDECIMAL4
1	aaaaaaaaaa	-999
2	j	-998
3	jj	-997
4	jjj	-996
5	jjjj	-995
select dtt1.cidx, dtt1.CVCHAR255, dtt2.CDECIMAL4 from datatypetestm1 dtt1, datatypetestm2 dtt2 where dtt1.cidx = dtt2.cidx and dtt1.CVCHAR255 >= dtt2.CDECIMAL4 ;
cidx	CVCHAR255	CDECIMAL4
1	aaaaaaaaaa	-999
2	j	-998
3	jj	-997
4	jjj	-996
5	jjjj	-995
select dtt1.cidx, dtt1.CVCHAR255, dtt2.CDECIMAL4 from datatypetestm1 dtt1, datatypetestm2 dtt2 where dtt1.cidx = dtt2.cidx and dtt1.CVCHAR255 <> dtt2.CDECIMAL4 ;
cidx	CVCHAR255	CDECIMAL4
1	aaaaaaaaaa	-999
2	j	-998
3	jj	-997
4	jjj	-996
5	jjjj	-995
6	qqqqqqq	995
7	qqqqqqqq	996
8	qqqqqqqqq	997
9	qqqqqqqqqq	998
10	zzzzzzzzzz	999
select dtt1.cidx, dtt1.CVCHAR255, dtt2.CDECIMAL4 from datatypetestm1 dtt1, datatypetestm2 dtt2 where dtt1.cidx = dtt2.cidx and dtt1.CVCHAR255 < dtt2.CDECIMAL4 ;
cidx	CVCHAR255	CDECIMAL4
6	qqqqqqq	995
7	qqqqqqqq	996
8	qqqqqqqqq	997
9	qqqqqqqqqq	998
10	zzzzzzzzzz	999
select dtt1.cidx, dtt1.CVCHAR255, dtt2.CDECIMAL4 from datatypetestm1 dtt1, datatypetestm2 dtt2 where dtt1.cidx = dtt2.cidx and dtt1.CVCHAR255 <= dtt2.CDECIMAL4 ;
cidx	CVCHAR255	CDECIMAL4
6	qqqqqqq	995
7	qqqqqqqq	996
8	qqqqqqqqq	997
9	qqqqqqqqqq	998
10	zzzzzzzzzz	999
