USE autopilot;
select dtt1.cidx, dtt1.CDECIMAL18_2, dtt2.CTINYINT from datatypetestm1 dtt1, datatypetestm2 dtt2 where dtt1.cidx = dtt2.cidx and dtt1.CDECIMAL18_2 > dtt2.CTINYINT ;
cidx	CDECIMAL18_2	CTINYINT
6	99999999999.95	23
7	99999999999.96	24
8	99999999999.97	25
9	99999999999.98	26
10	99999999999.99	27
select dtt1.cidx, dtt1.CDECIMAL18_2, dtt2.CTINYINT from datatypetestm1 dtt1, datatypetestm2 dtt2 where dtt1.cidx = dtt2.cidx and dtt1.CDECIMAL18_2 >= dtt2.CTINYINT ;
cidx	CDECIMAL18_2	CTINYINT
6	99999999999.95	23
7	99999999999.96	24
8	99999999999.97	25
9	99999999999.98	26
10	99999999999.99	27
11	0.00	0
select dtt1.cidx, dtt1.CDECIMAL18_2, dtt2.CTINYINT from datatypetestm1 dtt1, datatypetestm2 dtt2 where dtt1.cidx = dtt2.cidx and dtt1.CDECIMAL18_2 <> dtt2.CTINYINT ;
cidx	CDECIMAL18_2	CTINYINT
1	-99999999999.99	-26
2	-99999999999.98	-25
3	-99999999999.97	-24
4	-99999999999.96	-23
5	-99999999999.95	-22
6	99999999999.95	23
7	99999999999.96	24
8	99999999999.97	25
9	99999999999.98	26
10	99999999999.99	27
select dtt1.cidx, dtt1.CDECIMAL18_2, dtt2.CTINYINT from datatypetestm1 dtt1, datatypetestm2 dtt2 where dtt1.cidx = dtt2.cidx and dtt1.CDECIMAL18_2 < dtt2.CTINYINT ;
cidx	CDECIMAL18_2	CTINYINT
1	-99999999999.99	-26
2	-99999999999.98	-25
3	-99999999999.97	-24
4	-99999999999.96	-23
5	-99999999999.95	-22
select dtt1.cidx, dtt1.CDECIMAL18_2, dtt2.CTINYINT from datatypetestm1 dtt1, datatypetestm2 dtt2 where dtt1.cidx = dtt2.cidx and dtt1.CDECIMAL18_2 <= dtt2.CTINYINT ;
cidx	CDECIMAL18_2	CTINYINT
1	-99999999999.99	-26
2	-99999999999.98	-25
3	-99999999999.97	-24
4	-99999999999.96	-23
5	-99999999999.95	-22
11	0.00	0
