USE autopilot;
select dtt1.cidx, dtt1.CFLOAT, dtt2.CVCHAR4 from datatypetestm1 dtt1, datatypetestm2 dtt2 where dtt1.cidx = dtt2.cidx and dtt1.CFLOAT > dtt2.CVCHAR4 ;
cidx	CFLOAT	CVCHAR4
6	3.40286e18	wwww
7	3.40286e18	wwww
8	3.40286e18	wwww
9	3.40287e18	wwww
10	3.40287e18	zzzz
select dtt1.cidx, dtt1.CFLOAT, dtt2.CVCHAR4 from datatypetestm1 dtt1, datatypetestm2 dtt2 where dtt1.cidx = dtt2.cidx and dtt1.CFLOAT >= dtt2.CVCHAR4 ;
cidx	CFLOAT	CVCHAR4
6	3.40286e18	wwww
7	3.40286e18	wwww
8	3.40286e18	wwww
9	3.40287e18	wwww
10	3.40287e18	zzzz
select dtt1.cidx, dtt1.CFLOAT, dtt2.CVCHAR4 from datatypetestm1 dtt1, datatypetestm2 dtt2 where dtt1.cidx = dtt2.cidx and dtt1.CFLOAT <> dtt2.CVCHAR4 ;
cidx	CFLOAT	CVCHAR4
1	-3.40287e18	aaaa
2	-3.40287e18	d
3	-3.40286e18	dd
4	-3.40286e18	ddd
5	-3.40286e18	dddd
6	3.40286e18	wwww
7	3.40286e18	wwww
8	3.40286e18	wwww
9	3.40287e18	wwww
10	3.40287e18	zzzz
select dtt1.cidx, dtt1.CFLOAT, dtt2.CVCHAR4 from datatypetestm1 dtt1, datatypetestm2 dtt2 where dtt1.cidx = dtt2.cidx and dtt1.CFLOAT < dtt2.CVCHAR4 ;
cidx	CFLOAT	CVCHAR4
1	-3.40287e18	aaaa
2	-3.40287e18	d
3	-3.40286e18	dd
4	-3.40286e18	ddd
5	-3.40286e18	dddd
select dtt1.cidx, dtt1.CFLOAT, dtt2.CVCHAR4 from datatypetestm1 dtt1, datatypetestm2 dtt2 where dtt1.cidx = dtt2.cidx and dtt1.CFLOAT <= dtt2.CVCHAR4 ;
cidx	CFLOAT	CVCHAR4
1	-3.40287e18	aaaa
2	-3.40287e18	d
3	-3.40286e18	dd
4	-3.40286e18	ddd
5	-3.40286e18	dddd
