USE autopilot;
select dtt1.cidx, dtt1.CTINYTEXT, dtt2.CBIGINT from datatypetestm1 dtt1, datatypetestm2 dtt2 where dtt1.cidx = dtt2.cidx and dtt1.CTINYTEXT > dtt2.CBIGINT ;
cidx	CTINYTEXT	CBIGINT
1	tinytext	-72036854775806
2	tinytext	-72036854775805
3	tinytext	-72036854775804
4	tinytext	-72036854775803
5	tinytext	-72036854775802
select dtt1.cidx, dtt1.CTINYTEXT, dtt2.CBIGINT from datatypetestm1 dtt1, datatypetestm2 dtt2 where dtt1.cidx = dtt2.cidx and dtt1.CTINYTEXT >= dtt2.CBIGINT ;
cidx	CTINYTEXT	CBIGINT
1	tinytext	-72036854775806
2	tinytext	-72036854775805
3	tinytext	-72036854775804
4	tinytext	-72036854775803
5	tinytext	-72036854775802
select dtt1.cidx, dtt1.CTINYTEXT, dtt2.CBIGINT from datatypetestm1 dtt1, datatypetestm2 dtt2 where dtt1.cidx = dtt2.cidx and dtt1.CTINYTEXT <> dtt2.CBIGINT ;
cidx	CTINYTEXT	CBIGINT
1	tinytext	-72036854775806
2	tinytext	-72036854775805
3	tinytext	-72036854775804
4	tinytext	-72036854775803
5	tinytext	-72036854775802
6	tinytext	72036854775803
7	tinytext	72036854775804
8	tinytext	72036854775805
9	tinytext	72036854775806
10	tinytext	72036854775807
select dtt1.cidx, dtt1.CTINYTEXT, dtt2.CBIGINT from datatypetestm1 dtt1, datatypetestm2 dtt2 where dtt1.cidx = dtt2.cidx and dtt1.CTINYTEXT < dtt2.CBIGINT ;
cidx	CTINYTEXT	CBIGINT
6	tinytext	72036854775803
7	tinytext	72036854775804
8	tinytext	72036854775805
9	tinytext	72036854775806
10	tinytext	72036854775807
select dtt1.cidx, dtt1.CTINYTEXT, dtt2.CBIGINT from datatypetestm1 dtt1, datatypetestm2 dtt2 where dtt1.cidx = dtt2.cidx and dtt1.CTINYTEXT <= dtt2.CBIGINT ;
cidx	CTINYTEXT	CBIGINT
6	tinytext	72036854775803
7	tinytext	72036854775804
8	tinytext	72036854775805
9	tinytext	72036854775806
10	tinytext	72036854775807
