USE autopilot;
select dtt1.cidx, dtt1.CDECIMAL1, dtt2.CINTEGER from datatypetestm1 dtt1, datatypetestm2 dtt2 where dtt1.cidx = dtt2.cidx and dtt1.CDECIMAL1 > dtt2.CINTEGER ;
cidx	CDECIMAL1	CINTEGER
1	-9	-7483646
2	-8	-7483645
3	-7	-7483644
4	-6	-7483643
5	-5	-7483642
select dtt1.cidx, dtt1.CDECIMAL1, dtt2.CINTEGER from datatypetestm1 dtt1, datatypetestm2 dtt2 where dtt1.cidx = dtt2.cidx and dtt1.CDECIMAL1 >= dtt2.CINTEGER ;
cidx	CDECIMAL1	CINTEGER
1	-9	-7483646
2	-8	-7483645
3	-7	-7483644
4	-6	-7483643
5	-5	-7483642
11	0	0
select dtt1.cidx, dtt1.CDECIMAL1, dtt2.CINTEGER from datatypetestm1 dtt1, datatypetestm2 dtt2 where dtt1.cidx = dtt2.cidx and dtt1.CDECIMAL1 <> dtt2.CINTEGER ;
cidx	CDECIMAL1	CINTEGER
1	-9	-7483646
2	-8	-7483645
3	-7	-7483644
4	-6	-7483643
5	-5	-7483642
6	5	7483643
7	6	7483644
8	7	7483645
9	8	7483646
10	9	7483647
select dtt1.cidx, dtt1.CDECIMAL1, dtt2.CINTEGER from datatypetestm1 dtt1, datatypetestm2 dtt2 where dtt1.cidx = dtt2.cidx and dtt1.CDECIMAL1 < dtt2.CINTEGER ;
cidx	CDECIMAL1	CINTEGER
6	5	7483643
7	6	7483644
8	7	7483645
9	8	7483646
10	9	7483647
select dtt1.cidx, dtt1.CDECIMAL1, dtt2.CINTEGER from datatypetestm1 dtt1, datatypetestm2 dtt2 where dtt1.cidx = dtt2.cidx and dtt1.CDECIMAL1 <= dtt2.CINTEGER ;
cidx	CDECIMAL1	CINTEGER
6	5	7483643
7	6	7483644
8	7	7483645
9	8	7483646
10	9	7483647
11	0	0
