USE autopilot;
select dtt1.cidx, dtt1.CMEDIUMINT, dtt2.CLONGTEXT from datatypetestm1 dtt1, datatypetestm2 dtt2 where dtt1.cidx = dtt2.cidx and dtt1.CMEDIUMINT > dtt2.CLONGTEXT ;
cidx	CMEDIUMINT	CLONGTEXT
1	1000	longtextlongtextlongtext
2	1000	longtextlongtextlongtext
3	1000	longtextlongtextlongtext
4	1000	longtextlongtextlongtext
5	1000	longtextlongtextlongtext
6	1000	longtextlongtextlongtext
7	1000	longtextlongtextlongtext
8	1000	longtextlongtextlongtext
9	1000	longtextlongtextlongtext
10	1000	longtextlongtextlongtext
select dtt1.cidx, dtt1.CMEDIUMINT, dtt2.CLONGTEXT from datatypetestm1 dtt1, datatypetestm2 dtt2 where dtt1.cidx = dtt2.cidx and dtt1.CMEDIUMINT >= dtt2.CLONGTEXT ;
cidx	CMEDIUMINT	CLONGTEXT
1	1000	longtextlongtextlongtext
2	1000	longtextlongtextlongtext
3	1000	longtextlongtextlongtext
4	1000	longtextlongtextlongtext
5	1000	longtextlongtextlongtext
6	1000	longtextlongtextlongtext
7	1000	longtextlongtextlongtext
8	1000	longtextlongtextlongtext
9	1000	longtextlongtextlongtext
10	1000	longtextlongtextlongtext
select dtt1.cidx, dtt1.CMEDIUMINT, dtt2.CLONGTEXT from datatypetestm1 dtt1, datatypetestm2 dtt2 where dtt1.cidx = dtt2.cidx and dtt1.CMEDIUMINT <> dtt2.CLONGTEXT ;
cidx	CMEDIUMINT	CLONGTEXT
1	1000	longtextlongtextlongtext
2	1000	longtextlongtextlongtext
3	1000	longtextlongtextlongtext
4	1000	longtextlongtextlongtext
5	1000	longtextlongtextlongtext
6	1000	longtextlongtextlongtext
7	1000	longtextlongtextlongtext
8	1000	longtextlongtextlongtext
9	1000	longtextlongtextlongtext
10	1000	longtextlongtextlongtext
select dtt1.cidx, dtt1.CMEDIUMINT, dtt2.CLONGTEXT from datatypetestm1 dtt1, datatypetestm2 dtt2 where dtt1.cidx = dtt2.cidx and dtt1.CMEDIUMINT < dtt2.CLONGTEXT ;
cidx	CMEDIUMINT	CLONGTEXT
select dtt1.cidx, dtt1.CMEDIUMINT, dtt2.CLONGTEXT from datatypetestm1 dtt1, datatypetestm2 dtt2 where dtt1.cidx = dtt2.cidx and dtt1.CMEDIUMINT <= dtt2.CLONGTEXT ;
cidx	CMEDIUMINT	CLONGTEXT
