USE autopilot;
select dtt1.cidx, dtt1.CMEDIUMTEXT, dtt2.CCHAR9 from datatypetestm1 dtt1, datatypetestm2 dtt2 where dtt1.cidx = dtt2.cidx and dtt1.CMEDIUMTEXT > dtt2.CCHAR9 ;
cidx	CMEDIUMTEXT	CCHAR9
1	mediumtestmediumtest	aaaaaaaaa
2	mediumtestmediumtest	i
3	mediumtestmediumtest	ii
4	mediumtestmediumtest	iii
5	mediumtestmediumtest	iiii
select dtt1.cidx, dtt1.CMEDIUMTEXT, dtt2.CCHAR9 from datatypetestm1 dtt1, datatypetestm2 dtt2 where dtt1.cidx = dtt2.cidx and dtt1.CMEDIUMTEXT >= dtt2.CCHAR9 ;
cidx	CMEDIUMTEXT	CCHAR9
1	mediumtestmediumtest	aaaaaaaaa
2	mediumtestmediumtest	i
3	mediumtestmediumtest	ii
4	mediumtestmediumtest	iii
5	mediumtestmediumtest	iiii
select dtt1.cidx, dtt1.CMEDIUMTEXT, dtt2.CCHAR9 from datatypetestm1 dtt1, datatypetestm2 dtt2 where dtt1.cidx = dtt2.cidx and dtt1.CMEDIUMTEXT <> dtt2.CCHAR9 ;
cidx	CMEDIUMTEXT	CCHAR9
1	mediumtestmediumtest	aaaaaaaaa
2	mediumtestmediumtest	i
3	mediumtestmediumtest	ii
4	mediumtestmediumtest	iii
5	mediumtestmediumtest	iiii
6	mediumtestmediumtest	rrrrrrr
7	mediumtestmediumtest	rrrrrrrr
8	mediumtestmediumtest	rrrrrrrrr
9	mediumtestmediumtest	rrrrrrrrr
10	mediumtestmediumtest	zzzzzzzzz
select dtt1.cidx, dtt1.CMEDIUMTEXT, dtt2.CCHAR9 from datatypetestm1 dtt1, datatypetestm2 dtt2 where dtt1.cidx = dtt2.cidx and dtt1.CMEDIUMTEXT < dtt2.CCHAR9 ;
cidx	CMEDIUMTEXT	CCHAR9
6	mediumtestmediumtest	rrrrrrr
7	mediumtestmediumtest	rrrrrrrr
8	mediumtestmediumtest	rrrrrrrrr
9	mediumtestmediumtest	rrrrrrrrr
10	mediumtestmediumtest	zzzzzzzzz
select dtt1.cidx, dtt1.CMEDIUMTEXT, dtt2.CCHAR9 from datatypetestm1 dtt1, datatypetestm2 dtt2 where dtt1.cidx = dtt2.cidx and dtt1.CMEDIUMTEXT <= dtt2.CCHAR9 ;
cidx	CMEDIUMTEXT	CCHAR9
6	mediumtestmediumtest	rrrrrrr
7	mediumtestmediumtest	rrrrrrrr
8	mediumtestmediumtest	rrrrrrrrr
9	mediumtestmediumtest	rrrrrrrrr
10	mediumtestmediumtest	zzzzzzzzz
