USE autopilot;
select dtt1.cidx, dtt1.CTEXT, dtt2.CDOUBLE from datatypetestm1 dtt1, datatypetestm2 dtt2 where dtt1.cidx = dtt2.cidx and dtt1.CTEXT > dtt2.CDOUBLE ;
cidx	CTEXT	CDOUBLE
1	texttexttext	-1.797693231e108
2	texttexttext	-1.79769323e108
3	texttexttext	-1.797693229e108
4	texttexttext	-1.797693228e108
5	texttexttext	-1.797693227e108
select dtt1.cidx, dtt1.CTEXT, dtt2.CDOUBLE from datatypetestm1 dtt1, datatypetestm2 dtt2 where dtt1.cidx = dtt2.cidx and dtt1.CTEXT >= dtt2.CDOUBLE ;
cidx	CTEXT	CDOUBLE
1	texttexttext	-1.797693231e108
2	texttexttext	-1.79769323e108
3	texttexttext	-1.797693229e108
4	texttexttext	-1.797693228e108
5	texttexttext	-1.797693227e108
select dtt1.cidx, dtt1.CTEXT, dtt2.CDOUBLE from datatypetestm1 dtt1, datatypetestm2 dtt2 where dtt1.cidx = dtt2.cidx and dtt1.CTEXT <> dtt2.CDOUBLE ;
cidx	CTEXT	CDOUBLE
1	texttexttext	-1.797693231e108
2	texttexttext	-1.79769323e108
3	texttexttext	-1.797693229e108
4	texttexttext	-1.797693228e108
5	texttexttext	-1.797693227e108
6	texttexttext	1.797693227e108
7	texttexttext	1.797693228e108
8	texttexttext	1.797693229e108
9	texttexttext	1.79769323e108
10	texttexttext	1.797693231e108
select dtt1.cidx, dtt1.CTEXT, dtt2.CDOUBLE from datatypetestm1 dtt1, datatypetestm2 dtt2 where dtt1.cidx = dtt2.cidx and dtt1.CTEXT < dtt2.CDOUBLE ;
cidx	CTEXT	CDOUBLE
6	texttexttext	1.797693227e108
7	texttexttext	1.797693228e108
8	texttexttext	1.797693229e108
9	texttexttext	1.79769323e108
10	texttexttext	1.797693231e108
select dtt1.cidx, dtt1.CTEXT, dtt2.CDOUBLE from datatypetestm1 dtt1, datatypetestm2 dtt2 where dtt1.cidx = dtt2.cidx and dtt1.CTEXT <= dtt2.CDOUBLE ;
cidx	CTEXT	CDOUBLE
6	texttexttext	1.797693227e108
7	texttexttext	1.797693228e108
8	texttexttext	1.797693229e108
9	texttexttext	1.79769323e108
10	texttexttext	1.797693231e108
