USE autopilot;
select dtt1.cidx, dtt1.CINTEGER, dtt2.CVCHAR8 from datatypetestm1 dtt1, datatypetestm2 dtt2 where dtt1.cidx = dtt2.cidx and dtt1.CINTEGER > dtt2.CVCHAR8 ;
cidx	CINTEGER	CVCHAR8
6	7483643	sssssss
7	7483644	ssssssss
8	7483645	ssssssss
9	7483646	ssssssss
10	7483647	zzzzzzzz
select dtt1.cidx, dtt1.CINTEGER, dtt2.CVCHAR8 from datatypetestm1 dtt1, datatypetestm2 dtt2 where dtt1.cidx = dtt2.cidx and dtt1.CINTEGER >= dtt2.CVCHAR8 ;
cidx	CINTEGER	CVCHAR8
6	7483643	sssssss
7	7483644	ssssssss
8	7483645	ssssssss
9	7483646	ssssssss
10	7483647	zzzzzzzz
select dtt1.cidx, dtt1.CINTEGER, dtt2.CVCHAR8 from datatypetestm1 dtt1, datatypetestm2 dtt2 where dtt1.cidx = dtt2.cidx and dtt1.CINTEGER <> dtt2.CVCHAR8 ;
cidx	CINTEGER	CVCHAR8
1	-7483646	aaaaaaaa
2	-7483645	h
3	-7483644	hh
4	-7483643	hhh
5	-7483642	hhhh
6	7483643	sssssss
7	7483644	ssssssss
8	7483645	ssssssss
9	7483646	ssssssss
10	7483647	zzzzzzzz
select dtt1.cidx, dtt1.CINTEGER, dtt2.CVCHAR8 from datatypetestm1 dtt1, datatypetestm2 dtt2 where dtt1.cidx = dtt2.cidx and dtt1.CINTEGER < dtt2.CVCHAR8 ;
cidx	CINTEGER	CVCHAR8
1	-7483646	aaaaaaaa
2	-7483645	h
3	-7483644	hh
4	-7483643	hhh
5	-7483642	hhhh
select dtt1.cidx, dtt1.CINTEGER, dtt2.CVCHAR8 from datatypetestm1 dtt1, datatypetestm2 dtt2 where dtt1.cidx = dtt2.cidx and dtt1.CINTEGER <= dtt2.CVCHAR8 ;
cidx	CINTEGER	CVCHAR8
1	-7483646	aaaaaaaa
2	-7483645	h
3	-7483644	hh
4	-7483643	hhh
5	-7483642	hhhh
