USE autopilot;
select dtt1.cidx, dtt1.CDECIMAL1, dtt2.CBIGINT from datatypetestm1 dtt1, datatypetestm2 dtt2 where dtt1.cidx = dtt2.cidx and dtt1.CDECIMAL1 > dtt2.CBIGINT ;
cidx	CDECIMAL1	CBIGINT
1	-9	-72036854775806
2	-8	-72036854775805
3	-7	-72036854775804
4	-6	-72036854775803
5	-5	-72036854775802
select dtt1.cidx, dtt1.CDECIMAL1, dtt2.CBIGINT from datatypetestm1 dtt1, datatypetestm2 dtt2 where dtt1.cidx = dtt2.cidx and dtt1.CDECIMAL1 >= dtt2.CBIGINT ;
cidx	CDECIMAL1	CBIGINT
1	-9	-72036854775806
2	-8	-72036854775805
3	-7	-72036854775804
4	-6	-72036854775803
5	-5	-72036854775802
11	0	0
select dtt1.cidx, dtt1.CDECIMAL1, dtt2.CBIGINT from datatypetestm1 dtt1, datatypetestm2 dtt2 where dtt1.cidx = dtt2.cidx and dtt1.CDECIMAL1 <> dtt2.CBIGINT ;
cidx	CDECIMAL1	CBIGINT
1	-9	-72036854775806
2	-8	-72036854775805
3	-7	-72036854775804
4	-6	-72036854775803
5	-5	-72036854775802
6	5	72036854775803
7	6	72036854775804
8	7	72036854775805
9	8	72036854775806
10	9	72036854775807
select dtt1.cidx, dtt1.CDECIMAL1, dtt2.CBIGINT from datatypetestm1 dtt1, datatypetestm2 dtt2 where dtt1.cidx = dtt2.cidx and dtt1.CDECIMAL1 < dtt2.CBIGINT ;
cidx	CDECIMAL1	CBIGINT
6	5	72036854775803
7	6	72036854775804
8	7	72036854775805
9	8	72036854775806
10	9	72036854775807
select dtt1.cidx, dtt1.CDECIMAL1, dtt2.CBIGINT from datatypetestm1 dtt1, datatypetestm2 dtt2 where dtt1.cidx = dtt2.cidx and dtt1.CDECIMAL1 <= dtt2.CBIGINT ;
cidx	CDECIMAL1	CBIGINT
6	5	72036854775803
7	6	72036854775804
8	7	72036854775805
9	8	72036854775806
10	9	72036854775807
11	0	0
