USE autopilot;
select dtt1.cidx, dtt1.CVCHAR2, dtt2.CDECIMAL10 from datatypetestm1 dtt1, datatypetestm2 dtt2 where dtt1.cidx = dtt2.cidx and dtt1.CVCHAR2 > dtt2.CDECIMAL10 ;
cidx	CVCHAR2	CDECIMAL10
1	aa	-9999999
2	b	-9999998
3	bb	-9999997
4	bb	-9999996
5	bb	-9999995
select dtt1.cidx, dtt1.CVCHAR2, dtt2.CDECIMAL10 from datatypetestm1 dtt1, datatypetestm2 dtt2 where dtt1.cidx = dtt2.cidx and dtt1.CVCHAR2 >= dtt2.CDECIMAL10 ;
cidx	CVCHAR2	CDECIMAL10
1	aa	-9999999
2	b	-9999998
3	bb	-9999997
4	bb	-9999996
5	bb	-9999995
select dtt1.cidx, dtt1.CVCHAR2, dtt2.CDECIMAL10 from datatypetestm1 dtt1, datatypetestm2 dtt2 where dtt1.cidx = dtt2.cidx and dtt1.CVCHAR2 <> dtt2.CDECIMAL10 ;
cidx	CVCHAR2	CDECIMAL10
1	aa	-9999999
2	b	-9999998
3	bb	-9999997
4	bb	-9999996
5	bb	-9999995
6	yy	9999995
7	yy	9999996
8	yy	9999997
9	yy	9999998
10	zz	9999999
select dtt1.cidx, dtt1.CVCHAR2, dtt2.CDECIMAL10 from datatypetestm1 dtt1, datatypetestm2 dtt2 where dtt1.cidx = dtt2.cidx and dtt1.CVCHAR2 < dtt2.CDECIMAL10 ;
cidx	CVCHAR2	CDECIMAL10
6	yy	9999995
7	yy	9999996
8	yy	9999997
9	yy	9999998
10	zz	9999999
select dtt1.cidx, dtt1.CVCHAR2, dtt2.CDECIMAL10 from datatypetestm1 dtt1, datatypetestm2 dtt2 where dtt1.cidx = dtt2.cidx and dtt1.CVCHAR2 <= dtt2.CDECIMAL10 ;
cidx	CVCHAR2	CDECIMAL10
6	yy	9999995
7	yy	9999996
8	yy	9999997
9	yy	9999998
10	zz	9999999
