USE autopilot;
select dtt1.cidx, dtt1.CVCHAR2, dtt2.CDECIMAL18_2 from datatypetestm1 dtt1, datatypetestm2 dtt2 where dtt1.cidx = dtt2.cidx and dtt1.CVCHAR2 > dtt2.CDECIMAL18_2 ;
cidx	CVCHAR2	CDECIMAL18_2
1	aa	-99999999999.99
2	b	-99999999999.98
3	bb	-99999999999.97
4	bb	-99999999999.96
5	bb	-99999999999.95
select dtt1.cidx, dtt1.CVCHAR2, dtt2.CDECIMAL18_2 from datatypetestm1 dtt1, datatypetestm2 dtt2 where dtt1.cidx = dtt2.cidx and dtt1.CVCHAR2 >= dtt2.CDECIMAL18_2 ;
cidx	CVCHAR2	CDECIMAL18_2
1	aa	-99999999999.99
2	b	-99999999999.98
3	bb	-99999999999.97
4	bb	-99999999999.96
5	bb	-99999999999.95
select dtt1.cidx, dtt1.CVCHAR2, dtt2.CDECIMAL18_2 from datatypetestm1 dtt1, datatypetestm2 dtt2 where dtt1.cidx = dtt2.cidx and dtt1.CVCHAR2 <> dtt2.CDECIMAL18_2 ;
cidx	CVCHAR2	CDECIMAL18_2
1	aa	-99999999999.99
2	b	-99999999999.98
3	bb	-99999999999.97
4	bb	-99999999999.96
5	bb	-99999999999.95
6	yy	99999999999.95
7	yy	99999999999.96
8	yy	99999999999.97
9	yy	99999999999.98
10	zz	99999999999.99
select dtt1.cidx, dtt1.CVCHAR2, dtt2.CDECIMAL18_2 from datatypetestm1 dtt1, datatypetestm2 dtt2 where dtt1.cidx = dtt2.cidx and dtt1.CVCHAR2 < dtt2.CDECIMAL18_2 ;
cidx	CVCHAR2	CDECIMAL18_2
6	yy	99999999999.95
7	yy	99999999999.96
8	yy	99999999999.97
9	yy	99999999999.98
10	zz	99999999999.99
select dtt1.cidx, dtt1.CVCHAR2, dtt2.CDECIMAL18_2 from datatypetestm1 dtt1, datatypetestm2 dtt2 where dtt1.cidx = dtt2.cidx and dtt1.CVCHAR2 <= dtt2.CDECIMAL18_2 ;
cidx	CVCHAR2	CDECIMAL18_2
6	yy	99999999999.95
7	yy	99999999999.96
8	yy	99999999999.97
9	yy	99999999999.98
10	zz	99999999999.99
