USE autopilot;
select dtt1.cidx, dtt1.CDECIMAL9, dtt2.CCHAR3 from datatypetestm1 dtt1, datatypetestm2 dtt2 where dtt1.cidx = dtt2.cidx and dtt1.CDECIMAL9 > dtt2.CCHAR3 ;
cidx	CDECIMAL9	CCHAR3
6	999995	xxx
7	999996	xxx
8	999997	xxx
9	999998	xxx
10	999999	zzz
select dtt1.cidx, dtt1.CDECIMAL9, dtt2.CCHAR3 from datatypetestm1 dtt1, datatypetestm2 dtt2 where dtt1.cidx = dtt2.cidx and dtt1.CDECIMAL9 >= dtt2.CCHAR3 ;
cidx	CDECIMAL9	CCHAR3
6	999995	xxx
7	999996	xxx
8	999997	xxx
9	999998	xxx
10	999999	zzz
select dtt1.cidx, dtt1.CDECIMAL9, dtt2.CCHAR3 from datatypetestm1 dtt1, datatypetestm2 dtt2 where dtt1.cidx = dtt2.cidx and dtt1.CDECIMAL9 <> dtt2.CCHAR3 ;
cidx	CDECIMAL9	CCHAR3
1	-999999	aaa
2	-999998	c
3	-999997	cc
4	-999996	ccc
5	-999995	ccc
6	999995	xxx
7	999996	xxx
8	999997	xxx
9	999998	xxx
10	999999	zzz
select dtt1.cidx, dtt1.CDECIMAL9, dtt2.CCHAR3 from datatypetestm1 dtt1, datatypetestm2 dtt2 where dtt1.cidx = dtt2.cidx and dtt1.CDECIMAL9 < dtt2.CCHAR3 ;
cidx	CDECIMAL9	CCHAR3
1	-999999	aaa
2	-999998	c
3	-999997	cc
4	-999996	ccc
5	-999995	ccc
select dtt1.cidx, dtt1.CDECIMAL9, dtt2.CCHAR3 from datatypetestm1 dtt1, datatypetestm2 dtt2 where dtt1.cidx = dtt2.cidx and dtt1.CDECIMAL9 <= dtt2.CCHAR3 ;
cidx	CDECIMAL9	CCHAR3
1	-999999	aaa
2	-999998	c
3	-999997	cc
4	-999996	ccc
5	-999995	ccc
