USE autopilot;
select dtt1.cidx, dtt1.CDECIMAL9_2, dtt2.CBIGINT from datatypetestm1 dtt1, datatypetestm2 dtt2 where dtt1.cidx = dtt2.cidx and dtt1.CDECIMAL9_2 > dtt2.CBIGINT ;
cidx	CDECIMAL9_2	CBIGINT
1	-9999.99	-72036854775806
2	-9999.98	-72036854775805
3	-9999.97	-72036854775804
4	-9999.96	-72036854775803
5	-9999.95	-72036854775802
select dtt1.cidx, dtt1.CDECIMAL9_2, dtt2.CBIGINT from datatypetestm1 dtt1, datatypetestm2 dtt2 where dtt1.cidx = dtt2.cidx and dtt1.CDECIMAL9_2 >= dtt2.CBIGINT ;
cidx	CDECIMAL9_2	CBIGINT
1	-9999.99	-72036854775806
2	-9999.98	-72036854775805
3	-9999.97	-72036854775804
4	-9999.96	-72036854775803
5	-9999.95	-72036854775802
11	0.00	0
select dtt1.cidx, dtt1.CDECIMAL9_2, dtt2.CBIGINT from datatypetestm1 dtt1, datatypetestm2 dtt2 where dtt1.cidx = dtt2.cidx and dtt1.CDECIMAL9_2 <> dtt2.CBIGINT ;
cidx	CDECIMAL9_2	CBIGINT
1	-9999.99	-72036854775806
2	-9999.98	-72036854775805
3	-9999.97	-72036854775804
4	-9999.96	-72036854775803
5	-9999.95	-72036854775802
6	9999.95	72036854775803
7	9999.96	72036854775804
8	9999.97	72036854775805
9	9999.98	72036854775806
10	9999.99	72036854775807
select dtt1.cidx, dtt1.CDECIMAL9_2, dtt2.CBIGINT from datatypetestm1 dtt1, datatypetestm2 dtt2 where dtt1.cidx = dtt2.cidx and dtt1.CDECIMAL9_2 < dtt2.CBIGINT ;
cidx	CDECIMAL9_2	CBIGINT
6	9999.95	72036854775803
7	9999.96	72036854775804
8	9999.97	72036854775805
9	9999.98	72036854775806
10	9999.99	72036854775807
select dtt1.cidx, dtt1.CDECIMAL9_2, dtt2.CBIGINT from datatypetestm1 dtt1, datatypetestm2 dtt2 where dtt1.cidx = dtt2.cidx and dtt1.CDECIMAL9_2 <= dtt2.CBIGINT ;
cidx	CDECIMAL9_2	CBIGINT
6	9999.95	72036854775803
7	9999.96	72036854775804
8	9999.97	72036854775805
9	9999.98	72036854775806
10	9999.99	72036854775807
11	0.00	0
