USE autopilot;
select dtt1.cidx, dtt1.CDOUBLE, dtt2.CINTEGER from datatypetestm1 dtt1, datatypetestm2 dtt2 where dtt1.cidx = dtt2.cidx and dtt1.CDOUBLE > dtt2.CINTEGER ;
cidx	CDOUBLE	CINTEGER
6	1.797693227e108	7483643
7	1.797693228e108	7483644
8	1.797693229e108	7483645
9	1.79769323e108	7483646
10	1.797693231e108	7483647
select dtt1.cidx, dtt1.CDOUBLE, dtt2.CINTEGER from datatypetestm1 dtt1, datatypetestm2 dtt2 where dtt1.cidx = dtt2.cidx and dtt1.CDOUBLE >= dtt2.CINTEGER ;
cidx	CDOUBLE	CINTEGER
6	1.797693227e108	7483643
7	1.797693228e108	7483644
8	1.797693229e108	7483645
9	1.79769323e108	7483646
10	1.797693231e108	7483647
11	0	0
select dtt1.cidx, dtt1.CDOUBLE, dtt2.CINTEGER from datatypetestm1 dtt1, datatypetestm2 dtt2 where dtt1.cidx = dtt2.cidx and dtt1.CDOUBLE <> dtt2.CINTEGER ;
cidx	CDOUBLE	CINTEGER
1	-1.797693231e108	-7483646
2	-1.79769323e108	-7483645
3	-1.797693229e108	-7483644
4	-1.797693228e108	-7483643
5	-1.797693227e108	-7483642
6	1.797693227e108	7483643
7	1.797693228e108	7483644
8	1.797693229e108	7483645
9	1.79769323e108	7483646
10	1.797693231e108	7483647
select dtt1.cidx, dtt1.CDOUBLE, dtt2.CINTEGER from datatypetestm1 dtt1, datatypetestm2 dtt2 where dtt1.cidx = dtt2.cidx and dtt1.CDOUBLE < dtt2.CINTEGER ;
cidx	CDOUBLE	CINTEGER
1	-1.797693231e108	-7483646
2	-1.79769323e108	-7483645
3	-1.797693229e108	-7483644
4	-1.797693228e108	-7483643
5	-1.797693227e108	-7483642
select dtt1.cidx, dtt1.CDOUBLE, dtt2.CINTEGER from datatypetestm1 dtt1, datatypetestm2 dtt2 where dtt1.cidx = dtt2.cidx and dtt1.CDOUBLE <= dtt2.CINTEGER ;
cidx	CDOUBLE	CINTEGER
1	-1.797693231e108	-7483646
2	-1.79769323e108	-7483645
3	-1.797693229e108	-7483644
4	-1.797693228e108	-7483643
5	-1.797693227e108	-7483642
11	0	0
