USE autopilot;
select dtt1.cidx, dtt1.CMEDIUMTEXT, dtt2.CDECIMAL9 from datatypetestm1 dtt1, datatypetestm2 dtt2 where dtt1.cidx = dtt2.cidx and dtt1.CMEDIUMTEXT > dtt2.CDECIMAL9 ;
cidx	CMEDIUMTEXT	CDECIMAL9
1	mediumtestmediumtest	-999999
2	mediumtestmediumtest	-999998
3	mediumtestmediumtest	-999997
4	mediumtestmediumtest	-999996
5	mediumtestmediumtest	-999995
select dtt1.cidx, dtt1.CMEDIUMTEXT, dtt2.CDECIMAL9 from datatypetestm1 dtt1, datatypetestm2 dtt2 where dtt1.cidx = dtt2.cidx and dtt1.CMEDIUMTEXT >= dtt2.CDECIMAL9 ;
cidx	CMEDIUMTEXT	CDECIMAL9
1	mediumtestmediumtest	-999999
2	mediumtestmediumtest	-999998
3	mediumtestmediumtest	-999997
4	mediumtestmediumtest	-999996
5	mediumtestmediumtest	-999995
select dtt1.cidx, dtt1.CMEDIUMTEXT, dtt2.CDECIMAL9 from datatypetestm1 dtt1, datatypetestm2 dtt2 where dtt1.cidx = dtt2.cidx and dtt1.CMEDIUMTEXT <> dtt2.CDECIMAL9 ;
cidx	CMEDIUMTEXT	CDECIMAL9
1	mediumtestmediumtest	-999999
2	mediumtestmediumtest	-999998
3	mediumtestmediumtest	-999997
4	mediumtestmediumtest	-999996
5	mediumtestmediumtest	-999995
6	mediumtestmediumtest	999995
7	mediumtestmediumtest	999996
8	mediumtestmediumtest	999997
9	mediumtestmediumtest	999998
10	mediumtestmediumtest	999999
select dtt1.cidx, dtt1.CMEDIUMTEXT, dtt2.CDECIMAL9 from datatypetestm1 dtt1, datatypetestm2 dtt2 where dtt1.cidx = dtt2.cidx and dtt1.CMEDIUMTEXT < dtt2.CDECIMAL9 ;
cidx	CMEDIUMTEXT	CDECIMAL9
6	mediumtestmediumtest	999995
7	mediumtestmediumtest	999996
8	mediumtestmediumtest	999997
9	mediumtestmediumtest	999998
10	mediumtestmediumtest	999999
select dtt1.cidx, dtt1.CMEDIUMTEXT, dtt2.CDECIMAL9 from datatypetestm1 dtt1, datatypetestm2 dtt2 where dtt1.cidx = dtt2.cidx and dtt1.CMEDIUMTEXT <= dtt2.CDECIMAL9 ;
cidx	CMEDIUMTEXT	CDECIMAL9
6	mediumtestmediumtest	999995
7	mediumtestmediumtest	999996
8	mediumtestmediumtest	999997
9	mediumtestmediumtest	999998
10	mediumtestmediumtest	999999
