USE autopilot;
select dtt1.cidx, dtt1.CVCHAR2, dtt2.CDOUBLE from datatypetestm1 dtt1, datatypetestm2 dtt2 where dtt1.cidx = dtt2.cidx and dtt1.CVCHAR2 > dtt2.CDOUBLE ;
cidx	CVCHAR2	CDOUBLE
1	aa	-1.797693231e108
2	b	-1.79769323e108
3	bb	-1.797693229e108
4	bb	-1.797693228e108
5	bb	-1.797693227e108
select dtt1.cidx, dtt1.CVCHAR2, dtt2.CDOUBLE from datatypetestm1 dtt1, datatypetestm2 dtt2 where dtt1.cidx = dtt2.cidx and dtt1.CVCHAR2 >= dtt2.CDOUBLE ;
cidx	CVCHAR2	CDOUBLE
1	aa	-1.797693231e108
2	b	-1.79769323e108
3	bb	-1.797693229e108
4	bb	-1.797693228e108
5	bb	-1.797693227e108
select dtt1.cidx, dtt1.CVCHAR2, dtt2.CDOUBLE from datatypetestm1 dtt1, datatypetestm2 dtt2 where dtt1.cidx = dtt2.cidx and dtt1.CVCHAR2 <> dtt2.CDOUBLE ;
cidx	CVCHAR2	CDOUBLE
1	aa	-1.797693231e108
2	b	-1.79769323e108
3	bb	-1.797693229e108
4	bb	-1.797693228e108
5	bb	-1.797693227e108
6	yy	1.797693227e108
7	yy	1.797693228e108
8	yy	1.797693229e108
9	yy	1.79769323e108
10	zz	1.797693231e108
select dtt1.cidx, dtt1.CVCHAR2, dtt2.CDOUBLE from datatypetestm1 dtt1, datatypetestm2 dtt2 where dtt1.cidx = dtt2.cidx and dtt1.CVCHAR2 < dtt2.CDOUBLE ;
cidx	CVCHAR2	CDOUBLE
6	yy	1.797693227e108
7	yy	1.797693228e108
8	yy	1.797693229e108
9	yy	1.79769323e108
10	zz	1.797693231e108
select dtt1.cidx, dtt1.CVCHAR2, dtt2.CDOUBLE from datatypetestm1 dtt1, datatypetestm2 dtt2 where dtt1.cidx = dtt2.cidx and dtt1.CVCHAR2 <= dtt2.CDOUBLE ;
cidx	CVCHAR2	CDOUBLE
6	yy	1.797693227e108
7	yy	1.797693228e108
8	yy	1.797693229e108
9	yy	1.79769323e108
10	zz	1.797693231e108
