USE autopilot;
select dtt1.cidx, dtt1.CDECIMAL18_2, dtt2.CVCHAR3 from datatypetestm1 dtt1, datatypetestm2 dtt2 where dtt1.cidx = dtt2.cidx and dtt1.CDECIMAL18_2 > dtt2.CVCHAR3 ;
cidx	CDECIMAL18_2	CVCHAR3
6	99999999999.95	xxx
7	99999999999.96	xxx
8	99999999999.97	xxx
9	99999999999.98	xxx
10	99999999999.99	zzz
select dtt1.cidx, dtt1.CDECIMAL18_2, dtt2.CVCHAR3 from datatypetestm1 dtt1, datatypetestm2 dtt2 where dtt1.cidx = dtt2.cidx and dtt1.CDECIMAL18_2 >= dtt2.CVCHAR3 ;
cidx	CDECIMAL18_2	CVCHAR3
6	99999999999.95	xxx
7	99999999999.96	xxx
8	99999999999.97	xxx
9	99999999999.98	xxx
10	99999999999.99	zzz
select dtt1.cidx, dtt1.CDECIMAL18_2, dtt2.CVCHAR3 from datatypetestm1 dtt1, datatypetestm2 dtt2 where dtt1.cidx = dtt2.cidx and dtt1.CDECIMAL18_2 <> dtt2.CVCHAR3 ;
cidx	CDECIMAL18_2	CVCHAR3
1	-99999999999.99	aaa
2	-99999999999.98	c
3	-99999999999.97	cc
4	-99999999999.96	ccc
5	-99999999999.95	ccc
6	99999999999.95	xxx
7	99999999999.96	xxx
8	99999999999.97	xxx
9	99999999999.98	xxx
10	99999999999.99	zzz
select dtt1.cidx, dtt1.CDECIMAL18_2, dtt2.CVCHAR3 from datatypetestm1 dtt1, datatypetestm2 dtt2 where dtt1.cidx = dtt2.cidx and dtt1.CDECIMAL18_2 < dtt2.CVCHAR3 ;
cidx	CDECIMAL18_2	CVCHAR3
1	-99999999999.99	aaa
2	-99999999999.98	c
3	-99999999999.97	cc
4	-99999999999.96	ccc
5	-99999999999.95	ccc
select dtt1.cidx, dtt1.CDECIMAL18_2, dtt2.CVCHAR3 from datatypetestm1 dtt1, datatypetestm2 dtt2 where dtt1.cidx = dtt2.cidx and dtt1.CDECIMAL18_2 <= dtt2.CVCHAR3 ;
cidx	CDECIMAL18_2	CVCHAR3
1	-99999999999.99	aaa
2	-99999999999.98	c
3	-99999999999.97	cc
4	-99999999999.96	ccc
5	-99999999999.95	ccc
