USE autopilot;
select dtt1.cidx, dtt1.CDECIMAL1, dtt2.CMEDIUMINT from datatypetestm1 dtt1, datatypetestm2 dtt2 where dtt1.cidx = dtt2.cidx and dtt1.CDECIMAL1 > dtt2.CMEDIUMINT ;
cidx	CDECIMAL1	CMEDIUMINT
select dtt1.cidx, dtt1.CDECIMAL1, dtt2.CMEDIUMINT from datatypetestm1 dtt1, datatypetestm2 dtt2 where dtt1.cidx = dtt2.cidx and dtt1.CDECIMAL1 >= dtt2.CMEDIUMINT ;
cidx	CDECIMAL1	CMEDIUMINT
select dtt1.cidx, dtt1.CDECIMAL1, dtt2.CMEDIUMINT from datatypetestm1 dtt1, datatypetestm2 dtt2 where dtt1.cidx = dtt2.cidx and dtt1.CDECIMAL1 <> dtt2.CMEDIUMINT ;
cidx	CDECIMAL1	CMEDIUMINT
1	-9	1000
2	-8	1000
3	-7	1000
4	-6	1000
5	-5	1000
6	5	1000
7	6	1000
8	7	1000
9	8	1000
10	9	1000
select dtt1.cidx, dtt1.CDECIMAL1, dtt2.CMEDIUMINT from datatypetestm1 dtt1, datatypetestm2 dtt2 where dtt1.cidx = dtt2.cidx and dtt1.CDECIMAL1 < dtt2.CMEDIUMINT ;
cidx	CDECIMAL1	CMEDIUMINT
1	-9	1000
2	-8	1000
3	-7	1000
4	-6	1000
5	-5	1000
6	5	1000
7	6	1000
8	7	1000
9	8	1000
10	9	1000
select dtt1.cidx, dtt1.CDECIMAL1, dtt2.CMEDIUMINT from datatypetestm1 dtt1, datatypetestm2 dtt2 where dtt1.cidx = dtt2.cidx and dtt1.CDECIMAL1 <= dtt2.CMEDIUMINT ;
cidx	CDECIMAL1	CMEDIUMINT
1	-9	1000
2	-8	1000
3	-7	1000
4	-6	1000
5	-5	1000
6	5	1000
7	6	1000
8	7	1000
9	8	1000
10	9	1000
