USE autopilot;
select dtt1.cidx, dtt1.CDOUBLE, dtt2.CCHAR9 from datatypetestm1 dtt1, datatypetestm2 dtt2 where dtt1.cidx = dtt2.cidx and dtt1.CDOUBLE > dtt2.CCHAR9 ;
cidx	CDOUBLE	CCHAR9
6	1.797693227e108	rrrrrrr
7	1.797693228e108	rrrrrrrr
8	1.797693229e108	rrrrrrrrr
9	1.79769323e108	rrrrrrrrr
10	1.797693231e108	zzzzzzzzz
select dtt1.cidx, dtt1.CDOUBLE, dtt2.CCHAR9 from datatypetestm1 dtt1, datatypetestm2 dtt2 where dtt1.cidx = dtt2.cidx and dtt1.CDOUBLE >= dtt2.CCHAR9 ;
cidx	CDOUBLE	CCHAR9
6	1.797693227e108	rrrrrrr
7	1.797693228e108	rrrrrrrr
8	1.797693229e108	rrrrrrrrr
9	1.79769323e108	rrrrrrrrr
10	1.797693231e108	zzzzzzzzz
select dtt1.cidx, dtt1.CDOUBLE, dtt2.CCHAR9 from datatypetestm1 dtt1, datatypetestm2 dtt2 where dtt1.cidx = dtt2.cidx and dtt1.CDOUBLE <> dtt2.CCHAR9 ;
cidx	CDOUBLE	CCHAR9
1	-1.797693231e108	aaaaaaaaa
2	-1.79769323e108	i
3	-1.797693229e108	ii
4	-1.797693228e108	iii
5	-1.797693227e108	iiii
6	1.797693227e108	rrrrrrr
7	1.797693228e108	rrrrrrrr
8	1.797693229e108	rrrrrrrrr
9	1.79769323e108	rrrrrrrrr
10	1.797693231e108	zzzzzzzzz
select dtt1.cidx, dtt1.CDOUBLE, dtt2.CCHAR9 from datatypetestm1 dtt1, datatypetestm2 dtt2 where dtt1.cidx = dtt2.cidx and dtt1.CDOUBLE < dtt2.CCHAR9 ;
cidx	CDOUBLE	CCHAR9
1	-1.797693231e108	aaaaaaaaa
2	-1.79769323e108	i
3	-1.797693229e108	ii
4	-1.797693228e108	iii
5	-1.797693227e108	iiii
select dtt1.cidx, dtt1.CDOUBLE, dtt2.CCHAR9 from datatypetestm1 dtt1, datatypetestm2 dtt2 where dtt1.cidx = dtt2.cidx and dtt1.CDOUBLE <= dtt2.CCHAR9 ;
cidx	CDOUBLE	CCHAR9
1	-1.797693231e108	aaaaaaaaa
2	-1.79769323e108	i
3	-1.797693229e108	ii
4	-1.797693228e108	iii
5	-1.797693227e108	iiii
