USE autopilot;
select dtt1.cidx, dtt1.CVCHAR2, dtt2.CTINYINT from datatypetestm1 dtt1, datatypetestm2 dtt2 where dtt1.cidx = dtt2.cidx and dtt1.CVCHAR2 > dtt2.CTINYINT ;
cidx	CVCHAR2	CTINYINT
1	aa	-26
2	b	-25
3	bb	-24
4	bb	-23
5	bb	-22
select dtt1.cidx, dtt1.CVCHAR2, dtt2.CTINYINT from datatypetestm1 dtt1, datatypetestm2 dtt2 where dtt1.cidx = dtt2.cidx and dtt1.CVCHAR2 >= dtt2.CTINYINT ;
cidx	CVCHAR2	CTINYINT
1	aa	-26
2	b	-25
3	bb	-24
4	bb	-23
5	bb	-22
select dtt1.cidx, dtt1.CVCHAR2, dtt2.CTINYINT from datatypetestm1 dtt1, datatypetestm2 dtt2 where dtt1.cidx = dtt2.cidx and dtt1.CVCHAR2 <> dtt2.CTINYINT ;
cidx	CVCHAR2	CTINYINT
1	aa	-26
2	b	-25
3	bb	-24
4	bb	-23
5	bb	-22
6	yy	23
7	yy	24
8	yy	25
9	yy	26
10	zz	27
select dtt1.cidx, dtt1.CVCHAR2, dtt2.CTINYINT from datatypetestm1 dtt1, datatypetestm2 dtt2 where dtt1.cidx = dtt2.cidx and dtt1.CVCHAR2 < dtt2.CTINYINT ;
cidx	CVCHAR2	CTINYINT
6	yy	23
7	yy	24
8	yy	25
9	yy	26
10	zz	27
select dtt1.cidx, dtt1.CVCHAR2, dtt2.CTINYINT from datatypetestm1 dtt1, datatypetestm2 dtt2 where dtt1.cidx = dtt2.cidx and dtt1.CVCHAR2 <= dtt2.CTINYINT ;
cidx	CVCHAR2	CTINYINT
6	yy	23
7	yy	24
8	yy	25
9	yy	26
10	zz	27
