USE autopilot;
select dtt1.cidx, dtt1.CDECIMAL18_2, dtt2.CDECIMAL9_2 from datatypetestm1 dtt1, datatypetestm2 dtt2 where dtt1.cidx = dtt2.cidx and dtt1.CDECIMAL18_2 > dtt2.CDECIMAL9_2 ;
cidx	CDECIMAL18_2	CDECIMAL9_2
6	99999999999.95	9999.95
7	99999999999.96	9999.96
8	99999999999.97	9999.97
9	99999999999.98	9999.98
10	99999999999.99	9999.99
select dtt1.cidx, dtt1.CDECIMAL18_2, dtt2.CDECIMAL9_2 from datatypetestm1 dtt1, datatypetestm2 dtt2 where dtt1.cidx = dtt2.cidx and dtt1.CDECIMAL18_2 >= dtt2.CDECIMAL9_2 ;
cidx	CDECIMAL18_2	CDECIMAL9_2
6	99999999999.95	9999.95
7	99999999999.96	9999.96
8	99999999999.97	9999.97
9	99999999999.98	9999.98
10	99999999999.99	9999.99
11	0.00	0.00
select dtt1.cidx, dtt1.CDECIMAL18_2, dtt2.CDECIMAL9_2 from datatypetestm1 dtt1, datatypetestm2 dtt2 where dtt1.cidx = dtt2.cidx and dtt1.CDECIMAL18_2 <> dtt2.CDECIMAL9_2 ;
cidx	CDECIMAL18_2	CDECIMAL9_2
1	-99999999999.99	-9999.99
2	-99999999999.98	-9999.98
3	-99999999999.97	-9999.97
4	-99999999999.96	-9999.96
5	-99999999999.95	-9999.95
6	99999999999.95	9999.95
7	99999999999.96	9999.96
8	99999999999.97	9999.97
9	99999999999.98	9999.98
10	99999999999.99	9999.99
select dtt1.cidx, dtt1.CDECIMAL18_2, dtt2.CDECIMAL9_2 from datatypetestm1 dtt1, datatypetestm2 dtt2 where dtt1.cidx = dtt2.cidx and dtt1.CDECIMAL18_2 < dtt2.CDECIMAL9_2 ;
cidx	CDECIMAL18_2	CDECIMAL9_2
1	-99999999999.99	-9999.99
2	-99999999999.98	-9999.98
3	-99999999999.97	-9999.97
4	-99999999999.96	-9999.96
5	-99999999999.95	-9999.95
select dtt1.cidx, dtt1.CDECIMAL18_2, dtt2.CDECIMAL9_2 from datatypetestm1 dtt1, datatypetestm2 dtt2 where dtt1.cidx = dtt2.cidx and dtt1.CDECIMAL18_2 <= dtt2.CDECIMAL9_2 ;
cidx	CDECIMAL18_2	CDECIMAL9_2
1	-99999999999.99	-9999.99
2	-99999999999.98	-9999.98
3	-99999999999.97	-9999.97
4	-99999999999.96	-9999.96
5	-99999999999.95	-9999.95
11	0.00	0.00
