USE autopilot;
select dtt1.cidx, dtt1.CTINYTEXT, dtt2.CDECIMAL9_2 from datatypetestm1 dtt1, datatypetestm2 dtt2 where dtt1.cidx = dtt2.cidx and dtt1.CTINYTEXT > dtt2.CDECIMAL9_2 ;
cidx	CTINYTEXT	CDECIMAL9_2
1	tinytext	-9999.99
2	tinytext	-9999.98
3	tinytext	-9999.97
4	tinytext	-9999.96
5	tinytext	-9999.95
select dtt1.cidx, dtt1.CTINYTEXT, dtt2.CDECIMAL9_2 from datatypetestm1 dtt1, datatypetestm2 dtt2 where dtt1.cidx = dtt2.cidx and dtt1.CTINYTEXT >= dtt2.CDECIMAL9_2 ;
cidx	CTINYTEXT	CDECIMAL9_2
1	tinytext	-9999.99
2	tinytext	-9999.98
3	tinytext	-9999.97
4	tinytext	-9999.96
5	tinytext	-9999.95
select dtt1.cidx, dtt1.CTINYTEXT, dtt2.CDECIMAL9_2 from datatypetestm1 dtt1, datatypetestm2 dtt2 where dtt1.cidx = dtt2.cidx and dtt1.CTINYTEXT <> dtt2.CDECIMAL9_2 ;
cidx	CTINYTEXT	CDECIMAL9_2
1	tinytext	-9999.99
2	tinytext	-9999.98
3	tinytext	-9999.97
4	tinytext	-9999.96
5	tinytext	-9999.95
6	tinytext	9999.95
7	tinytext	9999.96
8	tinytext	9999.97
9	tinytext	9999.98
10	tinytext	9999.99
select dtt1.cidx, dtt1.CTINYTEXT, dtt2.CDECIMAL9_2 from datatypetestm1 dtt1, datatypetestm2 dtt2 where dtt1.cidx = dtt2.cidx and dtt1.CTINYTEXT < dtt2.CDECIMAL9_2 ;
cidx	CTINYTEXT	CDECIMAL9_2
6	tinytext	9999.95
7	tinytext	9999.96
8	tinytext	9999.97
9	tinytext	9999.98
10	tinytext	9999.99
select dtt1.cidx, dtt1.CTINYTEXT, dtt2.CDECIMAL9_2 from datatypetestm1 dtt1, datatypetestm2 dtt2 where dtt1.cidx = dtt2.cidx and dtt1.CTINYTEXT <= dtt2.CDECIMAL9_2 ;
cidx	CTINYTEXT	CDECIMAL9_2
6	tinytext	9999.95
7	tinytext	9999.96
8	tinytext	9999.97
9	tinytext	9999.98
10	tinytext	9999.99
