USE autopilot;
select dtt1.cidx, dtt1.CDECIMAL18, dtt2.CDECIMAL5 from datatypetestm1 dtt1, datatypetestm2 dtt2 where dtt1.cidx = dtt2.cidx and dtt1.CDECIMAL18 > dtt2.CDECIMAL5 ;
cidx	CDECIMAL18	CDECIMAL5
6	9999999999995	995
7	9999999999996	996
8	9999999999997	997
9	9999999999998	998
10	9999999999999	999
select dtt1.cidx, dtt1.CDECIMAL18, dtt2.CDECIMAL5 from datatypetestm1 dtt1, datatypetestm2 dtt2 where dtt1.cidx = dtt2.cidx and dtt1.CDECIMAL18 >= dtt2.CDECIMAL5 ;
cidx	CDECIMAL18	CDECIMAL5
6	9999999999995	995
7	9999999999996	996
8	9999999999997	997
9	9999999999998	998
10	9999999999999	999
11	0	0
select dtt1.cidx, dtt1.CDECIMAL18, dtt2.CDECIMAL5 from datatypetestm1 dtt1, datatypetestm2 dtt2 where dtt1.cidx = dtt2.cidx and dtt1.CDECIMAL18 <> dtt2.CDECIMAL5 ;
cidx	CDECIMAL18	CDECIMAL5
1	-9999999999999	-999
2	-9999999999998	-998
3	-9999999999997	-997
4	-9999999999996	-996
5	-9999999999995	-995
6	9999999999995	995
7	9999999999996	996
8	9999999999997	997
9	9999999999998	998
10	9999999999999	999
select dtt1.cidx, dtt1.CDECIMAL18, dtt2.CDECIMAL5 from datatypetestm1 dtt1, datatypetestm2 dtt2 where dtt1.cidx = dtt2.cidx and dtt1.CDECIMAL18 < dtt2.CDECIMAL5 ;
cidx	CDECIMAL18	CDECIMAL5
1	-9999999999999	-999
2	-9999999999998	-998
3	-9999999999997	-997
4	-9999999999996	-996
5	-9999999999995	-995
select dtt1.cidx, dtt1.CDECIMAL18, dtt2.CDECIMAL5 from datatypetestm1 dtt1, datatypetestm2 dtt2 where dtt1.cidx = dtt2.cidx and dtt1.CDECIMAL18 <= dtt2.CDECIMAL5 ;
cidx	CDECIMAL18	CDECIMAL5
1	-9999999999999	-999
2	-9999999999998	-998
3	-9999999999997	-997
4	-9999999999996	-996
5	-9999999999995	-995
11	0	0
