USE autopilot;
select dtt1.cidx, dtt1.CDECIMAL18_2, dtt2.CCHAR1 from datatypetestm1 dtt1, datatypetestm2 dtt2 where dtt1.cidx = dtt2.cidx and dtt1.CDECIMAL18_2 > dtt2.CCHAR1 ;
cidx	CDECIMAL18_2	CCHAR1
6	99999999999.95	z
7	99999999999.96	z
8	99999999999.97	z
9	99999999999.98	z
10	99999999999.99	z
select dtt1.cidx, dtt1.CDECIMAL18_2, dtt2.CCHAR1 from datatypetestm1 dtt1, datatypetestm2 dtt2 where dtt1.cidx = dtt2.cidx and dtt1.CDECIMAL18_2 >= dtt2.CCHAR1 ;
cidx	CDECIMAL18_2	CCHAR1
6	99999999999.95	z
7	99999999999.96	z
8	99999999999.97	z
9	99999999999.98	z
10	99999999999.99	z
select dtt1.cidx, dtt1.CDECIMAL18_2, dtt2.CCHAR1 from datatypetestm1 dtt1, datatypetestm2 dtt2 where dtt1.cidx = dtt2.cidx and dtt1.CDECIMAL18_2 <> dtt2.CCHAR1 ;
cidx	CDECIMAL18_2	CCHAR1
1	-99999999999.99	a
2	-99999999999.98	a
3	-99999999999.97	a
4	-99999999999.96	a
5	-99999999999.95	a
6	99999999999.95	z
7	99999999999.96	z
8	99999999999.97	z
9	99999999999.98	z
10	99999999999.99	z
select dtt1.cidx, dtt1.CDECIMAL18_2, dtt2.CCHAR1 from datatypetestm1 dtt1, datatypetestm2 dtt2 where dtt1.cidx = dtt2.cidx and dtt1.CDECIMAL18_2 < dtt2.CCHAR1 ;
cidx	CDECIMAL18_2	CCHAR1
1	-99999999999.99	a
2	-99999999999.98	a
3	-99999999999.97	a
4	-99999999999.96	a
5	-99999999999.95	a
select dtt1.cidx, dtt1.CDECIMAL18_2, dtt2.CCHAR1 from datatypetestm1 dtt1, datatypetestm2 dtt2 where dtt1.cidx = dtt2.cidx and dtt1.CDECIMAL18_2 <= dtt2.CCHAR1 ;
cidx	CDECIMAL18_2	CCHAR1
1	-99999999999.99	a
2	-99999999999.98	a
3	-99999999999.97	a
4	-99999999999.96	a
5	-99999999999.95	a
