USE autopilot;
select dtt1.cidx, dtt1.CSMALLINT, dtt2.CDECIMAL9 from datatypetestm1 dtt1, datatypetestm2 dtt2 where dtt1.cidx = dtt2.cidx and dtt1.CSMALLINT > dtt2.CDECIMAL9 ;
cidx	CSMALLINT	CDECIMAL9
1	-766	-999999
2	-765	-999998
3	-764	-999997
4	-763	-999996
5	-762	-999995
select dtt1.cidx, dtt1.CSMALLINT, dtt2.CDECIMAL9 from datatypetestm1 dtt1, datatypetestm2 dtt2 where dtt1.cidx = dtt2.cidx and dtt1.CSMALLINT >= dtt2.CDECIMAL9 ;
cidx	CSMALLINT	CDECIMAL9
1	-766	-999999
2	-765	-999998
3	-764	-999997
4	-763	-999996
5	-762	-999995
11	0	0
select dtt1.cidx, dtt1.CSMALLINT, dtt2.CDECIMAL9 from datatypetestm1 dtt1, datatypetestm2 dtt2 where dtt1.cidx = dtt2.cidx and dtt1.CSMALLINT <> dtt2.CDECIMAL9 ;
cidx	CSMALLINT	CDECIMAL9
1	-766	-999999
2	-765	-999998
3	-764	-999997
4	-763	-999996
5	-762	-999995
6	763	999995
7	764	999996
8	765	999997
9	766	999998
10	767	999999
select dtt1.cidx, dtt1.CSMALLINT, dtt2.CDECIMAL9 from datatypetestm1 dtt1, datatypetestm2 dtt2 where dtt1.cidx = dtt2.cidx and dtt1.CSMALLINT < dtt2.CDECIMAL9 ;
cidx	CSMALLINT	CDECIMAL9
6	763	999995
7	764	999996
8	765	999997
9	766	999998
10	767	999999
select dtt1.cidx, dtt1.CSMALLINT, dtt2.CDECIMAL9 from datatypetestm1 dtt1, datatypetestm2 dtt2 where dtt1.cidx = dtt2.cidx and dtt1.CSMALLINT <= dtt2.CDECIMAL9 ;
cidx	CSMALLINT	CDECIMAL9
6	763	999995
7	764	999996
8	765	999997
9	766	999998
10	767	999999
11	0	0
