USE autopilot;
select dtt1.cidx, dtt1.CTINYINT, dtt2.CLONGTEXT from datatypetestm1 dtt1, datatypetestm2 dtt2 where dtt1.cidx = dtt2.cidx and dtt1.CTINYINT > dtt2.CLONGTEXT ;
cidx	CTINYINT	CLONGTEXT
6	23	longtextlongtextlongtext
7	24	longtextlongtextlongtext
8	25	longtextlongtextlongtext
9	26	longtextlongtextlongtext
10	27	longtextlongtextlongtext
select dtt1.cidx, dtt1.CTINYINT, dtt2.CLONGTEXT from datatypetestm1 dtt1, datatypetestm2 dtt2 where dtt1.cidx = dtt2.cidx and dtt1.CTINYINT >= dtt2.CLONGTEXT ;
cidx	CTINYINT	CLONGTEXT
6	23	longtextlongtextlongtext
7	24	longtextlongtextlongtext
8	25	longtextlongtextlongtext
9	26	longtextlongtextlongtext
10	27	longtextlongtextlongtext
select dtt1.cidx, dtt1.CTINYINT, dtt2.CLONGTEXT from datatypetestm1 dtt1, datatypetestm2 dtt2 where dtt1.cidx = dtt2.cidx and dtt1.CTINYINT <> dtt2.CLONGTEXT ;
cidx	CTINYINT	CLONGTEXT
1	-26	longtextlongtextlongtext
2	-25	longtextlongtextlongtext
3	-24	longtextlongtextlongtext
4	-23	longtextlongtextlongtext
5	-22	longtextlongtextlongtext
6	23	longtextlongtextlongtext
7	24	longtextlongtextlongtext
8	25	longtextlongtextlongtext
9	26	longtextlongtextlongtext
10	27	longtextlongtextlongtext
select dtt1.cidx, dtt1.CTINYINT, dtt2.CLONGTEXT from datatypetestm1 dtt1, datatypetestm2 dtt2 where dtt1.cidx = dtt2.cidx and dtt1.CTINYINT < dtt2.CLONGTEXT ;
cidx	CTINYINT	CLONGTEXT
1	-26	longtextlongtextlongtext
2	-25	longtextlongtextlongtext
3	-24	longtextlongtextlongtext
4	-23	longtextlongtextlongtext
5	-22	longtextlongtextlongtext
select dtt1.cidx, dtt1.CTINYINT, dtt2.CLONGTEXT from datatypetestm1 dtt1, datatypetestm2 dtt2 where dtt1.cidx = dtt2.cidx and dtt1.CTINYINT <= dtt2.CLONGTEXT ;
cidx	CTINYINT	CLONGTEXT
1	-26	longtextlongtextlongtext
2	-25	longtextlongtextlongtext
3	-24	longtextlongtextlongtext
4	-23	longtextlongtextlongtext
5	-22	longtextlongtextlongtext
