USE autopilot;
select dtt1.cidx, dtt1.CTINYTEXT, dtt2.CTINYINT from datatypetestm1 dtt1, datatypetestm2 dtt2 where dtt1.cidx = dtt2.cidx and dtt1.CTINYTEXT > dtt2.CTINYINT ;
cidx	CTINYTEXT	CTINYINT
1	tinytext	-26
2	tinytext	-25
3	tinytext	-24
4	tinytext	-23
5	tinytext	-22
select dtt1.cidx, dtt1.CTINYTEXT, dtt2.CTINYINT from datatypetestm1 dtt1, datatypetestm2 dtt2 where dtt1.cidx = dtt2.cidx and dtt1.CTINYTEXT >= dtt2.CTINYINT ;
cidx	CTINYTEXT	CTINYINT
1	tinytext	-26
2	tinytext	-25
3	tinytext	-24
4	tinytext	-23
5	tinytext	-22
select dtt1.cidx, dtt1.CTINYTEXT, dtt2.CTINYINT from datatypetestm1 dtt1, datatypetestm2 dtt2 where dtt1.cidx = dtt2.cidx and dtt1.CTINYTEXT <> dtt2.CTINYINT ;
cidx	CTINYTEXT	CTINYINT
1	tinytext	-26
2	tinytext	-25
3	tinytext	-24
4	tinytext	-23
5	tinytext	-22
6	tinytext	23
7	tinytext	24
8	tinytext	25
9	tinytext	26
10	tinytext	27
select dtt1.cidx, dtt1.CTINYTEXT, dtt2.CTINYINT from datatypetestm1 dtt1, datatypetestm2 dtt2 where dtt1.cidx = dtt2.cidx and dtt1.CTINYTEXT < dtt2.CTINYINT ;
cidx	CTINYTEXT	CTINYINT
6	tinytext	23
7	tinytext	24
8	tinytext	25
9	tinytext	26
10	tinytext	27
select dtt1.cidx, dtt1.CTINYTEXT, dtt2.CTINYINT from datatypetestm1 dtt1, datatypetestm2 dtt2 where dtt1.cidx = dtt2.cidx and dtt1.CTINYTEXT <= dtt2.CTINYINT ;
cidx	CTINYTEXT	CTINYINT
6	tinytext	23
7	tinytext	24
8	tinytext	25
9	tinytext	26
10	tinytext	27
