USE autopilot;
select dtt1.cidx, dtt1.CDECIMAL9_2, dtt2.CCHAR9 from datatypetestm1 dtt1, datatypetestm2 dtt2 where dtt1.cidx = dtt2.cidx and dtt1.CDECIMAL9_2 > dtt2.CCHAR9 ;
cidx	CDECIMAL9_2	CCHAR9
6	9999.95	rrrrrrr
7	9999.96	rrrrrrrr
8	9999.97	rrrrrrrrr
9	9999.98	rrrrrrrrr
10	9999.99	zzzzzzzzz
select dtt1.cidx, dtt1.CDECIMAL9_2, dtt2.CCHAR9 from datatypetestm1 dtt1, datatypetestm2 dtt2 where dtt1.cidx = dtt2.cidx and dtt1.CDECIMAL9_2 >= dtt2.CCHAR9 ;
cidx	CDECIMAL9_2	CCHAR9
6	9999.95	rrrrrrr
7	9999.96	rrrrrrrr
8	9999.97	rrrrrrrrr
9	9999.98	rrrrrrrrr
10	9999.99	zzzzzzzzz
select dtt1.cidx, dtt1.CDECIMAL9_2, dtt2.CCHAR9 from datatypetestm1 dtt1, datatypetestm2 dtt2 where dtt1.cidx = dtt2.cidx and dtt1.CDECIMAL9_2 <> dtt2.CCHAR9 ;
cidx	CDECIMAL9_2	CCHAR9
1	-9999.99	aaaaaaaaa
2	-9999.98	i
3	-9999.97	ii
4	-9999.96	iii
5	-9999.95	iiii
6	9999.95	rrrrrrr
7	9999.96	rrrrrrrr
8	9999.97	rrrrrrrrr
9	9999.98	rrrrrrrrr
10	9999.99	zzzzzzzzz
select dtt1.cidx, dtt1.CDECIMAL9_2, dtt2.CCHAR9 from datatypetestm1 dtt1, datatypetestm2 dtt2 where dtt1.cidx = dtt2.cidx and dtt1.CDECIMAL9_2 < dtt2.CCHAR9 ;
cidx	CDECIMAL9_2	CCHAR9
1	-9999.99	aaaaaaaaa
2	-9999.98	i
3	-9999.97	ii
4	-9999.96	iii
5	-9999.95	iiii
select dtt1.cidx, dtt1.CDECIMAL9_2, dtt2.CCHAR9 from datatypetestm1 dtt1, datatypetestm2 dtt2 where dtt1.cidx = dtt2.cidx and dtt1.CDECIMAL9_2 <= dtt2.CCHAR9 ;
cidx	CDECIMAL9_2	CCHAR9
1	-9999.99	aaaaaaaaa
2	-9999.98	i
3	-9999.97	ii
4	-9999.96	iii
5	-9999.95	iiii
