USE autopilot;
select dtt1.cidx, dtt1.CDECIMAL4_2, dtt2.CLONGTEXT from datatypetestm1 dtt1, datatypetestm2 dtt2 where dtt1.cidx = dtt2.cidx and dtt1.CDECIMAL4_2 > dtt2.CLONGTEXT ;
cidx	CDECIMAL4_2	CLONGTEXT
6	9.95	longtextlongtextlongtext
7	9.96	longtextlongtextlongtext
8	9.97	longtextlongtextlongtext
9	9.98	longtextlongtextlongtext
10	9.99	longtextlongtextlongtext
select dtt1.cidx, dtt1.CDECIMAL4_2, dtt2.CLONGTEXT from datatypetestm1 dtt1, datatypetestm2 dtt2 where dtt1.cidx = dtt2.cidx and dtt1.CDECIMAL4_2 >= dtt2.CLONGTEXT ;
cidx	CDECIMAL4_2	CLONGTEXT
6	9.95	longtextlongtextlongtext
7	9.96	longtextlongtextlongtext
8	9.97	longtextlongtextlongtext
9	9.98	longtextlongtextlongtext
10	9.99	longtextlongtextlongtext
select dtt1.cidx, dtt1.CDECIMAL4_2, dtt2.CLONGTEXT from datatypetestm1 dtt1, datatypetestm2 dtt2 where dtt1.cidx = dtt2.cidx and dtt1.CDECIMAL4_2 <> dtt2.CLONGTEXT ;
cidx	CDECIMAL4_2	CLONGTEXT
1	-9.99	longtextlongtextlongtext
2	-9.98	longtextlongtextlongtext
3	-9.97	longtextlongtextlongtext
4	-9.96	longtextlongtextlongtext
5	-9.95	longtextlongtextlongtext
6	9.95	longtextlongtextlongtext
7	9.96	longtextlongtextlongtext
8	9.97	longtextlongtextlongtext
9	9.98	longtextlongtextlongtext
10	9.99	longtextlongtextlongtext
select dtt1.cidx, dtt1.CDECIMAL4_2, dtt2.CLONGTEXT from datatypetestm1 dtt1, datatypetestm2 dtt2 where dtt1.cidx = dtt2.cidx and dtt1.CDECIMAL4_2 < dtt2.CLONGTEXT ;
cidx	CDECIMAL4_2	CLONGTEXT
1	-9.99	longtextlongtextlongtext
2	-9.98	longtextlongtextlongtext
3	-9.97	longtextlongtextlongtext
4	-9.96	longtextlongtextlongtext
5	-9.95	longtextlongtextlongtext
select dtt1.cidx, dtt1.CDECIMAL4_2, dtt2.CLONGTEXT from datatypetestm1 dtt1, datatypetestm2 dtt2 where dtt1.cidx = dtt2.cidx and dtt1.CDECIMAL4_2 <= dtt2.CLONGTEXT ;
cidx	CDECIMAL4_2	CLONGTEXT
1	-9.99	longtextlongtextlongtext
2	-9.98	longtextlongtextlongtext
3	-9.97	longtextlongtextlongtext
4	-9.96	longtextlongtextlongtext
5	-9.95	longtextlongtextlongtext
