USE autopilot;
select dtt1.cidx, dtt1.CDECIMAL4, dtt2.CVCHAR255 from datatypetestm1 dtt1, datatypetestm2 dtt2 where dtt1.cidx = dtt2.cidx and dtt1.CDECIMAL4 > dtt2.CVCHAR255 ;
cidx	CDECIMAL4	CVCHAR255
6	995	qqqqqqq
7	996	qqqqqqqq
8	997	qqqqqqqqq
9	998	qqqqqqqqqq
10	999	zzzzzzzzzz
select dtt1.cidx, dtt1.CDECIMAL4, dtt2.CVCHAR255 from datatypetestm1 dtt1, datatypetestm2 dtt2 where dtt1.cidx = dtt2.cidx and dtt1.CDECIMAL4 >= dtt2.CVCHAR255 ;
cidx	CDECIMAL4	CVCHAR255
6	995	qqqqqqq
7	996	qqqqqqqq
8	997	qqqqqqqqq
9	998	qqqqqqqqqq
10	999	zzzzzzzzzz
select dtt1.cidx, dtt1.CDECIMAL4, dtt2.CVCHAR255 from datatypetestm1 dtt1, datatypetestm2 dtt2 where dtt1.cidx = dtt2.cidx and dtt1.CDECIMAL4 <> dtt2.CVCHAR255 ;
cidx	CDECIMAL4	CVCHAR255
1	-999	aaaaaaaaaa
2	-998	j
3	-997	jj
4	-996	jjj
5	-995	jjjj
6	995	qqqqqqq
7	996	qqqqqqqq
8	997	qqqqqqqqq
9	998	qqqqqqqqqq
10	999	zzzzzzzzzz
select dtt1.cidx, dtt1.CDECIMAL4, dtt2.CVCHAR255 from datatypetestm1 dtt1, datatypetestm2 dtt2 where dtt1.cidx = dtt2.cidx and dtt1.CDECIMAL4 < dtt2.CVCHAR255 ;
cidx	CDECIMAL4	CVCHAR255
1	-999	aaaaaaaaaa
2	-998	j
3	-997	jj
4	-996	jjj
5	-995	jjjj
select dtt1.cidx, dtt1.CDECIMAL4, dtt2.CVCHAR255 from datatypetestm1 dtt1, datatypetestm2 dtt2 where dtt1.cidx = dtt2.cidx and dtt1.CDECIMAL4 <= dtt2.CVCHAR255 ;
cidx	CDECIMAL4	CVCHAR255
1	-999	aaaaaaaaaa
2	-998	j
3	-997	jj
4	-996	jjj
5	-995	jjjj
