USE autopilot;
select dtt1.cidx, dtt1.CTEXT, dtt2.CCHAR9 from datatypetestm1 dtt1, datatypetestm2 dtt2 where dtt1.cidx = dtt2.cidx and dtt1.CTEXT > dtt2.CCHAR9 ;
cidx	CTEXT	CCHAR9
1	texttexttext	aaaaaaaaa
2	texttexttext	i
3	texttexttext	ii
4	texttexttext	iii
5	texttexttext	iiii
6	texttexttext	rrrrrrr
7	texttexttext	rrrrrrrr
8	texttexttext	rrrrrrrrr
9	texttexttext	rrrrrrrrr
select dtt1.cidx, dtt1.CTEXT, dtt2.CCHAR9 from datatypetestm1 dtt1, datatypetestm2 dtt2 where dtt1.cidx = dtt2.cidx and dtt1.CTEXT >= dtt2.CCHAR9 ;
cidx	CTEXT	CCHAR9
1	texttexttext	aaaaaaaaa
2	texttexttext	i
3	texttexttext	ii
4	texttexttext	iii
5	texttexttext	iiii
6	texttexttext	rrrrrrr
7	texttexttext	rrrrrrrr
8	texttexttext	rrrrrrrrr
9	texttexttext	rrrrrrrrr
select dtt1.cidx, dtt1.CTEXT, dtt2.CCHAR9 from datatypetestm1 dtt1, datatypetestm2 dtt2 where dtt1.cidx = dtt2.cidx and dtt1.CTEXT <> dtt2.CCHAR9 ;
cidx	CTEXT	CCHAR9
1	texttexttext	aaaaaaaaa
2	texttexttext	i
3	texttexttext	ii
4	texttexttext	iii
5	texttexttext	iiii
6	texttexttext	rrrrrrr
7	texttexttext	rrrrrrrr
8	texttexttext	rrrrrrrrr
9	texttexttext	rrrrrrrrr
10	texttexttext	zzzzzzzzz
select dtt1.cidx, dtt1.CTEXT, dtt2.CCHAR9 from datatypetestm1 dtt1, datatypetestm2 dtt2 where dtt1.cidx = dtt2.cidx and dtt1.CTEXT < dtt2.CCHAR9 ;
cidx	CTEXT	CCHAR9
10	texttexttext	zzzzzzzzz
select dtt1.cidx, dtt1.CTEXT, dtt2.CCHAR9 from datatypetestm1 dtt1, datatypetestm2 dtt2 where dtt1.cidx = dtt2.cidx and dtt1.CTEXT <= dtt2.CCHAR9 ;
cidx	CTEXT	CCHAR9
10	texttexttext	zzzzzzzzz
