USE autopilot;
select dtt1.cidx, dtt1.CDECIMAL9_2, dtt2.CTEXT from datatypetestm1 dtt1, datatypetestm2 dtt2 where dtt1.cidx = dtt2.cidx and dtt1.CDECIMAL9_2 > dtt2.CTEXT ;
cidx	CDECIMAL9_2	CTEXT
6	9999.95	texttexttext
7	9999.96	texttexttext
8	9999.97	texttexttext
9	9999.98	texttexttext
10	9999.99	texttexttext
select dtt1.cidx, dtt1.CDECIMAL9_2, dtt2.CTEXT from datatypetestm1 dtt1, datatypetestm2 dtt2 where dtt1.cidx = dtt2.cidx and dtt1.CDECIMAL9_2 >= dtt2.CTEXT ;
cidx	CDECIMAL9_2	CTEXT
6	9999.95	texttexttext
7	9999.96	texttexttext
8	9999.97	texttexttext
9	9999.98	texttexttext
10	9999.99	texttexttext
select dtt1.cidx, dtt1.CDECIMAL9_2, dtt2.CTEXT from datatypetestm1 dtt1, datatypetestm2 dtt2 where dtt1.cidx = dtt2.cidx and dtt1.CDECIMAL9_2 <> dtt2.CTEXT ;
cidx	CDECIMAL9_2	CTEXT
1	-9999.99	texttexttext
2	-9999.98	texttexttext
3	-9999.97	texttexttext
4	-9999.96	texttexttext
5	-9999.95	texttexttext
6	9999.95	texttexttext
7	9999.96	texttexttext
8	9999.97	texttexttext
9	9999.98	texttexttext
10	9999.99	texttexttext
select dtt1.cidx, dtt1.CDECIMAL9_2, dtt2.CTEXT from datatypetestm1 dtt1, datatypetestm2 dtt2 where dtt1.cidx = dtt2.cidx and dtt1.CDECIMAL9_2 < dtt2.CTEXT ;
cidx	CDECIMAL9_2	CTEXT
1	-9999.99	texttexttext
2	-9999.98	texttexttext
3	-9999.97	texttexttext
4	-9999.96	texttexttext
5	-9999.95	texttexttext
select dtt1.cidx, dtt1.CDECIMAL9_2, dtt2.CTEXT from datatypetestm1 dtt1, datatypetestm2 dtt2 where dtt1.cidx = dtt2.cidx and dtt1.CDECIMAL9_2 <= dtt2.CTEXT ;
cidx	CDECIMAL9_2	CTEXT
1	-9999.99	texttexttext
2	-9999.98	texttexttext
3	-9999.97	texttexttext
4	-9999.96	texttexttext
5	-9999.95	texttexttext
