USE autopilot;
select dtt1.cidx, dtt1.CDECIMAL9, dtt2.CCHAR255 from datatypetestm1 dtt1, datatypetestm2 dtt2 where dtt1.cidx = dtt2.cidx and dtt1.CDECIMAL9 > dtt2.CCHAR255 ;
cidx	CDECIMAL9	CCHAR255
6	999995	qqqqqqq
7	999996	qqqqqqqq
8	999997	qqqqqqqqq
9	999998	qqqqqqqqqq
10	999999	zzzzzzzzzz
select dtt1.cidx, dtt1.CDECIMAL9, dtt2.CCHAR255 from datatypetestm1 dtt1, datatypetestm2 dtt2 where dtt1.cidx = dtt2.cidx and dtt1.CDECIMAL9 >= dtt2.CCHAR255 ;
cidx	CDECIMAL9	CCHAR255
6	999995	qqqqqqq
7	999996	qqqqqqqq
8	999997	qqqqqqqqq
9	999998	qqqqqqqqqq
10	999999	zzzzzzzzzz
select dtt1.cidx, dtt1.CDECIMAL9, dtt2.CCHAR255 from datatypetestm1 dtt1, datatypetestm2 dtt2 where dtt1.cidx = dtt2.cidx and dtt1.CDECIMAL9 <> dtt2.CCHAR255 ;
cidx	CDECIMAL9	CCHAR255
1	-999999	aaaaaaaaaa
2	-999998	j
3	-999997	jj
4	-999996	jjj
5	-999995	jjjj
6	999995	qqqqqqq
7	999996	qqqqqqqq
8	999997	qqqqqqqqq
9	999998	qqqqqqqqqq
10	999999	zzzzzzzzzz
select dtt1.cidx, dtt1.CDECIMAL9, dtt2.CCHAR255 from datatypetestm1 dtt1, datatypetestm2 dtt2 where dtt1.cidx = dtt2.cidx and dtt1.CDECIMAL9 < dtt2.CCHAR255 ;
cidx	CDECIMAL9	CCHAR255
1	-999999	aaaaaaaaaa
2	-999998	j
3	-999997	jj
4	-999996	jjj
5	-999995	jjjj
select dtt1.cidx, dtt1.CDECIMAL9, dtt2.CCHAR255 from datatypetestm1 dtt1, datatypetestm2 dtt2 where dtt1.cidx = dtt2.cidx and dtt1.CDECIMAL9 <= dtt2.CCHAR255 ;
cidx	CDECIMAL9	CCHAR255
1	-999999	aaaaaaaaaa
2	-999998	j
3	-999997	jj
4	-999996	jjj
5	-999995	jjjj
