USE autopilot;
select dtt1.cidx, dtt1.CTINYTEXT, dtt2.CDECIMAL10 from datatypetestm1 dtt1, datatypetestm2 dtt2 where dtt1.cidx = dtt2.cidx and dtt1.CTINYTEXT > dtt2.CDECIMAL10 ;
cidx	CTINYTEXT	CDECIMAL10
1	tinytext	-9999999
2	tinytext	-9999998
3	tinytext	-9999997
4	tinytext	-9999996
5	tinytext	-9999995
select dtt1.cidx, dtt1.CTINYTEXT, dtt2.CDECIMAL10 from datatypetestm1 dtt1, datatypetestm2 dtt2 where dtt1.cidx = dtt2.cidx and dtt1.CTINYTEXT >= dtt2.CDECIMAL10 ;
cidx	CTINYTEXT	CDECIMAL10
1	tinytext	-9999999
2	tinytext	-9999998
3	tinytext	-9999997
4	tinytext	-9999996
5	tinytext	-9999995
select dtt1.cidx, dtt1.CTINYTEXT, dtt2.CDECIMAL10 from datatypetestm1 dtt1, datatypetestm2 dtt2 where dtt1.cidx = dtt2.cidx and dtt1.CTINYTEXT <> dtt2.CDECIMAL10 ;
cidx	CTINYTEXT	CDECIMAL10
1	tinytext	-9999999
2	tinytext	-9999998
3	tinytext	-9999997
4	tinytext	-9999996
5	tinytext	-9999995
6	tinytext	9999995
7	tinytext	9999996
8	tinytext	9999997
9	tinytext	9999998
10	tinytext	9999999
select dtt1.cidx, dtt1.CTINYTEXT, dtt2.CDECIMAL10 from datatypetestm1 dtt1, datatypetestm2 dtt2 where dtt1.cidx = dtt2.cidx and dtt1.CTINYTEXT < dtt2.CDECIMAL10 ;
cidx	CTINYTEXT	CDECIMAL10
6	tinytext	9999995
7	tinytext	9999996
8	tinytext	9999997
9	tinytext	9999998
10	tinytext	9999999
select dtt1.cidx, dtt1.CTINYTEXT, dtt2.CDECIMAL10 from datatypetestm1 dtt1, datatypetestm2 dtt2 where dtt1.cidx = dtt2.cidx and dtt1.CTINYTEXT <= dtt2.CDECIMAL10 ;
cidx	CTINYTEXT	CDECIMAL10
6	tinytext	9999995
7	tinytext	9999996
8	tinytext	9999997
9	tinytext	9999998
10	tinytext	9999999
