USE autopilot;
select dtt1.cidx, dtt1.CTIMESTAMP, dtt2.CINTEGER from datatypetestm1 dtt1, datatypetestm2 dtt2 where dtt1.cidx = dtt2.cidx and dtt1.CTIMESTAMP > dtt2.CINTEGER ;
cidx	CTIMESTAMP	CINTEGER
1	2020-08-13 03:14:07	-7483646
2	2020-08-13 03:14:07	-7483645
3	2020-08-13 03:14:07	-7483644
4	2020-08-13 03:14:07	-7483643
5	2020-08-13 03:14:07	-7483642
6	2020-08-13 03:14:07	7483643
7	2020-08-13 03:14:07	7483644
8	2020-08-13 03:14:07	7483645
9	2020-08-13 03:14:07	7483646
10	2020-08-13 03:14:07	7483647
11	2020-08-13 03:14:07	0
select dtt1.cidx, dtt1.CTIMESTAMP, dtt2.CINTEGER from datatypetestm1 dtt1, datatypetestm2 dtt2 where dtt1.cidx = dtt2.cidx and dtt1.CTIMESTAMP >= dtt2.CINTEGER ;
cidx	CTIMESTAMP	CINTEGER
1	2020-08-13 03:14:07	-7483646
2	2020-08-13 03:14:07	-7483645
3	2020-08-13 03:14:07	-7483644
4	2020-08-13 03:14:07	-7483643
5	2020-08-13 03:14:07	-7483642
6	2020-08-13 03:14:07	7483643
7	2020-08-13 03:14:07	7483644
8	2020-08-13 03:14:07	7483645
9	2020-08-13 03:14:07	7483646
10	2020-08-13 03:14:07	7483647
11	2020-08-13 03:14:07	0
select dtt1.cidx, dtt1.CTIMESTAMP, dtt2.CINTEGER from datatypetestm1 dtt1, datatypetestm2 dtt2 where dtt1.cidx = dtt2.cidx and dtt1.CTIMESTAMP <> dtt2.CINTEGER ;
cidx	CTIMESTAMP	CINTEGER
1	2020-08-13 03:14:07	-7483646
2	2020-08-13 03:14:07	-7483645
3	2020-08-13 03:14:07	-7483644
4	2020-08-13 03:14:07	-7483643
5	2020-08-13 03:14:07	-7483642
6	2020-08-13 03:14:07	7483643
7	2020-08-13 03:14:07	7483644
8	2020-08-13 03:14:07	7483645
9	2020-08-13 03:14:07	7483646
10	2020-08-13 03:14:07	7483647
11	2020-08-13 03:14:07	0
select dtt1.cidx, dtt1.CTIMESTAMP, dtt2.CINTEGER from datatypetestm1 dtt1, datatypetestm2 dtt2 where dtt1.cidx = dtt2.cidx and dtt1.CTIMESTAMP < dtt2.CINTEGER ;
cidx	CTIMESTAMP	CINTEGER
select dtt1.cidx, dtt1.CTIMESTAMP, dtt2.CINTEGER from datatypetestm1 dtt1, datatypetestm2 dtt2 where dtt1.cidx = dtt2.cidx and dtt1.CTIMESTAMP <= dtt2.CINTEGER ;
cidx	CTIMESTAMP	CINTEGER
