USE autopilot;
select dtt1.cidx, dtt1.CDOUBLE, dtt2.CDECIMAL4_2 from datatypetestm1 dtt1, datatypetestm2 dtt2 where dtt1.cidx = dtt2.cidx and dtt1.CDOUBLE > dtt2.CDECIMAL4_2 ;
cidx	CDOUBLE	CDECIMAL4_2
6	1.797693227e108	9.95
7	1.797693228e108	9.96
8	1.797693229e108	9.97
9	1.79769323e108	9.98
10	1.797693231e108	9.99
select dtt1.cidx, dtt1.CDOUBLE, dtt2.CDECIMAL4_2 from datatypetestm1 dtt1, datatypetestm2 dtt2 where dtt1.cidx = dtt2.cidx and dtt1.CDOUBLE >= dtt2.CDECIMAL4_2 ;
cidx	CDOUBLE	CDECIMAL4_2
6	1.797693227e108	9.95
7	1.797693228e108	9.96
8	1.797693229e108	9.97
9	1.79769323e108	9.98
10	1.797693231e108	9.99
11	0	0.00
select dtt1.cidx, dtt1.CDOUBLE, dtt2.CDECIMAL4_2 from datatypetestm1 dtt1, datatypetestm2 dtt2 where dtt1.cidx = dtt2.cidx and dtt1.CDOUBLE <> dtt2.CDECIMAL4_2 ;
cidx	CDOUBLE	CDECIMAL4_2
1	-1.797693231e108	-9.99
2	-1.79769323e108	-9.98
3	-1.797693229e108	-9.97
4	-1.797693228e108	-9.96
5	-1.797693227e108	-9.95
6	1.797693227e108	9.95
7	1.797693228e108	9.96
8	1.797693229e108	9.97
9	1.79769323e108	9.98
10	1.797693231e108	9.99
select dtt1.cidx, dtt1.CDOUBLE, dtt2.CDECIMAL4_2 from datatypetestm1 dtt1, datatypetestm2 dtt2 where dtt1.cidx = dtt2.cidx and dtt1.CDOUBLE < dtt2.CDECIMAL4_2 ;
cidx	CDOUBLE	CDECIMAL4_2
1	-1.797693231e108	-9.99
2	-1.79769323e108	-9.98
3	-1.797693229e108	-9.97
4	-1.797693228e108	-9.96
5	-1.797693227e108	-9.95
select dtt1.cidx, dtt1.CDOUBLE, dtt2.CDECIMAL4_2 from datatypetestm1 dtt1, datatypetestm2 dtt2 where dtt1.cidx = dtt2.cidx and dtt1.CDOUBLE <= dtt2.CDECIMAL4_2 ;
cidx	CDOUBLE	CDECIMAL4_2
1	-1.797693231e108	-9.99
2	-1.79769323e108	-9.98
3	-1.797693229e108	-9.97
4	-1.797693228e108	-9.96
5	-1.797693227e108	-9.95
11	0	0.00
