USE autopilot;
select dtt1.cidx, dtt1.CDECIMAL18_2, dtt2.CCHAR255 from datatypetestm1 dtt1, datatypetestm2 dtt2 where dtt1.cidx = dtt2.cidx and dtt1.CDECIMAL18_2 > dtt2.CCHAR255 ;
cidx	CDECIMAL18_2	CCHAR255
6	99999999999.95	qqqqqqq
7	99999999999.96	qqqqqqqq
8	99999999999.97	qqqqqqqqq
9	99999999999.98	qqqqqqqqqq
10	99999999999.99	zzzzzzzzzz
select dtt1.cidx, dtt1.CDECIMAL18_2, dtt2.CCHAR255 from datatypetestm1 dtt1, datatypetestm2 dtt2 where dtt1.cidx = dtt2.cidx and dtt1.CDECIMAL18_2 >= dtt2.CCHAR255 ;
cidx	CDECIMAL18_2	CCHAR255
6	99999999999.95	qqqqqqq
7	99999999999.96	qqqqqqqq
8	99999999999.97	qqqqqqqqq
9	99999999999.98	qqqqqqqqqq
10	99999999999.99	zzzzzzzzzz
select dtt1.cidx, dtt1.CDECIMAL18_2, dtt2.CCHAR255 from datatypetestm1 dtt1, datatypetestm2 dtt2 where dtt1.cidx = dtt2.cidx and dtt1.CDECIMAL18_2 <> dtt2.CCHAR255 ;
cidx	CDECIMAL18_2	CCHAR255
1	-99999999999.99	aaaaaaaaaa
2	-99999999999.98	j
3	-99999999999.97	jj
4	-99999999999.96	jjj
5	-99999999999.95	jjjj
6	99999999999.95	qqqqqqq
7	99999999999.96	qqqqqqqq
8	99999999999.97	qqqqqqqqq
9	99999999999.98	qqqqqqqqqq
10	99999999999.99	zzzzzzzzzz
select dtt1.cidx, dtt1.CDECIMAL18_2, dtt2.CCHAR255 from datatypetestm1 dtt1, datatypetestm2 dtt2 where dtt1.cidx = dtt2.cidx and dtt1.CDECIMAL18_2 < dtt2.CCHAR255 ;
cidx	CDECIMAL18_2	CCHAR255
1	-99999999999.99	aaaaaaaaaa
2	-99999999999.98	j
3	-99999999999.97	jj
4	-99999999999.96	jjj
5	-99999999999.95	jjjj
select dtt1.cidx, dtt1.CDECIMAL18_2, dtt2.CCHAR255 from datatypetestm1 dtt1, datatypetestm2 dtt2 where dtt1.cidx = dtt2.cidx and dtt1.CDECIMAL18_2 <= dtt2.CCHAR255 ;
cidx	CDECIMAL18_2	CCHAR255
1	-99999999999.99	aaaaaaaaaa
2	-99999999999.98	j
3	-99999999999.97	jj
4	-99999999999.96	jjj
5	-99999999999.95	jjjj
