USE autopilot;
select dtt1.cidx, dtt1.CDECIMAL4_2, dtt2.CCHAR4 from datatypetestm1 dtt1, datatypetestm2 dtt2 where dtt1.cidx = dtt2.cidx and dtt1.CDECIMAL4_2 > dtt2.CCHAR4 ;
cidx	CDECIMAL4_2	CCHAR4
6	9.95	wwww
7	9.96	wwww
8	9.97	wwww
9	9.98	wwww
10	9.99	zzzz
select dtt1.cidx, dtt1.CDECIMAL4_2, dtt2.CCHAR4 from datatypetestm1 dtt1, datatypetestm2 dtt2 where dtt1.cidx = dtt2.cidx and dtt1.CDECIMAL4_2 >= dtt2.CCHAR4 ;
cidx	CDECIMAL4_2	CCHAR4
6	9.95	wwww
7	9.96	wwww
8	9.97	wwww
9	9.98	wwww
10	9.99	zzzz
select dtt1.cidx, dtt1.CDECIMAL4_2, dtt2.CCHAR4 from datatypetestm1 dtt1, datatypetestm2 dtt2 where dtt1.cidx = dtt2.cidx and dtt1.CDECIMAL4_2 <> dtt2.CCHAR4 ;
cidx	CDECIMAL4_2	CCHAR4
1	-9.99	aaaa
2	-9.98	d
3	-9.97	dd
4	-9.96	ddd
5	-9.95	dddd
6	9.95	wwww
7	9.96	wwww
8	9.97	wwww
9	9.98	wwww
10	9.99	zzzz
select dtt1.cidx, dtt1.CDECIMAL4_2, dtt2.CCHAR4 from datatypetestm1 dtt1, datatypetestm2 dtt2 where dtt1.cidx = dtt2.cidx and dtt1.CDECIMAL4_2 < dtt2.CCHAR4 ;
cidx	CDECIMAL4_2	CCHAR4
1	-9.99	aaaa
2	-9.98	d
3	-9.97	dd
4	-9.96	ddd
5	-9.95	dddd
select dtt1.cidx, dtt1.CDECIMAL4_2, dtt2.CCHAR4 from datatypetestm1 dtt1, datatypetestm2 dtt2 where dtt1.cidx = dtt2.cidx and dtt1.CDECIMAL4_2 <= dtt2.CCHAR4 ;
cidx	CDECIMAL4_2	CCHAR4
1	-9.99	aaaa
2	-9.98	d
3	-9.97	dd
4	-9.96	ddd
5	-9.95	dddd
