USE autopilot;
select dtt1.cidx, dtt1.CMEDIUMTEXT, dtt2.CDECIMAL1 from datatypetestm1 dtt1, datatypetestm2 dtt2 where dtt1.cidx = dtt2.cidx and dtt1.CMEDIUMTEXT > dtt2.CDECIMAL1 ;
cidx	CMEDIUMTEXT	CDECIMAL1
1	mediumtestmediumtest	-9
2	mediumtestmediumtest	-8
3	mediumtestmediumtest	-7
4	mediumtestmediumtest	-6
5	mediumtestmediumtest	-5
select dtt1.cidx, dtt1.CMEDIUMTEXT, dtt2.CDECIMAL1 from datatypetestm1 dtt1, datatypetestm2 dtt2 where dtt1.cidx = dtt2.cidx and dtt1.CMEDIUMTEXT >= dtt2.CDECIMAL1 ;
cidx	CMEDIUMTEXT	CDECIMAL1
1	mediumtestmediumtest	-9
2	mediumtestmediumtest	-8
3	mediumtestmediumtest	-7
4	mediumtestmediumtest	-6
5	mediumtestmediumtest	-5
select dtt1.cidx, dtt1.CMEDIUMTEXT, dtt2.CDECIMAL1 from datatypetestm1 dtt1, datatypetestm2 dtt2 where dtt1.cidx = dtt2.cidx and dtt1.CMEDIUMTEXT <> dtt2.CDECIMAL1 ;
cidx	CMEDIUMTEXT	CDECIMAL1
1	mediumtestmediumtest	-9
2	mediumtestmediumtest	-8
3	mediumtestmediumtest	-7
4	mediumtestmediumtest	-6
5	mediumtestmediumtest	-5
6	mediumtestmediumtest	5
7	mediumtestmediumtest	6
8	mediumtestmediumtest	7
9	mediumtestmediumtest	8
10	mediumtestmediumtest	9
select dtt1.cidx, dtt1.CMEDIUMTEXT, dtt2.CDECIMAL1 from datatypetestm1 dtt1, datatypetestm2 dtt2 where dtt1.cidx = dtt2.cidx and dtt1.CMEDIUMTEXT < dtt2.CDECIMAL1 ;
cidx	CMEDIUMTEXT	CDECIMAL1
6	mediumtestmediumtest	5
7	mediumtestmediumtest	6
8	mediumtestmediumtest	7
9	mediumtestmediumtest	8
10	mediumtestmediumtest	9
select dtt1.cidx, dtt1.CMEDIUMTEXT, dtt2.CDECIMAL1 from datatypetestm1 dtt1, datatypetestm2 dtt2 where dtt1.cidx = dtt2.cidx and dtt1.CMEDIUMTEXT <= dtt2.CDECIMAL1 ;
cidx	CMEDIUMTEXT	CDECIMAL1
6	mediumtestmediumtest	5
7	mediumtestmediumtest	6
8	mediumtestmediumtest	7
9	mediumtestmediumtest	8
10	mediumtestmediumtest	9
