USE autopilot;
select dtt1.cidx, dtt1.CDECIMAL9, dtt2.CDECIMAL18 from datatypetestm1 dtt1, datatypetestm2 dtt2 where dtt1.cidx = dtt2.cidx and dtt1.CDECIMAL9 > dtt2.CDECIMAL18 ;
cidx	CDECIMAL9	CDECIMAL18
1	-999999	-9999999999999
2	-999998	-9999999999998
3	-999997	-9999999999997
4	-999996	-9999999999996
5	-999995	-9999999999995
select dtt1.cidx, dtt1.CDECIMAL9, dtt2.CDECIMAL18 from datatypetestm1 dtt1, datatypetestm2 dtt2 where dtt1.cidx = dtt2.cidx and dtt1.CDECIMAL9 >= dtt2.CDECIMAL18 ;
cidx	CDECIMAL9	CDECIMAL18
1	-999999	-9999999999999
2	-999998	-9999999999998
3	-999997	-9999999999997
4	-999996	-9999999999996
5	-999995	-9999999999995
11	0	0
select dtt1.cidx, dtt1.CDECIMAL9, dtt2.CDECIMAL18 from datatypetestm1 dtt1, datatypetestm2 dtt2 where dtt1.cidx = dtt2.cidx and dtt1.CDECIMAL9 <> dtt2.CDECIMAL18 ;
cidx	CDECIMAL9	CDECIMAL18
1	-999999	-9999999999999
2	-999998	-9999999999998
3	-999997	-9999999999997
4	-999996	-9999999999996
5	-999995	-9999999999995
6	999995	9999999999995
7	999996	9999999999996
8	999997	9999999999997
9	999998	9999999999998
10	999999	9999999999999
select dtt1.cidx, dtt1.CDECIMAL9, dtt2.CDECIMAL18 from datatypetestm1 dtt1, datatypetestm2 dtt2 where dtt1.cidx = dtt2.cidx and dtt1.CDECIMAL9 < dtt2.CDECIMAL18 ;
cidx	CDECIMAL9	CDECIMAL18
6	999995	9999999999995
7	999996	9999999999996
8	999997	9999999999997
9	999998	9999999999998
10	999999	9999999999999
select dtt1.cidx, dtt1.CDECIMAL9, dtt2.CDECIMAL18 from datatypetestm1 dtt1, datatypetestm2 dtt2 where dtt1.cidx = dtt2.cidx and dtt1.CDECIMAL9 <= dtt2.CDECIMAL18 ;
cidx	CDECIMAL9	CDECIMAL18
6	999995	9999999999995
7	999996	9999999999996
8	999997	9999999999997
9	999998	9999999999998
10	999999	9999999999999
11	0	0
