USE autopilot;
select dtt1.cidx, dtt1.CDOUBLE, dtt2.CTEXT from datatypetestm1 dtt1, datatypetestm2 dtt2 where dtt1.cidx = dtt2.cidx and dtt1.CDOUBLE > dtt2.CTEXT ;
cidx	CDOUBLE	CTEXT
6	1.797693227e108	texttexttext
7	1.797693228e108	texttexttext
8	1.797693229e108	texttexttext
9	1.79769323e108	texttexttext
10	1.797693231e108	texttexttext
select dtt1.cidx, dtt1.CDOUBLE, dtt2.CTEXT from datatypetestm1 dtt1, datatypetestm2 dtt2 where dtt1.cidx = dtt2.cidx and dtt1.CDOUBLE >= dtt2.CTEXT ;
cidx	CDOUBLE	CTEXT
6	1.797693227e108	texttexttext
7	1.797693228e108	texttexttext
8	1.797693229e108	texttexttext
9	1.79769323e108	texttexttext
10	1.797693231e108	texttexttext
select dtt1.cidx, dtt1.CDOUBLE, dtt2.CTEXT from datatypetestm1 dtt1, datatypetestm2 dtt2 where dtt1.cidx = dtt2.cidx and dtt1.CDOUBLE <> dtt2.CTEXT ;
cidx	CDOUBLE	CTEXT
1	-1.797693231e108	texttexttext
2	-1.79769323e108	texttexttext
3	-1.797693229e108	texttexttext
4	-1.797693228e108	texttexttext
5	-1.797693227e108	texttexttext
6	1.797693227e108	texttexttext
7	1.797693228e108	texttexttext
8	1.797693229e108	texttexttext
9	1.79769323e108	texttexttext
10	1.797693231e108	texttexttext
select dtt1.cidx, dtt1.CDOUBLE, dtt2.CTEXT from datatypetestm1 dtt1, datatypetestm2 dtt2 where dtt1.cidx = dtt2.cidx and dtt1.CDOUBLE < dtt2.CTEXT ;
cidx	CDOUBLE	CTEXT
1	-1.797693231e108	texttexttext
2	-1.79769323e108	texttexttext
3	-1.797693229e108	texttexttext
4	-1.797693228e108	texttexttext
5	-1.797693227e108	texttexttext
select dtt1.cidx, dtt1.CDOUBLE, dtt2.CTEXT from datatypetestm1 dtt1, datatypetestm2 dtt2 where dtt1.cidx = dtt2.cidx and dtt1.CDOUBLE <= dtt2.CTEXT ;
cidx	CDOUBLE	CTEXT
1	-1.797693231e108	texttexttext
2	-1.79769323e108	texttexttext
3	-1.797693229e108	texttexttext
4	-1.797693228e108	texttexttext
5	-1.797693227e108	texttexttext
