USE autopilot;
select dtt1.cidx, dtt1.CTIME, dtt2.CCHAR1 from datatypetestm1 dtt1, datatypetestm2 dtt2 where dtt1.cidx = dtt2.cidx and dtt1.CTIME > dtt2.CCHAR1 ;
cidx	CTIME	CCHAR1
1	11:58:28	a
2	11:58:28	a
3	11:58:28	a
4	11:58:28	a
5	11:58:28	a
6	11:58:28	z
7	11:58:28	z
8	11:58:28	z
9	11:58:28	z
10	11:58:28	z
select dtt1.cidx, dtt1.CTIME, dtt2.CCHAR1 from datatypetestm1 dtt1, datatypetestm2 dtt2 where dtt1.cidx = dtt2.cidx and dtt1.CTIME >= dtt2.CCHAR1 ;
cidx	CTIME	CCHAR1
1	11:58:28	a
2	11:58:28	a
3	11:58:28	a
4	11:58:28	a
5	11:58:28	a
6	11:58:28	z
7	11:58:28	z
8	11:58:28	z
9	11:58:28	z
10	11:58:28	z
select dtt1.cidx, dtt1.CTIME, dtt2.CCHAR1 from datatypetestm1 dtt1, datatypetestm2 dtt2 where dtt1.cidx = dtt2.cidx and dtt1.CTIME <> dtt2.CCHAR1 ;
cidx	CTIME	CCHAR1
1	11:58:28	a
2	11:58:28	a
3	11:58:28	a
4	11:58:28	a
5	11:58:28	a
6	11:58:28	z
7	11:58:28	z
8	11:58:28	z
9	11:58:28	z
10	11:58:28	z
select dtt1.cidx, dtt1.CTIME, dtt2.CCHAR1 from datatypetestm1 dtt1, datatypetestm2 dtt2 where dtt1.cidx = dtt2.cidx and dtt1.CTIME < dtt2.CCHAR1 ;
cidx	CTIME	CCHAR1
select dtt1.cidx, dtt1.CTIME, dtt2.CCHAR1 from datatypetestm1 dtt1, datatypetestm2 dtt2 where dtt1.cidx = dtt2.cidx and dtt1.CTIME <= dtt2.CCHAR1 ;
cidx	CTIME	CCHAR1
