USE autopilot;
select dtt1.cidx, dtt1.CFLOAT, dtt2.CDOUBLE from datatypetestm1 dtt1, datatypetestm2 dtt2 where dtt1.cidx = dtt2.cidx and dtt1.CFLOAT > dtt2.CDOUBLE ;
cidx	CFLOAT	CDOUBLE
1	-3.40287e18	-1.797693231e108
2	-3.40287e18	-1.79769323e108
3	-3.40286e18	-1.797693229e108
4	-3.40286e18	-1.797693228e108
5	-3.40286e18	-1.797693227e108
select dtt1.cidx, dtt1.CFLOAT, dtt2.CDOUBLE from datatypetestm1 dtt1, datatypetestm2 dtt2 where dtt1.cidx = dtt2.cidx and dtt1.CFLOAT >= dtt2.CDOUBLE ;
cidx	CFLOAT	CDOUBLE
1	-3.40287e18	-1.797693231e108
2	-3.40287e18	-1.79769323e108
3	-3.40286e18	-1.797693229e108
4	-3.40286e18	-1.797693228e108
5	-3.40286e18	-1.797693227e108
11	0	0
select dtt1.cidx, dtt1.CFLOAT, dtt2.CDOUBLE from datatypetestm1 dtt1, datatypetestm2 dtt2 where dtt1.cidx = dtt2.cidx and dtt1.CFLOAT <> dtt2.CDOUBLE ;
cidx	CFLOAT	CDOUBLE
1	-3.40287e18	-1.797693231e108
2	-3.40287e18	-1.79769323e108
3	-3.40286e18	-1.797693229e108
4	-3.40286e18	-1.797693228e108
5	-3.40286e18	-1.797693227e108
6	3.40286e18	1.797693227e108
7	3.40286e18	1.797693228e108
8	3.40286e18	1.797693229e108
9	3.40287e18	1.79769323e108
10	3.40287e18	1.797693231e108
select dtt1.cidx, dtt1.CFLOAT, dtt2.CDOUBLE from datatypetestm1 dtt1, datatypetestm2 dtt2 where dtt1.cidx = dtt2.cidx and dtt1.CFLOAT < dtt2.CDOUBLE ;
cidx	CFLOAT	CDOUBLE
6	3.40286e18	1.797693227e108
7	3.40286e18	1.797693228e108
8	3.40286e18	1.797693229e108
9	3.40287e18	1.79769323e108
10	3.40287e18	1.797693231e108
select dtt1.cidx, dtt1.CFLOAT, dtt2.CDOUBLE from datatypetestm1 dtt1, datatypetestm2 dtt2 where dtt1.cidx = dtt2.cidx and dtt1.CFLOAT <= dtt2.CDOUBLE ;
cidx	CFLOAT	CDOUBLE
6	3.40286e18	1.797693227e108
7	3.40286e18	1.797693228e108
8	3.40286e18	1.797693229e108
9	3.40287e18	1.79769323e108
10	3.40287e18	1.797693231e108
11	0	0
