USE autopilot;
select dtt1.cidx, dtt1.CTIMESTAMP, dtt2.CDATE from datatypetestm1 dtt1, datatypetestm2 dtt2 where dtt1.cidx = dtt2.cidx and dtt1.CTIMESTAMP > dtt2.CDATE ;
cidx	CTIMESTAMP	CDATE
1	2020-08-13 03:14:07	1997-01-01
2	2020-08-13 03:14:07	1997-01-01
3	2020-08-13 03:14:07	1997-01-02
4	2020-08-13 03:14:07	1997-01-03
5	2020-08-13 03:14:07	1997-01-04
6	2020-08-13 03:14:07	2009-12-28
7	2020-08-13 03:14:07	2009-12-29
8	2020-08-13 03:14:07	2009-12-30
9	2020-08-13 03:14:07	2009-12-31
10	2020-08-13 03:14:07	2009-12-31
11	2020-08-13 03:14:07	2009-12-31
select dtt1.cidx, dtt1.CTIMESTAMP, dtt2.CDATE from datatypetestm1 dtt1, datatypetestm2 dtt2 where dtt1.cidx = dtt2.cidx and dtt1.CTIMESTAMP >= dtt2.CDATE ;
cidx	CTIMESTAMP	CDATE
1	2020-08-13 03:14:07	1997-01-01
2	2020-08-13 03:14:07	1997-01-01
3	2020-08-13 03:14:07	1997-01-02
4	2020-08-13 03:14:07	1997-01-03
5	2020-08-13 03:14:07	1997-01-04
6	2020-08-13 03:14:07	2009-12-28
7	2020-08-13 03:14:07	2009-12-29
8	2020-08-13 03:14:07	2009-12-30
9	2020-08-13 03:14:07	2009-12-31
10	2020-08-13 03:14:07	2009-12-31
11	2020-08-13 03:14:07	2009-12-31
select dtt1.cidx, dtt1.CTIMESTAMP, dtt2.CDATE from datatypetestm1 dtt1, datatypetestm2 dtt2 where dtt1.cidx = dtt2.cidx and dtt1.CTIMESTAMP <> dtt2.CDATE ;
cidx	CTIMESTAMP	CDATE
1	2020-08-13 03:14:07	1997-01-01
2	2020-08-13 03:14:07	1997-01-01
3	2020-08-13 03:14:07	1997-01-02
4	2020-08-13 03:14:07	1997-01-03
5	2020-08-13 03:14:07	1997-01-04
6	2020-08-13 03:14:07	2009-12-28
7	2020-08-13 03:14:07	2009-12-29
8	2020-08-13 03:14:07	2009-12-30
9	2020-08-13 03:14:07	2009-12-31
10	2020-08-13 03:14:07	2009-12-31
11	2020-08-13 03:14:07	2009-12-31
select dtt1.cidx, dtt1.CTIMESTAMP, dtt2.CDATE from datatypetestm1 dtt1, datatypetestm2 dtt2 where dtt1.cidx = dtt2.cidx and dtt1.CTIMESTAMP < dtt2.CDATE ;
cidx	CTIMESTAMP	CDATE
select dtt1.cidx, dtt1.CTIMESTAMP, dtt2.CDATE from datatypetestm1 dtt1, datatypetestm2 dtt2 where dtt1.cidx = dtt2.cidx and dtt1.CTIMESTAMP <= dtt2.CDATE ;
cidx	CTIMESTAMP	CDATE
