USE autopilot;
select dtt1.cidx, dtt1.CDECIMAL4, dtt2.CDOUBLE from datatypetestm1 dtt1, datatypetestm2 dtt2 where dtt1.cidx = dtt2.cidx and dtt1.CDECIMAL4 > dtt2.CDOUBLE ;
cidx	CDECIMAL4	CDOUBLE
1	-999	-1.797693231e108
2	-998	-1.79769323e108
3	-997	-1.797693229e108
4	-996	-1.797693228e108
5	-995	-1.797693227e108
select dtt1.cidx, dtt1.CDECIMAL4, dtt2.CDOUBLE from datatypetestm1 dtt1, datatypetestm2 dtt2 where dtt1.cidx = dtt2.cidx and dtt1.CDECIMAL4 >= dtt2.CDOUBLE ;
cidx	CDECIMAL4	CDOUBLE
1	-999	-1.797693231e108
2	-998	-1.79769323e108
3	-997	-1.797693229e108
4	-996	-1.797693228e108
5	-995	-1.797693227e108
11	0	0
select dtt1.cidx, dtt1.CDECIMAL4, dtt2.CDOUBLE from datatypetestm1 dtt1, datatypetestm2 dtt2 where dtt1.cidx = dtt2.cidx and dtt1.CDECIMAL4 <> dtt2.CDOUBLE ;
cidx	CDECIMAL4	CDOUBLE
1	-999	-1.797693231e108
2	-998	-1.79769323e108
3	-997	-1.797693229e108
4	-996	-1.797693228e108
5	-995	-1.797693227e108
6	995	1.797693227e108
7	996	1.797693228e108
8	997	1.797693229e108
9	998	1.79769323e108
10	999	1.797693231e108
select dtt1.cidx, dtt1.CDECIMAL4, dtt2.CDOUBLE from datatypetestm1 dtt1, datatypetestm2 dtt2 where dtt1.cidx = dtt2.cidx and dtt1.CDECIMAL4 < dtt2.CDOUBLE ;
cidx	CDECIMAL4	CDOUBLE
6	995	1.797693227e108
7	996	1.797693228e108
8	997	1.797693229e108
9	998	1.79769323e108
10	999	1.797693231e108
select dtt1.cidx, dtt1.CDECIMAL4, dtt2.CDOUBLE from datatypetestm1 dtt1, datatypetestm2 dtt2 where dtt1.cidx = dtt2.cidx and dtt1.CDECIMAL4 <= dtt2.CDOUBLE ;
cidx	CDECIMAL4	CDOUBLE
6	995	1.797693227e108
7	996	1.797693228e108
8	997	1.797693229e108
9	998	1.79769323e108
10	999	1.797693231e108
11	0	0
