USE autopilot;
select dtt1.cidx, dtt1.CDECIMAL18_2, dtt2.CDOUBLE from datatypetestm1 dtt1, datatypetestm2 dtt2 where dtt1.cidx = dtt2.cidx and dtt1.CDECIMAL18_2 > dtt2.CDOUBLE ;
cidx	CDECIMAL18_2	CDOUBLE
1	-99999999999.99	-1.797693231e108
2	-99999999999.98	-1.79769323e108
3	-99999999999.97	-1.797693229e108
4	-99999999999.96	-1.797693228e108
5	-99999999999.95	-1.797693227e108
select dtt1.cidx, dtt1.CDECIMAL18_2, dtt2.CDOUBLE from datatypetestm1 dtt1, datatypetestm2 dtt2 where dtt1.cidx = dtt2.cidx and dtt1.CDECIMAL18_2 >= dtt2.CDOUBLE ;
cidx	CDECIMAL18_2	CDOUBLE
1	-99999999999.99	-1.797693231e108
2	-99999999999.98	-1.79769323e108
3	-99999999999.97	-1.797693229e108
4	-99999999999.96	-1.797693228e108
5	-99999999999.95	-1.797693227e108
11	0.00	0
select dtt1.cidx, dtt1.CDECIMAL18_2, dtt2.CDOUBLE from datatypetestm1 dtt1, datatypetestm2 dtt2 where dtt1.cidx = dtt2.cidx and dtt1.CDECIMAL18_2 <> dtt2.CDOUBLE ;
cidx	CDECIMAL18_2	CDOUBLE
1	-99999999999.99	-1.797693231e108
2	-99999999999.98	-1.79769323e108
3	-99999999999.97	-1.797693229e108
4	-99999999999.96	-1.797693228e108
5	-99999999999.95	-1.797693227e108
6	99999999999.95	1.797693227e108
7	99999999999.96	1.797693228e108
8	99999999999.97	1.797693229e108
9	99999999999.98	1.79769323e108
10	99999999999.99	1.797693231e108
select dtt1.cidx, dtt1.CDECIMAL18_2, dtt2.CDOUBLE from datatypetestm1 dtt1, datatypetestm2 dtt2 where dtt1.cidx = dtt2.cidx and dtt1.CDECIMAL18_2 < dtt2.CDOUBLE ;
cidx	CDECIMAL18_2	CDOUBLE
6	99999999999.95	1.797693227e108
7	99999999999.96	1.797693228e108
8	99999999999.97	1.797693229e108
9	99999999999.98	1.79769323e108
10	99999999999.99	1.797693231e108
select dtt1.cidx, dtt1.CDECIMAL18_2, dtt2.CDOUBLE from datatypetestm1 dtt1, datatypetestm2 dtt2 where dtt1.cidx = dtt2.cidx and dtt1.CDECIMAL18_2 <= dtt2.CDOUBLE ;
cidx	CDECIMAL18_2	CDOUBLE
6	99999999999.95	1.797693227e108
7	99999999999.96	1.797693228e108
8	99999999999.97	1.797693229e108
9	99999999999.98	1.79769323e108
10	99999999999.99	1.797693231e108
11	0.00	0
