USE autopilot;
select dtt1.cidx, dtt1.CTINYTEXT, dtt2.CCHAR7 from datatypetestm1 dtt1, datatypetestm2 dtt2 where dtt1.cidx = dtt2.cidx and dtt1.CTINYTEXT > dtt2.CCHAR7 ;
cidx	CTINYTEXT	CCHAR7
1	tinytext	aaaaaaa
2	tinytext	g
3	tinytext	gg
4	tinytext	ggg
5	tinytext	gggg
select dtt1.cidx, dtt1.CTINYTEXT, dtt2.CCHAR7 from datatypetestm1 dtt1, datatypetestm2 dtt2 where dtt1.cidx = dtt2.cidx and dtt1.CTINYTEXT >= dtt2.CCHAR7 ;
cidx	CTINYTEXT	CCHAR7
1	tinytext	aaaaaaa
2	tinytext	g
3	tinytext	gg
4	tinytext	ggg
5	tinytext	gggg
select dtt1.cidx, dtt1.CTINYTEXT, dtt2.CCHAR7 from datatypetestm1 dtt1, datatypetestm2 dtt2 where dtt1.cidx = dtt2.cidx and dtt1.CTINYTEXT <> dtt2.CCHAR7 ;
cidx	CTINYTEXT	CCHAR7
1	tinytext	aaaaaaa
2	tinytext	g
3	tinytext	gg
4	tinytext	ggg
5	tinytext	gggg
6	tinytext	ttttttt
7	tinytext	ttttttt
8	tinytext	ttttttt
9	tinytext	ttttttt
10	tinytext	zzzzzzz
select dtt1.cidx, dtt1.CTINYTEXT, dtt2.CCHAR7 from datatypetestm1 dtt1, datatypetestm2 dtt2 where dtt1.cidx = dtt2.cidx and dtt1.CTINYTEXT < dtt2.CCHAR7 ;
cidx	CTINYTEXT	CCHAR7
6	tinytext	ttttttt
7	tinytext	ttttttt
8	tinytext	ttttttt
9	tinytext	ttttttt
10	tinytext	zzzzzzz
select dtt1.cidx, dtt1.CTINYTEXT, dtt2.CCHAR7 from datatypetestm1 dtt1, datatypetestm2 dtt2 where dtt1.cidx = dtt2.cidx and dtt1.CTINYTEXT <= dtt2.CCHAR7 ;
cidx	CTINYTEXT	CCHAR7
6	tinytext	ttttttt
7	tinytext	ttttttt
8	tinytext	ttttttt
9	tinytext	ttttttt
10	tinytext	zzzzzzz
