USE autopilot;
select dtt1.cidx, dtt1.CDOUBLE, dtt2.CDECIMAL9 from datatypetestm1 dtt1, datatypetestm2 dtt2 where dtt1.cidx = dtt2.cidx and dtt1.CDOUBLE > dtt2.CDECIMAL9 ;
cidx	CDOUBLE	CDECIMAL9
6	1.797693227e108	999995
7	1.797693228e108	999996
8	1.797693229e108	999997
9	1.79769323e108	999998
10	1.797693231e108	999999
select dtt1.cidx, dtt1.CDOUBLE, dtt2.CDECIMAL9 from datatypetestm1 dtt1, datatypetestm2 dtt2 where dtt1.cidx = dtt2.cidx and dtt1.CDOUBLE >= dtt2.CDECIMAL9 ;
cidx	CDOUBLE	CDECIMAL9
6	1.797693227e108	999995
7	1.797693228e108	999996
8	1.797693229e108	999997
9	1.79769323e108	999998
10	1.797693231e108	999999
11	0	0
select dtt1.cidx, dtt1.CDOUBLE, dtt2.CDECIMAL9 from datatypetestm1 dtt1, datatypetestm2 dtt2 where dtt1.cidx = dtt2.cidx and dtt1.CDOUBLE <> dtt2.CDECIMAL9 ;
cidx	CDOUBLE	CDECIMAL9
1	-1.797693231e108	-999999
2	-1.79769323e108	-999998
3	-1.797693229e108	-999997
4	-1.797693228e108	-999996
5	-1.797693227e108	-999995
6	1.797693227e108	999995
7	1.797693228e108	999996
8	1.797693229e108	999997
9	1.79769323e108	999998
10	1.797693231e108	999999
select dtt1.cidx, dtt1.CDOUBLE, dtt2.CDECIMAL9 from datatypetestm1 dtt1, datatypetestm2 dtt2 where dtt1.cidx = dtt2.cidx and dtt1.CDOUBLE < dtt2.CDECIMAL9 ;
cidx	CDOUBLE	CDECIMAL9
1	-1.797693231e108	-999999
2	-1.79769323e108	-999998
3	-1.797693229e108	-999997
4	-1.797693228e108	-999996
5	-1.797693227e108	-999995
select dtt1.cidx, dtt1.CDOUBLE, dtt2.CDECIMAL9 from datatypetestm1 dtt1, datatypetestm2 dtt2 where dtt1.cidx = dtt2.cidx and dtt1.CDOUBLE <= dtt2.CDECIMAL9 ;
cidx	CDOUBLE	CDECIMAL9
1	-1.797693231e108	-999999
2	-1.79769323e108	-999998
3	-1.797693229e108	-999997
4	-1.797693228e108	-999996
5	-1.797693227e108	-999995
11	0	0
