USE autopilot;
select dtt1.cidx, dtt1.CFLOAT, dtt2.CDECIMAL9 from datatypetestm1 dtt1, datatypetestm2 dtt2 where dtt1.cidx = dtt2.cidx and dtt1.CFLOAT > dtt2.CDECIMAL9 ;
cidx	CFLOAT	CDECIMAL9
6	3.40286e18	999995
7	3.40286e18	999996
8	3.40286e18	999997
9	3.40287e18	999998
10	3.40287e18	999999
select dtt1.cidx, dtt1.CFLOAT, dtt2.CDECIMAL9 from datatypetestm1 dtt1, datatypetestm2 dtt2 where dtt1.cidx = dtt2.cidx and dtt1.CFLOAT >= dtt2.CDECIMAL9 ;
cidx	CFLOAT	CDECIMAL9
6	3.40286e18	999995
7	3.40286e18	999996
8	3.40286e18	999997
9	3.40287e18	999998
10	3.40287e18	999999
11	0	0
select dtt1.cidx, dtt1.CFLOAT, dtt2.CDECIMAL9 from datatypetestm1 dtt1, datatypetestm2 dtt2 where dtt1.cidx = dtt2.cidx and dtt1.CFLOAT <> dtt2.CDECIMAL9 ;
cidx	CFLOAT	CDECIMAL9
1	-3.40287e18	-999999
2	-3.40287e18	-999998
3	-3.40286e18	-999997
4	-3.40286e18	-999996
5	-3.40286e18	-999995
6	3.40286e18	999995
7	3.40286e18	999996
8	3.40286e18	999997
9	3.40287e18	999998
10	3.40287e18	999999
select dtt1.cidx, dtt1.CFLOAT, dtt2.CDECIMAL9 from datatypetestm1 dtt1, datatypetestm2 dtt2 where dtt1.cidx = dtt2.cidx and dtt1.CFLOAT < dtt2.CDECIMAL9 ;
cidx	CFLOAT	CDECIMAL9
1	-3.40287e18	-999999
2	-3.40287e18	-999998
3	-3.40286e18	-999997
4	-3.40286e18	-999996
5	-3.40286e18	-999995
select dtt1.cidx, dtt1.CFLOAT, dtt2.CDECIMAL9 from datatypetestm1 dtt1, datatypetestm2 dtt2 where dtt1.cidx = dtt2.cidx and dtt1.CFLOAT <= dtt2.CDECIMAL9 ;
cidx	CFLOAT	CDECIMAL9
1	-3.40287e18	-999999
2	-3.40287e18	-999998
3	-3.40286e18	-999997
4	-3.40286e18	-999996
5	-3.40286e18	-999995
11	0	0
