USE autopilot;
select dtt1.cidx, dtt1.CDECIMAL4_2, dtt2.CDECIMAL5 from datatypetestm1 dtt1, datatypetestm2 dtt2 where dtt1.cidx = dtt2.cidx and dtt1.CDECIMAL4_2 > dtt2.CDECIMAL5 ;
cidx	CDECIMAL4_2	CDECIMAL5
1	-9.99	-999
2	-9.98	-998
3	-9.97	-997
4	-9.96	-996
5	-9.95	-995
select dtt1.cidx, dtt1.CDECIMAL4_2, dtt2.CDECIMAL5 from datatypetestm1 dtt1, datatypetestm2 dtt2 where dtt1.cidx = dtt2.cidx and dtt1.CDECIMAL4_2 >= dtt2.CDECIMAL5 ;
cidx	CDECIMAL4_2	CDECIMAL5
1	-9.99	-999
2	-9.98	-998
3	-9.97	-997
4	-9.96	-996
5	-9.95	-995
11	0.00	0
select dtt1.cidx, dtt1.CDECIMAL4_2, dtt2.CDECIMAL5 from datatypetestm1 dtt1, datatypetestm2 dtt2 where dtt1.cidx = dtt2.cidx and dtt1.CDECIMAL4_2 <> dtt2.CDECIMAL5 ;
cidx	CDECIMAL4_2	CDECIMAL5
1	-9.99	-999
2	-9.98	-998
3	-9.97	-997
4	-9.96	-996
5	-9.95	-995
6	9.95	995
7	9.96	996
8	9.97	997
9	9.98	998
10	9.99	999
select dtt1.cidx, dtt1.CDECIMAL4_2, dtt2.CDECIMAL5 from datatypetestm1 dtt1, datatypetestm2 dtt2 where dtt1.cidx = dtt2.cidx and dtt1.CDECIMAL4_2 < dtt2.CDECIMAL5 ;
cidx	CDECIMAL4_2	CDECIMAL5
6	9.95	995
7	9.96	996
8	9.97	997
9	9.98	998
10	9.99	999
select dtt1.cidx, dtt1.CDECIMAL4_2, dtt2.CDECIMAL5 from datatypetestm1 dtt1, datatypetestm2 dtt2 where dtt1.cidx = dtt2.cidx and dtt1.CDECIMAL4_2 <= dtt2.CDECIMAL5 ;
cidx	CDECIMAL4_2	CDECIMAL5
6	9.95	995
7	9.96	996
8	9.97	997
9	9.98	998
10	9.99	999
11	0.00	0
