USE autopilot;
select dtt1.cidx, dtt1.CDECIMAL9_2, dtt2.CDECIMAL10 from datatypetestm1 dtt1, datatypetestm2 dtt2 where dtt1.cidx = dtt2.cidx and dtt1.CDECIMAL9_2 > dtt2.CDECIMAL10 ;
cidx	CDECIMAL9_2	CDECIMAL10
1	-9999.99	-9999999
2	-9999.98	-9999998
3	-9999.97	-9999997
4	-9999.96	-9999996
5	-9999.95	-9999995
select dtt1.cidx, dtt1.CDECIMAL9_2, dtt2.CDECIMAL10 from datatypetestm1 dtt1, datatypetestm2 dtt2 where dtt1.cidx = dtt2.cidx and dtt1.CDECIMAL9_2 >= dtt2.CDECIMAL10 ;
cidx	CDECIMAL9_2	CDECIMAL10
1	-9999.99	-9999999
2	-9999.98	-9999998
3	-9999.97	-9999997
4	-9999.96	-9999996
5	-9999.95	-9999995
11	0.00	0
select dtt1.cidx, dtt1.CDECIMAL9_2, dtt2.CDECIMAL10 from datatypetestm1 dtt1, datatypetestm2 dtt2 where dtt1.cidx = dtt2.cidx and dtt1.CDECIMAL9_2 <> dtt2.CDECIMAL10 ;
cidx	CDECIMAL9_2	CDECIMAL10
1	-9999.99	-9999999
2	-9999.98	-9999998
3	-9999.97	-9999997
4	-9999.96	-9999996
5	-9999.95	-9999995
6	9999.95	9999995
7	9999.96	9999996
8	9999.97	9999997
9	9999.98	9999998
10	9999.99	9999999
select dtt1.cidx, dtt1.CDECIMAL9_2, dtt2.CDECIMAL10 from datatypetestm1 dtt1, datatypetestm2 dtt2 where dtt1.cidx = dtt2.cidx and dtt1.CDECIMAL9_2 < dtt2.CDECIMAL10 ;
cidx	CDECIMAL9_2	CDECIMAL10
6	9999.95	9999995
7	9999.96	9999996
8	9999.97	9999997
9	9999.98	9999998
10	9999.99	9999999
select dtt1.cidx, dtt1.CDECIMAL9_2, dtt2.CDECIMAL10 from datatypetestm1 dtt1, datatypetestm2 dtt2 where dtt1.cidx = dtt2.cidx and dtt1.CDECIMAL9_2 <= dtt2.CDECIMAL10 ;
cidx	CDECIMAL9_2	CDECIMAL10
6	9999.95	9999995
7	9999.96	9999996
8	9999.97	9999997
9	9999.98	9999998
10	9999.99	9999999
11	0.00	0
