USE autopilot;
select dtt1.cidx, dtt1.CVCHAR4, dtt2.CCHAR9 from datatypetestm1 dtt1, datatypetestm2 dtt2 where dtt1.cidx = dtt2.cidx and dtt1.CVCHAR4 > dtt2.CCHAR9 ;
cidx	CVCHAR4	CCHAR9
6	wwww	rrrrrrr
7	wwww	rrrrrrrr
8	wwww	rrrrrrrrr
9	wwww	rrrrrrrrr
select dtt1.cidx, dtt1.CVCHAR4, dtt2.CCHAR9 from datatypetestm1 dtt1, datatypetestm2 dtt2 where dtt1.cidx = dtt2.cidx and dtt1.CVCHAR4 >= dtt2.CCHAR9 ;
cidx	CVCHAR4	CCHAR9
6	wwww	rrrrrrr
7	wwww	rrrrrrrr
8	wwww	rrrrrrrrr
9	wwww	rrrrrrrrr
select dtt1.cidx, dtt1.CVCHAR4, dtt2.CCHAR9 from datatypetestm1 dtt1, datatypetestm2 dtt2 where dtt1.cidx = dtt2.cidx and dtt1.CVCHAR4 <> dtt2.CCHAR9 ;
cidx	CVCHAR4	CCHAR9
1	aaaa	aaaaaaaaa
2	d	i
3	dd	ii
4	ddd	iii
5	dddd	iiii
6	wwww	rrrrrrr
7	wwww	rrrrrrrr
8	wwww	rrrrrrrrr
9	wwww	rrrrrrrrr
10	zzzz	zzzzzzzzz
select dtt1.cidx, dtt1.CVCHAR4, dtt2.CCHAR9 from datatypetestm1 dtt1, datatypetestm2 dtt2 where dtt1.cidx = dtt2.cidx and dtt1.CVCHAR4 < dtt2.CCHAR9 ;
cidx	CVCHAR4	CCHAR9
1	aaaa	aaaaaaaaa
2	d	i
3	dd	ii
4	ddd	iii
5	dddd	iiii
10	zzzz	zzzzzzzzz
select dtt1.cidx, dtt1.CVCHAR4, dtt2.CCHAR9 from datatypetestm1 dtt1, datatypetestm2 dtt2 where dtt1.cidx = dtt2.cidx and dtt1.CVCHAR4 <= dtt2.CCHAR9 ;
cidx	CVCHAR4	CCHAR9
1	aaaa	aaaaaaaaa
2	d	i
3	dd	ii
4	ddd	iii
5	dddd	iiii
10	zzzz	zzzzzzzzz
