USE autopilot;
select dtt1.cidx, dtt1.CTIME, dtt2.CVCHAR7 from datatypetestm1 dtt1, datatypetestm2 dtt2 where dtt1.cidx = dtt2.cidx and dtt1.CTIME > dtt2.CVCHAR7 ;
cidx	CTIME	CVCHAR7
1	11:58:28	aaaaaaa
2	11:58:28	g
3	11:58:28	gg
4	11:58:28	ggg
5	11:58:28	gggg
6	11:58:28	ttttttt
7	11:58:28	ttttttt
8	11:58:28	ttttttt
9	11:58:28	ttttttt
10	11:58:28	zzzzzzz
select dtt1.cidx, dtt1.CTIME, dtt2.CVCHAR7 from datatypetestm1 dtt1, datatypetestm2 dtt2 where dtt1.cidx = dtt2.cidx and dtt1.CTIME >= dtt2.CVCHAR7 ;
cidx	CTIME	CVCHAR7
1	11:58:28	aaaaaaa
2	11:58:28	g
3	11:58:28	gg
4	11:58:28	ggg
5	11:58:28	gggg
6	11:58:28	ttttttt
7	11:58:28	ttttttt
8	11:58:28	ttttttt
9	11:58:28	ttttttt
10	11:58:28	zzzzzzz
select dtt1.cidx, dtt1.CTIME, dtt2.CVCHAR7 from datatypetestm1 dtt1, datatypetestm2 dtt2 where dtt1.cidx = dtt2.cidx and dtt1.CTIME <> dtt2.CVCHAR7 ;
cidx	CTIME	CVCHAR7
1	11:58:28	aaaaaaa
2	11:58:28	g
3	11:58:28	gg
4	11:58:28	ggg
5	11:58:28	gggg
6	11:58:28	ttttttt
7	11:58:28	ttttttt
8	11:58:28	ttttttt
9	11:58:28	ttttttt
10	11:58:28	zzzzzzz
select dtt1.cidx, dtt1.CTIME, dtt2.CVCHAR7 from datatypetestm1 dtt1, datatypetestm2 dtt2 where dtt1.cidx = dtt2.cidx and dtt1.CTIME < dtt2.CVCHAR7 ;
cidx	CTIME	CVCHAR7
select dtt1.cidx, dtt1.CTIME, dtt2.CVCHAR7 from datatypetestm1 dtt1, datatypetestm2 dtt2 where dtt1.cidx = dtt2.cidx and dtt1.CTIME <= dtt2.CVCHAR7 ;
cidx	CTIME	CVCHAR7
