USE autopilot;
select dtt1.cidx, dtt1.CDECIMAL4_2, dtt2.CDATETIME from datatypetestm1 dtt1, datatypetestm2 dtt2 where dtt1.cidx = dtt2.cidx and dtt1.CDECIMAL4_2 > dtt2.CDATETIME ;
cidx	CDECIMAL4_2	CDATETIME
select dtt1.cidx, dtt1.CDECIMAL4_2, dtt2.CDATETIME from datatypetestm1 dtt1, datatypetestm2 dtt2 where dtt1.cidx = dtt2.cidx and dtt1.CDECIMAL4_2 >= dtt2.CDATETIME ;
cidx	CDECIMAL4_2	CDATETIME
select dtt1.cidx, dtt1.CDECIMAL4_2, dtt2.CDATETIME from datatypetestm1 dtt1, datatypetestm2 dtt2 where dtt1.cidx = dtt2.cidx and dtt1.CDECIMAL4_2 <> dtt2.CDATETIME ;
cidx	CDECIMAL4_2	CDATETIME
1	-9.99	1997-01-01 00:00:00
2	-9.98	1997-01-01 00:00:01
3	-9.97	1997-01-02 00:00:01
4	-9.96	1997-01-03 00:00:02
5	-9.95	1997-01-04 00:00:03
6	9.95	2009-12-31 23:59:56
7	9.96	2009-12-31 23:59:57
8	9.97	2009-12-31 23:59:58
9	9.98	2009-12-31 23:59:59
10	9.99	2009-12-31 23:59:59
11	0.00	2009-12-31 23:59:59
select dtt1.cidx, dtt1.CDECIMAL4_2, dtt2.CDATETIME from datatypetestm1 dtt1, datatypetestm2 dtt2 where dtt1.cidx = dtt2.cidx and dtt1.CDECIMAL4_2 < dtt2.CDATETIME ;
cidx	CDECIMAL4_2	CDATETIME
1	-9.99	1997-01-01 00:00:00
2	-9.98	1997-01-01 00:00:01
3	-9.97	1997-01-02 00:00:01
4	-9.96	1997-01-03 00:00:02
5	-9.95	1997-01-04 00:00:03
6	9.95	2009-12-31 23:59:56
7	9.96	2009-12-31 23:59:57
8	9.97	2009-12-31 23:59:58
9	9.98	2009-12-31 23:59:59
10	9.99	2009-12-31 23:59:59
11	0.00	2009-12-31 23:59:59
select dtt1.cidx, dtt1.CDECIMAL4_2, dtt2.CDATETIME from datatypetestm1 dtt1, datatypetestm2 dtt2 where dtt1.cidx = dtt2.cidx and dtt1.CDECIMAL4_2 <= dtt2.CDATETIME ;
cidx	CDECIMAL4_2	CDATETIME
1	-9.99	1997-01-01 00:00:00
2	-9.98	1997-01-01 00:00:01
3	-9.97	1997-01-02 00:00:01
4	-9.96	1997-01-03 00:00:02
5	-9.95	1997-01-04 00:00:03
6	9.95	2009-12-31 23:59:56
7	9.96	2009-12-31 23:59:57
8	9.97	2009-12-31 23:59:58
9	9.98	2009-12-31 23:59:59
10	9.99	2009-12-31 23:59:59
11	0.00	2009-12-31 23:59:59
