USE autopilot;
select dtt1.cidx, dtt1.CSMALLINT, dtt2.CDOUBLE from datatypetestm1 dtt1, datatypetestm2 dtt2 where dtt1.cidx = dtt2.cidx and dtt1.CSMALLINT > dtt2.CDOUBLE ;
cidx	CSMALLINT	CDOUBLE
1	-766	-1.797693231e108
2	-765	-1.79769323e108
3	-764	-1.797693229e108
4	-763	-1.797693228e108
5	-762	-1.797693227e108
select dtt1.cidx, dtt1.CSMALLINT, dtt2.CDOUBLE from datatypetestm1 dtt1, datatypetestm2 dtt2 where dtt1.cidx = dtt2.cidx and dtt1.CSMALLINT >= dtt2.CDOUBLE ;
cidx	CSMALLINT	CDOUBLE
1	-766	-1.797693231e108
2	-765	-1.79769323e108
3	-764	-1.797693229e108
4	-763	-1.797693228e108
5	-762	-1.797693227e108
11	0	0
select dtt1.cidx, dtt1.CSMALLINT, dtt2.CDOUBLE from datatypetestm1 dtt1, datatypetestm2 dtt2 where dtt1.cidx = dtt2.cidx and dtt1.CSMALLINT <> dtt2.CDOUBLE ;
cidx	CSMALLINT	CDOUBLE
1	-766	-1.797693231e108
2	-765	-1.79769323e108
3	-764	-1.797693229e108
4	-763	-1.797693228e108
5	-762	-1.797693227e108
6	763	1.797693227e108
7	764	1.797693228e108
8	765	1.797693229e108
9	766	1.79769323e108
10	767	1.797693231e108
select dtt1.cidx, dtt1.CSMALLINT, dtt2.CDOUBLE from datatypetestm1 dtt1, datatypetestm2 dtt2 where dtt1.cidx = dtt2.cidx and dtt1.CSMALLINT < dtt2.CDOUBLE ;
cidx	CSMALLINT	CDOUBLE
6	763	1.797693227e108
7	764	1.797693228e108
8	765	1.797693229e108
9	766	1.79769323e108
10	767	1.797693231e108
select dtt1.cidx, dtt1.CSMALLINT, dtt2.CDOUBLE from datatypetestm1 dtt1, datatypetestm2 dtt2 where dtt1.cidx = dtt2.cidx and dtt1.CSMALLINT <= dtt2.CDOUBLE ;
cidx	CSMALLINT	CDOUBLE
6	763	1.797693227e108
7	764	1.797693228e108
8	765	1.797693229e108
9	766	1.79769323e108
10	767	1.797693231e108
11	0	0
