USE autopilot;
select dtt1.cidx, dtt1.CTINYINT, dtt2.CVCHAR255 from datatypetestm1 dtt1, datatypetestm2 dtt2 where dtt1.cidx = dtt2.cidx and dtt1.CTINYINT > dtt2.CVCHAR255 ;
cidx	CTINYINT	CVCHAR255
6	23	qqqqqqq
7	24	qqqqqqqq
8	25	qqqqqqqqq
9	26	qqqqqqqqqq
10	27	zzzzzzzzzz
select dtt1.cidx, dtt1.CTINYINT, dtt2.CVCHAR255 from datatypetestm1 dtt1, datatypetestm2 dtt2 where dtt1.cidx = dtt2.cidx and dtt1.CTINYINT >= dtt2.CVCHAR255 ;
cidx	CTINYINT	CVCHAR255
6	23	qqqqqqq
7	24	qqqqqqqq
8	25	qqqqqqqqq
9	26	qqqqqqqqqq
10	27	zzzzzzzzzz
select dtt1.cidx, dtt1.CTINYINT, dtt2.CVCHAR255 from datatypetestm1 dtt1, datatypetestm2 dtt2 where dtt1.cidx = dtt2.cidx and dtt1.CTINYINT <> dtt2.CVCHAR255 ;
cidx	CTINYINT	CVCHAR255
1	-26	aaaaaaaaaa
2	-25	j
3	-24	jj
4	-23	jjj
5	-22	jjjj
6	23	qqqqqqq
7	24	qqqqqqqq
8	25	qqqqqqqqq
9	26	qqqqqqqqqq
10	27	zzzzzzzzzz
select dtt1.cidx, dtt1.CTINYINT, dtt2.CVCHAR255 from datatypetestm1 dtt1, datatypetestm2 dtt2 where dtt1.cidx = dtt2.cidx and dtt1.CTINYINT < dtt2.CVCHAR255 ;
cidx	CTINYINT	CVCHAR255
1	-26	aaaaaaaaaa
2	-25	j
3	-24	jj
4	-23	jjj
5	-22	jjjj
select dtt1.cidx, dtt1.CTINYINT, dtt2.CVCHAR255 from datatypetestm1 dtt1, datatypetestm2 dtt2 where dtt1.cidx = dtt2.cidx and dtt1.CTINYINT <= dtt2.CVCHAR255 ;
cidx	CTINYINT	CVCHAR255
1	-26	aaaaaaaaaa
2	-25	j
3	-24	jj
4	-23	jjj
5	-22	jjjj
