USE autopilot;
select dtt1.cidx, dtt1.CDECIMAL4_2, dtt2.CDOUBLE from datatypetestm1 dtt1, datatypetestm2 dtt2 where dtt1.cidx = dtt2.cidx and dtt1.CDECIMAL4_2 > dtt2.CDOUBLE ;
cidx	CDECIMAL4_2	CDOUBLE
1	-9.99	-1.797693231e108
2	-9.98	-1.79769323e108
3	-9.97	-1.797693229e108
4	-9.96	-1.797693228e108
5	-9.95	-1.797693227e108
select dtt1.cidx, dtt1.CDECIMAL4_2, dtt2.CDOUBLE from datatypetestm1 dtt1, datatypetestm2 dtt2 where dtt1.cidx = dtt2.cidx and dtt1.CDECIMAL4_2 >= dtt2.CDOUBLE ;
cidx	CDECIMAL4_2	CDOUBLE
1	-9.99	-1.797693231e108
2	-9.98	-1.79769323e108
3	-9.97	-1.797693229e108
4	-9.96	-1.797693228e108
5	-9.95	-1.797693227e108
11	0.00	0
select dtt1.cidx, dtt1.CDECIMAL4_2, dtt2.CDOUBLE from datatypetestm1 dtt1, datatypetestm2 dtt2 where dtt1.cidx = dtt2.cidx and dtt1.CDECIMAL4_2 <> dtt2.CDOUBLE ;
cidx	CDECIMAL4_2	CDOUBLE
1	-9.99	-1.797693231e108
2	-9.98	-1.79769323e108
3	-9.97	-1.797693229e108
4	-9.96	-1.797693228e108
5	-9.95	-1.797693227e108
6	9.95	1.797693227e108
7	9.96	1.797693228e108
8	9.97	1.797693229e108
9	9.98	1.79769323e108
10	9.99	1.797693231e108
select dtt1.cidx, dtt1.CDECIMAL4_2, dtt2.CDOUBLE from datatypetestm1 dtt1, datatypetestm2 dtt2 where dtt1.cidx = dtt2.cidx and dtt1.CDECIMAL4_2 < dtt2.CDOUBLE ;
cidx	CDECIMAL4_2	CDOUBLE
6	9.95	1.797693227e108
7	9.96	1.797693228e108
8	9.97	1.797693229e108
9	9.98	1.79769323e108
10	9.99	1.797693231e108
select dtt1.cidx, dtt1.CDECIMAL4_2, dtt2.CDOUBLE from datatypetestm1 dtt1, datatypetestm2 dtt2 where dtt1.cidx = dtt2.cidx and dtt1.CDECIMAL4_2 <= dtt2.CDOUBLE ;
cidx	CDECIMAL4_2	CDOUBLE
6	9.95	1.797693227e108
7	9.96	1.797693228e108
8	9.97	1.797693229e108
9	9.98	1.79769323e108
10	9.99	1.797693231e108
11	0.00	0
