USE autopilot;
select dtt1.cidx, dtt1.CMEDIUMINT, dtt2.CDECIMAL9 from datatypetestm1 dtt1, datatypetestm2 dtt2 where dtt1.cidx = dtt2.cidx and dtt1.CMEDIUMINT > dtt2.CDECIMAL9 ;
cidx	CMEDIUMINT	CDECIMAL9
1	1000	-999999
2	1000	-999998
3	1000	-999997
4	1000	-999996
5	1000	-999995
select dtt1.cidx, dtt1.CMEDIUMINT, dtt2.CDECIMAL9 from datatypetestm1 dtt1, datatypetestm2 dtt2 where dtt1.cidx = dtt2.cidx and dtt1.CMEDIUMINT >= dtt2.CDECIMAL9 ;
cidx	CMEDIUMINT	CDECIMAL9
1	1000	-999999
2	1000	-999998
3	1000	-999997
4	1000	-999996
5	1000	-999995
select dtt1.cidx, dtt1.CMEDIUMINT, dtt2.CDECIMAL9 from datatypetestm1 dtt1, datatypetestm2 dtt2 where dtt1.cidx = dtt2.cidx and dtt1.CMEDIUMINT <> dtt2.CDECIMAL9 ;
cidx	CMEDIUMINT	CDECIMAL9
1	1000	-999999
2	1000	-999998
3	1000	-999997
4	1000	-999996
5	1000	-999995
6	1000	999995
7	1000	999996
8	1000	999997
9	1000	999998
10	1000	999999
select dtt1.cidx, dtt1.CMEDIUMINT, dtt2.CDECIMAL9 from datatypetestm1 dtt1, datatypetestm2 dtt2 where dtt1.cidx = dtt2.cidx and dtt1.CMEDIUMINT < dtt2.CDECIMAL9 ;
cidx	CMEDIUMINT	CDECIMAL9
6	1000	999995
7	1000	999996
8	1000	999997
9	1000	999998
10	1000	999999
select dtt1.cidx, dtt1.CMEDIUMINT, dtt2.CDECIMAL9 from datatypetestm1 dtt1, datatypetestm2 dtt2 where dtt1.cidx = dtt2.cidx and dtt1.CMEDIUMINT <= dtt2.CDECIMAL9 ;
cidx	CMEDIUMINT	CDECIMAL9
6	1000	999995
7	1000	999996
8	1000	999997
9	1000	999998
10	1000	999999
