USE autopilot;
select dtt1.cidx, dtt1.CTINYINT, dtt2.CDATE from datatypetestm1 dtt1, datatypetestm2 dtt2 where dtt1.cidx = dtt2.cidx and dtt1.CTINYINT > dtt2.CDATE ;
cidx	CTINYINT	CDATE
select dtt1.cidx, dtt1.CTINYINT, dtt2.CDATE from datatypetestm1 dtt1, datatypetestm2 dtt2 where dtt1.cidx = dtt2.cidx and dtt1.CTINYINT >= dtt2.CDATE ;
cidx	CTINYINT	CDATE
select dtt1.cidx, dtt1.CTINYINT, dtt2.CDATE from datatypetestm1 dtt1, datatypetestm2 dtt2 where dtt1.cidx = dtt2.cidx and dtt1.CTINYINT <> dtt2.CDATE ;
cidx	CTINYINT	CDATE
1	-26	1997-01-01
2	-25	1997-01-01
3	-24	1997-01-02
4	-23	1997-01-03
5	-22	1997-01-04
6	23	2009-12-28
7	24	2009-12-29
8	25	2009-12-30
9	26	2009-12-31
10	27	2009-12-31
11	0	2009-12-31
select dtt1.cidx, dtt1.CTINYINT, dtt2.CDATE from datatypetestm1 dtt1, datatypetestm2 dtt2 where dtt1.cidx = dtt2.cidx and dtt1.CTINYINT < dtt2.CDATE ;
cidx	CTINYINT	CDATE
1	-26	1997-01-01
2	-25	1997-01-01
3	-24	1997-01-02
4	-23	1997-01-03
5	-22	1997-01-04
6	23	2009-12-28
7	24	2009-12-29
8	25	2009-12-30
9	26	2009-12-31
10	27	2009-12-31
11	0	2009-12-31
select dtt1.cidx, dtt1.CTINYINT, dtt2.CDATE from datatypetestm1 dtt1, datatypetestm2 dtt2 where dtt1.cidx = dtt2.cidx and dtt1.CTINYINT <= dtt2.CDATE ;
cidx	CTINYINT	CDATE
1	-26	1997-01-01
2	-25	1997-01-01
3	-24	1997-01-02
4	-23	1997-01-03
5	-22	1997-01-04
6	23	2009-12-28
7	24	2009-12-29
8	25	2009-12-30
9	26	2009-12-31
10	27	2009-12-31
11	0	2009-12-31
