USE autopilot;
select dtt1.cidx, dtt1.CMEDIUMTEXT, dtt2.CFLOAT from datatypetestm1 dtt1, datatypetestm2 dtt2 where dtt1.cidx = dtt2.cidx and dtt1.CMEDIUMTEXT > dtt2.CFLOAT ;
cidx	CMEDIUMTEXT	CFLOAT
1	mediumtestmediumtest	-3.40287e18
2	mediumtestmediumtest	-3.40287e18
3	mediumtestmediumtest	-3.40286e18
4	mediumtestmediumtest	-3.40286e18
5	mediumtestmediumtest	-3.40286e18
select dtt1.cidx, dtt1.CMEDIUMTEXT, dtt2.CFLOAT from datatypetestm1 dtt1, datatypetestm2 dtt2 where dtt1.cidx = dtt2.cidx and dtt1.CMEDIUMTEXT >= dtt2.CFLOAT ;
cidx	CMEDIUMTEXT	CFLOAT
1	mediumtestmediumtest	-3.40287e18
2	mediumtestmediumtest	-3.40287e18
3	mediumtestmediumtest	-3.40286e18
4	mediumtestmediumtest	-3.40286e18
5	mediumtestmediumtest	-3.40286e18
select dtt1.cidx, dtt1.CMEDIUMTEXT, dtt2.CFLOAT from datatypetestm1 dtt1, datatypetestm2 dtt2 where dtt1.cidx = dtt2.cidx and dtt1.CMEDIUMTEXT <> dtt2.CFLOAT ;
cidx	CMEDIUMTEXT	CFLOAT
1	mediumtestmediumtest	-3.40287e18
2	mediumtestmediumtest	-3.40287e18
3	mediumtestmediumtest	-3.40286e18
4	mediumtestmediumtest	-3.40286e18
5	mediumtestmediumtest	-3.40286e18
6	mediumtestmediumtest	3.40286e18
7	mediumtestmediumtest	3.40286e18
8	mediumtestmediumtest	3.40286e18
9	mediumtestmediumtest	3.40287e18
10	mediumtestmediumtest	3.40287e18
select dtt1.cidx, dtt1.CMEDIUMTEXT, dtt2.CFLOAT from datatypetestm1 dtt1, datatypetestm2 dtt2 where dtt1.cidx = dtt2.cidx and dtt1.CMEDIUMTEXT < dtt2.CFLOAT ;
cidx	CMEDIUMTEXT	CFLOAT
6	mediumtestmediumtest	3.40286e18
7	mediumtestmediumtest	3.40286e18
8	mediumtestmediumtest	3.40286e18
9	mediumtestmediumtest	3.40287e18
10	mediumtestmediumtest	3.40287e18
select dtt1.cidx, dtt1.CMEDIUMTEXT, dtt2.CFLOAT from datatypetestm1 dtt1, datatypetestm2 dtt2 where dtt1.cidx = dtt2.cidx and dtt1.CMEDIUMTEXT <= dtt2.CFLOAT ;
cidx	CMEDIUMTEXT	CFLOAT
6	mediumtestmediumtest	3.40286e18
7	mediumtestmediumtest	3.40286e18
8	mediumtestmediumtest	3.40286e18
9	mediumtestmediumtest	3.40287e18
10	mediumtestmediumtest	3.40287e18
