USE autopilot;
select dtt1.cidx, dtt1.CDECIMAL18, dtt2.CTEXT from datatypetestm1 dtt1, datatypetestm2 dtt2 where dtt1.cidx = dtt2.cidx and dtt1.CDECIMAL18 > dtt2.CTEXT ;
cidx	CDECIMAL18	CTEXT
6	9999999999995	texttexttext
7	9999999999996	texttexttext
8	9999999999997	texttexttext
9	9999999999998	texttexttext
10	9999999999999	texttexttext
select dtt1.cidx, dtt1.CDECIMAL18, dtt2.CTEXT from datatypetestm1 dtt1, datatypetestm2 dtt2 where dtt1.cidx = dtt2.cidx and dtt1.CDECIMAL18 >= dtt2.CTEXT ;
cidx	CDECIMAL18	CTEXT
6	9999999999995	texttexttext
7	9999999999996	texttexttext
8	9999999999997	texttexttext
9	9999999999998	texttexttext
10	9999999999999	texttexttext
select dtt1.cidx, dtt1.CDECIMAL18, dtt2.CTEXT from datatypetestm1 dtt1, datatypetestm2 dtt2 where dtt1.cidx = dtt2.cidx and dtt1.CDECIMAL18 <> dtt2.CTEXT ;
cidx	CDECIMAL18	CTEXT
1	-9999999999999	texttexttext
2	-9999999999998	texttexttext
3	-9999999999997	texttexttext
4	-9999999999996	texttexttext
5	-9999999999995	texttexttext
6	9999999999995	texttexttext
7	9999999999996	texttexttext
8	9999999999997	texttexttext
9	9999999999998	texttexttext
10	9999999999999	texttexttext
select dtt1.cidx, dtt1.CDECIMAL18, dtt2.CTEXT from datatypetestm1 dtt1, datatypetestm2 dtt2 where dtt1.cidx = dtt2.cidx and dtt1.CDECIMAL18 < dtt2.CTEXT ;
cidx	CDECIMAL18	CTEXT
1	-9999999999999	texttexttext
2	-9999999999998	texttexttext
3	-9999999999997	texttexttext
4	-9999999999996	texttexttext
5	-9999999999995	texttexttext
select dtt1.cidx, dtt1.CDECIMAL18, dtt2.CTEXT from datatypetestm1 dtt1, datatypetestm2 dtt2 where dtt1.cidx = dtt2.cidx and dtt1.CDECIMAL18 <= dtt2.CTEXT ;
cidx	CDECIMAL18	CTEXT
1	-9999999999999	texttexttext
2	-9999999999998	texttexttext
3	-9999999999997	texttexttext
4	-9999999999996	texttexttext
5	-9999999999995	texttexttext
