USE autopilot;
select dtt1.cidx, dtt1.CDECIMAL10, dtt2.CTIMESTAMP from datatypetestm1 dtt1, datatypetestm2 dtt2 where dtt1.cidx = dtt2.cidx and dtt1.CDECIMAL10 > dtt2.CTIMESTAMP ;
cidx	CDECIMAL10	CTIMESTAMP
select dtt1.cidx, dtt1.CDECIMAL10, dtt2.CTIMESTAMP from datatypetestm1 dtt1, datatypetestm2 dtt2 where dtt1.cidx = dtt2.cidx and dtt1.CDECIMAL10 >= dtt2.CTIMESTAMP ;
cidx	CDECIMAL10	CTIMESTAMP
select dtt1.cidx, dtt1.CDECIMAL10, dtt2.CTIMESTAMP from datatypetestm1 dtt1, datatypetestm2 dtt2 where dtt1.cidx = dtt2.cidx and dtt1.CDECIMAL10 <> dtt2.CTIMESTAMP ;
cidx	CDECIMAL10	CTIMESTAMP
1	-9999999	2020-08-13 03:14:07
2	-9999998	2020-08-13 03:14:07
3	-9999997	2020-08-13 03:14:07
4	-9999996	2020-08-13 03:14:07
5	-9999995	2020-08-13 03:14:07
6	9999995	2020-08-13 03:14:07
7	9999996	2020-08-13 03:14:07
8	9999997	2020-08-13 03:14:07
9	9999998	2020-08-13 03:14:07
10	9999999	2020-08-13 03:14:07
11	0	2020-08-13 03:14:07
select dtt1.cidx, dtt1.CDECIMAL10, dtt2.CTIMESTAMP from datatypetestm1 dtt1, datatypetestm2 dtt2 where dtt1.cidx = dtt2.cidx and dtt1.CDECIMAL10 < dtt2.CTIMESTAMP ;
cidx	CDECIMAL10	CTIMESTAMP
1	-9999999	2020-08-13 03:14:07
2	-9999998	2020-08-13 03:14:07
3	-9999997	2020-08-13 03:14:07
4	-9999996	2020-08-13 03:14:07
5	-9999995	2020-08-13 03:14:07
6	9999995	2020-08-13 03:14:07
7	9999996	2020-08-13 03:14:07
8	9999997	2020-08-13 03:14:07
9	9999998	2020-08-13 03:14:07
10	9999999	2020-08-13 03:14:07
11	0	2020-08-13 03:14:07
select dtt1.cidx, dtt1.CDECIMAL10, dtt2.CTIMESTAMP from datatypetestm1 dtt1, datatypetestm2 dtt2 where dtt1.cidx = dtt2.cidx and dtt1.CDECIMAL10 <= dtt2.CTIMESTAMP ;
cidx	CDECIMAL10	CTIMESTAMP
1	-9999999	2020-08-13 03:14:07
2	-9999998	2020-08-13 03:14:07
3	-9999997	2020-08-13 03:14:07
4	-9999996	2020-08-13 03:14:07
5	-9999995	2020-08-13 03:14:07
6	9999995	2020-08-13 03:14:07
7	9999996	2020-08-13 03:14:07
8	9999997	2020-08-13 03:14:07
9	9999998	2020-08-13 03:14:07
10	9999999	2020-08-13 03:14:07
11	0	2020-08-13 03:14:07
