USE autopilot;
select dtt1.cidx, dtt1.CDECIMAL18_2, dtt2.CINTEGER from datatypetestm1 dtt1, datatypetestm2 dtt2 where dtt1.cidx = dtt2.cidx and dtt1.CDECIMAL18_2 > dtt2.CINTEGER ;
cidx	CDECIMAL18_2	CINTEGER
6	99999999999.95	7483643
7	99999999999.96	7483644
8	99999999999.97	7483645
9	99999999999.98	7483646
10	99999999999.99	7483647
select dtt1.cidx, dtt1.CDECIMAL18_2, dtt2.CINTEGER from datatypetestm1 dtt1, datatypetestm2 dtt2 where dtt1.cidx = dtt2.cidx and dtt1.CDECIMAL18_2 >= dtt2.CINTEGER ;
cidx	CDECIMAL18_2	CINTEGER
6	99999999999.95	7483643
7	99999999999.96	7483644
8	99999999999.97	7483645
9	99999999999.98	7483646
10	99999999999.99	7483647
11	0.00	0
select dtt1.cidx, dtt1.CDECIMAL18_2, dtt2.CINTEGER from datatypetestm1 dtt1, datatypetestm2 dtt2 where dtt1.cidx = dtt2.cidx and dtt1.CDECIMAL18_2 <> dtt2.CINTEGER ;
cidx	CDECIMAL18_2	CINTEGER
1	-99999999999.99	-7483646
2	-99999999999.98	-7483645
3	-99999999999.97	-7483644
4	-99999999999.96	-7483643
5	-99999999999.95	-7483642
6	99999999999.95	7483643
7	99999999999.96	7483644
8	99999999999.97	7483645
9	99999999999.98	7483646
10	99999999999.99	7483647
select dtt1.cidx, dtt1.CDECIMAL18_2, dtt2.CINTEGER from datatypetestm1 dtt1, datatypetestm2 dtt2 where dtt1.cidx = dtt2.cidx and dtt1.CDECIMAL18_2 < dtt2.CINTEGER ;
cidx	CDECIMAL18_2	CINTEGER
1	-99999999999.99	-7483646
2	-99999999999.98	-7483645
3	-99999999999.97	-7483644
4	-99999999999.96	-7483643
5	-99999999999.95	-7483642
select dtt1.cidx, dtt1.CDECIMAL18_2, dtt2.CINTEGER from datatypetestm1 dtt1, datatypetestm2 dtt2 where dtt1.cidx = dtt2.cidx and dtt1.CDECIMAL18_2 <= dtt2.CINTEGER ;
cidx	CDECIMAL18_2	CINTEGER
1	-99999999999.99	-7483646
2	-99999999999.98	-7483645
3	-99999999999.97	-7483644
4	-99999999999.96	-7483643
5	-99999999999.95	-7483642
11	0.00	0
