USE autopilot;
select dtt1.cidx, dtt1.CTEXT, dtt2.CVCHAR7 from datatypetestm1 dtt1, datatypetestm2 dtt2 where dtt1.cidx = dtt2.cidx and dtt1.CTEXT > dtt2.CVCHAR7 ;
cidx	CTEXT	CVCHAR7
1	texttexttext	aaaaaaa
2	texttexttext	g
3	texttexttext	gg
4	texttexttext	ggg
5	texttexttext	gggg
select dtt1.cidx, dtt1.CTEXT, dtt2.CVCHAR7 from datatypetestm1 dtt1, datatypetestm2 dtt2 where dtt1.cidx = dtt2.cidx and dtt1.CTEXT >= dtt2.CVCHAR7 ;
cidx	CTEXT	CVCHAR7
1	texttexttext	aaaaaaa
2	texttexttext	g
3	texttexttext	gg
4	texttexttext	ggg
5	texttexttext	gggg
select dtt1.cidx, dtt1.CTEXT, dtt2.CVCHAR7 from datatypetestm1 dtt1, datatypetestm2 dtt2 where dtt1.cidx = dtt2.cidx and dtt1.CTEXT <> dtt2.CVCHAR7 ;
cidx	CTEXT	CVCHAR7
1	texttexttext	aaaaaaa
2	texttexttext	g
3	texttexttext	gg
4	texttexttext	ggg
5	texttexttext	gggg
6	texttexttext	ttttttt
7	texttexttext	ttttttt
8	texttexttext	ttttttt
9	texttexttext	ttttttt
10	texttexttext	zzzzzzz
select dtt1.cidx, dtt1.CTEXT, dtt2.CVCHAR7 from datatypetestm1 dtt1, datatypetestm2 dtt2 where dtt1.cidx = dtt2.cidx and dtt1.CTEXT < dtt2.CVCHAR7 ;
cidx	CTEXT	CVCHAR7
6	texttexttext	ttttttt
7	texttexttext	ttttttt
8	texttexttext	ttttttt
9	texttexttext	ttttttt
10	texttexttext	zzzzzzz
select dtt1.cidx, dtt1.CTEXT, dtt2.CVCHAR7 from datatypetestm1 dtt1, datatypetestm2 dtt2 where dtt1.cidx = dtt2.cidx and dtt1.CTEXT <= dtt2.CVCHAR7 ;
cidx	CTEXT	CVCHAR7
6	texttexttext	ttttttt
7	texttexttext	ttttttt
8	texttexttext	ttttttt
9	texttexttext	ttttttt
10	texttexttext	zzzzzzz
