USE autopilot;
select dtt1.cidx, dtt1.CMEDIUMINT, dtt2.CTINYTEXT from datatypetestm1 dtt1, datatypetestm2 dtt2 where dtt1.cidx = dtt2.cidx and dtt1.CMEDIUMINT > dtt2.CTINYTEXT ;
cidx	CMEDIUMINT	CTINYTEXT
1	1000	tinytext
2	1000	tinytext
3	1000	tinytext
4	1000	tinytext
5	1000	tinytext
6	1000	tinytext
7	1000	tinytext
8	1000	tinytext
9	1000	tinytext
10	1000	tinytext
select dtt1.cidx, dtt1.CMEDIUMINT, dtt2.CTINYTEXT from datatypetestm1 dtt1, datatypetestm2 dtt2 where dtt1.cidx = dtt2.cidx and dtt1.CMEDIUMINT >= dtt2.CTINYTEXT ;
cidx	CMEDIUMINT	CTINYTEXT
1	1000	tinytext
2	1000	tinytext
3	1000	tinytext
4	1000	tinytext
5	1000	tinytext
6	1000	tinytext
7	1000	tinytext
8	1000	tinytext
9	1000	tinytext
10	1000	tinytext
select dtt1.cidx, dtt1.CMEDIUMINT, dtt2.CTINYTEXT from datatypetestm1 dtt1, datatypetestm2 dtt2 where dtt1.cidx = dtt2.cidx and dtt1.CMEDIUMINT <> dtt2.CTINYTEXT ;
cidx	CMEDIUMINT	CTINYTEXT
1	1000	tinytext
2	1000	tinytext
3	1000	tinytext
4	1000	tinytext
5	1000	tinytext
6	1000	tinytext
7	1000	tinytext
8	1000	tinytext
9	1000	tinytext
10	1000	tinytext
select dtt1.cidx, dtt1.CMEDIUMINT, dtt2.CTINYTEXT from datatypetestm1 dtt1, datatypetestm2 dtt2 where dtt1.cidx = dtt2.cidx and dtt1.CMEDIUMINT < dtt2.CTINYTEXT ;
cidx	CMEDIUMINT	CTINYTEXT
select dtt1.cidx, dtt1.CMEDIUMINT, dtt2.CTINYTEXT from datatypetestm1 dtt1, datatypetestm2 dtt2 where dtt1.cidx = dtt2.cidx and dtt1.CMEDIUMINT <= dtt2.CTINYTEXT ;
cidx	CMEDIUMINT	CTINYTEXT
