USE autopilot;
select dtt1.cidx, dtt1.CDECIMAL18, dtt2.CDECIMAL9_2 from datatypetestm1 dtt1, datatypetestm2 dtt2 where dtt1.cidx = dtt2.cidx and dtt1.CDECIMAL18 > dtt2.CDECIMAL9_2 ;
cidx	CDECIMAL18	CDECIMAL9_2
6	9999999999995	9999.95
7	9999999999996	9999.96
8	9999999999997	9999.97
9	9999999999998	9999.98
10	9999999999999	9999.99
select dtt1.cidx, dtt1.CDECIMAL18, dtt2.CDECIMAL9_2 from datatypetestm1 dtt1, datatypetestm2 dtt2 where dtt1.cidx = dtt2.cidx and dtt1.CDECIMAL18 >= dtt2.CDECIMAL9_2 ;
cidx	CDECIMAL18	CDECIMAL9_2
6	9999999999995	9999.95
7	9999999999996	9999.96
8	9999999999997	9999.97
9	9999999999998	9999.98
10	9999999999999	9999.99
11	0	0.00
select dtt1.cidx, dtt1.CDECIMAL18, dtt2.CDECIMAL9_2 from datatypetestm1 dtt1, datatypetestm2 dtt2 where dtt1.cidx = dtt2.cidx and dtt1.CDECIMAL18 <> dtt2.CDECIMAL9_2 ;
cidx	CDECIMAL18	CDECIMAL9_2
1	-9999999999999	-9999.99
2	-9999999999998	-9999.98
3	-9999999999997	-9999.97
4	-9999999999996	-9999.96
5	-9999999999995	-9999.95
6	9999999999995	9999.95
7	9999999999996	9999.96
8	9999999999997	9999.97
9	9999999999998	9999.98
10	9999999999999	9999.99
select dtt1.cidx, dtt1.CDECIMAL18, dtt2.CDECIMAL9_2 from datatypetestm1 dtt1, datatypetestm2 dtt2 where dtt1.cidx = dtt2.cidx and dtt1.CDECIMAL18 < dtt2.CDECIMAL9_2 ;
cidx	CDECIMAL18	CDECIMAL9_2
1	-9999999999999	-9999.99
2	-9999999999998	-9999.98
3	-9999999999997	-9999.97
4	-9999999999996	-9999.96
5	-9999999999995	-9999.95
select dtt1.cidx, dtt1.CDECIMAL18, dtt2.CDECIMAL9_2 from datatypetestm1 dtt1, datatypetestm2 dtt2 where dtt1.cidx = dtt2.cidx and dtt1.CDECIMAL18 <= dtt2.CDECIMAL9_2 ;
cidx	CDECIMAL18	CDECIMAL9_2
1	-9999999999999	-9999.99
2	-9999999999998	-9999.98
3	-9999999999997	-9999.97
4	-9999999999996	-9999.96
5	-9999999999995	-9999.95
11	0	0.00
