USE autopilot;
select dtt1.cidx, dtt1.CINTEGER, dtt2.CCHAR5 from datatypetestm1 dtt1, datatypetestm2 dtt2 where dtt1.cidx = dtt2.cidx and dtt1.CINTEGER > dtt2.CCHAR5 ;
cidx	CINTEGER	CCHAR5
6	7483643	vvvvv
7	7483644	vvvvv
8	7483645	vvvvv
9	7483646	vvvvv
10	7483647	zzzzz
select dtt1.cidx, dtt1.CINTEGER, dtt2.CCHAR5 from datatypetestm1 dtt1, datatypetestm2 dtt2 where dtt1.cidx = dtt2.cidx and dtt1.CINTEGER >= dtt2.CCHAR5 ;
cidx	CINTEGER	CCHAR5
6	7483643	vvvvv
7	7483644	vvvvv
8	7483645	vvvvv
9	7483646	vvvvv
10	7483647	zzzzz
select dtt1.cidx, dtt1.CINTEGER, dtt2.CCHAR5 from datatypetestm1 dtt1, datatypetestm2 dtt2 where dtt1.cidx = dtt2.cidx and dtt1.CINTEGER <> dtt2.CCHAR5 ;
cidx	CINTEGER	CCHAR5
1	-7483646	aaaaa
2	-7483645	e
3	-7483644	ee
4	-7483643	eee
5	-7483642	eeee
6	7483643	vvvvv
7	7483644	vvvvv
8	7483645	vvvvv
9	7483646	vvvvv
10	7483647	zzzzz
select dtt1.cidx, dtt1.CINTEGER, dtt2.CCHAR5 from datatypetestm1 dtt1, datatypetestm2 dtt2 where dtt1.cidx = dtt2.cidx and dtt1.CINTEGER < dtt2.CCHAR5 ;
cidx	CINTEGER	CCHAR5
1	-7483646	aaaaa
2	-7483645	e
3	-7483644	ee
4	-7483643	eee
5	-7483642	eeee
select dtt1.cidx, dtt1.CINTEGER, dtt2.CCHAR5 from datatypetestm1 dtt1, datatypetestm2 dtt2 where dtt1.cidx = dtt2.cidx and dtt1.CINTEGER <= dtt2.CCHAR5 ;
cidx	CINTEGER	CCHAR5
1	-7483646	aaaaa
2	-7483645	e
3	-7483644	ee
4	-7483643	eee
5	-7483642	eeee
