USE autopilot;
select dtt1.cidx, dtt1.CLONGTEXT, dtt2.CMEDIUMINT from datatypetestm1 dtt1, datatypetestm2 dtt2 where dtt1.cidx = dtt2.cidx and dtt1.CLONGTEXT > dtt2.CMEDIUMINT ;
cidx	CLONGTEXT	CMEDIUMINT
select dtt1.cidx, dtt1.CLONGTEXT, dtt2.CMEDIUMINT from datatypetestm1 dtt1, datatypetestm2 dtt2 where dtt1.cidx = dtt2.cidx and dtt1.CLONGTEXT >= dtt2.CMEDIUMINT ;
cidx	CLONGTEXT	CMEDIUMINT
select dtt1.cidx, dtt1.CLONGTEXT, dtt2.CMEDIUMINT from datatypetestm1 dtt1, datatypetestm2 dtt2 where dtt1.cidx = dtt2.cidx and dtt1.CLONGTEXT <> dtt2.CMEDIUMINT ;
cidx	CLONGTEXT	CMEDIUMINT
1	longtextlongtextlongtext	1000
2	longtextlongtextlongtext	1000
3	longtextlongtextlongtext	1000
4	longtextlongtextlongtext	1000
5	longtextlongtextlongtext	1000
6	longtextlongtextlongtext	1000
7	longtextlongtextlongtext	1000
8	longtextlongtextlongtext	1000
9	longtextlongtextlongtext	1000
10	longtextlongtextlongtext	1000
select dtt1.cidx, dtt1.CLONGTEXT, dtt2.CMEDIUMINT from datatypetestm1 dtt1, datatypetestm2 dtt2 where dtt1.cidx = dtt2.cidx and dtt1.CLONGTEXT < dtt2.CMEDIUMINT ;
cidx	CLONGTEXT	CMEDIUMINT
1	longtextlongtextlongtext	1000
2	longtextlongtextlongtext	1000
3	longtextlongtextlongtext	1000
4	longtextlongtextlongtext	1000
5	longtextlongtextlongtext	1000
6	longtextlongtextlongtext	1000
7	longtextlongtextlongtext	1000
8	longtextlongtextlongtext	1000
9	longtextlongtextlongtext	1000
10	longtextlongtextlongtext	1000
select dtt1.cidx, dtt1.CLONGTEXT, dtt2.CMEDIUMINT from datatypetestm1 dtt1, datatypetestm2 dtt2 where dtt1.cidx = dtt2.cidx and dtt1.CLONGTEXT <= dtt2.CMEDIUMINT ;
cidx	CLONGTEXT	CMEDIUMINT
1	longtextlongtextlongtext	1000
2	longtextlongtextlongtext	1000
3	longtextlongtextlongtext	1000
4	longtextlongtextlongtext	1000
5	longtextlongtextlongtext	1000
6	longtextlongtextlongtext	1000
7	longtextlongtextlongtext	1000
8	longtextlongtextlongtext	1000
9	longtextlongtextlongtext	1000
10	longtextlongtextlongtext	1000
