USE autopilot;
select dtt1.cidx, dtt1.CMEDIUMINT, dtt2.CFLOAT from datatypetestm1 dtt1, datatypetestm2 dtt2 where dtt1.cidx = dtt2.cidx and dtt1.CMEDIUMINT > dtt2.CFLOAT ;
cidx	CMEDIUMINT	CFLOAT
1	1000	-3.40287e18
2	1000	-3.40287e18
3	1000	-3.40286e18
4	1000	-3.40286e18
5	1000	-3.40286e18
select dtt1.cidx, dtt1.CMEDIUMINT, dtt2.CFLOAT from datatypetestm1 dtt1, datatypetestm2 dtt2 where dtt1.cidx = dtt2.cidx and dtt1.CMEDIUMINT >= dtt2.CFLOAT ;
cidx	CMEDIUMINT	CFLOAT
1	1000	-3.40287e18
2	1000	-3.40287e18
3	1000	-3.40286e18
4	1000	-3.40286e18
5	1000	-3.40286e18
select dtt1.cidx, dtt1.CMEDIUMINT, dtt2.CFLOAT from datatypetestm1 dtt1, datatypetestm2 dtt2 where dtt1.cidx = dtt2.cidx and dtt1.CMEDIUMINT <> dtt2.CFLOAT ;
cidx	CMEDIUMINT	CFLOAT
1	1000	-3.40287e18
2	1000	-3.40287e18
3	1000	-3.40286e18
4	1000	-3.40286e18
5	1000	-3.40286e18
6	1000	3.40286e18
7	1000	3.40286e18
8	1000	3.40286e18
9	1000	3.40287e18
10	1000	3.40287e18
select dtt1.cidx, dtt1.CMEDIUMINT, dtt2.CFLOAT from datatypetestm1 dtt1, datatypetestm2 dtt2 where dtt1.cidx = dtt2.cidx and dtt1.CMEDIUMINT < dtt2.CFLOAT ;
cidx	CMEDIUMINT	CFLOAT
6	1000	3.40286e18
7	1000	3.40286e18
8	1000	3.40286e18
9	1000	3.40287e18
10	1000	3.40287e18
select dtt1.cidx, dtt1.CMEDIUMINT, dtt2.CFLOAT from datatypetestm1 dtt1, datatypetestm2 dtt2 where dtt1.cidx = dtt2.cidx and dtt1.CMEDIUMINT <= dtt2.CFLOAT ;
cidx	CMEDIUMINT	CFLOAT
6	1000	3.40286e18
7	1000	3.40286e18
8	1000	3.40286e18
9	1000	3.40287e18
10	1000	3.40287e18
