USE autopilot;
select dtt1.cidx, dtt1.CVCHAR2, dtt2.CFLOAT from datatypetestm1 dtt1, datatypetestm2 dtt2 where dtt1.cidx = dtt2.cidx and dtt1.CVCHAR2 > dtt2.CFLOAT ;
cidx	CVCHAR2	CFLOAT
1	aa	-3.40287e18
2	b	-3.40287e18
3	bb	-3.40286e18
4	bb	-3.40286e18
5	bb	-3.40286e18
select dtt1.cidx, dtt1.CVCHAR2, dtt2.CFLOAT from datatypetestm1 dtt1, datatypetestm2 dtt2 where dtt1.cidx = dtt2.cidx and dtt1.CVCHAR2 >= dtt2.CFLOAT ;
cidx	CVCHAR2	CFLOAT
1	aa	-3.40287e18
2	b	-3.40287e18
3	bb	-3.40286e18
4	bb	-3.40286e18
5	bb	-3.40286e18
select dtt1.cidx, dtt1.CVCHAR2, dtt2.CFLOAT from datatypetestm1 dtt1, datatypetestm2 dtt2 where dtt1.cidx = dtt2.cidx and dtt1.CVCHAR2 <> dtt2.CFLOAT ;
cidx	CVCHAR2	CFLOAT
1	aa	-3.40287e18
2	b	-3.40287e18
3	bb	-3.40286e18
4	bb	-3.40286e18
5	bb	-3.40286e18
6	yy	3.40286e18
7	yy	3.40286e18
8	yy	3.40286e18
9	yy	3.40287e18
10	zz	3.40287e18
select dtt1.cidx, dtt1.CVCHAR2, dtt2.CFLOAT from datatypetestm1 dtt1, datatypetestm2 dtt2 where dtt1.cidx = dtt2.cidx and dtt1.CVCHAR2 < dtt2.CFLOAT ;
cidx	CVCHAR2	CFLOAT
6	yy	3.40286e18
7	yy	3.40286e18
8	yy	3.40286e18
9	yy	3.40287e18
10	zz	3.40287e18
select dtt1.cidx, dtt1.CVCHAR2, dtt2.CFLOAT from datatypetestm1 dtt1, datatypetestm2 dtt2 where dtt1.cidx = dtt2.cidx and dtt1.CVCHAR2 <= dtt2.CFLOAT ;
cidx	CVCHAR2	CFLOAT
6	yy	3.40286e18
7	yy	3.40286e18
8	yy	3.40286e18
9	yy	3.40287e18
10	zz	3.40287e18
