USE autopilot;
select dtt1.cidx, dtt1.CVCHAR1, dtt2.CDECIMAL9_2 from datatypetestm1 dtt1, datatypetestm2 dtt2 where dtt1.cidx = dtt2.cidx and dtt1.CVCHAR1 > dtt2.CDECIMAL9_2 ;
cidx	CVCHAR1	CDECIMAL9_2
1	a	-9999.99
2	a	-9999.98
3	a	-9999.97
4	a	-9999.96
5	a	-9999.95
select dtt1.cidx, dtt1.CVCHAR1, dtt2.CDECIMAL9_2 from datatypetestm1 dtt1, datatypetestm2 dtt2 where dtt1.cidx = dtt2.cidx and dtt1.CVCHAR1 >= dtt2.CDECIMAL9_2 ;
cidx	CVCHAR1	CDECIMAL9_2
1	a	-9999.99
2	a	-9999.98
3	a	-9999.97
4	a	-9999.96
5	a	-9999.95
select dtt1.cidx, dtt1.CVCHAR1, dtt2.CDECIMAL9_2 from datatypetestm1 dtt1, datatypetestm2 dtt2 where dtt1.cidx = dtt2.cidx and dtt1.CVCHAR1 <> dtt2.CDECIMAL9_2 ;
cidx	CVCHAR1	CDECIMAL9_2
1	a	-9999.99
2	a	-9999.98
3	a	-9999.97
4	a	-9999.96
5	a	-9999.95
6	z	9999.95
7	z	9999.96
8	z	9999.97
9	z	9999.98
10	z	9999.99
select dtt1.cidx, dtt1.CVCHAR1, dtt2.CDECIMAL9_2 from datatypetestm1 dtt1, datatypetestm2 dtt2 where dtt1.cidx = dtt2.cidx and dtt1.CVCHAR1 < dtt2.CDECIMAL9_2 ;
cidx	CVCHAR1	CDECIMAL9_2
6	z	9999.95
7	z	9999.96
8	z	9999.97
9	z	9999.98
10	z	9999.99
select dtt1.cidx, dtt1.CVCHAR1, dtt2.CDECIMAL9_2 from datatypetestm1 dtt1, datatypetestm2 dtt2 where dtt1.cidx = dtt2.cidx and dtt1.CVCHAR1 <= dtt2.CDECIMAL9_2 ;
cidx	CVCHAR1	CDECIMAL9_2
6	z	9999.95
7	z	9999.96
8	z	9999.97
9	z	9999.98
10	z	9999.99
