USE autopilot;
select dtt1.cidx, dtt1.CTINYTEXT, dtt2.CDECIMAL1 from datatypetestm1 dtt1, datatypetestm2 dtt2 where dtt1.cidx = dtt2.cidx and dtt1.CTINYTEXT > dtt2.CDECIMAL1 ;
cidx	CTINYTEXT	CDECIMAL1
1	tinytext	-9
2	tinytext	-8
3	tinytext	-7
4	tinytext	-6
5	tinytext	-5
select dtt1.cidx, dtt1.CTINYTEXT, dtt2.CDECIMAL1 from datatypetestm1 dtt1, datatypetestm2 dtt2 where dtt1.cidx = dtt2.cidx and dtt1.CTINYTEXT >= dtt2.CDECIMAL1 ;
cidx	CTINYTEXT	CDECIMAL1
1	tinytext	-9
2	tinytext	-8
3	tinytext	-7
4	tinytext	-6
5	tinytext	-5
select dtt1.cidx, dtt1.CTINYTEXT, dtt2.CDECIMAL1 from datatypetestm1 dtt1, datatypetestm2 dtt2 where dtt1.cidx = dtt2.cidx and dtt1.CTINYTEXT <> dtt2.CDECIMAL1 ;
cidx	CTINYTEXT	CDECIMAL1
1	tinytext	-9
2	tinytext	-8
3	tinytext	-7
4	tinytext	-6
5	tinytext	-5
6	tinytext	5
7	tinytext	6
8	tinytext	7
9	tinytext	8
10	tinytext	9
select dtt1.cidx, dtt1.CTINYTEXT, dtt2.CDECIMAL1 from datatypetestm1 dtt1, datatypetestm2 dtt2 where dtt1.cidx = dtt2.cidx and dtt1.CTINYTEXT < dtt2.CDECIMAL1 ;
cidx	CTINYTEXT	CDECIMAL1
6	tinytext	5
7	tinytext	6
8	tinytext	7
9	tinytext	8
10	tinytext	9
select dtt1.cidx, dtt1.CTINYTEXT, dtt2.CDECIMAL1 from datatypetestm1 dtt1, datatypetestm2 dtt2 where dtt1.cidx = dtt2.cidx and dtt1.CTINYTEXT <= dtt2.CDECIMAL1 ;
cidx	CTINYTEXT	CDECIMAL1
6	tinytext	5
7	tinytext	6
8	tinytext	7
9	tinytext	8
10	tinytext	9
