USE autopilot;
select dtt1.cidx, dtt1.CDECIMAL4, dtt2.CMEDIUMINT from datatypetestm1 dtt1, datatypetestm2 dtt2 where dtt1.cidx = dtt2.cidx and dtt1.CDECIMAL4 > dtt2.CMEDIUMINT ;
cidx	CDECIMAL4	CMEDIUMINT
select dtt1.cidx, dtt1.CDECIMAL4, dtt2.CMEDIUMINT from datatypetestm1 dtt1, datatypetestm2 dtt2 where dtt1.cidx = dtt2.cidx and dtt1.CDECIMAL4 >= dtt2.CMEDIUMINT ;
cidx	CDECIMAL4	CMEDIUMINT
select dtt1.cidx, dtt1.CDECIMAL4, dtt2.CMEDIUMINT from datatypetestm1 dtt1, datatypetestm2 dtt2 where dtt1.cidx = dtt2.cidx and dtt1.CDECIMAL4 <> dtt2.CMEDIUMINT ;
cidx	CDECIMAL4	CMEDIUMINT
1	-999	1000
2	-998	1000
3	-997	1000
4	-996	1000
5	-995	1000
6	995	1000
7	996	1000
8	997	1000
9	998	1000
10	999	1000
select dtt1.cidx, dtt1.CDECIMAL4, dtt2.CMEDIUMINT from datatypetestm1 dtt1, datatypetestm2 dtt2 where dtt1.cidx = dtt2.cidx and dtt1.CDECIMAL4 < dtt2.CMEDIUMINT ;
cidx	CDECIMAL4	CMEDIUMINT
1	-999	1000
2	-998	1000
3	-997	1000
4	-996	1000
5	-995	1000
6	995	1000
7	996	1000
8	997	1000
9	998	1000
10	999	1000
select dtt1.cidx, dtt1.CDECIMAL4, dtt2.CMEDIUMINT from datatypetestm1 dtt1, datatypetestm2 dtt2 where dtt1.cidx = dtt2.cidx and dtt1.CDECIMAL4 <= dtt2.CMEDIUMINT ;
cidx	CDECIMAL4	CMEDIUMINT
1	-999	1000
2	-998	1000
3	-997	1000
4	-996	1000
5	-995	1000
6	995	1000
7	996	1000
8	997	1000
9	998	1000
10	999	1000
