USE autopilot;
select dtt1.cidx, dtt1.CTIMESTAMP, dtt2.CDECIMAL18_2 from datatypetestm1 dtt1, datatypetestm2 dtt2 where dtt1.cidx = dtt2.cidx and dtt1.CTIMESTAMP > dtt2.CDECIMAL18_2 ;
cidx	CTIMESTAMP	CDECIMAL18_2
1	2020-08-13 03:14:07	-99999999999.99
2	2020-08-13 03:14:07	-99999999999.98
3	2020-08-13 03:14:07	-99999999999.97
4	2020-08-13 03:14:07	-99999999999.96
5	2020-08-13 03:14:07	-99999999999.95
6	2020-08-13 03:14:07	99999999999.95
7	2020-08-13 03:14:07	99999999999.96
8	2020-08-13 03:14:07	99999999999.97
9	2020-08-13 03:14:07	99999999999.98
10	2020-08-13 03:14:07	99999999999.99
11	2020-08-13 03:14:07	0.00
select dtt1.cidx, dtt1.CTIMESTAMP, dtt2.CDECIMAL18_2 from datatypetestm1 dtt1, datatypetestm2 dtt2 where dtt1.cidx = dtt2.cidx and dtt1.CTIMESTAMP >= dtt2.CDECIMAL18_2 ;
cidx	CTIMESTAMP	CDECIMAL18_2
1	2020-08-13 03:14:07	-99999999999.99
2	2020-08-13 03:14:07	-99999999999.98
3	2020-08-13 03:14:07	-99999999999.97
4	2020-08-13 03:14:07	-99999999999.96
5	2020-08-13 03:14:07	-99999999999.95
6	2020-08-13 03:14:07	99999999999.95
7	2020-08-13 03:14:07	99999999999.96
8	2020-08-13 03:14:07	99999999999.97
9	2020-08-13 03:14:07	99999999999.98
10	2020-08-13 03:14:07	99999999999.99
11	2020-08-13 03:14:07	0.00
select dtt1.cidx, dtt1.CTIMESTAMP, dtt2.CDECIMAL18_2 from datatypetestm1 dtt1, datatypetestm2 dtt2 where dtt1.cidx = dtt2.cidx and dtt1.CTIMESTAMP <> dtt2.CDECIMAL18_2 ;
cidx	CTIMESTAMP	CDECIMAL18_2
1	2020-08-13 03:14:07	-99999999999.99
2	2020-08-13 03:14:07	-99999999999.98
3	2020-08-13 03:14:07	-99999999999.97
4	2020-08-13 03:14:07	-99999999999.96
5	2020-08-13 03:14:07	-99999999999.95
6	2020-08-13 03:14:07	99999999999.95
7	2020-08-13 03:14:07	99999999999.96
8	2020-08-13 03:14:07	99999999999.97
9	2020-08-13 03:14:07	99999999999.98
10	2020-08-13 03:14:07	99999999999.99
11	2020-08-13 03:14:07	0.00
select dtt1.cidx, dtt1.CTIMESTAMP, dtt2.CDECIMAL18_2 from datatypetestm1 dtt1, datatypetestm2 dtt2 where dtt1.cidx = dtt2.cidx and dtt1.CTIMESTAMP < dtt2.CDECIMAL18_2 ;
cidx	CTIMESTAMP	CDECIMAL18_2
select dtt1.cidx, dtt1.CTIMESTAMP, dtt2.CDECIMAL18_2 from datatypetestm1 dtt1, datatypetestm2 dtt2 where dtt1.cidx = dtt2.cidx and dtt1.CTIMESTAMP <= dtt2.CDECIMAL18_2 ;
cidx	CTIMESTAMP	CDECIMAL18_2
