USE autopilot;
select dtt1.cidx, dtt1.CDECIMAL1, dtt2.CDECIMAL18_2 from datatypetestm1 dtt1, datatypetestm2 dtt2 where dtt1.cidx = dtt2.cidx and dtt1.CDECIMAL1 > dtt2.CDECIMAL18_2 ;
cidx	CDECIMAL1	CDECIMAL18_2
1	-9	-99999999999.99
2	-8	-99999999999.98
3	-7	-99999999999.97
4	-6	-99999999999.96
5	-5	-99999999999.95
select dtt1.cidx, dtt1.CDECIMAL1, dtt2.CDECIMAL18_2 from datatypetestm1 dtt1, datatypetestm2 dtt2 where dtt1.cidx = dtt2.cidx and dtt1.CDECIMAL1 >= dtt2.CDECIMAL18_2 ;
cidx	CDECIMAL1	CDECIMAL18_2
1	-9	-99999999999.99
2	-8	-99999999999.98
3	-7	-99999999999.97
4	-6	-99999999999.96
5	-5	-99999999999.95
11	0	0.00
select dtt1.cidx, dtt1.CDECIMAL1, dtt2.CDECIMAL18_2 from datatypetestm1 dtt1, datatypetestm2 dtt2 where dtt1.cidx = dtt2.cidx and dtt1.CDECIMAL1 <> dtt2.CDECIMAL18_2 ;
cidx	CDECIMAL1	CDECIMAL18_2
1	-9	-99999999999.99
2	-8	-99999999999.98
3	-7	-99999999999.97
4	-6	-99999999999.96
5	-5	-99999999999.95
6	5	99999999999.95
7	6	99999999999.96
8	7	99999999999.97
9	8	99999999999.98
10	9	99999999999.99
select dtt1.cidx, dtt1.CDECIMAL1, dtt2.CDECIMAL18_2 from datatypetestm1 dtt1, datatypetestm2 dtt2 where dtt1.cidx = dtt2.cidx and dtt1.CDECIMAL1 < dtt2.CDECIMAL18_2 ;
cidx	CDECIMAL1	CDECIMAL18_2
6	5	99999999999.95
7	6	99999999999.96
8	7	99999999999.97
9	8	99999999999.98
10	9	99999999999.99
select dtt1.cidx, dtt1.CDECIMAL1, dtt2.CDECIMAL18_2 from datatypetestm1 dtt1, datatypetestm2 dtt2 where dtt1.cidx = dtt2.cidx and dtt1.CDECIMAL1 <= dtt2.CDECIMAL18_2 ;
cidx	CDECIMAL1	CDECIMAL18_2
6	5	99999999999.95
7	6	99999999999.96
8	7	99999999999.97
9	8	99999999999.98
10	9	99999999999.99
11	0	0.00
