USE autopilot;
select dtt1.cidx, dtt1.CDECIMAL18_2, dtt2.CDECIMAL5 from datatypetestm1 dtt1, datatypetestm2 dtt2 where dtt1.cidx = dtt2.cidx and dtt1.CDECIMAL18_2 > dtt2.CDECIMAL5 ;
cidx	CDECIMAL18_2	CDECIMAL5
6	99999999999.95	995
7	99999999999.96	996
8	99999999999.97	997
9	99999999999.98	998
10	99999999999.99	999
select dtt1.cidx, dtt1.CDECIMAL18_2, dtt2.CDECIMAL5 from datatypetestm1 dtt1, datatypetestm2 dtt2 where dtt1.cidx = dtt2.cidx and dtt1.CDECIMAL18_2 >= dtt2.CDECIMAL5 ;
cidx	CDECIMAL18_2	CDECIMAL5
6	99999999999.95	995
7	99999999999.96	996
8	99999999999.97	997
9	99999999999.98	998
10	99999999999.99	999
11	0.00	0
select dtt1.cidx, dtt1.CDECIMAL18_2, dtt2.CDECIMAL5 from datatypetestm1 dtt1, datatypetestm2 dtt2 where dtt1.cidx = dtt2.cidx and dtt1.CDECIMAL18_2 <> dtt2.CDECIMAL5 ;
cidx	CDECIMAL18_2	CDECIMAL5
1	-99999999999.99	-999
2	-99999999999.98	-998
3	-99999999999.97	-997
4	-99999999999.96	-996
5	-99999999999.95	-995
6	99999999999.95	995
7	99999999999.96	996
8	99999999999.97	997
9	99999999999.98	998
10	99999999999.99	999
select dtt1.cidx, dtt1.CDECIMAL18_2, dtt2.CDECIMAL5 from datatypetestm1 dtt1, datatypetestm2 dtt2 where dtt1.cidx = dtt2.cidx and dtt1.CDECIMAL18_2 < dtt2.CDECIMAL5 ;
cidx	CDECIMAL18_2	CDECIMAL5
1	-99999999999.99	-999
2	-99999999999.98	-998
3	-99999999999.97	-997
4	-99999999999.96	-996
5	-99999999999.95	-995
select dtt1.cidx, dtt1.CDECIMAL18_2, dtt2.CDECIMAL5 from datatypetestm1 dtt1, datatypetestm2 dtt2 where dtt1.cidx = dtt2.cidx and dtt1.CDECIMAL18_2 <= dtt2.CDECIMAL5 ;
cidx	CDECIMAL18_2	CDECIMAL5
1	-99999999999.99	-999
2	-99999999999.98	-998
3	-99999999999.97	-997
4	-99999999999.96	-996
5	-99999999999.95	-995
11	0.00	0
