USE autopilot;
select dtt1.cidx, dtt1.CDECIMAL5, dtt2.CDECIMAL4 from datatypetestm1 dtt1, datatypetestm2 dtt2 where dtt1.cidx = dtt2.cidx and dtt1.CDECIMAL5 > dtt2.CDECIMAL4 ;
cidx	CDECIMAL5	CDECIMAL4
select dtt1.cidx, dtt1.CDECIMAL5, dtt2.CDECIMAL4 from datatypetestm1 dtt1, datatypetestm2 dtt2 where dtt1.cidx = dtt2.cidx and dtt1.CDECIMAL5 >= dtt2.CDECIMAL4 ;
cidx	CDECIMAL5	CDECIMAL4
1	-999	-999
2	-998	-998
3	-997	-997
4	-996	-996
5	-995	-995
6	995	995
7	996	996
8	997	997
9	998	998
10	999	999
11	0	0
select dtt1.cidx, dtt1.CDECIMAL5, dtt2.CDECIMAL4 from datatypetestm1 dtt1, datatypetestm2 dtt2 where dtt1.cidx = dtt2.cidx and dtt1.CDECIMAL5 <> dtt2.CDECIMAL4 ;
cidx	CDECIMAL5	CDECIMAL4
select dtt1.cidx, dtt1.CDECIMAL5, dtt2.CDECIMAL4 from datatypetestm1 dtt1, datatypetestm2 dtt2 where dtt1.cidx = dtt2.cidx and dtt1.CDECIMAL5 < dtt2.CDECIMAL4 ;
cidx	CDECIMAL5	CDECIMAL4
select dtt1.cidx, dtt1.CDECIMAL5, dtt2.CDECIMAL4 from datatypetestm1 dtt1, datatypetestm2 dtt2 where dtt1.cidx = dtt2.cidx and dtt1.CDECIMAL5 <= dtt2.CDECIMAL4 ;
cidx	CDECIMAL5	CDECIMAL4
1	-999	-999
2	-998	-998
3	-997	-997
4	-996	-996
5	-995	-995
6	995	995
7	996	996
8	997	997
9	998	998
10	999	999
11	0	0
