USE autopilot;
select dtt1.cidx, dtt1.CMEDIUMINT, dtt2.CMEDIUMTEXT from datatypetestm1 dtt1, datatypetestm2 dtt2 where dtt1.cidx = dtt2.cidx and dtt1.CMEDIUMINT > dtt2.CMEDIUMTEXT ;
cidx	CMEDIUMINT	CMEDIUMTEXT
1	1000	mediumtestmediumtest
2	1000	mediumtestmediumtest
3	1000	mediumtestmediumtest
4	1000	mediumtestmediumtest
5	1000	mediumtestmediumtest
6	1000	mediumtestmediumtest
7	1000	mediumtestmediumtest
8	1000	mediumtestmediumtest
9	1000	mediumtestmediumtest
10	1000	mediumtestmediumtest
select dtt1.cidx, dtt1.CMEDIUMINT, dtt2.CMEDIUMTEXT from datatypetestm1 dtt1, datatypetestm2 dtt2 where dtt1.cidx = dtt2.cidx and dtt1.CMEDIUMINT >= dtt2.CMEDIUMTEXT ;
cidx	CMEDIUMINT	CMEDIUMTEXT
1	1000	mediumtestmediumtest
2	1000	mediumtestmediumtest
3	1000	mediumtestmediumtest
4	1000	mediumtestmediumtest
5	1000	mediumtestmediumtest
6	1000	mediumtestmediumtest
7	1000	mediumtestmediumtest
8	1000	mediumtestmediumtest
9	1000	mediumtestmediumtest
10	1000	mediumtestmediumtest
select dtt1.cidx, dtt1.CMEDIUMINT, dtt2.CMEDIUMTEXT from datatypetestm1 dtt1, datatypetestm2 dtt2 where dtt1.cidx = dtt2.cidx and dtt1.CMEDIUMINT <> dtt2.CMEDIUMTEXT ;
cidx	CMEDIUMINT	CMEDIUMTEXT
1	1000	mediumtestmediumtest
2	1000	mediumtestmediumtest
3	1000	mediumtestmediumtest
4	1000	mediumtestmediumtest
5	1000	mediumtestmediumtest
6	1000	mediumtestmediumtest
7	1000	mediumtestmediumtest
8	1000	mediumtestmediumtest
9	1000	mediumtestmediumtest
10	1000	mediumtestmediumtest
select dtt1.cidx, dtt1.CMEDIUMINT, dtt2.CMEDIUMTEXT from datatypetestm1 dtt1, datatypetestm2 dtt2 where dtt1.cidx = dtt2.cidx and dtt1.CMEDIUMINT < dtt2.CMEDIUMTEXT ;
cidx	CMEDIUMINT	CMEDIUMTEXT
select dtt1.cidx, dtt1.CMEDIUMINT, dtt2.CMEDIUMTEXT from datatypetestm1 dtt1, datatypetestm2 dtt2 where dtt1.cidx = dtt2.cidx and dtt1.CMEDIUMINT <= dtt2.CMEDIUMTEXT ;
cidx	CMEDIUMINT	CMEDIUMTEXT
