USE autopilot;
select dtt1.cidx, dtt1.CDECIMAL4_2, dtt2.CMEDIUMTEXT from datatypetestm1 dtt1, datatypetestm2 dtt2 where dtt1.cidx = dtt2.cidx and dtt1.CDECIMAL4_2 > dtt2.CMEDIUMTEXT ;
cidx	CDECIMAL4_2	CMEDIUMTEXT
6	9.95	mediumtestmediumtest
7	9.96	mediumtestmediumtest
8	9.97	mediumtestmediumtest
9	9.98	mediumtestmediumtest
10	9.99	mediumtestmediumtest
select dtt1.cidx, dtt1.CDECIMAL4_2, dtt2.CMEDIUMTEXT from datatypetestm1 dtt1, datatypetestm2 dtt2 where dtt1.cidx = dtt2.cidx and dtt1.CDECIMAL4_2 >= dtt2.CMEDIUMTEXT ;
cidx	CDECIMAL4_2	CMEDIUMTEXT
6	9.95	mediumtestmediumtest
7	9.96	mediumtestmediumtest
8	9.97	mediumtestmediumtest
9	9.98	mediumtestmediumtest
10	9.99	mediumtestmediumtest
select dtt1.cidx, dtt1.CDECIMAL4_2, dtt2.CMEDIUMTEXT from datatypetestm1 dtt1, datatypetestm2 dtt2 where dtt1.cidx = dtt2.cidx and dtt1.CDECIMAL4_2 <> dtt2.CMEDIUMTEXT ;
cidx	CDECIMAL4_2	CMEDIUMTEXT
1	-9.99	mediumtestmediumtest
2	-9.98	mediumtestmediumtest
3	-9.97	mediumtestmediumtest
4	-9.96	mediumtestmediumtest
5	-9.95	mediumtestmediumtest
6	9.95	mediumtestmediumtest
7	9.96	mediumtestmediumtest
8	9.97	mediumtestmediumtest
9	9.98	mediumtestmediumtest
10	9.99	mediumtestmediumtest
select dtt1.cidx, dtt1.CDECIMAL4_2, dtt2.CMEDIUMTEXT from datatypetestm1 dtt1, datatypetestm2 dtt2 where dtt1.cidx = dtt2.cidx and dtt1.CDECIMAL4_2 < dtt2.CMEDIUMTEXT ;
cidx	CDECIMAL4_2	CMEDIUMTEXT
1	-9.99	mediumtestmediumtest
2	-9.98	mediumtestmediumtest
3	-9.97	mediumtestmediumtest
4	-9.96	mediumtestmediumtest
5	-9.95	mediumtestmediumtest
select dtt1.cidx, dtt1.CDECIMAL4_2, dtt2.CMEDIUMTEXT from datatypetestm1 dtt1, datatypetestm2 dtt2 where dtt1.cidx = dtt2.cidx and dtt1.CDECIMAL4_2 <= dtt2.CMEDIUMTEXT ;
cidx	CDECIMAL4_2	CMEDIUMTEXT
1	-9.99	mediumtestmediumtest
2	-9.98	mediumtestmediumtest
3	-9.97	mediumtestmediumtest
4	-9.96	mediumtestmediumtest
5	-9.95	mediumtestmediumtest
