USE autopilot;
select dtt1.cidx, dtt1.CLONGTEXT, dtt2.CDECIMAL1 from datatypetestm1 dtt1, datatypetestm2 dtt2 where dtt1.cidx = dtt2.cidx and dtt1.CLONGTEXT > dtt2.CDECIMAL1 ;
cidx	CLONGTEXT	CDECIMAL1
1	longtextlongtextlongtext	-9
2	longtextlongtextlongtext	-8
3	longtextlongtextlongtext	-7
4	longtextlongtextlongtext	-6
5	longtextlongtextlongtext	-5
select dtt1.cidx, dtt1.CLONGTEXT, dtt2.CDECIMAL1 from datatypetestm1 dtt1, datatypetestm2 dtt2 where dtt1.cidx = dtt2.cidx and dtt1.CLONGTEXT >= dtt2.CDECIMAL1 ;
cidx	CLONGTEXT	CDECIMAL1
1	longtextlongtextlongtext	-9
2	longtextlongtextlongtext	-8
3	longtextlongtextlongtext	-7
4	longtextlongtextlongtext	-6
5	longtextlongtextlongtext	-5
select dtt1.cidx, dtt1.CLONGTEXT, dtt2.CDECIMAL1 from datatypetestm1 dtt1, datatypetestm2 dtt2 where dtt1.cidx = dtt2.cidx and dtt1.CLONGTEXT <> dtt2.CDECIMAL1 ;
cidx	CLONGTEXT	CDECIMAL1
1	longtextlongtextlongtext	-9
2	longtextlongtextlongtext	-8
3	longtextlongtextlongtext	-7
4	longtextlongtextlongtext	-6
5	longtextlongtextlongtext	-5
6	longtextlongtextlongtext	5
7	longtextlongtextlongtext	6
8	longtextlongtextlongtext	7
9	longtextlongtextlongtext	8
10	longtextlongtextlongtext	9
select dtt1.cidx, dtt1.CLONGTEXT, dtt2.CDECIMAL1 from datatypetestm1 dtt1, datatypetestm2 dtt2 where dtt1.cidx = dtt2.cidx and dtt1.CLONGTEXT < dtt2.CDECIMAL1 ;
cidx	CLONGTEXT	CDECIMAL1
6	longtextlongtextlongtext	5
7	longtextlongtextlongtext	6
8	longtextlongtextlongtext	7
9	longtextlongtextlongtext	8
10	longtextlongtextlongtext	9
select dtt1.cidx, dtt1.CLONGTEXT, dtt2.CDECIMAL1 from datatypetestm1 dtt1, datatypetestm2 dtt2 where dtt1.cidx = dtt2.cidx and dtt1.CLONGTEXT <= dtt2.CDECIMAL1 ;
cidx	CLONGTEXT	CDECIMAL1
6	longtextlongtextlongtext	5
7	longtextlongtextlongtext	6
8	longtextlongtextlongtext	7
9	longtextlongtextlongtext	8
10	longtextlongtextlongtext	9
