USE autopilot;
select dtt1.cidx, dtt1.CMEDIUMTEXT, dtt2.CMEDIUMINT from datatypetestm1 dtt1, datatypetestm2 dtt2 where dtt1.cidx = dtt2.cidx and dtt1.CMEDIUMTEXT > dtt2.CMEDIUMINT ;
cidx	CMEDIUMTEXT	CMEDIUMINT
select dtt1.cidx, dtt1.CMEDIUMTEXT, dtt2.CMEDIUMINT from datatypetestm1 dtt1, datatypetestm2 dtt2 where dtt1.cidx = dtt2.cidx and dtt1.CMEDIUMTEXT >= dtt2.CMEDIUMINT ;
cidx	CMEDIUMTEXT	CMEDIUMINT
select dtt1.cidx, dtt1.CMEDIUMTEXT, dtt2.CMEDIUMINT from datatypetestm1 dtt1, datatypetestm2 dtt2 where dtt1.cidx = dtt2.cidx and dtt1.CMEDIUMTEXT <> dtt2.CMEDIUMINT ;
cidx	CMEDIUMTEXT	CMEDIUMINT
1	mediumtestmediumtest	1000
2	mediumtestmediumtest	1000
3	mediumtestmediumtest	1000
4	mediumtestmediumtest	1000
5	mediumtestmediumtest	1000
6	mediumtestmediumtest	1000
7	mediumtestmediumtest	1000
8	mediumtestmediumtest	1000
9	mediumtestmediumtest	1000
10	mediumtestmediumtest	1000
select dtt1.cidx, dtt1.CMEDIUMTEXT, dtt2.CMEDIUMINT from datatypetestm1 dtt1, datatypetestm2 dtt2 where dtt1.cidx = dtt2.cidx and dtt1.CMEDIUMTEXT < dtt2.CMEDIUMINT ;
cidx	CMEDIUMTEXT	CMEDIUMINT
1	mediumtestmediumtest	1000
2	mediumtestmediumtest	1000
3	mediumtestmediumtest	1000
4	mediumtestmediumtest	1000
5	mediumtestmediumtest	1000
6	mediumtestmediumtest	1000
7	mediumtestmediumtest	1000
8	mediumtestmediumtest	1000
9	mediumtestmediumtest	1000
10	mediumtestmediumtest	1000
select dtt1.cidx, dtt1.CMEDIUMTEXT, dtt2.CMEDIUMINT from datatypetestm1 dtt1, datatypetestm2 dtt2 where dtt1.cidx = dtt2.cidx and dtt1.CMEDIUMTEXT <= dtt2.CMEDIUMINT ;
cidx	CMEDIUMTEXT	CMEDIUMINT
1	mediumtestmediumtest	1000
2	mediumtestmediumtest	1000
3	mediumtestmediumtest	1000
4	mediumtestmediumtest	1000
5	mediumtestmediumtest	1000
6	mediumtestmediumtest	1000
7	mediumtestmediumtest	1000
8	mediumtestmediumtest	1000
9	mediumtestmediumtest	1000
10	mediumtestmediumtest	1000
