USE autopilot;
select dtt1.cidx, dtt1.CSMALLINT, dtt2.CINTEGER from datatypetestm1 dtt1, datatypetestm2 dtt2 where dtt1.cidx = dtt2.cidx and dtt1.CSMALLINT > dtt2.CINTEGER ;
cidx	CSMALLINT	CINTEGER
1	-766	-7483646
2	-765	-7483645
3	-764	-7483644
4	-763	-7483643
5	-762	-7483642
select dtt1.cidx, dtt1.CSMALLINT, dtt2.CINTEGER from datatypetestm1 dtt1, datatypetestm2 dtt2 where dtt1.cidx = dtt2.cidx and dtt1.CSMALLINT >= dtt2.CINTEGER ;
cidx	CSMALLINT	CINTEGER
1	-766	-7483646
2	-765	-7483645
3	-764	-7483644
4	-763	-7483643
5	-762	-7483642
11	0	0
select dtt1.cidx, dtt1.CSMALLINT, dtt2.CINTEGER from datatypetestm1 dtt1, datatypetestm2 dtt2 where dtt1.cidx = dtt2.cidx and dtt1.CSMALLINT <> dtt2.CINTEGER ;
cidx	CSMALLINT	CINTEGER
1	-766	-7483646
2	-765	-7483645
3	-764	-7483644
4	-763	-7483643
5	-762	-7483642
6	763	7483643
7	764	7483644
8	765	7483645
9	766	7483646
10	767	7483647
select dtt1.cidx, dtt1.CSMALLINT, dtt2.CINTEGER from datatypetestm1 dtt1, datatypetestm2 dtt2 where dtt1.cidx = dtt2.cidx and dtt1.CSMALLINT < dtt2.CINTEGER ;
cidx	CSMALLINT	CINTEGER
6	763	7483643
7	764	7483644
8	765	7483645
9	766	7483646
10	767	7483647
select dtt1.cidx, dtt1.CSMALLINT, dtt2.CINTEGER from datatypetestm1 dtt1, datatypetestm2 dtt2 where dtt1.cidx = dtt2.cidx and dtt1.CSMALLINT <= dtt2.CINTEGER ;
cidx	CSMALLINT	CINTEGER
6	763	7483643
7	764	7483644
8	765	7483645
9	766	7483646
10	767	7483647
11	0	0
