USE autopilot;
select dtt1.cidx, dtt1.CDECIMAL9, dtt2.CFLOAT from datatypetestm1 dtt1, datatypetestm2 dtt2 where dtt1.cidx = dtt2.cidx and dtt1.CDECIMAL9 > dtt2.CFLOAT ;
cidx	CDECIMAL9	CFLOAT
1	-999999	-3.40287e18
2	-999998	-3.40287e18
3	-999997	-3.40286e18
4	-999996	-3.40286e18
5	-999995	-3.40286e18
select dtt1.cidx, dtt1.CDECIMAL9, dtt2.CFLOAT from datatypetestm1 dtt1, datatypetestm2 dtt2 where dtt1.cidx = dtt2.cidx and dtt1.CDECIMAL9 >= dtt2.CFLOAT ;
cidx	CDECIMAL9	CFLOAT
1	-999999	-3.40287e18
2	-999998	-3.40287e18
3	-999997	-3.40286e18
4	-999996	-3.40286e18
5	-999995	-3.40286e18
11	0	0
select dtt1.cidx, dtt1.CDECIMAL9, dtt2.CFLOAT from datatypetestm1 dtt1, datatypetestm2 dtt2 where dtt1.cidx = dtt2.cidx and dtt1.CDECIMAL9 <> dtt2.CFLOAT ;
cidx	CDECIMAL9	CFLOAT
1	-999999	-3.40287e18
2	-999998	-3.40287e18
3	-999997	-3.40286e18
4	-999996	-3.40286e18
5	-999995	-3.40286e18
6	999995	3.40286e18
7	999996	3.40286e18
8	999997	3.40286e18
9	999998	3.40287e18
10	999999	3.40287e18
select dtt1.cidx, dtt1.CDECIMAL9, dtt2.CFLOAT from datatypetestm1 dtt1, datatypetestm2 dtt2 where dtt1.cidx = dtt2.cidx and dtt1.CDECIMAL9 < dtt2.CFLOAT ;
cidx	CDECIMAL9	CFLOAT
6	999995	3.40286e18
7	999996	3.40286e18
8	999997	3.40286e18
9	999998	3.40287e18
10	999999	3.40287e18
select dtt1.cidx, dtt1.CDECIMAL9, dtt2.CFLOAT from datatypetestm1 dtt1, datatypetestm2 dtt2 where dtt1.cidx = dtt2.cidx and dtt1.CDECIMAL9 <= dtt2.CFLOAT ;
cidx	CDECIMAL9	CFLOAT
6	999995	3.40286e18
7	999996	3.40286e18
8	999997	3.40286e18
9	999998	3.40287e18
10	999999	3.40287e18
11	0	0
