USE autopilot;
select dtt1.cidx, dtt1.CFLOAT, dtt2.CDECIMAL4 from datatypetestm1 dtt1, datatypetestm2 dtt2 where dtt1.cidx = dtt2.cidx and dtt1.CFLOAT > dtt2.CDECIMAL4 ;
cidx	CFLOAT	CDECIMAL4
6	3.40286e18	995
7	3.40286e18	996
8	3.40286e18	997
9	3.40287e18	998
10	3.40287e18	999
select dtt1.cidx, dtt1.CFLOAT, dtt2.CDECIMAL4 from datatypetestm1 dtt1, datatypetestm2 dtt2 where dtt1.cidx = dtt2.cidx and dtt1.CFLOAT >= dtt2.CDECIMAL4 ;
cidx	CFLOAT	CDECIMAL4
6	3.40286e18	995
7	3.40286e18	996
8	3.40286e18	997
9	3.40287e18	998
10	3.40287e18	999
11	0	0
select dtt1.cidx, dtt1.CFLOAT, dtt2.CDECIMAL4 from datatypetestm1 dtt1, datatypetestm2 dtt2 where dtt1.cidx = dtt2.cidx and dtt1.CFLOAT <> dtt2.CDECIMAL4 ;
cidx	CFLOAT	CDECIMAL4
1	-3.40287e18	-999
2	-3.40287e18	-998
3	-3.40286e18	-997
4	-3.40286e18	-996
5	-3.40286e18	-995
6	3.40286e18	995
7	3.40286e18	996
8	3.40286e18	997
9	3.40287e18	998
10	3.40287e18	999
select dtt1.cidx, dtt1.CFLOAT, dtt2.CDECIMAL4 from datatypetestm1 dtt1, datatypetestm2 dtt2 where dtt1.cidx = dtt2.cidx and dtt1.CFLOAT < dtt2.CDECIMAL4 ;
cidx	CFLOAT	CDECIMAL4
1	-3.40287e18	-999
2	-3.40287e18	-998
3	-3.40286e18	-997
4	-3.40286e18	-996
5	-3.40286e18	-995
select dtt1.cidx, dtt1.CFLOAT, dtt2.CDECIMAL4 from datatypetestm1 dtt1, datatypetestm2 dtt2 where dtt1.cidx = dtt2.cidx and dtt1.CFLOAT <= dtt2.CDECIMAL4 ;
cidx	CFLOAT	CDECIMAL4
1	-3.40287e18	-999
2	-3.40287e18	-998
3	-3.40286e18	-997
4	-3.40286e18	-996
5	-3.40286e18	-995
11	0	0
