USE autopilot;
select dtt1.cidx, dtt1.CTINYTEXT, dtt2.CFLOAT from datatypetestm1 dtt1, datatypetestm2 dtt2 where dtt1.cidx = dtt2.cidx and dtt1.CTINYTEXT > dtt2.CFLOAT ;
cidx	CTINYTEXT	CFLOAT
1	tinytext	-3.40287e18
2	tinytext	-3.40287e18
3	tinytext	-3.40286e18
4	tinytext	-3.40286e18
5	tinytext	-3.40286e18
select dtt1.cidx, dtt1.CTINYTEXT, dtt2.CFLOAT from datatypetestm1 dtt1, datatypetestm2 dtt2 where dtt1.cidx = dtt2.cidx and dtt1.CTINYTEXT >= dtt2.CFLOAT ;
cidx	CTINYTEXT	CFLOAT
1	tinytext	-3.40287e18
2	tinytext	-3.40287e18
3	tinytext	-3.40286e18
4	tinytext	-3.40286e18
5	tinytext	-3.40286e18
select dtt1.cidx, dtt1.CTINYTEXT, dtt2.CFLOAT from datatypetestm1 dtt1, datatypetestm2 dtt2 where dtt1.cidx = dtt2.cidx and dtt1.CTINYTEXT <> dtt2.CFLOAT ;
cidx	CTINYTEXT	CFLOAT
1	tinytext	-3.40287e18
2	tinytext	-3.40287e18
3	tinytext	-3.40286e18
4	tinytext	-3.40286e18
5	tinytext	-3.40286e18
6	tinytext	3.40286e18
7	tinytext	3.40286e18
8	tinytext	3.40286e18
9	tinytext	3.40287e18
10	tinytext	3.40287e18
select dtt1.cidx, dtt1.CTINYTEXT, dtt2.CFLOAT from datatypetestm1 dtt1, datatypetestm2 dtt2 where dtt1.cidx = dtt2.cidx and dtt1.CTINYTEXT < dtt2.CFLOAT ;
cidx	CTINYTEXT	CFLOAT
6	tinytext	3.40286e18
7	tinytext	3.40286e18
8	tinytext	3.40286e18
9	tinytext	3.40287e18
10	tinytext	3.40287e18
select dtt1.cidx, dtt1.CTINYTEXT, dtt2.CFLOAT from datatypetestm1 dtt1, datatypetestm2 dtt2 where dtt1.cidx = dtt2.cidx and dtt1.CTINYTEXT <= dtt2.CFLOAT ;
cidx	CTINYTEXT	CFLOAT
6	tinytext	3.40286e18
7	tinytext	3.40286e18
8	tinytext	3.40286e18
9	tinytext	3.40287e18
10	tinytext	3.40287e18
