USE autopilot;
select dtt1.cidx, dtt1.CDECIMAL5, dtt2.CCHAR9 from datatypetestm1 dtt1, datatypetestm2 dtt2 where dtt1.cidx = dtt2.cidx and dtt1.CDECIMAL5 > dtt2.CCHAR9 ;
cidx	CDECIMAL5	CCHAR9
6	995	rrrrrrr
7	996	rrrrrrrr
8	997	rrrrrrrrr
9	998	rrrrrrrrr
10	999	zzzzzzzzz
select dtt1.cidx, dtt1.CDECIMAL5, dtt2.CCHAR9 from datatypetestm1 dtt1, datatypetestm2 dtt2 where dtt1.cidx = dtt2.cidx and dtt1.CDECIMAL5 >= dtt2.CCHAR9 ;
cidx	CDECIMAL5	CCHAR9
6	995	rrrrrrr
7	996	rrrrrrrr
8	997	rrrrrrrrr
9	998	rrrrrrrrr
10	999	zzzzzzzzz
select dtt1.cidx, dtt1.CDECIMAL5, dtt2.CCHAR9 from datatypetestm1 dtt1, datatypetestm2 dtt2 where dtt1.cidx = dtt2.cidx and dtt1.CDECIMAL5 <> dtt2.CCHAR9 ;
cidx	CDECIMAL5	CCHAR9
1	-999	aaaaaaaaa
2	-998	i
3	-997	ii
4	-996	iii
5	-995	iiii
6	995	rrrrrrr
7	996	rrrrrrrr
8	997	rrrrrrrrr
9	998	rrrrrrrrr
10	999	zzzzzzzzz
select dtt1.cidx, dtt1.CDECIMAL5, dtt2.CCHAR9 from datatypetestm1 dtt1, datatypetestm2 dtt2 where dtt1.cidx = dtt2.cidx and dtt1.CDECIMAL5 < dtt2.CCHAR9 ;
cidx	CDECIMAL5	CCHAR9
1	-999	aaaaaaaaa
2	-998	i
3	-997	ii
4	-996	iii
5	-995	iiii
select dtt1.cidx, dtt1.CDECIMAL5, dtt2.CCHAR9 from datatypetestm1 dtt1, datatypetestm2 dtt2 where dtt1.cidx = dtt2.cidx and dtt1.CDECIMAL5 <= dtt2.CCHAR9 ;
cidx	CDECIMAL5	CCHAR9
1	-999	aaaaaaaaa
2	-998	i
3	-997	ii
4	-996	iii
5	-995	iiii
