USE autopilot;
select dtt1.cidx, dtt1.CDECIMAL18_2, dtt2.CTEXT from datatypetestm1 dtt1, datatypetestm2 dtt2 where dtt1.cidx = dtt2.cidx and dtt1.CDECIMAL18_2 > dtt2.CTEXT ;
cidx	CDECIMAL18_2	CTEXT
6	99999999999.95	texttexttext
7	99999999999.96	texttexttext
8	99999999999.97	texttexttext
9	99999999999.98	texttexttext
10	99999999999.99	texttexttext
select dtt1.cidx, dtt1.CDECIMAL18_2, dtt2.CTEXT from datatypetestm1 dtt1, datatypetestm2 dtt2 where dtt1.cidx = dtt2.cidx and dtt1.CDECIMAL18_2 >= dtt2.CTEXT ;
cidx	CDECIMAL18_2	CTEXT
6	99999999999.95	texttexttext
7	99999999999.96	texttexttext
8	99999999999.97	texttexttext
9	99999999999.98	texttexttext
10	99999999999.99	texttexttext
select dtt1.cidx, dtt1.CDECIMAL18_2, dtt2.CTEXT from datatypetestm1 dtt1, datatypetestm2 dtt2 where dtt1.cidx = dtt2.cidx and dtt1.CDECIMAL18_2 <> dtt2.CTEXT ;
cidx	CDECIMAL18_2	CTEXT
1	-99999999999.99	texttexttext
2	-99999999999.98	texttexttext
3	-99999999999.97	texttexttext
4	-99999999999.96	texttexttext
5	-99999999999.95	texttexttext
6	99999999999.95	texttexttext
7	99999999999.96	texttexttext
8	99999999999.97	texttexttext
9	99999999999.98	texttexttext
10	99999999999.99	texttexttext
select dtt1.cidx, dtt1.CDECIMAL18_2, dtt2.CTEXT from datatypetestm1 dtt1, datatypetestm2 dtt2 where dtt1.cidx = dtt2.cidx and dtt1.CDECIMAL18_2 < dtt2.CTEXT ;
cidx	CDECIMAL18_2	CTEXT
1	-99999999999.99	texttexttext
2	-99999999999.98	texttexttext
3	-99999999999.97	texttexttext
4	-99999999999.96	texttexttext
5	-99999999999.95	texttexttext
select dtt1.cidx, dtt1.CDECIMAL18_2, dtt2.CTEXT from datatypetestm1 dtt1, datatypetestm2 dtt2 where dtt1.cidx = dtt2.cidx and dtt1.CDECIMAL18_2 <= dtt2.CTEXT ;
cidx	CDECIMAL18_2	CTEXT
1	-99999999999.99	texttexttext
2	-99999999999.98	texttexttext
3	-99999999999.97	texttexttext
4	-99999999999.96	texttexttext
5	-99999999999.95	texttexttext
