USE autopilot;
select dtt1.cidx, dtt1.CDECIMAL9, dtt2.CSMALLINT from datatypetestm1 dtt1, datatypetestm2 dtt2 where dtt1.cidx = dtt2.cidx and dtt1.CDECIMAL9 > dtt2.CSMALLINT ;
cidx	CDECIMAL9	CSMALLINT
6	999995	763
7	999996	764
8	999997	765
9	999998	766
10	999999	767
select dtt1.cidx, dtt1.CDECIMAL9, dtt2.CSMALLINT from datatypetestm1 dtt1, datatypetestm2 dtt2 where dtt1.cidx = dtt2.cidx and dtt1.CDECIMAL9 >= dtt2.CSMALLINT ;
cidx	CDECIMAL9	CSMALLINT
6	999995	763
7	999996	764
8	999997	765
9	999998	766
10	999999	767
11	0	0
select dtt1.cidx, dtt1.CDECIMAL9, dtt2.CSMALLINT from datatypetestm1 dtt1, datatypetestm2 dtt2 where dtt1.cidx = dtt2.cidx and dtt1.CDECIMAL9 <> dtt2.CSMALLINT ;
cidx	CDECIMAL9	CSMALLINT
1	-999999	-766
2	-999998	-765
3	-999997	-764
4	-999996	-763
5	-999995	-762
6	999995	763
7	999996	764
8	999997	765
9	999998	766
10	999999	767
select dtt1.cidx, dtt1.CDECIMAL9, dtt2.CSMALLINT from datatypetestm1 dtt1, datatypetestm2 dtt2 where dtt1.cidx = dtt2.cidx and dtt1.CDECIMAL9 < dtt2.CSMALLINT ;
cidx	CDECIMAL9	CSMALLINT
1	-999999	-766
2	-999998	-765
3	-999997	-764
4	-999996	-763
5	-999995	-762
select dtt1.cidx, dtt1.CDECIMAL9, dtt2.CSMALLINT from datatypetestm1 dtt1, datatypetestm2 dtt2 where dtt1.cidx = dtt2.cidx and dtt1.CDECIMAL9 <= dtt2.CSMALLINT ;
cidx	CDECIMAL9	CSMALLINT
1	-999999	-766
2	-999998	-765
3	-999997	-764
4	-999996	-763
5	-999995	-762
11	0	0
