USE autopilot;
select dtt1.cidx, dtt1.CDECIMAL5, dtt2.CTIMESTAMP from datatypetestm1 dtt1, datatypetestm2 dtt2 where dtt1.cidx = dtt2.cidx and dtt1.CDECIMAL5 > dtt2.CTIMESTAMP ;
cidx	CDECIMAL5	CTIMESTAMP
select dtt1.cidx, dtt1.CDECIMAL5, dtt2.CTIMESTAMP from datatypetestm1 dtt1, datatypetestm2 dtt2 where dtt1.cidx = dtt2.cidx and dtt1.CDECIMAL5 >= dtt2.CTIMESTAMP ;
cidx	CDECIMAL5	CTIMESTAMP
select dtt1.cidx, dtt1.CDECIMAL5, dtt2.CTIMESTAMP from datatypetestm1 dtt1, datatypetestm2 dtt2 where dtt1.cidx = dtt2.cidx and dtt1.CDECIMAL5 <> dtt2.CTIMESTAMP ;
cidx	CDECIMAL5	CTIMESTAMP
1	-999	2020-08-13 03:14:07
2	-998	2020-08-13 03:14:07
3	-997	2020-08-13 03:14:07
4	-996	2020-08-13 03:14:07
5	-995	2020-08-13 03:14:07
6	995	2020-08-13 03:14:07
7	996	2020-08-13 03:14:07
8	997	2020-08-13 03:14:07
9	998	2020-08-13 03:14:07
10	999	2020-08-13 03:14:07
11	0	2020-08-13 03:14:07
select dtt1.cidx, dtt1.CDECIMAL5, dtt2.CTIMESTAMP from datatypetestm1 dtt1, datatypetestm2 dtt2 where dtt1.cidx = dtt2.cidx and dtt1.CDECIMAL5 < dtt2.CTIMESTAMP ;
cidx	CDECIMAL5	CTIMESTAMP
1	-999	2020-08-13 03:14:07
2	-998	2020-08-13 03:14:07
3	-997	2020-08-13 03:14:07
4	-996	2020-08-13 03:14:07
5	-995	2020-08-13 03:14:07
6	995	2020-08-13 03:14:07
7	996	2020-08-13 03:14:07
8	997	2020-08-13 03:14:07
9	998	2020-08-13 03:14:07
10	999	2020-08-13 03:14:07
11	0	2020-08-13 03:14:07
select dtt1.cidx, dtt1.CDECIMAL5, dtt2.CTIMESTAMP from datatypetestm1 dtt1, datatypetestm2 dtt2 where dtt1.cidx = dtt2.cidx and dtt1.CDECIMAL5 <= dtt2.CTIMESTAMP ;
cidx	CDECIMAL5	CTIMESTAMP
1	-999	2020-08-13 03:14:07
2	-998	2020-08-13 03:14:07
3	-997	2020-08-13 03:14:07
4	-996	2020-08-13 03:14:07
5	-995	2020-08-13 03:14:07
6	995	2020-08-13 03:14:07
7	996	2020-08-13 03:14:07
8	997	2020-08-13 03:14:07
9	998	2020-08-13 03:14:07
10	999	2020-08-13 03:14:07
11	0	2020-08-13 03:14:07
