USE autopilot;
select dtt1.cidx, dtt1.CMEDIUMINT, dtt2.CDECIMAL10 from datatypetestm1 dtt1, datatypetestm2 dtt2 where dtt1.cidx = dtt2.cidx and dtt1.CMEDIUMINT > dtt2.CDECIMAL10 ;
cidx	CMEDIUMINT	CDECIMAL10
1	1000	-9999999
2	1000	-9999998
3	1000	-9999997
4	1000	-9999996
5	1000	-9999995
select dtt1.cidx, dtt1.CMEDIUMINT, dtt2.CDECIMAL10 from datatypetestm1 dtt1, datatypetestm2 dtt2 where dtt1.cidx = dtt2.cidx and dtt1.CMEDIUMINT >= dtt2.CDECIMAL10 ;
cidx	CMEDIUMINT	CDECIMAL10
1	1000	-9999999
2	1000	-9999998
3	1000	-9999997
4	1000	-9999996
5	1000	-9999995
select dtt1.cidx, dtt1.CMEDIUMINT, dtt2.CDECIMAL10 from datatypetestm1 dtt1, datatypetestm2 dtt2 where dtt1.cidx = dtt2.cidx and dtt1.CMEDIUMINT <> dtt2.CDECIMAL10 ;
cidx	CMEDIUMINT	CDECIMAL10
1	1000	-9999999
2	1000	-9999998
3	1000	-9999997
4	1000	-9999996
5	1000	-9999995
6	1000	9999995
7	1000	9999996
8	1000	9999997
9	1000	9999998
10	1000	9999999
select dtt1.cidx, dtt1.CMEDIUMINT, dtt2.CDECIMAL10 from datatypetestm1 dtt1, datatypetestm2 dtt2 where dtt1.cidx = dtt2.cidx and dtt1.CMEDIUMINT < dtt2.CDECIMAL10 ;
cidx	CMEDIUMINT	CDECIMAL10
6	1000	9999995
7	1000	9999996
8	1000	9999997
9	1000	9999998
10	1000	9999999
select dtt1.cidx, dtt1.CMEDIUMINT, dtt2.CDECIMAL10 from datatypetestm1 dtt1, datatypetestm2 dtt2 where dtt1.cidx = dtt2.cidx and dtt1.CMEDIUMINT <= dtt2.CDECIMAL10 ;
cidx	CMEDIUMINT	CDECIMAL10
6	1000	9999995
7	1000	9999996
8	1000	9999997
9	1000	9999998
10	1000	9999999
