USE autopilot;
select dtt1.cidx, dtt1.CDECIMAL9_2, dtt2.CMEDIUMINT from datatypetestm1 dtt1, datatypetestm2 dtt2 where dtt1.cidx = dtt2.cidx and dtt1.CDECIMAL9_2 > dtt2.CMEDIUMINT ;
cidx	CDECIMAL9_2	CMEDIUMINT
6	9999.95	1000
7	9999.96	1000
8	9999.97	1000
9	9999.98	1000
10	9999.99	1000
select dtt1.cidx, dtt1.CDECIMAL9_2, dtt2.CMEDIUMINT from datatypetestm1 dtt1, datatypetestm2 dtt2 where dtt1.cidx = dtt2.cidx and dtt1.CDECIMAL9_2 >= dtt2.CMEDIUMINT ;
cidx	CDECIMAL9_2	CMEDIUMINT
6	9999.95	1000
7	9999.96	1000
8	9999.97	1000
9	9999.98	1000
10	9999.99	1000
select dtt1.cidx, dtt1.CDECIMAL9_2, dtt2.CMEDIUMINT from datatypetestm1 dtt1, datatypetestm2 dtt2 where dtt1.cidx = dtt2.cidx and dtt1.CDECIMAL9_2 <> dtt2.CMEDIUMINT ;
cidx	CDECIMAL9_2	CMEDIUMINT
1	-9999.99	1000
2	-9999.98	1000
3	-9999.97	1000
4	-9999.96	1000
5	-9999.95	1000
6	9999.95	1000
7	9999.96	1000
8	9999.97	1000
9	9999.98	1000
10	9999.99	1000
select dtt1.cidx, dtt1.CDECIMAL9_2, dtt2.CMEDIUMINT from datatypetestm1 dtt1, datatypetestm2 dtt2 where dtt1.cidx = dtt2.cidx and dtt1.CDECIMAL9_2 < dtt2.CMEDIUMINT ;
cidx	CDECIMAL9_2	CMEDIUMINT
1	-9999.99	1000
2	-9999.98	1000
3	-9999.97	1000
4	-9999.96	1000
5	-9999.95	1000
select dtt1.cidx, dtt1.CDECIMAL9_2, dtt2.CMEDIUMINT from datatypetestm1 dtt1, datatypetestm2 dtt2 where dtt1.cidx = dtt2.cidx and dtt1.CDECIMAL9_2 <= dtt2.CMEDIUMINT ;
cidx	CDECIMAL9_2	CMEDIUMINT
1	-9999.99	1000
2	-9999.98	1000
3	-9999.97	1000
4	-9999.96	1000
5	-9999.95	1000
