USE autopilot;
select dtt1.cidx, dtt1.CVCHAR2, dtt2.CBIGINT from datatypetestm1 dtt1, datatypetestm2 dtt2 where dtt1.cidx = dtt2.cidx and dtt1.CVCHAR2 > dtt2.CBIGINT ;
cidx	CVCHAR2	CBIGINT
1	aa	-72036854775806
2	b	-72036854775805
3	bb	-72036854775804
4	bb	-72036854775803
5	bb	-72036854775802
select dtt1.cidx, dtt1.CVCHAR2, dtt2.CBIGINT from datatypetestm1 dtt1, datatypetestm2 dtt2 where dtt1.cidx = dtt2.cidx and dtt1.CVCHAR2 >= dtt2.CBIGINT ;
cidx	CVCHAR2	CBIGINT
1	aa	-72036854775806
2	b	-72036854775805
3	bb	-72036854775804
4	bb	-72036854775803
5	bb	-72036854775802
select dtt1.cidx, dtt1.CVCHAR2, dtt2.CBIGINT from datatypetestm1 dtt1, datatypetestm2 dtt2 where dtt1.cidx = dtt2.cidx and dtt1.CVCHAR2 <> dtt2.CBIGINT ;
cidx	CVCHAR2	CBIGINT
1	aa	-72036854775806
2	b	-72036854775805
3	bb	-72036854775804
4	bb	-72036854775803
5	bb	-72036854775802
6	yy	72036854775803
7	yy	72036854775804
8	yy	72036854775805
9	yy	72036854775806
10	zz	72036854775807
select dtt1.cidx, dtt1.CVCHAR2, dtt2.CBIGINT from datatypetestm1 dtt1, datatypetestm2 dtt2 where dtt1.cidx = dtt2.cidx and dtt1.CVCHAR2 < dtt2.CBIGINT ;
cidx	CVCHAR2	CBIGINT
6	yy	72036854775803
7	yy	72036854775804
8	yy	72036854775805
9	yy	72036854775806
10	zz	72036854775807
select dtt1.cidx, dtt1.CVCHAR2, dtt2.CBIGINT from datatypetestm1 dtt1, datatypetestm2 dtt2 where dtt1.cidx = dtt2.cidx and dtt1.CVCHAR2 <= dtt2.CBIGINT ;
cidx	CVCHAR2	CBIGINT
6	yy	72036854775803
7	yy	72036854775804
8	yy	72036854775805
9	yy	72036854775806
10	zz	72036854775807
