USE autopilot;
select dtt1.cidx, dtt1.CTINYINT, dtt2.CDECIMAL18 from datatypetestm1 dtt1, datatypetestm2 dtt2 where dtt1.cidx = dtt2.cidx and dtt1.CTINYINT > dtt2.CDECIMAL18 ;
cidx	CTINYINT	CDECIMAL18
1	-26	-9999999999999
2	-25	-9999999999998
3	-24	-9999999999997
4	-23	-9999999999996
5	-22	-9999999999995
select dtt1.cidx, dtt1.CTINYINT, dtt2.CDECIMAL18 from datatypetestm1 dtt1, datatypetestm2 dtt2 where dtt1.cidx = dtt2.cidx and dtt1.CTINYINT >= dtt2.CDECIMAL18 ;
cidx	CTINYINT	CDECIMAL18
1	-26	-9999999999999
2	-25	-9999999999998
3	-24	-9999999999997
4	-23	-9999999999996
5	-22	-9999999999995
11	0	0
select dtt1.cidx, dtt1.CTINYINT, dtt2.CDECIMAL18 from datatypetestm1 dtt1, datatypetestm2 dtt2 where dtt1.cidx = dtt2.cidx and dtt1.CTINYINT <> dtt2.CDECIMAL18 ;
cidx	CTINYINT	CDECIMAL18
1	-26	-9999999999999
2	-25	-9999999999998
3	-24	-9999999999997
4	-23	-9999999999996
5	-22	-9999999999995
6	23	9999999999995
7	24	9999999999996
8	25	9999999999997
9	26	9999999999998
10	27	9999999999999
select dtt1.cidx, dtt1.CTINYINT, dtt2.CDECIMAL18 from datatypetestm1 dtt1, datatypetestm2 dtt2 where dtt1.cidx = dtt2.cidx and dtt1.CTINYINT < dtt2.CDECIMAL18 ;
cidx	CTINYINT	CDECIMAL18
6	23	9999999999995
7	24	9999999999996
8	25	9999999999997
9	26	9999999999998
10	27	9999999999999
select dtt1.cidx, dtt1.CTINYINT, dtt2.CDECIMAL18 from datatypetestm1 dtt1, datatypetestm2 dtt2 where dtt1.cidx = dtt2.cidx and dtt1.CTINYINT <= dtt2.CDECIMAL18 ;
cidx	CTINYINT	CDECIMAL18
6	23	9999999999995
7	24	9999999999996
8	25	9999999999997
9	26	9999999999998
10	27	9999999999999
11	0	0
