USE autopilot;
select dtt1.cidx, dtt1.CSMALLINT, dtt2.CVCHAR5 from datatypetestm1 dtt1, datatypetestm2 dtt2 where dtt1.cidx = dtt2.cidx and dtt1.CSMALLINT > dtt2.CVCHAR5 ;
cidx	CSMALLINT	CVCHAR5
6	763	vvvvv
7	764	vvvvv
8	765	vvvvv
9	766	vvvvv
10	767	zzzzz
select dtt1.cidx, dtt1.CSMALLINT, dtt2.CVCHAR5 from datatypetestm1 dtt1, datatypetestm2 dtt2 where dtt1.cidx = dtt2.cidx and dtt1.CSMALLINT >= dtt2.CVCHAR5 ;
cidx	CSMALLINT	CVCHAR5
6	763	vvvvv
7	764	vvvvv
8	765	vvvvv
9	766	vvvvv
10	767	zzzzz
select dtt1.cidx, dtt1.CSMALLINT, dtt2.CVCHAR5 from datatypetestm1 dtt1, datatypetestm2 dtt2 where dtt1.cidx = dtt2.cidx and dtt1.CSMALLINT <> dtt2.CVCHAR5 ;
cidx	CSMALLINT	CVCHAR5
1	-766	aaaaa
2	-765	e
3	-764	ee
4	-763	eee
5	-762	eeee
6	763	vvvvv
7	764	vvvvv
8	765	vvvvv
9	766	vvvvv
10	767	zzzzz
select dtt1.cidx, dtt1.CSMALLINT, dtt2.CVCHAR5 from datatypetestm1 dtt1, datatypetestm2 dtt2 where dtt1.cidx = dtt2.cidx and dtt1.CSMALLINT < dtt2.CVCHAR5 ;
cidx	CSMALLINT	CVCHAR5
1	-766	aaaaa
2	-765	e
3	-764	ee
4	-763	eee
5	-762	eeee
select dtt1.cidx, dtt1.CSMALLINT, dtt2.CVCHAR5 from datatypetestm1 dtt1, datatypetestm2 dtt2 where dtt1.cidx = dtt2.cidx and dtt1.CSMALLINT <= dtt2.CVCHAR5 ;
cidx	CSMALLINT	CVCHAR5
1	-766	aaaaa
2	-765	e
3	-764	ee
4	-763	eee
5	-762	eeee
