USE autopilot;
select dtt1.cidx, dtt1.CVCHAR3, dtt2.CINTEGER from datatypetestm1 dtt1, datatypetestm2 dtt2 where dtt1.cidx = dtt2.cidx and dtt1.CVCHAR3 > dtt2.CINTEGER ;
cidx	CVCHAR3	CINTEGER
1	aaa	-7483646
2	c	-7483645
3	cc	-7483644
4	ccc	-7483643
5	ccc	-7483642
select dtt1.cidx, dtt1.CVCHAR3, dtt2.CINTEGER from datatypetestm1 dtt1, datatypetestm2 dtt2 where dtt1.cidx = dtt2.cidx and dtt1.CVCHAR3 >= dtt2.CINTEGER ;
cidx	CVCHAR3	CINTEGER
1	aaa	-7483646
2	c	-7483645
3	cc	-7483644
4	ccc	-7483643
5	ccc	-7483642
select dtt1.cidx, dtt1.CVCHAR3, dtt2.CINTEGER from datatypetestm1 dtt1, datatypetestm2 dtt2 where dtt1.cidx = dtt2.cidx and dtt1.CVCHAR3 <> dtt2.CINTEGER ;
cidx	CVCHAR3	CINTEGER
1	aaa	-7483646
2	c	-7483645
3	cc	-7483644
4	ccc	-7483643
5	ccc	-7483642
6	xxx	7483643
7	xxx	7483644
8	xxx	7483645
9	xxx	7483646
10	zzz	7483647
select dtt1.cidx, dtt1.CVCHAR3, dtt2.CINTEGER from datatypetestm1 dtt1, datatypetestm2 dtt2 where dtt1.cidx = dtt2.cidx and dtt1.CVCHAR3 < dtt2.CINTEGER ;
cidx	CVCHAR3	CINTEGER
6	xxx	7483643
7	xxx	7483644
8	xxx	7483645
9	xxx	7483646
10	zzz	7483647
select dtt1.cidx, dtt1.CVCHAR3, dtt2.CINTEGER from datatypetestm1 dtt1, datatypetestm2 dtt2 where dtt1.cidx = dtt2.cidx and dtt1.CVCHAR3 <= dtt2.CINTEGER ;
cidx	CVCHAR3	CINTEGER
6	xxx	7483643
7	xxx	7483644
8	xxx	7483645
9	xxx	7483646
10	zzz	7483647
