USE autopilot;
select dtt1.cidx, dtt1.CDECIMAL1, dtt2.CSMALLINT from datatypetestm1 dtt1, datatypetestm2 dtt2 where dtt1.cidx = dtt2.cidx and dtt1.CDECIMAL1 > dtt2.CSMALLINT ;
cidx	CDECIMAL1	CSMALLINT
1	-9	-766
2	-8	-765
3	-7	-764
4	-6	-763
5	-5	-762
select dtt1.cidx, dtt1.CDECIMAL1, dtt2.CSMALLINT from datatypetestm1 dtt1, datatypetestm2 dtt2 where dtt1.cidx = dtt2.cidx and dtt1.CDECIMAL1 >= dtt2.CSMALLINT ;
cidx	CDECIMAL1	CSMALLINT
1	-9	-766
2	-8	-765
3	-7	-764
4	-6	-763
5	-5	-762
11	0	0
select dtt1.cidx, dtt1.CDECIMAL1, dtt2.CSMALLINT from datatypetestm1 dtt1, datatypetestm2 dtt2 where dtt1.cidx = dtt2.cidx and dtt1.CDECIMAL1 <> dtt2.CSMALLINT ;
cidx	CDECIMAL1	CSMALLINT
1	-9	-766
2	-8	-765
3	-7	-764
4	-6	-763
5	-5	-762
6	5	763
7	6	764
8	7	765
9	8	766
10	9	767
select dtt1.cidx, dtt1.CDECIMAL1, dtt2.CSMALLINT from datatypetestm1 dtt1, datatypetestm2 dtt2 where dtt1.cidx = dtt2.cidx and dtt1.CDECIMAL1 < dtt2.CSMALLINT ;
cidx	CDECIMAL1	CSMALLINT
6	5	763
7	6	764
8	7	765
9	8	766
10	9	767
select dtt1.cidx, dtt1.CDECIMAL1, dtt2.CSMALLINT from datatypetestm1 dtt1, datatypetestm2 dtt2 where dtt1.cidx = dtt2.cidx and dtt1.CDECIMAL1 <= dtt2.CSMALLINT ;
cidx	CDECIMAL1	CSMALLINT
6	5	763
7	6	764
8	7	765
9	8	766
10	9	767
11	0	0
