USE autopilot;
select dtt1.cidx, dtt1.CDOUBLE, dtt2.CFLOAT from datatypetestm1 dtt1, datatypetestm2 dtt2 where dtt1.cidx = dtt2.cidx and dtt1.CDOUBLE > dtt2.CFLOAT ;
cidx	CDOUBLE	CFLOAT
6	1.797693227e108	3.40286e18
7	1.797693228e108	3.40286e18
8	1.797693229e108	3.40286e18
9	1.79769323e108	3.40287e18
10	1.797693231e108	3.40287e18
select dtt1.cidx, dtt1.CDOUBLE, dtt2.CFLOAT from datatypetestm1 dtt1, datatypetestm2 dtt2 where dtt1.cidx = dtt2.cidx and dtt1.CDOUBLE >= dtt2.CFLOAT ;
cidx	CDOUBLE	CFLOAT
6	1.797693227e108	3.40286e18
7	1.797693228e108	3.40286e18
8	1.797693229e108	3.40286e18
9	1.79769323e108	3.40287e18
10	1.797693231e108	3.40287e18
11	0	0
select dtt1.cidx, dtt1.CDOUBLE, dtt2.CFLOAT from datatypetestm1 dtt1, datatypetestm2 dtt2 where dtt1.cidx = dtt2.cidx and dtt1.CDOUBLE <> dtt2.CFLOAT ;
cidx	CDOUBLE	CFLOAT
1	-1.797693231e108	-3.40287e18
2	-1.79769323e108	-3.40287e18
3	-1.797693229e108	-3.40286e18
4	-1.797693228e108	-3.40286e18
5	-1.797693227e108	-3.40286e18
6	1.797693227e108	3.40286e18
7	1.797693228e108	3.40286e18
8	1.797693229e108	3.40286e18
9	1.79769323e108	3.40287e18
10	1.797693231e108	3.40287e18
select dtt1.cidx, dtt1.CDOUBLE, dtt2.CFLOAT from datatypetestm1 dtt1, datatypetestm2 dtt2 where dtt1.cidx = dtt2.cidx and dtt1.CDOUBLE < dtt2.CFLOAT ;
cidx	CDOUBLE	CFLOAT
1	-1.797693231e108	-3.40287e18
2	-1.79769323e108	-3.40287e18
3	-1.797693229e108	-3.40286e18
4	-1.797693228e108	-3.40286e18
5	-1.797693227e108	-3.40286e18
select dtt1.cidx, dtt1.CDOUBLE, dtt2.CFLOAT from datatypetestm1 dtt1, datatypetestm2 dtt2 where dtt1.cidx = dtt2.cidx and dtt1.CDOUBLE <= dtt2.CFLOAT ;
cidx	CDOUBLE	CFLOAT
1	-1.797693231e108	-3.40287e18
2	-1.79769323e108	-3.40287e18
3	-1.797693229e108	-3.40286e18
4	-1.797693228e108	-3.40286e18
5	-1.797693227e108	-3.40286e18
11	0	0
