USE autopilot;
select dtt1.cidx, dtt1.CTIMESTAMP, dtt2.CTINYTEXT from datatypetestm1 dtt1, datatypetestm2 dtt2 where dtt1.cidx = dtt2.cidx and dtt1.CTIMESTAMP > dtt2.CTINYTEXT ;
cidx	CTIMESTAMP	CTINYTEXT
1	2020-08-13 03:14:07	tinytext
2	2020-08-13 03:14:07	tinytext
3	2020-08-13 03:14:07	tinytext
4	2020-08-13 03:14:07	tinytext
5	2020-08-13 03:14:07	tinytext
6	2020-08-13 03:14:07	tinytext
7	2020-08-13 03:14:07	tinytext
8	2020-08-13 03:14:07	tinytext
9	2020-08-13 03:14:07	tinytext
10	2020-08-13 03:14:07	tinytext
select dtt1.cidx, dtt1.CTIMESTAMP, dtt2.CTINYTEXT from datatypetestm1 dtt1, datatypetestm2 dtt2 where dtt1.cidx = dtt2.cidx and dtt1.CTIMESTAMP >= dtt2.CTINYTEXT ;
cidx	CTIMESTAMP	CTINYTEXT
1	2020-08-13 03:14:07	tinytext
2	2020-08-13 03:14:07	tinytext
3	2020-08-13 03:14:07	tinytext
4	2020-08-13 03:14:07	tinytext
5	2020-08-13 03:14:07	tinytext
6	2020-08-13 03:14:07	tinytext
7	2020-08-13 03:14:07	tinytext
8	2020-08-13 03:14:07	tinytext
9	2020-08-13 03:14:07	tinytext
10	2020-08-13 03:14:07	tinytext
select dtt1.cidx, dtt1.CTIMESTAMP, dtt2.CTINYTEXT from datatypetestm1 dtt1, datatypetestm2 dtt2 where dtt1.cidx = dtt2.cidx and dtt1.CTIMESTAMP <> dtt2.CTINYTEXT ;
cidx	CTIMESTAMP	CTINYTEXT
1	2020-08-13 03:14:07	tinytext
2	2020-08-13 03:14:07	tinytext
3	2020-08-13 03:14:07	tinytext
4	2020-08-13 03:14:07	tinytext
5	2020-08-13 03:14:07	tinytext
6	2020-08-13 03:14:07	tinytext
7	2020-08-13 03:14:07	tinytext
8	2020-08-13 03:14:07	tinytext
9	2020-08-13 03:14:07	tinytext
10	2020-08-13 03:14:07	tinytext
select dtt1.cidx, dtt1.CTIMESTAMP, dtt2.CTINYTEXT from datatypetestm1 dtt1, datatypetestm2 dtt2 where dtt1.cidx = dtt2.cidx and dtt1.CTIMESTAMP < dtt2.CTINYTEXT ;
cidx	CTIMESTAMP	CTINYTEXT
select dtt1.cidx, dtt1.CTIMESTAMP, dtt2.CTINYTEXT from datatypetestm1 dtt1, datatypetestm2 dtt2 where dtt1.cidx = dtt2.cidx and dtt1.CTIMESTAMP <= dtt2.CTINYTEXT ;
cidx	CTIMESTAMP	CTINYTEXT
