USE autopilot;
select dtt1.cidx, dtt1.CDECIMAL18, dtt2.CDECIMAL9 from datatypetestm1 dtt1, datatypetestm2 dtt2 where dtt1.cidx = dtt2.cidx and dtt1.CDECIMAL18 > dtt2.CDECIMAL9 ;
cidx	CDECIMAL18	CDECIMAL9
6	9999999999995	999995
7	9999999999996	999996
8	9999999999997	999997
9	9999999999998	999998
10	9999999999999	999999
select dtt1.cidx, dtt1.CDECIMAL18, dtt2.CDECIMAL9 from datatypetestm1 dtt1, datatypetestm2 dtt2 where dtt1.cidx = dtt2.cidx and dtt1.CDECIMAL18 >= dtt2.CDECIMAL9 ;
cidx	CDECIMAL18	CDECIMAL9
6	9999999999995	999995
7	9999999999996	999996
8	9999999999997	999997
9	9999999999998	999998
10	9999999999999	999999
11	0	0
select dtt1.cidx, dtt1.CDECIMAL18, dtt2.CDECIMAL9 from datatypetestm1 dtt1, datatypetestm2 dtt2 where dtt1.cidx = dtt2.cidx and dtt1.CDECIMAL18 <> dtt2.CDECIMAL9 ;
cidx	CDECIMAL18	CDECIMAL9
1	-9999999999999	-999999
2	-9999999999998	-999998
3	-9999999999997	-999997
4	-9999999999996	-999996
5	-9999999999995	-999995
6	9999999999995	999995
7	9999999999996	999996
8	9999999999997	999997
9	9999999999998	999998
10	9999999999999	999999
select dtt1.cidx, dtt1.CDECIMAL18, dtt2.CDECIMAL9 from datatypetestm1 dtt1, datatypetestm2 dtt2 where dtt1.cidx = dtt2.cidx and dtt1.CDECIMAL18 < dtt2.CDECIMAL9 ;
cidx	CDECIMAL18	CDECIMAL9
1	-9999999999999	-999999
2	-9999999999998	-999998
3	-9999999999997	-999997
4	-9999999999996	-999996
5	-9999999999995	-999995
select dtt1.cidx, dtt1.CDECIMAL18, dtt2.CDECIMAL9 from datatypetestm1 dtt1, datatypetestm2 dtt2 where dtt1.cidx = dtt2.cidx and dtt1.CDECIMAL18 <= dtt2.CDECIMAL9 ;
cidx	CDECIMAL18	CDECIMAL9
1	-9999999999999	-999999
2	-9999999999998	-999998
3	-9999999999997	-999997
4	-9999999999996	-999996
5	-9999999999995	-999995
11	0	0
