USE autopilot;
select dtt1.cidx, dtt1.CTIME, dtt2.CCHAR9 from datatypetestm1 dtt1, datatypetestm2 dtt2 where dtt1.cidx = dtt2.cidx and dtt1.CTIME > dtt2.CCHAR9 ;
cidx	CTIME	CCHAR9
1	11:58:28	aaaaaaaaa
2	11:58:28	i
3	11:58:28	ii
4	11:58:28	iii
5	11:58:28	iiii
6	11:58:28	rrrrrrr
7	11:58:28	rrrrrrrr
8	11:58:28	rrrrrrrrr
9	11:58:28	rrrrrrrrr
10	11:58:28	zzzzzzzzz
select dtt1.cidx, dtt1.CTIME, dtt2.CCHAR9 from datatypetestm1 dtt1, datatypetestm2 dtt2 where dtt1.cidx = dtt2.cidx and dtt1.CTIME >= dtt2.CCHAR9 ;
cidx	CTIME	CCHAR9
1	11:58:28	aaaaaaaaa
2	11:58:28	i
3	11:58:28	ii
4	11:58:28	iii
5	11:58:28	iiii
6	11:58:28	rrrrrrr
7	11:58:28	rrrrrrrr
8	11:58:28	rrrrrrrrr
9	11:58:28	rrrrrrrrr
10	11:58:28	zzzzzzzzz
select dtt1.cidx, dtt1.CTIME, dtt2.CCHAR9 from datatypetestm1 dtt1, datatypetestm2 dtt2 where dtt1.cidx = dtt2.cidx and dtt1.CTIME <> dtt2.CCHAR9 ;
cidx	CTIME	CCHAR9
1	11:58:28	aaaaaaaaa
2	11:58:28	i
3	11:58:28	ii
4	11:58:28	iii
5	11:58:28	iiii
6	11:58:28	rrrrrrr
7	11:58:28	rrrrrrrr
8	11:58:28	rrrrrrrrr
9	11:58:28	rrrrrrrrr
10	11:58:28	zzzzzzzzz
select dtt1.cidx, dtt1.CTIME, dtt2.CCHAR9 from datatypetestm1 dtt1, datatypetestm2 dtt2 where dtt1.cidx = dtt2.cidx and dtt1.CTIME < dtt2.CCHAR9 ;
cidx	CTIME	CCHAR9
select dtt1.cidx, dtt1.CTIME, dtt2.CCHAR9 from datatypetestm1 dtt1, datatypetestm2 dtt2 where dtt1.cidx = dtt2.cidx and dtt1.CTIME <= dtt2.CCHAR9 ;
cidx	CTIME	CCHAR9
