USE autopilot;
select dtt1.cidx, dtt1.CDECIMAL5, dtt2.CFLOAT from datatypetestm1 dtt1, datatypetestm2 dtt2 where dtt1.cidx = dtt2.cidx and dtt1.CDECIMAL5 > dtt2.CFLOAT ;
cidx	CDECIMAL5	CFLOAT
1	-999	-3.40287e18
2	-998	-3.40287e18
3	-997	-3.40286e18
4	-996	-3.40286e18
5	-995	-3.40286e18
select dtt1.cidx, dtt1.CDECIMAL5, dtt2.CFLOAT from datatypetestm1 dtt1, datatypetestm2 dtt2 where dtt1.cidx = dtt2.cidx and dtt1.CDECIMAL5 >= dtt2.CFLOAT ;
cidx	CDECIMAL5	CFLOAT
1	-999	-3.40287e18
2	-998	-3.40287e18
3	-997	-3.40286e18
4	-996	-3.40286e18
5	-995	-3.40286e18
11	0	0
select dtt1.cidx, dtt1.CDECIMAL5, dtt2.CFLOAT from datatypetestm1 dtt1, datatypetestm2 dtt2 where dtt1.cidx = dtt2.cidx and dtt1.CDECIMAL5 <> dtt2.CFLOAT ;
cidx	CDECIMAL5	CFLOAT
1	-999	-3.40287e18
2	-998	-3.40287e18
3	-997	-3.40286e18
4	-996	-3.40286e18
5	-995	-3.40286e18
6	995	3.40286e18
7	996	3.40286e18
8	997	3.40286e18
9	998	3.40287e18
10	999	3.40287e18
select dtt1.cidx, dtt1.CDECIMAL5, dtt2.CFLOAT from datatypetestm1 dtt1, datatypetestm2 dtt2 where dtt1.cidx = dtt2.cidx and dtt1.CDECIMAL5 < dtt2.CFLOAT ;
cidx	CDECIMAL5	CFLOAT
6	995	3.40286e18
7	996	3.40286e18
8	997	3.40286e18
9	998	3.40287e18
10	999	3.40287e18
select dtt1.cidx, dtt1.CDECIMAL5, dtt2.CFLOAT from datatypetestm1 dtt1, datatypetestm2 dtt2 where dtt1.cidx = dtt2.cidx and dtt1.CDECIMAL5 <= dtt2.CFLOAT ;
cidx	CDECIMAL5	CFLOAT
6	995	3.40286e18
7	996	3.40286e18
8	997	3.40286e18
9	998	3.40287e18
10	999	3.40287e18
11	0	0
