USE autopilot;
select dtt1.cidx, dtt1.CSMALLINT, dtt2.CVCHAR255 from datatypetestm1 dtt1, datatypetestm2 dtt2 where dtt1.cidx = dtt2.cidx and dtt1.CSMALLINT > dtt2.CVCHAR255 ;
cidx	CSMALLINT	CVCHAR255
6	763	qqqqqqq
7	764	qqqqqqqq
8	765	qqqqqqqqq
9	766	qqqqqqqqqq
10	767	zzzzzzzzzz
select dtt1.cidx, dtt1.CSMALLINT, dtt2.CVCHAR255 from datatypetestm1 dtt1, datatypetestm2 dtt2 where dtt1.cidx = dtt2.cidx and dtt1.CSMALLINT >= dtt2.CVCHAR255 ;
cidx	CSMALLINT	CVCHAR255
6	763	qqqqqqq
7	764	qqqqqqqq
8	765	qqqqqqqqq
9	766	qqqqqqqqqq
10	767	zzzzzzzzzz
select dtt1.cidx, dtt1.CSMALLINT, dtt2.CVCHAR255 from datatypetestm1 dtt1, datatypetestm2 dtt2 where dtt1.cidx = dtt2.cidx and dtt1.CSMALLINT <> dtt2.CVCHAR255 ;
cidx	CSMALLINT	CVCHAR255
1	-766	aaaaaaaaaa
2	-765	j
3	-764	jj
4	-763	jjj
5	-762	jjjj
6	763	qqqqqqq
7	764	qqqqqqqq
8	765	qqqqqqqqq
9	766	qqqqqqqqqq
10	767	zzzzzzzzzz
select dtt1.cidx, dtt1.CSMALLINT, dtt2.CVCHAR255 from datatypetestm1 dtt1, datatypetestm2 dtt2 where dtt1.cidx = dtt2.cidx and dtt1.CSMALLINT < dtt2.CVCHAR255 ;
cidx	CSMALLINT	CVCHAR255
1	-766	aaaaaaaaaa
2	-765	j
3	-764	jj
4	-763	jjj
5	-762	jjjj
select dtt1.cidx, dtt1.CSMALLINT, dtt2.CVCHAR255 from datatypetestm1 dtt1, datatypetestm2 dtt2 where dtt1.cidx = dtt2.cidx and dtt1.CSMALLINT <= dtt2.CVCHAR255 ;
cidx	CSMALLINT	CVCHAR255
1	-766	aaaaaaaaaa
2	-765	j
3	-764	jj
4	-763	jjj
5	-762	jjjj
