USE autopilot;
select dtt1.cidx, dtt1.CDECIMAL4, dtt2.CTINYINT from datatypetestm1 dtt1, datatypetestm2 dtt2 where dtt1.cidx = dtt2.cidx and dtt1.CDECIMAL4 > dtt2.CTINYINT ;
cidx	CDECIMAL4	CTINYINT
6	995	23
7	996	24
8	997	25
9	998	26
10	999	27
select dtt1.cidx, dtt1.CDECIMAL4, dtt2.CTINYINT from datatypetestm1 dtt1, datatypetestm2 dtt2 where dtt1.cidx = dtt2.cidx and dtt1.CDECIMAL4 >= dtt2.CTINYINT ;
cidx	CDECIMAL4	CTINYINT
6	995	23
7	996	24
8	997	25
9	998	26
10	999	27
11	0	0
select dtt1.cidx, dtt1.CDECIMAL4, dtt2.CTINYINT from datatypetestm1 dtt1, datatypetestm2 dtt2 where dtt1.cidx = dtt2.cidx and dtt1.CDECIMAL4 <> dtt2.CTINYINT ;
cidx	CDECIMAL4	CTINYINT
1	-999	-26
2	-998	-25
3	-997	-24
4	-996	-23
5	-995	-22
6	995	23
7	996	24
8	997	25
9	998	26
10	999	27
select dtt1.cidx, dtt1.CDECIMAL4, dtt2.CTINYINT from datatypetestm1 dtt1, datatypetestm2 dtt2 where dtt1.cidx = dtt2.cidx and dtt1.CDECIMAL4 < dtt2.CTINYINT ;
cidx	CDECIMAL4	CTINYINT
1	-999	-26
2	-998	-25
3	-997	-24
4	-996	-23
5	-995	-22
select dtt1.cidx, dtt1.CDECIMAL4, dtt2.CTINYINT from datatypetestm1 dtt1, datatypetestm2 dtt2 where dtt1.cidx = dtt2.cidx and dtt1.CDECIMAL4 <= dtt2.CTINYINT ;
cidx	CDECIMAL4	CTINYINT
1	-999	-26
2	-998	-25
3	-997	-24
4	-996	-23
5	-995	-22
11	0	0
