USE autopilot;
select dtt1.cidx, dtt1.CDECIMAL5, dtt2.CDECIMAL10 from datatypetestm1 dtt1, datatypetestm2 dtt2 where dtt1.cidx = dtt2.cidx and dtt1.CDECIMAL5 > dtt2.CDECIMAL10 ;
cidx	CDECIMAL5	CDECIMAL10
1	-999	-9999999
2	-998	-9999998
3	-997	-9999997
4	-996	-9999996
5	-995	-9999995
select dtt1.cidx, dtt1.CDECIMAL5, dtt2.CDECIMAL10 from datatypetestm1 dtt1, datatypetestm2 dtt2 where dtt1.cidx = dtt2.cidx and dtt1.CDECIMAL5 >= dtt2.CDECIMAL10 ;
cidx	CDECIMAL5	CDECIMAL10
1	-999	-9999999
2	-998	-9999998
3	-997	-9999997
4	-996	-9999996
5	-995	-9999995
11	0	0
select dtt1.cidx, dtt1.CDECIMAL5, dtt2.CDECIMAL10 from datatypetestm1 dtt1, datatypetestm2 dtt2 where dtt1.cidx = dtt2.cidx and dtt1.CDECIMAL5 <> dtt2.CDECIMAL10 ;
cidx	CDECIMAL5	CDECIMAL10
1	-999	-9999999
2	-998	-9999998
3	-997	-9999997
4	-996	-9999996
5	-995	-9999995
6	995	9999995
7	996	9999996
8	997	9999997
9	998	9999998
10	999	9999999
select dtt1.cidx, dtt1.CDECIMAL5, dtt2.CDECIMAL10 from datatypetestm1 dtt1, datatypetestm2 dtt2 where dtt1.cidx = dtt2.cidx and dtt1.CDECIMAL5 < dtt2.CDECIMAL10 ;
cidx	CDECIMAL5	CDECIMAL10
6	995	9999995
7	996	9999996
8	997	9999997
9	998	9999998
10	999	9999999
select dtt1.cidx, dtt1.CDECIMAL5, dtt2.CDECIMAL10 from datatypetestm1 dtt1, datatypetestm2 dtt2 where dtt1.cidx = dtt2.cidx and dtt1.CDECIMAL5 <= dtt2.CDECIMAL10 ;
cidx	CDECIMAL5	CDECIMAL10
6	995	9999995
7	996	9999996
8	997	9999997
9	998	9999998
10	999	9999999
11	0	0
