USE autopilot;
select dtt1.cidx, dtt1.CDECIMAL9_2, dtt2.CDECIMAL4 from datatypetestm1 dtt1, datatypetestm2 dtt2 where dtt1.cidx = dtt2.cidx and dtt1.CDECIMAL9_2 > dtt2.CDECIMAL4 ;
cidx	CDECIMAL9_2	CDECIMAL4
6	9999.95	995
7	9999.96	996
8	9999.97	997
9	9999.98	998
10	9999.99	999
select dtt1.cidx, dtt1.CDECIMAL9_2, dtt2.CDECIMAL4 from datatypetestm1 dtt1, datatypetestm2 dtt2 where dtt1.cidx = dtt2.cidx and dtt1.CDECIMAL9_2 >= dtt2.CDECIMAL4 ;
cidx	CDECIMAL9_2	CDECIMAL4
6	9999.95	995
7	9999.96	996
8	9999.97	997
9	9999.98	998
10	9999.99	999
11	0.00	0
select dtt1.cidx, dtt1.CDECIMAL9_2, dtt2.CDECIMAL4 from datatypetestm1 dtt1, datatypetestm2 dtt2 where dtt1.cidx = dtt2.cidx and dtt1.CDECIMAL9_2 <> dtt2.CDECIMAL4 ;
cidx	CDECIMAL9_2	CDECIMAL4
1	-9999.99	-999
2	-9999.98	-998
3	-9999.97	-997
4	-9999.96	-996
5	-9999.95	-995
6	9999.95	995
7	9999.96	996
8	9999.97	997
9	9999.98	998
10	9999.99	999
select dtt1.cidx, dtt1.CDECIMAL9_2, dtt2.CDECIMAL4 from datatypetestm1 dtt1, datatypetestm2 dtt2 where dtt1.cidx = dtt2.cidx and dtt1.CDECIMAL9_2 < dtt2.CDECIMAL4 ;
cidx	CDECIMAL9_2	CDECIMAL4
1	-9999.99	-999
2	-9999.98	-998
3	-9999.97	-997
4	-9999.96	-996
5	-9999.95	-995
select dtt1.cidx, dtt1.CDECIMAL9_2, dtt2.CDECIMAL4 from datatypetestm1 dtt1, datatypetestm2 dtt2 where dtt1.cidx = dtt2.cidx and dtt1.CDECIMAL9_2 <= dtt2.CDECIMAL4 ;
cidx	CDECIMAL9_2	CDECIMAL4
1	-9999.99	-999
2	-9999.98	-998
3	-9999.97	-997
4	-9999.96	-996
5	-9999.95	-995
11	0.00	0
