USE autopilot;
select dtt1.cidx, dtt1.CDOUBLE, dtt2.CDECIMAL1 from datatypetestm1 dtt1, datatypetestm2 dtt2 where dtt1.cidx = dtt2.cidx and dtt1.CDOUBLE > dtt2.CDECIMAL1 ;
cidx	CDOUBLE	CDECIMAL1
6	1.797693227e108	5
7	1.797693228e108	6
8	1.797693229e108	7
9	1.79769323e108	8
10	1.797693231e108	9
select dtt1.cidx, dtt1.CDOUBLE, dtt2.CDECIMAL1 from datatypetestm1 dtt1, datatypetestm2 dtt2 where dtt1.cidx = dtt2.cidx and dtt1.CDOUBLE >= dtt2.CDECIMAL1 ;
cidx	CDOUBLE	CDECIMAL1
6	1.797693227e108	5
7	1.797693228e108	6
8	1.797693229e108	7
9	1.79769323e108	8
10	1.797693231e108	9
11	0	0
select dtt1.cidx, dtt1.CDOUBLE, dtt2.CDECIMAL1 from datatypetestm1 dtt1, datatypetestm2 dtt2 where dtt1.cidx = dtt2.cidx and dtt1.CDOUBLE <> dtt2.CDECIMAL1 ;
cidx	CDOUBLE	CDECIMAL1
1	-1.797693231e108	-9
2	-1.79769323e108	-8
3	-1.797693229e108	-7
4	-1.797693228e108	-6
5	-1.797693227e108	-5
6	1.797693227e108	5
7	1.797693228e108	6
8	1.797693229e108	7
9	1.79769323e108	8
10	1.797693231e108	9
select dtt1.cidx, dtt1.CDOUBLE, dtt2.CDECIMAL1 from datatypetestm1 dtt1, datatypetestm2 dtt2 where dtt1.cidx = dtt2.cidx and dtt1.CDOUBLE < dtt2.CDECIMAL1 ;
cidx	CDOUBLE	CDECIMAL1
1	-1.797693231e108	-9
2	-1.79769323e108	-8
3	-1.797693229e108	-7
4	-1.797693228e108	-6
5	-1.797693227e108	-5
select dtt1.cidx, dtt1.CDOUBLE, dtt2.CDECIMAL1 from datatypetestm1 dtt1, datatypetestm2 dtt2 where dtt1.cidx = dtt2.cidx and dtt1.CDOUBLE <= dtt2.CDECIMAL1 ;
cidx	CDOUBLE	CDECIMAL1
1	-1.797693231e108	-9
2	-1.79769323e108	-8
3	-1.797693229e108	-7
4	-1.797693228e108	-6
5	-1.797693227e108	-5
11	0	0
