USE autopilot;
select dtt1.cidx, dtt1.CTIME, dtt2.CLONGTEXT from datatypetestm1 dtt1, datatypetestm2 dtt2 where dtt1.cidx = dtt2.cidx and dtt1.CTIME > dtt2.CLONGTEXT ;
cidx	CTIME	CLONGTEXT
1	11:58:28	longtextlongtextlongtext
2	11:58:28	longtextlongtextlongtext
3	11:58:28	longtextlongtextlongtext
4	11:58:28	longtextlongtextlongtext
5	11:58:28	longtextlongtextlongtext
6	11:58:28	longtextlongtextlongtext
7	11:58:28	longtextlongtextlongtext
8	11:58:28	longtextlongtextlongtext
9	11:58:28	longtextlongtextlongtext
10	11:58:28	longtextlongtextlongtext
select dtt1.cidx, dtt1.CTIME, dtt2.CLONGTEXT from datatypetestm1 dtt1, datatypetestm2 dtt2 where dtt1.cidx = dtt2.cidx and dtt1.CTIME >= dtt2.CLONGTEXT ;
cidx	CTIME	CLONGTEXT
1	11:58:28	longtextlongtextlongtext
2	11:58:28	longtextlongtextlongtext
3	11:58:28	longtextlongtextlongtext
4	11:58:28	longtextlongtextlongtext
5	11:58:28	longtextlongtextlongtext
6	11:58:28	longtextlongtextlongtext
7	11:58:28	longtextlongtextlongtext
8	11:58:28	longtextlongtextlongtext
9	11:58:28	longtextlongtextlongtext
10	11:58:28	longtextlongtextlongtext
select dtt1.cidx, dtt1.CTIME, dtt2.CLONGTEXT from datatypetestm1 dtt1, datatypetestm2 dtt2 where dtt1.cidx = dtt2.cidx and dtt1.CTIME <> dtt2.CLONGTEXT ;
cidx	CTIME	CLONGTEXT
1	11:58:28	longtextlongtextlongtext
2	11:58:28	longtextlongtextlongtext
3	11:58:28	longtextlongtextlongtext
4	11:58:28	longtextlongtextlongtext
5	11:58:28	longtextlongtextlongtext
6	11:58:28	longtextlongtextlongtext
7	11:58:28	longtextlongtextlongtext
8	11:58:28	longtextlongtextlongtext
9	11:58:28	longtextlongtextlongtext
10	11:58:28	longtextlongtextlongtext
select dtt1.cidx, dtt1.CTIME, dtt2.CLONGTEXT from datatypetestm1 dtt1, datatypetestm2 dtt2 where dtt1.cidx = dtt2.cidx and dtt1.CTIME < dtt2.CLONGTEXT ;
cidx	CTIME	CLONGTEXT
select dtt1.cidx, dtt1.CTIME, dtt2.CLONGTEXT from datatypetestm1 dtt1, datatypetestm2 dtt2 where dtt1.cidx = dtt2.cidx and dtt1.CTIME <= dtt2.CLONGTEXT ;
cidx	CTIME	CLONGTEXT
