USE autopilot;
select dtt1.cidx, dtt1.CDECIMAL5, dtt2.CDECIMAL9_2 from datatypetestm1 dtt1, datatypetestm2 dtt2 where dtt1.cidx = dtt2.cidx and dtt1.CDECIMAL5 > dtt2.CDECIMAL9_2 ;
cidx	CDECIMAL5	CDECIMAL9_2
1	-999	-9999.99
2	-998	-9999.98
3	-997	-9999.97
4	-996	-9999.96
5	-995	-9999.95
select dtt1.cidx, dtt1.CDECIMAL5, dtt2.CDECIMAL9_2 from datatypetestm1 dtt1, datatypetestm2 dtt2 where dtt1.cidx = dtt2.cidx and dtt1.CDECIMAL5 >= dtt2.CDECIMAL9_2 ;
cidx	CDECIMAL5	CDECIMAL9_2
1	-999	-9999.99
2	-998	-9999.98
3	-997	-9999.97
4	-996	-9999.96
5	-995	-9999.95
11	0	0.00
select dtt1.cidx, dtt1.CDECIMAL5, dtt2.CDECIMAL9_2 from datatypetestm1 dtt1, datatypetestm2 dtt2 where dtt1.cidx = dtt2.cidx and dtt1.CDECIMAL5 <> dtt2.CDECIMAL9_2 ;
cidx	CDECIMAL5	CDECIMAL9_2
1	-999	-9999.99
2	-998	-9999.98
3	-997	-9999.97
4	-996	-9999.96
5	-995	-9999.95
6	995	9999.95
7	996	9999.96
8	997	9999.97
9	998	9999.98
10	999	9999.99
select dtt1.cidx, dtt1.CDECIMAL5, dtt2.CDECIMAL9_2 from datatypetestm1 dtt1, datatypetestm2 dtt2 where dtt1.cidx = dtt2.cidx and dtt1.CDECIMAL5 < dtt2.CDECIMAL9_2 ;
cidx	CDECIMAL5	CDECIMAL9_2
6	995	9999.95
7	996	9999.96
8	997	9999.97
9	998	9999.98
10	999	9999.99
select dtt1.cidx, dtt1.CDECIMAL5, dtt2.CDECIMAL9_2 from datatypetestm1 dtt1, datatypetestm2 dtt2 where dtt1.cidx = dtt2.cidx and dtt1.CDECIMAL5 <= dtt2.CDECIMAL9_2 ;
cidx	CDECIMAL5	CDECIMAL9_2
6	995	9999.95
7	996	9999.96
8	997	9999.97
9	998	9999.98
10	999	9999.99
11	0	0.00
