USE autopilot;
select dtt1.cidx, dtt1.CDECIMAL18_2, dtt2.CTINYTEXT from datatypetestm1 dtt1, datatypetestm2 dtt2 where dtt1.cidx = dtt2.cidx and dtt1.CDECIMAL18_2 > dtt2.CTINYTEXT ;
cidx	CDECIMAL18_2	CTINYTEXT
6	99999999999.95	tinytext
7	99999999999.96	tinytext
8	99999999999.97	tinytext
9	99999999999.98	tinytext
10	99999999999.99	tinytext
select dtt1.cidx, dtt1.CDECIMAL18_2, dtt2.CTINYTEXT from datatypetestm1 dtt1, datatypetestm2 dtt2 where dtt1.cidx = dtt2.cidx and dtt1.CDECIMAL18_2 >= dtt2.CTINYTEXT ;
cidx	CDECIMAL18_2	CTINYTEXT
6	99999999999.95	tinytext
7	99999999999.96	tinytext
8	99999999999.97	tinytext
9	99999999999.98	tinytext
10	99999999999.99	tinytext
select dtt1.cidx, dtt1.CDECIMAL18_2, dtt2.CTINYTEXT from datatypetestm1 dtt1, datatypetestm2 dtt2 where dtt1.cidx = dtt2.cidx and dtt1.CDECIMAL18_2 <> dtt2.CTINYTEXT ;
cidx	CDECIMAL18_2	CTINYTEXT
1	-99999999999.99	tinytext
2	-99999999999.98	tinytext
3	-99999999999.97	tinytext
4	-99999999999.96	tinytext
5	-99999999999.95	tinytext
6	99999999999.95	tinytext
7	99999999999.96	tinytext
8	99999999999.97	tinytext
9	99999999999.98	tinytext
10	99999999999.99	tinytext
select dtt1.cidx, dtt1.CDECIMAL18_2, dtt2.CTINYTEXT from datatypetestm1 dtt1, datatypetestm2 dtt2 where dtt1.cidx = dtt2.cidx and dtt1.CDECIMAL18_2 < dtt2.CTINYTEXT ;
cidx	CDECIMAL18_2	CTINYTEXT
1	-99999999999.99	tinytext
2	-99999999999.98	tinytext
3	-99999999999.97	tinytext
4	-99999999999.96	tinytext
5	-99999999999.95	tinytext
select dtt1.cidx, dtt1.CDECIMAL18_2, dtt2.CTINYTEXT from datatypetestm1 dtt1, datatypetestm2 dtt2 where dtt1.cidx = dtt2.cidx and dtt1.CDECIMAL18_2 <= dtt2.CTINYTEXT ;
cidx	CDECIMAL18_2	CTINYTEXT
1	-99999999999.99	tinytext
2	-99999999999.98	tinytext
3	-99999999999.97	tinytext
4	-99999999999.96	tinytext
5	-99999999999.95	tinytext
