USE autopilot;
select dtt1.cidx, dtt1.CTINYINT, dtt2.CTIME from datatypetestm1 dtt1, datatypetestm2 dtt2 where dtt1.cidx = dtt2.cidx and dtt1.CTINYINT > dtt2.CTIME ;
cidx	CTINYINT	CTIME
select dtt1.cidx, dtt1.CTINYINT, dtt2.CTIME from datatypetestm1 dtt1, datatypetestm2 dtt2 where dtt1.cidx = dtt2.cidx and dtt1.CTINYINT >= dtt2.CTIME ;
cidx	CTINYINT	CTIME
select dtt1.cidx, dtt1.CTINYINT, dtt2.CTIME from datatypetestm1 dtt1, datatypetestm2 dtt2 where dtt1.cidx = dtt2.cidx and dtt1.CTINYINT <> dtt2.CTIME ;
cidx	CTINYINT	CTIME
1	-26	11:58:28
2	-25	11:58:28
3	-24	11:58:28
4	-23	11:58:28
5	-22	11:58:28
6	23	11:58:28
7	24	11:58:28
8	25	11:58:28
9	26	11:58:28
10	27	11:58:28
11	0	11:58:28
select dtt1.cidx, dtt1.CTINYINT, dtt2.CTIME from datatypetestm1 dtt1, datatypetestm2 dtt2 where dtt1.cidx = dtt2.cidx and dtt1.CTINYINT < dtt2.CTIME ;
cidx	CTINYINT	CTIME
1	-26	11:58:28
2	-25	11:58:28
3	-24	11:58:28
4	-23	11:58:28
5	-22	11:58:28
6	23	11:58:28
7	24	11:58:28
8	25	11:58:28
9	26	11:58:28
10	27	11:58:28
11	0	11:58:28
select dtt1.cidx, dtt1.CTINYINT, dtt2.CTIME from datatypetestm1 dtt1, datatypetestm2 dtt2 where dtt1.cidx = dtt2.cidx and dtt1.CTINYINT <= dtt2.CTIME ;
cidx	CTINYINT	CTIME
1	-26	11:58:28
2	-25	11:58:28
3	-24	11:58:28
4	-23	11:58:28
5	-22	11:58:28
6	23	11:58:28
7	24	11:58:28
8	25	11:58:28
9	26	11:58:28
10	27	11:58:28
11	0	11:58:28
