USE autopilot;
select dtt1.cidx, dtt1.CDECIMAL9_2, dtt2.CLONGTEXT from datatypetestm1 dtt1, datatypetestm2 dtt2 where dtt1.cidx = dtt2.cidx and dtt1.CDECIMAL9_2 > dtt2.CLONGTEXT ;
cidx	CDECIMAL9_2	CLONGTEXT
6	9999.95	longtextlongtextlongtext
7	9999.96	longtextlongtextlongtext
8	9999.97	longtextlongtextlongtext
9	9999.98	longtextlongtextlongtext
10	9999.99	longtextlongtextlongtext
select dtt1.cidx, dtt1.CDECIMAL9_2, dtt2.CLONGTEXT from datatypetestm1 dtt1, datatypetestm2 dtt2 where dtt1.cidx = dtt2.cidx and dtt1.CDECIMAL9_2 >= dtt2.CLONGTEXT ;
cidx	CDECIMAL9_2	CLONGTEXT
6	9999.95	longtextlongtextlongtext
7	9999.96	longtextlongtextlongtext
8	9999.97	longtextlongtextlongtext
9	9999.98	longtextlongtextlongtext
10	9999.99	longtextlongtextlongtext
select dtt1.cidx, dtt1.CDECIMAL9_2, dtt2.CLONGTEXT from datatypetestm1 dtt1, datatypetestm2 dtt2 where dtt1.cidx = dtt2.cidx and dtt1.CDECIMAL9_2 <> dtt2.CLONGTEXT ;
cidx	CDECIMAL9_2	CLONGTEXT
1	-9999.99	longtextlongtextlongtext
2	-9999.98	longtextlongtextlongtext
3	-9999.97	longtextlongtextlongtext
4	-9999.96	longtextlongtextlongtext
5	-9999.95	longtextlongtextlongtext
6	9999.95	longtextlongtextlongtext
7	9999.96	longtextlongtextlongtext
8	9999.97	longtextlongtextlongtext
9	9999.98	longtextlongtextlongtext
10	9999.99	longtextlongtextlongtext
select dtt1.cidx, dtt1.CDECIMAL9_2, dtt2.CLONGTEXT from datatypetestm1 dtt1, datatypetestm2 dtt2 where dtt1.cidx = dtt2.cidx and dtt1.CDECIMAL9_2 < dtt2.CLONGTEXT ;
cidx	CDECIMAL9_2	CLONGTEXT
1	-9999.99	longtextlongtextlongtext
2	-9999.98	longtextlongtextlongtext
3	-9999.97	longtextlongtextlongtext
4	-9999.96	longtextlongtextlongtext
5	-9999.95	longtextlongtextlongtext
select dtt1.cidx, dtt1.CDECIMAL9_2, dtt2.CLONGTEXT from datatypetestm1 dtt1, datatypetestm2 dtt2 where dtt1.cidx = dtt2.cidx and dtt1.CDECIMAL9_2 <= dtt2.CLONGTEXT ;
cidx	CDECIMAL9_2	CLONGTEXT
1	-9999.99	longtextlongtextlongtext
2	-9999.98	longtextlongtextlongtext
3	-9999.97	longtextlongtextlongtext
4	-9999.96	longtextlongtextlongtext
5	-9999.95	longtextlongtextlongtext
