USE autopilot;
select dtt1.cidx, dtt1.CTIMESTAMP, dtt2.CVCHAR6 from datatypetestm1 dtt1, datatypetestm2 dtt2 where dtt1.cidx = dtt2.cidx and dtt1.CTIMESTAMP > dtt2.CVCHAR6 ;
cidx	CTIMESTAMP	CVCHAR6
1	2020-08-13 03:14:07	aaaaaa
2	2020-08-13 03:14:07	f
3	2020-08-13 03:14:07	ff
4	2020-08-13 03:14:07	fff
5	2020-08-13 03:14:07	ffff
6	2020-08-13 03:14:07	uuuuuu
7	2020-08-13 03:14:07	uuuuuu
8	2020-08-13 03:14:07	uuuuuu
9	2020-08-13 03:14:07	uuuuuu
10	2020-08-13 03:14:07	zzzzzz
select dtt1.cidx, dtt1.CTIMESTAMP, dtt2.CVCHAR6 from datatypetestm1 dtt1, datatypetestm2 dtt2 where dtt1.cidx = dtt2.cidx and dtt1.CTIMESTAMP >= dtt2.CVCHAR6 ;
cidx	CTIMESTAMP	CVCHAR6
1	2020-08-13 03:14:07	aaaaaa
2	2020-08-13 03:14:07	f
3	2020-08-13 03:14:07	ff
4	2020-08-13 03:14:07	fff
5	2020-08-13 03:14:07	ffff
6	2020-08-13 03:14:07	uuuuuu
7	2020-08-13 03:14:07	uuuuuu
8	2020-08-13 03:14:07	uuuuuu
9	2020-08-13 03:14:07	uuuuuu
10	2020-08-13 03:14:07	zzzzzz
select dtt1.cidx, dtt1.CTIMESTAMP, dtt2.CVCHAR6 from datatypetestm1 dtt1, datatypetestm2 dtt2 where dtt1.cidx = dtt2.cidx and dtt1.CTIMESTAMP <> dtt2.CVCHAR6 ;
cidx	CTIMESTAMP	CVCHAR6
1	2020-08-13 03:14:07	aaaaaa
2	2020-08-13 03:14:07	f
3	2020-08-13 03:14:07	ff
4	2020-08-13 03:14:07	fff
5	2020-08-13 03:14:07	ffff
6	2020-08-13 03:14:07	uuuuuu
7	2020-08-13 03:14:07	uuuuuu
8	2020-08-13 03:14:07	uuuuuu
9	2020-08-13 03:14:07	uuuuuu
10	2020-08-13 03:14:07	zzzzzz
select dtt1.cidx, dtt1.CTIMESTAMP, dtt2.CVCHAR6 from datatypetestm1 dtt1, datatypetestm2 dtt2 where dtt1.cidx = dtt2.cidx and dtt1.CTIMESTAMP < dtt2.CVCHAR6 ;
cidx	CTIMESTAMP	CVCHAR6
select dtt1.cidx, dtt1.CTIMESTAMP, dtt2.CVCHAR6 from datatypetestm1 dtt1, datatypetestm2 dtt2 where dtt1.cidx = dtt2.cidx and dtt1.CTIMESTAMP <= dtt2.CVCHAR6 ;
cidx	CTIMESTAMP	CVCHAR6
