USE autopilot;
select dtt1.cidx, dtt1.CTINYINT, dtt2.CDATETIME from datatypetestm1 dtt1, datatypetestm2 dtt2 where dtt1.cidx = dtt2.cidx and dtt1.CTINYINT > dtt2.CDATETIME ;
cidx	CTINYINT	CDATETIME
select dtt1.cidx, dtt1.CTINYINT, dtt2.CDATETIME from datatypetestm1 dtt1, datatypetestm2 dtt2 where dtt1.cidx = dtt2.cidx and dtt1.CTINYINT >= dtt2.CDATETIME ;
cidx	CTINYINT	CDATETIME
select dtt1.cidx, dtt1.CTINYINT, dtt2.CDATETIME from datatypetestm1 dtt1, datatypetestm2 dtt2 where dtt1.cidx = dtt2.cidx and dtt1.CTINYINT <> dtt2.CDATETIME ;
cidx	CTINYINT	CDATETIME
1	-26	1997-01-01 00:00:00
2	-25	1997-01-01 00:00:01
3	-24	1997-01-02 00:00:01
4	-23	1997-01-03 00:00:02
5	-22	1997-01-04 00:00:03
6	23	2009-12-31 23:59:56
7	24	2009-12-31 23:59:57
8	25	2009-12-31 23:59:58
9	26	2009-12-31 23:59:59
10	27	2009-12-31 23:59:59
11	0	2009-12-31 23:59:59
select dtt1.cidx, dtt1.CTINYINT, dtt2.CDATETIME from datatypetestm1 dtt1, datatypetestm2 dtt2 where dtt1.cidx = dtt2.cidx and dtt1.CTINYINT < dtt2.CDATETIME ;
cidx	CTINYINT	CDATETIME
1	-26	1997-01-01 00:00:00
2	-25	1997-01-01 00:00:01
3	-24	1997-01-02 00:00:01
4	-23	1997-01-03 00:00:02
5	-22	1997-01-04 00:00:03
6	23	2009-12-31 23:59:56
7	24	2009-12-31 23:59:57
8	25	2009-12-31 23:59:58
9	26	2009-12-31 23:59:59
10	27	2009-12-31 23:59:59
11	0	2009-12-31 23:59:59
select dtt1.cidx, dtt1.CTINYINT, dtt2.CDATETIME from datatypetestm1 dtt1, datatypetestm2 dtt2 where dtt1.cidx = dtt2.cidx and dtt1.CTINYINT <= dtt2.CDATETIME ;
cidx	CTINYINT	CDATETIME
1	-26	1997-01-01 00:00:00
2	-25	1997-01-01 00:00:01
3	-24	1997-01-02 00:00:01
4	-23	1997-01-03 00:00:02
5	-22	1997-01-04 00:00:03
6	23	2009-12-31 23:59:56
7	24	2009-12-31 23:59:57
8	25	2009-12-31 23:59:58
9	26	2009-12-31 23:59:59
10	27	2009-12-31 23:59:59
11	0	2009-12-31 23:59:59
