USE autopilot;
select dtt1.cidx, dtt1.CDECIMAL9, dtt2.CDECIMAL4_2 from datatypetestm1 dtt1, datatypetestm2 dtt2 where dtt1.cidx = dtt2.cidx and dtt1.CDECIMAL9 > dtt2.CDECIMAL4_2 ;
cidx	CDECIMAL9	CDECIMAL4_2
6	999995	9.95
7	999996	9.96
8	999997	9.97
9	999998	9.98
10	999999	9.99
select dtt1.cidx, dtt1.CDECIMAL9, dtt2.CDECIMAL4_2 from datatypetestm1 dtt1, datatypetestm2 dtt2 where dtt1.cidx = dtt2.cidx and dtt1.CDECIMAL9 >= dtt2.CDECIMAL4_2 ;
cidx	CDECIMAL9	CDECIMAL4_2
6	999995	9.95
7	999996	9.96
8	999997	9.97
9	999998	9.98
10	999999	9.99
11	0	0.00
select dtt1.cidx, dtt1.CDECIMAL9, dtt2.CDECIMAL4_2 from datatypetestm1 dtt1, datatypetestm2 dtt2 where dtt1.cidx = dtt2.cidx and dtt1.CDECIMAL9 <> dtt2.CDECIMAL4_2 ;
cidx	CDECIMAL9	CDECIMAL4_2
1	-999999	-9.99
2	-999998	-9.98
3	-999997	-9.97
4	-999996	-9.96
5	-999995	-9.95
6	999995	9.95
7	999996	9.96
8	999997	9.97
9	999998	9.98
10	999999	9.99
select dtt1.cidx, dtt1.CDECIMAL9, dtt2.CDECIMAL4_2 from datatypetestm1 dtt1, datatypetestm2 dtt2 where dtt1.cidx = dtt2.cidx and dtt1.CDECIMAL9 < dtt2.CDECIMAL4_2 ;
cidx	CDECIMAL9	CDECIMAL4_2
1	-999999	-9.99
2	-999998	-9.98
3	-999997	-9.97
4	-999996	-9.96
5	-999995	-9.95
select dtt1.cidx, dtt1.CDECIMAL9, dtt2.CDECIMAL4_2 from datatypetestm1 dtt1, datatypetestm2 dtt2 where dtt1.cidx = dtt2.cidx and dtt1.CDECIMAL9 <= dtt2.CDECIMAL4_2 ;
cidx	CDECIMAL9	CDECIMAL4_2
1	-999999	-9.99
2	-999998	-9.98
3	-999997	-9.97
4	-999996	-9.96
5	-999995	-9.95
11	0	0.00
