USE autopilot;
select dtt1.cidx, dtt1.CDECIMAL9_2, dtt2.CFLOAT from datatypetestm1 dtt1, datatypetestm2 dtt2 where dtt1.cidx = dtt2.cidx and dtt1.CDECIMAL9_2 > dtt2.CFLOAT ;
cidx	CDECIMAL9_2	CFLOAT
1	-9999.99	-3.40287e18
2	-9999.98	-3.40287e18
3	-9999.97	-3.40286e18
4	-9999.96	-3.40286e18
5	-9999.95	-3.40286e18
select dtt1.cidx, dtt1.CDECIMAL9_2, dtt2.CFLOAT from datatypetestm1 dtt1, datatypetestm2 dtt2 where dtt1.cidx = dtt2.cidx and dtt1.CDECIMAL9_2 >= dtt2.CFLOAT ;
cidx	CDECIMAL9_2	CFLOAT
1	-9999.99	-3.40287e18
2	-9999.98	-3.40287e18
3	-9999.97	-3.40286e18
4	-9999.96	-3.40286e18
5	-9999.95	-3.40286e18
11	0.00	0
select dtt1.cidx, dtt1.CDECIMAL9_2, dtt2.CFLOAT from datatypetestm1 dtt1, datatypetestm2 dtt2 where dtt1.cidx = dtt2.cidx and dtt1.CDECIMAL9_2 <> dtt2.CFLOAT ;
cidx	CDECIMAL9_2	CFLOAT
1	-9999.99	-3.40287e18
2	-9999.98	-3.40287e18
3	-9999.97	-3.40286e18
4	-9999.96	-3.40286e18
5	-9999.95	-3.40286e18
6	9999.95	3.40286e18
7	9999.96	3.40286e18
8	9999.97	3.40286e18
9	9999.98	3.40287e18
10	9999.99	3.40287e18
select dtt1.cidx, dtt1.CDECIMAL9_2, dtt2.CFLOAT from datatypetestm1 dtt1, datatypetestm2 dtt2 where dtt1.cidx = dtt2.cidx and dtt1.CDECIMAL9_2 < dtt2.CFLOAT ;
cidx	CDECIMAL9_2	CFLOAT
6	9999.95	3.40286e18
7	9999.96	3.40286e18
8	9999.97	3.40286e18
9	9999.98	3.40287e18
10	9999.99	3.40287e18
select dtt1.cidx, dtt1.CDECIMAL9_2, dtt2.CFLOAT from datatypetestm1 dtt1, datatypetestm2 dtt2 where dtt1.cidx = dtt2.cidx and dtt1.CDECIMAL9_2 <= dtt2.CFLOAT ;
cidx	CDECIMAL9_2	CFLOAT
6	9999.95	3.40286e18
7	9999.96	3.40286e18
8	9999.97	3.40286e18
9	9999.98	3.40287e18
10	9999.99	3.40287e18
11	0.00	0
