USE autopilot;
select dtt1.cidx, dtt1.CTINYINT, dtt2.CCHAR9 from datatypetestm1 dtt1, datatypetestm2 dtt2 where dtt1.cidx = dtt2.cidx and dtt1.CTINYINT > dtt2.CCHAR9 ;
cidx	CTINYINT	CCHAR9
6	23	rrrrrrr
7	24	rrrrrrrr
8	25	rrrrrrrrr
9	26	rrrrrrrrr
10	27	zzzzzzzzz
select dtt1.cidx, dtt1.CTINYINT, dtt2.CCHAR9 from datatypetestm1 dtt1, datatypetestm2 dtt2 where dtt1.cidx = dtt2.cidx and dtt1.CTINYINT >= dtt2.CCHAR9 ;
cidx	CTINYINT	CCHAR9
6	23	rrrrrrr
7	24	rrrrrrrr
8	25	rrrrrrrrr
9	26	rrrrrrrrr
10	27	zzzzzzzzz
select dtt1.cidx, dtt1.CTINYINT, dtt2.CCHAR9 from datatypetestm1 dtt1, datatypetestm2 dtt2 where dtt1.cidx = dtt2.cidx and dtt1.CTINYINT <> dtt2.CCHAR9 ;
cidx	CTINYINT	CCHAR9
1	-26	aaaaaaaaa
2	-25	i
3	-24	ii
4	-23	iii
5	-22	iiii
6	23	rrrrrrr
7	24	rrrrrrrr
8	25	rrrrrrrrr
9	26	rrrrrrrrr
10	27	zzzzzzzzz
select dtt1.cidx, dtt1.CTINYINT, dtt2.CCHAR9 from datatypetestm1 dtt1, datatypetestm2 dtt2 where dtt1.cidx = dtt2.cidx and dtt1.CTINYINT < dtt2.CCHAR9 ;
cidx	CTINYINT	CCHAR9
1	-26	aaaaaaaaa
2	-25	i
3	-24	ii
4	-23	iii
5	-22	iiii
select dtt1.cidx, dtt1.CTINYINT, dtt2.CCHAR9 from datatypetestm1 dtt1, datatypetestm2 dtt2 where dtt1.cidx = dtt2.cidx and dtt1.CTINYINT <= dtt2.CCHAR9 ;
cidx	CTINYINT	CCHAR9
1	-26	aaaaaaaaa
2	-25	i
3	-24	ii
4	-23	iii
5	-22	iiii
