USE autopilot;
select dtt1.cidx, dtt1.CTIMESTAMP, dtt2.CSMALLINT from datatypetestm1 dtt1, datatypetestm2 dtt2 where dtt1.cidx = dtt2.cidx and dtt1.CTIMESTAMP > dtt2.CSMALLINT ;
cidx	CTIMESTAMP	CSMALLINT
1	2020-08-13 03:14:07	-766
2	2020-08-13 03:14:07	-765
3	2020-08-13 03:14:07	-764
4	2020-08-13 03:14:07	-763
5	2020-08-13 03:14:07	-762
6	2020-08-13 03:14:07	763
7	2020-08-13 03:14:07	764
8	2020-08-13 03:14:07	765
9	2020-08-13 03:14:07	766
10	2020-08-13 03:14:07	767
11	2020-08-13 03:14:07	0
select dtt1.cidx, dtt1.CTIMESTAMP, dtt2.CSMALLINT from datatypetestm1 dtt1, datatypetestm2 dtt2 where dtt1.cidx = dtt2.cidx and dtt1.CTIMESTAMP >= dtt2.CSMALLINT ;
cidx	CTIMESTAMP	CSMALLINT
1	2020-08-13 03:14:07	-766
2	2020-08-13 03:14:07	-765
3	2020-08-13 03:14:07	-764
4	2020-08-13 03:14:07	-763
5	2020-08-13 03:14:07	-762
6	2020-08-13 03:14:07	763
7	2020-08-13 03:14:07	764
8	2020-08-13 03:14:07	765
9	2020-08-13 03:14:07	766
10	2020-08-13 03:14:07	767
11	2020-08-13 03:14:07	0
select dtt1.cidx, dtt1.CTIMESTAMP, dtt2.CSMALLINT from datatypetestm1 dtt1, datatypetestm2 dtt2 where dtt1.cidx = dtt2.cidx and dtt1.CTIMESTAMP <> dtt2.CSMALLINT ;
cidx	CTIMESTAMP	CSMALLINT
1	2020-08-13 03:14:07	-766
2	2020-08-13 03:14:07	-765
3	2020-08-13 03:14:07	-764
4	2020-08-13 03:14:07	-763
5	2020-08-13 03:14:07	-762
6	2020-08-13 03:14:07	763
7	2020-08-13 03:14:07	764
8	2020-08-13 03:14:07	765
9	2020-08-13 03:14:07	766
10	2020-08-13 03:14:07	767
11	2020-08-13 03:14:07	0
select dtt1.cidx, dtt1.CTIMESTAMP, dtt2.CSMALLINT from datatypetestm1 dtt1, datatypetestm2 dtt2 where dtt1.cidx = dtt2.cidx and dtt1.CTIMESTAMP < dtt2.CSMALLINT ;
cidx	CTIMESTAMP	CSMALLINT
select dtt1.cidx, dtt1.CTIMESTAMP, dtt2.CSMALLINT from datatypetestm1 dtt1, datatypetestm2 dtt2 where dtt1.cidx = dtt2.cidx and dtt1.CTIMESTAMP <= dtt2.CSMALLINT ;
cidx	CTIMESTAMP	CSMALLINT
