USE autopilot;
select dtt1.cidx, dtt1.CDOUBLE, dtt2.CVCHAR2 from datatypetestm1 dtt1, datatypetestm2 dtt2 where dtt1.cidx = dtt2.cidx and dtt1.CDOUBLE > dtt2.CVCHAR2 ;
cidx	CDOUBLE	CVCHAR2
6	1.797693227e108	yy
7	1.797693228e108	yy
8	1.797693229e108	yy
9	1.79769323e108	yy
10	1.797693231e108	zz
select dtt1.cidx, dtt1.CDOUBLE, dtt2.CVCHAR2 from datatypetestm1 dtt1, datatypetestm2 dtt2 where dtt1.cidx = dtt2.cidx and dtt1.CDOUBLE >= dtt2.CVCHAR2 ;
cidx	CDOUBLE	CVCHAR2
6	1.797693227e108	yy
7	1.797693228e108	yy
8	1.797693229e108	yy
9	1.79769323e108	yy
10	1.797693231e108	zz
select dtt1.cidx, dtt1.CDOUBLE, dtt2.CVCHAR2 from datatypetestm1 dtt1, datatypetestm2 dtt2 where dtt1.cidx = dtt2.cidx and dtt1.CDOUBLE <> dtt2.CVCHAR2 ;
cidx	CDOUBLE	CVCHAR2
1	-1.797693231e108	aa
2	-1.79769323e108	b
3	-1.797693229e108	bb
4	-1.797693228e108	bb
5	-1.797693227e108	bb
6	1.797693227e108	yy
7	1.797693228e108	yy
8	1.797693229e108	yy
9	1.79769323e108	yy
10	1.797693231e108	zz
select dtt1.cidx, dtt1.CDOUBLE, dtt2.CVCHAR2 from datatypetestm1 dtt1, datatypetestm2 dtt2 where dtt1.cidx = dtt2.cidx and dtt1.CDOUBLE < dtt2.CVCHAR2 ;
cidx	CDOUBLE	CVCHAR2
1	-1.797693231e108	aa
2	-1.79769323e108	b
3	-1.797693229e108	bb
4	-1.797693228e108	bb
5	-1.797693227e108	bb
select dtt1.cidx, dtt1.CDOUBLE, dtt2.CVCHAR2 from datatypetestm1 dtt1, datatypetestm2 dtt2 where dtt1.cidx = dtt2.cidx and dtt1.CDOUBLE <= dtt2.CVCHAR2 ;
cidx	CDOUBLE	CVCHAR2
1	-1.797693231e108	aa
2	-1.79769323e108	b
3	-1.797693229e108	bb
4	-1.797693228e108	bb
5	-1.797693227e108	bb
