USE autopilot;
select dtt1.cidx, dtt1.CTEXT, dtt2.CDATETIME from datatypetestm1 dtt1, datatypetestm2 dtt2 where dtt1.cidx = dtt2.cidx and dtt1.CTEXT > dtt2.CDATETIME ;
cidx	CTEXT	CDATETIME
select dtt1.cidx, dtt1.CTEXT, dtt2.CDATETIME from datatypetestm1 dtt1, datatypetestm2 dtt2 where dtt1.cidx = dtt2.cidx and dtt1.CTEXT >= dtt2.CDATETIME ;
cidx	CTEXT	CDATETIME
select dtt1.cidx, dtt1.CTEXT, dtt2.CDATETIME from datatypetestm1 dtt1, datatypetestm2 dtt2 where dtt1.cidx = dtt2.cidx and dtt1.CTEXT <> dtt2.CDATETIME ;
cidx	CTEXT	CDATETIME
1	texttexttext	1997-01-01 00:00:00
2	texttexttext	1997-01-01 00:00:01
3	texttexttext	1997-01-02 00:00:01
4	texttexttext	1997-01-03 00:00:02
5	texttexttext	1997-01-04 00:00:03
6	texttexttext	2009-12-31 23:59:56
7	texttexttext	2009-12-31 23:59:57
8	texttexttext	2009-12-31 23:59:58
9	texttexttext	2009-12-31 23:59:59
10	texttexttext	2009-12-31 23:59:59
select dtt1.cidx, dtt1.CTEXT, dtt2.CDATETIME from datatypetestm1 dtt1, datatypetestm2 dtt2 where dtt1.cidx = dtt2.cidx and dtt1.CTEXT < dtt2.CDATETIME ;
cidx	CTEXT	CDATETIME
1	texttexttext	1997-01-01 00:00:00
2	texttexttext	1997-01-01 00:00:01
3	texttexttext	1997-01-02 00:00:01
4	texttexttext	1997-01-03 00:00:02
5	texttexttext	1997-01-04 00:00:03
6	texttexttext	2009-12-31 23:59:56
7	texttexttext	2009-12-31 23:59:57
8	texttexttext	2009-12-31 23:59:58
9	texttexttext	2009-12-31 23:59:59
10	texttexttext	2009-12-31 23:59:59
select dtt1.cidx, dtt1.CTEXT, dtt2.CDATETIME from datatypetestm1 dtt1, datatypetestm2 dtt2 where dtt1.cidx = dtt2.cidx and dtt1.CTEXT <= dtt2.CDATETIME ;
cidx	CTEXT	CDATETIME
1	texttexttext	1997-01-01 00:00:00
2	texttexttext	1997-01-01 00:00:01
3	texttexttext	1997-01-02 00:00:01
4	texttexttext	1997-01-03 00:00:02
5	texttexttext	1997-01-04 00:00:03
6	texttexttext	2009-12-31 23:59:56
7	texttexttext	2009-12-31 23:59:57
8	texttexttext	2009-12-31 23:59:58
9	texttexttext	2009-12-31 23:59:59
10	texttexttext	2009-12-31 23:59:59
