USE autopilot;
select dtt1.cidx, dtt1.CDOUBLE, dtt2.CMEDIUMINT from datatypetestm1 dtt1, datatypetestm2 dtt2 where dtt1.cidx = dtt2.cidx and dtt1.CDOUBLE > dtt2.CMEDIUMINT ;
cidx	CDOUBLE	CMEDIUMINT
6	1.797693227e108	1000
7	1.797693228e108	1000
8	1.797693229e108	1000
9	1.79769323e108	1000
10	1.797693231e108	1000
select dtt1.cidx, dtt1.CDOUBLE, dtt2.CMEDIUMINT from datatypetestm1 dtt1, datatypetestm2 dtt2 where dtt1.cidx = dtt2.cidx and dtt1.CDOUBLE >= dtt2.CMEDIUMINT ;
cidx	CDOUBLE	CMEDIUMINT
6	1.797693227e108	1000
7	1.797693228e108	1000
8	1.797693229e108	1000
9	1.79769323e108	1000
10	1.797693231e108	1000
select dtt1.cidx, dtt1.CDOUBLE, dtt2.CMEDIUMINT from datatypetestm1 dtt1, datatypetestm2 dtt2 where dtt1.cidx = dtt2.cidx and dtt1.CDOUBLE <> dtt2.CMEDIUMINT ;
cidx	CDOUBLE	CMEDIUMINT
1	-1.797693231e108	1000
2	-1.79769323e108	1000
3	-1.797693229e108	1000
4	-1.797693228e108	1000
5	-1.797693227e108	1000
6	1.797693227e108	1000
7	1.797693228e108	1000
8	1.797693229e108	1000
9	1.79769323e108	1000
10	1.797693231e108	1000
select dtt1.cidx, dtt1.CDOUBLE, dtt2.CMEDIUMINT from datatypetestm1 dtt1, datatypetestm2 dtt2 where dtt1.cidx = dtt2.cidx and dtt1.CDOUBLE < dtt2.CMEDIUMINT ;
cidx	CDOUBLE	CMEDIUMINT
1	-1.797693231e108	1000
2	-1.79769323e108	1000
3	-1.797693229e108	1000
4	-1.797693228e108	1000
5	-1.797693227e108	1000
select dtt1.cidx, dtt1.CDOUBLE, dtt2.CMEDIUMINT from datatypetestm1 dtt1, datatypetestm2 dtt2 where dtt1.cidx = dtt2.cidx and dtt1.CDOUBLE <= dtt2.CMEDIUMINT ;
cidx	CDOUBLE	CMEDIUMINT
1	-1.797693231e108	1000
2	-1.79769323e108	1000
3	-1.797693229e108	1000
4	-1.797693228e108	1000
5	-1.797693227e108	1000
