USE autopilot;
select dtt1.cidx, dtt1.CTIME, dtt2.CDOUBLE from datatypetestm1 dtt1, datatypetestm2 dtt2 where dtt1.cidx = dtt2.cidx and dtt1.CTIME > dtt2.CDOUBLE ;
cidx	CTIME	CDOUBLE
1	11:58:28	-1.797693231e108
2	11:58:28	-1.79769323e108
3	11:58:28	-1.797693229e108
4	11:58:28	-1.797693228e108
5	11:58:28	-1.797693227e108
11	11:58:28	0
select dtt1.cidx, dtt1.CTIME, dtt2.CDOUBLE from datatypetestm1 dtt1, datatypetestm2 dtt2 where dtt1.cidx = dtt2.cidx and dtt1.CTIME >= dtt2.CDOUBLE ;
cidx	CTIME	CDOUBLE
1	11:58:28	-1.797693231e108
2	11:58:28	-1.79769323e108
3	11:58:28	-1.797693229e108
4	11:58:28	-1.797693228e108
5	11:58:28	-1.797693227e108
11	11:58:28	0
select dtt1.cidx, dtt1.CTIME, dtt2.CDOUBLE from datatypetestm1 dtt1, datatypetestm2 dtt2 where dtt1.cidx = dtt2.cidx and dtt1.CTIME <> dtt2.CDOUBLE ;
cidx	CTIME	CDOUBLE
1	11:58:28	-1.797693231e108
2	11:58:28	-1.79769323e108
3	11:58:28	-1.797693229e108
4	11:58:28	-1.797693228e108
5	11:58:28	-1.797693227e108
6	11:58:28	1.797693227e108
7	11:58:28	1.797693228e108
8	11:58:28	1.797693229e108
9	11:58:28	1.79769323e108
10	11:58:28	1.797693231e108
11	11:58:28	0
select dtt1.cidx, dtt1.CTIME, dtt2.CDOUBLE from datatypetestm1 dtt1, datatypetestm2 dtt2 where dtt1.cidx = dtt2.cidx and dtt1.CTIME < dtt2.CDOUBLE ;
cidx	CTIME	CDOUBLE
6	11:58:28	1.797693227e108
7	11:58:28	1.797693228e108
8	11:58:28	1.797693229e108
9	11:58:28	1.79769323e108
10	11:58:28	1.797693231e108
select dtt1.cidx, dtt1.CTIME, dtt2.CDOUBLE from datatypetestm1 dtt1, datatypetestm2 dtt2 where dtt1.cidx = dtt2.cidx and dtt1.CTIME <= dtt2.CDOUBLE ;
cidx	CTIME	CDOUBLE
6	11:58:28	1.797693227e108
7	11:58:28	1.797693228e108
8	11:58:28	1.797693229e108
9	11:58:28	1.79769323e108
10	11:58:28	1.797693231e108
