USE autopilot;
select dtt1.cidx, dtt1.CFLOAT, dtt2.CVCHAR8 from datatypetestm1 dtt1, datatypetestm2 dtt2 where dtt1.cidx = dtt2.cidx and dtt1.CFLOAT > dtt2.CVCHAR8 ;
cidx	CFLOAT	CVCHAR8
6	3.40286e18	sssssss
7	3.40286e18	ssssssss
8	3.40286e18	ssssssss
9	3.40287e18	ssssssss
10	3.40287e18	zzzzzzzz
select dtt1.cidx, dtt1.CFLOAT, dtt2.CVCHAR8 from datatypetestm1 dtt1, datatypetestm2 dtt2 where dtt1.cidx = dtt2.cidx and dtt1.CFLOAT >= dtt2.CVCHAR8 ;
cidx	CFLOAT	CVCHAR8
6	3.40286e18	sssssss
7	3.40286e18	ssssssss
8	3.40286e18	ssssssss
9	3.40287e18	ssssssss
10	3.40287e18	zzzzzzzz
select dtt1.cidx, dtt1.CFLOAT, dtt2.CVCHAR8 from datatypetestm1 dtt1, datatypetestm2 dtt2 where dtt1.cidx = dtt2.cidx and dtt1.CFLOAT <> dtt2.CVCHAR8 ;
cidx	CFLOAT	CVCHAR8
1	-3.40287e18	aaaaaaaa
2	-3.40287e18	h
3	-3.40286e18	hh
4	-3.40286e18	hhh
5	-3.40286e18	hhhh
6	3.40286e18	sssssss
7	3.40286e18	ssssssss
8	3.40286e18	ssssssss
9	3.40287e18	ssssssss
10	3.40287e18	zzzzzzzz
select dtt1.cidx, dtt1.CFLOAT, dtt2.CVCHAR8 from datatypetestm1 dtt1, datatypetestm2 dtt2 where dtt1.cidx = dtt2.cidx and dtt1.CFLOAT < dtt2.CVCHAR8 ;
cidx	CFLOAT	CVCHAR8
1	-3.40287e18	aaaaaaaa
2	-3.40287e18	h
3	-3.40286e18	hh
4	-3.40286e18	hhh
5	-3.40286e18	hhhh
select dtt1.cidx, dtt1.CFLOAT, dtt2.CVCHAR8 from datatypetestm1 dtt1, datatypetestm2 dtt2 where dtt1.cidx = dtt2.cidx and dtt1.CFLOAT <= dtt2.CVCHAR8 ;
cidx	CFLOAT	CVCHAR8
1	-3.40287e18	aaaaaaaa
2	-3.40287e18	h
3	-3.40286e18	hh
4	-3.40286e18	hhh
5	-3.40286e18	hhhh
