USE autopilot;
select dtt1.cidx, dtt1.CVCHAR2, dtt2.CMEDIUMINT from datatypetestm1 dtt1, datatypetestm2 dtt2 where dtt1.cidx = dtt2.cidx and dtt1.CVCHAR2 > dtt2.CMEDIUMINT ;
cidx	CVCHAR2	CMEDIUMINT
select dtt1.cidx, dtt1.CVCHAR2, dtt2.CMEDIUMINT from datatypetestm1 dtt1, datatypetestm2 dtt2 where dtt1.cidx = dtt2.cidx and dtt1.CVCHAR2 >= dtt2.CMEDIUMINT ;
cidx	CVCHAR2	CMEDIUMINT
select dtt1.cidx, dtt1.CVCHAR2, dtt2.CMEDIUMINT from datatypetestm1 dtt1, datatypetestm2 dtt2 where dtt1.cidx = dtt2.cidx and dtt1.CVCHAR2 <> dtt2.CMEDIUMINT ;
cidx	CVCHAR2	CMEDIUMINT
1	aa	1000
2	b	1000
3	bb	1000
4	bb	1000
5	bb	1000
6	yy	1000
7	yy	1000
8	yy	1000
9	yy	1000
10	zz	1000
select dtt1.cidx, dtt1.CVCHAR2, dtt2.CMEDIUMINT from datatypetestm1 dtt1, datatypetestm2 dtt2 where dtt1.cidx = dtt2.cidx and dtt1.CVCHAR2 < dtt2.CMEDIUMINT ;
cidx	CVCHAR2	CMEDIUMINT
1	aa	1000
2	b	1000
3	bb	1000
4	bb	1000
5	bb	1000
6	yy	1000
7	yy	1000
8	yy	1000
9	yy	1000
10	zz	1000
select dtt1.cidx, dtt1.CVCHAR2, dtt2.CMEDIUMINT from datatypetestm1 dtt1, datatypetestm2 dtt2 where dtt1.cidx = dtt2.cidx and dtt1.CVCHAR2 <= dtt2.CMEDIUMINT ;
cidx	CVCHAR2	CMEDIUMINT
1	aa	1000
2	b	1000
3	bb	1000
4	bb	1000
5	bb	1000
6	yy	1000
7	yy	1000
8	yy	1000
9	yy	1000
10	zz	1000
