USE autopilot;
select dtt1.cidx, dtt1.CTINYINT, dtt2.CDECIMAL9_2 from datatypetestm1 dtt1, datatypetestm2 dtt2 where dtt1.cidx = dtt2.cidx and dtt1.CTINYINT > dtt2.CDECIMAL9_2 ;
cidx	CTINYINT	CDECIMAL9_2
1	-26	-9999.99
2	-25	-9999.98
3	-24	-9999.97
4	-23	-9999.96
5	-22	-9999.95
select dtt1.cidx, dtt1.CTINYINT, dtt2.CDECIMAL9_2 from datatypetestm1 dtt1, datatypetestm2 dtt2 where dtt1.cidx = dtt2.cidx and dtt1.CTINYINT >= dtt2.CDECIMAL9_2 ;
cidx	CTINYINT	CDECIMAL9_2
1	-26	-9999.99
2	-25	-9999.98
3	-24	-9999.97
4	-23	-9999.96
5	-22	-9999.95
11	0	0.00
select dtt1.cidx, dtt1.CTINYINT, dtt2.CDECIMAL9_2 from datatypetestm1 dtt1, datatypetestm2 dtt2 where dtt1.cidx = dtt2.cidx and dtt1.CTINYINT <> dtt2.CDECIMAL9_2 ;
cidx	CTINYINT	CDECIMAL9_2
1	-26	-9999.99
2	-25	-9999.98
3	-24	-9999.97
4	-23	-9999.96
5	-22	-9999.95
6	23	9999.95
7	24	9999.96
8	25	9999.97
9	26	9999.98
10	27	9999.99
select dtt1.cidx, dtt1.CTINYINT, dtt2.CDECIMAL9_2 from datatypetestm1 dtt1, datatypetestm2 dtt2 where dtt1.cidx = dtt2.cidx and dtt1.CTINYINT < dtt2.CDECIMAL9_2 ;
cidx	CTINYINT	CDECIMAL9_2
6	23	9999.95
7	24	9999.96
8	25	9999.97
9	26	9999.98
10	27	9999.99
select dtt1.cidx, dtt1.CTINYINT, dtt2.CDECIMAL9_2 from datatypetestm1 dtt1, datatypetestm2 dtt2 where dtt1.cidx = dtt2.cidx and dtt1.CTINYINT <= dtt2.CDECIMAL9_2 ;
cidx	CTINYINT	CDECIMAL9_2
6	23	9999.95
7	24	9999.96
8	25	9999.97
9	26	9999.98
10	27	9999.99
11	0	0.00
