USE autopilot;
select dtt1.cidx, dtt1.CDECIMAL10, dtt2.CTINYINT from datatypetestm1 dtt1, datatypetestm2 dtt2 where dtt1.cidx = dtt2.cidx and dtt1.CDECIMAL10 > dtt2.CTINYINT ;
cidx	CDECIMAL10	CTINYINT
6	9999995	23
7	9999996	24
8	9999997	25
9	9999998	26
10	9999999	27
select dtt1.cidx, dtt1.CDECIMAL10, dtt2.CTINYINT from datatypetestm1 dtt1, datatypetestm2 dtt2 where dtt1.cidx = dtt2.cidx and dtt1.CDECIMAL10 >= dtt2.CTINYINT ;
cidx	CDECIMAL10	CTINYINT
6	9999995	23
7	9999996	24
8	9999997	25
9	9999998	26
10	9999999	27
11	0	0
select dtt1.cidx, dtt1.CDECIMAL10, dtt2.CTINYINT from datatypetestm1 dtt1, datatypetestm2 dtt2 where dtt1.cidx = dtt2.cidx and dtt1.CDECIMAL10 <> dtt2.CTINYINT ;
cidx	CDECIMAL10	CTINYINT
1	-9999999	-26
2	-9999998	-25
3	-9999997	-24
4	-9999996	-23
5	-9999995	-22
6	9999995	23
7	9999996	24
8	9999997	25
9	9999998	26
10	9999999	27
select dtt1.cidx, dtt1.CDECIMAL10, dtt2.CTINYINT from datatypetestm1 dtt1, datatypetestm2 dtt2 where dtt1.cidx = dtt2.cidx and dtt1.CDECIMAL10 < dtt2.CTINYINT ;
cidx	CDECIMAL10	CTINYINT
1	-9999999	-26
2	-9999998	-25
3	-9999997	-24
4	-9999996	-23
5	-9999995	-22
select dtt1.cidx, dtt1.CDECIMAL10, dtt2.CTINYINT from datatypetestm1 dtt1, datatypetestm2 dtt2 where dtt1.cidx = dtt2.cidx and dtt1.CDECIMAL10 <= dtt2.CTINYINT ;
cidx	CDECIMAL10	CTINYINT
1	-9999999	-26
2	-9999998	-25
3	-9999997	-24
4	-9999996	-23
5	-9999995	-22
11	0	0
