USE autopilot;
select dtt1.cidx, dtt1.CTINYTEXT, dtt2.CCHAR9 from datatypetestm1 dtt1, datatypetestm2 dtt2 where dtt1.cidx = dtt2.cidx and dtt1.CTINYTEXT > dtt2.CCHAR9 ;
cidx	CTINYTEXT	CCHAR9
1	tinytext	aaaaaaaaa
2	tinytext	i
3	tinytext	ii
4	tinytext	iii
5	tinytext	iiii
6	tinytext	rrrrrrr
7	tinytext	rrrrrrrr
8	tinytext	rrrrrrrrr
9	tinytext	rrrrrrrrr
select dtt1.cidx, dtt1.CTINYTEXT, dtt2.CCHAR9 from datatypetestm1 dtt1, datatypetestm2 dtt2 where dtt1.cidx = dtt2.cidx and dtt1.CTINYTEXT >= dtt2.CCHAR9 ;
cidx	CTINYTEXT	CCHAR9
1	tinytext	aaaaaaaaa
2	tinytext	i
3	tinytext	ii
4	tinytext	iii
5	tinytext	iiii
6	tinytext	rrrrrrr
7	tinytext	rrrrrrrr
8	tinytext	rrrrrrrrr
9	tinytext	rrrrrrrrr
select dtt1.cidx, dtt1.CTINYTEXT, dtt2.CCHAR9 from datatypetestm1 dtt1, datatypetestm2 dtt2 where dtt1.cidx = dtt2.cidx and dtt1.CTINYTEXT <> dtt2.CCHAR9 ;
cidx	CTINYTEXT	CCHAR9
1	tinytext	aaaaaaaaa
2	tinytext	i
3	tinytext	ii
4	tinytext	iii
5	tinytext	iiii
6	tinytext	rrrrrrr
7	tinytext	rrrrrrrr
8	tinytext	rrrrrrrrr
9	tinytext	rrrrrrrrr
10	tinytext	zzzzzzzzz
select dtt1.cidx, dtt1.CTINYTEXT, dtt2.CCHAR9 from datatypetestm1 dtt1, datatypetestm2 dtt2 where dtt1.cidx = dtt2.cidx and dtt1.CTINYTEXT < dtt2.CCHAR9 ;
cidx	CTINYTEXT	CCHAR9
10	tinytext	zzzzzzzzz
select dtt1.cidx, dtt1.CTINYTEXT, dtt2.CCHAR9 from datatypetestm1 dtt1, datatypetestm2 dtt2 where dtt1.cidx = dtt2.cidx and dtt1.CTINYTEXT <= dtt2.CCHAR9 ;
cidx	CTINYTEXT	CCHAR9
10	tinytext	zzzzzzzzz
