USE autopilot;
select dtt1.cidx, dtt1.CDECIMAL4_2, dtt2.CMEDIUMINT from datatypetestm1 dtt1, datatypetestm2 dtt2 where dtt1.cidx = dtt2.cidx and dtt1.CDECIMAL4_2 > dtt2.CMEDIUMINT ;
cidx	CDECIMAL4_2	CMEDIUMINT
select dtt1.cidx, dtt1.CDECIMAL4_2, dtt2.CMEDIUMINT from datatypetestm1 dtt1, datatypetestm2 dtt2 where dtt1.cidx = dtt2.cidx and dtt1.CDECIMAL4_2 >= dtt2.CMEDIUMINT ;
cidx	CDECIMAL4_2	CMEDIUMINT
select dtt1.cidx, dtt1.CDECIMAL4_2, dtt2.CMEDIUMINT from datatypetestm1 dtt1, datatypetestm2 dtt2 where dtt1.cidx = dtt2.cidx and dtt1.CDECIMAL4_2 <> dtt2.CMEDIUMINT ;
cidx	CDECIMAL4_2	CMEDIUMINT
1	-9.99	1000
2	-9.98	1000
3	-9.97	1000
4	-9.96	1000
5	-9.95	1000
6	9.95	1000
7	9.96	1000
8	9.97	1000
9	9.98	1000
10	9.99	1000
select dtt1.cidx, dtt1.CDECIMAL4_2, dtt2.CMEDIUMINT from datatypetestm1 dtt1, datatypetestm2 dtt2 where dtt1.cidx = dtt2.cidx and dtt1.CDECIMAL4_2 < dtt2.CMEDIUMINT ;
cidx	CDECIMAL4_2	CMEDIUMINT
1	-9.99	1000
2	-9.98	1000
3	-9.97	1000
4	-9.96	1000
5	-9.95	1000
6	9.95	1000
7	9.96	1000
8	9.97	1000
9	9.98	1000
10	9.99	1000
select dtt1.cidx, dtt1.CDECIMAL4_2, dtt2.CMEDIUMINT from datatypetestm1 dtt1, datatypetestm2 dtt2 where dtt1.cidx = dtt2.cidx and dtt1.CDECIMAL4_2 <= dtt2.CMEDIUMINT ;
cidx	CDECIMAL4_2	CMEDIUMINT
1	-9.99	1000
2	-9.98	1000
3	-9.97	1000
4	-9.96	1000
5	-9.95	1000
6	9.95	1000
7	9.96	1000
8	9.97	1000
9	9.98	1000
10	9.99	1000
