USE autopilot;
select dtt1.cidx, dtt1.CDECIMAL1, dtt2.CTINYTEXT from datatypetestm1 dtt1, datatypetestm2 dtt2 where dtt1.cidx = dtt2.cidx and dtt1.CDECIMAL1 > dtt2.CTINYTEXT ;
cidx	CDECIMAL1	CTINYTEXT
6	5	tinytext
7	6	tinytext
8	7	tinytext
9	8	tinytext
10	9	tinytext
select dtt1.cidx, dtt1.CDECIMAL1, dtt2.CTINYTEXT from datatypetestm1 dtt1, datatypetestm2 dtt2 where dtt1.cidx = dtt2.cidx and dtt1.CDECIMAL1 >= dtt2.CTINYTEXT ;
cidx	CDECIMAL1	CTINYTEXT
6	5	tinytext
7	6	tinytext
8	7	tinytext
9	8	tinytext
10	9	tinytext
select dtt1.cidx, dtt1.CDECIMAL1, dtt2.CTINYTEXT from datatypetestm1 dtt1, datatypetestm2 dtt2 where dtt1.cidx = dtt2.cidx and dtt1.CDECIMAL1 <> dtt2.CTINYTEXT ;
cidx	CDECIMAL1	CTINYTEXT
1	-9	tinytext
2	-8	tinytext
3	-7	tinytext
4	-6	tinytext
5	-5	tinytext
6	5	tinytext
7	6	tinytext
8	7	tinytext
9	8	tinytext
10	9	tinytext
select dtt1.cidx, dtt1.CDECIMAL1, dtt2.CTINYTEXT from datatypetestm1 dtt1, datatypetestm2 dtt2 where dtt1.cidx = dtt2.cidx and dtt1.CDECIMAL1 < dtt2.CTINYTEXT ;
cidx	CDECIMAL1	CTINYTEXT
1	-9	tinytext
2	-8	tinytext
3	-7	tinytext
4	-6	tinytext
5	-5	tinytext
select dtt1.cidx, dtt1.CDECIMAL1, dtt2.CTINYTEXT from datatypetestm1 dtt1, datatypetestm2 dtt2 where dtt1.cidx = dtt2.cidx and dtt1.CDECIMAL1 <= dtt2.CTINYTEXT ;
cidx	CDECIMAL1	CTINYTEXT
1	-9	tinytext
2	-8	tinytext
3	-7	tinytext
4	-6	tinytext
5	-5	tinytext
