USE autopilot;
select dtt1.cidx, dtt1.CLONGTEXT, dtt2.CDECIMAL9 from datatypetestm1 dtt1, datatypetestm2 dtt2 where dtt1.cidx = dtt2.cidx and dtt1.CLONGTEXT > dtt2.CDECIMAL9 ;
cidx	CLONGTEXT	CDECIMAL9
1	longtextlongtextlongtext	-999999
2	longtextlongtextlongtext	-999998
3	longtextlongtextlongtext	-999997
4	longtextlongtextlongtext	-999996
5	longtextlongtextlongtext	-999995
select dtt1.cidx, dtt1.CLONGTEXT, dtt2.CDECIMAL9 from datatypetestm1 dtt1, datatypetestm2 dtt2 where dtt1.cidx = dtt2.cidx and dtt1.CLONGTEXT >= dtt2.CDECIMAL9 ;
cidx	CLONGTEXT	CDECIMAL9
1	longtextlongtextlongtext	-999999
2	longtextlongtextlongtext	-999998
3	longtextlongtextlongtext	-999997
4	longtextlongtextlongtext	-999996
5	longtextlongtextlongtext	-999995
select dtt1.cidx, dtt1.CLONGTEXT, dtt2.CDECIMAL9 from datatypetestm1 dtt1, datatypetestm2 dtt2 where dtt1.cidx = dtt2.cidx and dtt1.CLONGTEXT <> dtt2.CDECIMAL9 ;
cidx	CLONGTEXT	CDECIMAL9
1	longtextlongtextlongtext	-999999
2	longtextlongtextlongtext	-999998
3	longtextlongtextlongtext	-999997
4	longtextlongtextlongtext	-999996
5	longtextlongtextlongtext	-999995
6	longtextlongtextlongtext	999995
7	longtextlongtextlongtext	999996
8	longtextlongtextlongtext	999997
9	longtextlongtextlongtext	999998
10	longtextlongtextlongtext	999999
select dtt1.cidx, dtt1.CLONGTEXT, dtt2.CDECIMAL9 from datatypetestm1 dtt1, datatypetestm2 dtt2 where dtt1.cidx = dtt2.cidx and dtt1.CLONGTEXT < dtt2.CDECIMAL9 ;
cidx	CLONGTEXT	CDECIMAL9
6	longtextlongtextlongtext	999995
7	longtextlongtextlongtext	999996
8	longtextlongtextlongtext	999997
9	longtextlongtextlongtext	999998
10	longtextlongtextlongtext	999999
select dtt1.cidx, dtt1.CLONGTEXT, dtt2.CDECIMAL9 from datatypetestm1 dtt1, datatypetestm2 dtt2 where dtt1.cidx = dtt2.cidx and dtt1.CLONGTEXT <= dtt2.CDECIMAL9 ;
cidx	CLONGTEXT	CDECIMAL9
6	longtextlongtextlongtext	999995
7	longtextlongtextlongtext	999996
8	longtextlongtextlongtext	999997
9	longtextlongtextlongtext	999998
10	longtextlongtextlongtext	999999
