USE autopilot;
select dtt1.cidx, dtt1.CDECIMAL9, dtt2.CBIGINT from datatypetestm1 dtt1, datatypetestm2 dtt2 where dtt1.cidx = dtt2.cidx and dtt1.CDECIMAL9 > dtt2.CBIGINT ;
cidx	CDECIMAL9	CBIGINT
1	-999999	-72036854775806
2	-999998	-72036854775805
3	-999997	-72036854775804
4	-999996	-72036854775803
5	-999995	-72036854775802
select dtt1.cidx, dtt1.CDECIMAL9, dtt2.CBIGINT from datatypetestm1 dtt1, datatypetestm2 dtt2 where dtt1.cidx = dtt2.cidx and dtt1.CDECIMAL9 >= dtt2.CBIGINT ;
cidx	CDECIMAL9	CBIGINT
1	-999999	-72036854775806
2	-999998	-72036854775805
3	-999997	-72036854775804
4	-999996	-72036854775803
5	-999995	-72036854775802
11	0	0
select dtt1.cidx, dtt1.CDECIMAL9, dtt2.CBIGINT from datatypetestm1 dtt1, datatypetestm2 dtt2 where dtt1.cidx = dtt2.cidx and dtt1.CDECIMAL9 <> dtt2.CBIGINT ;
cidx	CDECIMAL9	CBIGINT
1	-999999	-72036854775806
2	-999998	-72036854775805
3	-999997	-72036854775804
4	-999996	-72036854775803
5	-999995	-72036854775802
6	999995	72036854775803
7	999996	72036854775804
8	999997	72036854775805
9	999998	72036854775806
10	999999	72036854775807
select dtt1.cidx, dtt1.CDECIMAL9, dtt2.CBIGINT from datatypetestm1 dtt1, datatypetestm2 dtt2 where dtt1.cidx = dtt2.cidx and dtt1.CDECIMAL9 < dtt2.CBIGINT ;
cidx	CDECIMAL9	CBIGINT
6	999995	72036854775803
7	999996	72036854775804
8	999997	72036854775805
9	999998	72036854775806
10	999999	72036854775807
select dtt1.cidx, dtt1.CDECIMAL9, dtt2.CBIGINT from datatypetestm1 dtt1, datatypetestm2 dtt2 where dtt1.cidx = dtt2.cidx and dtt1.CDECIMAL9 <= dtt2.CBIGINT ;
cidx	CDECIMAL9	CBIGINT
6	999995	72036854775803
7	999996	72036854775804
8	999997	72036854775805
9	999998	72036854775806
10	999999	72036854775807
11	0	0
