USE autopilot;
select dtt1.cidx, dtt1.CINTEGER, dtt2.CDECIMAL9_2 from datatypetestm1 dtt1, datatypetestm2 dtt2 where dtt1.cidx = dtt2.cidx and dtt1.CINTEGER > dtt2.CDECIMAL9_2 ;
cidx	CINTEGER	CDECIMAL9_2
6	7483643	9999.95
7	7483644	9999.96
8	7483645	9999.97
9	7483646	9999.98
10	7483647	9999.99
select dtt1.cidx, dtt1.CINTEGER, dtt2.CDECIMAL9_2 from datatypetestm1 dtt1, datatypetestm2 dtt2 where dtt1.cidx = dtt2.cidx and dtt1.CINTEGER >= dtt2.CDECIMAL9_2 ;
cidx	CINTEGER	CDECIMAL9_2
6	7483643	9999.95
7	7483644	9999.96
8	7483645	9999.97
9	7483646	9999.98
10	7483647	9999.99
11	0	0.00
select dtt1.cidx, dtt1.CINTEGER, dtt2.CDECIMAL9_2 from datatypetestm1 dtt1, datatypetestm2 dtt2 where dtt1.cidx = dtt2.cidx and dtt1.CINTEGER <> dtt2.CDECIMAL9_2 ;
cidx	CINTEGER	CDECIMAL9_2
1	-7483646	-9999.99
2	-7483645	-9999.98
3	-7483644	-9999.97
4	-7483643	-9999.96
5	-7483642	-9999.95
6	7483643	9999.95
7	7483644	9999.96
8	7483645	9999.97
9	7483646	9999.98
10	7483647	9999.99
select dtt1.cidx, dtt1.CINTEGER, dtt2.CDECIMAL9_2 from datatypetestm1 dtt1, datatypetestm2 dtt2 where dtt1.cidx = dtt2.cidx and dtt1.CINTEGER < dtt2.CDECIMAL9_2 ;
cidx	CINTEGER	CDECIMAL9_2
1	-7483646	-9999.99
2	-7483645	-9999.98
3	-7483644	-9999.97
4	-7483643	-9999.96
5	-7483642	-9999.95
select dtt1.cidx, dtt1.CINTEGER, dtt2.CDECIMAL9_2 from datatypetestm1 dtt1, datatypetestm2 dtt2 where dtt1.cidx = dtt2.cidx and dtt1.CINTEGER <= dtt2.CDECIMAL9_2 ;
cidx	CINTEGER	CDECIMAL9_2
1	-7483646	-9999.99
2	-7483645	-9999.98
3	-7483644	-9999.97
4	-7483643	-9999.96
5	-7483642	-9999.95
11	0	0.00
