USE autopilot;
select dtt1.cidx, dtt1.CINTEGER, dtt2.CTEXT from datatypetestm1 dtt1, datatypetestm2 dtt2 where dtt1.cidx = dtt2.cidx and dtt1.CINTEGER > dtt2.CTEXT ;
cidx	CINTEGER	CTEXT
6	7483643	texttexttext
7	7483644	texttexttext
8	7483645	texttexttext
9	7483646	texttexttext
10	7483647	texttexttext
select dtt1.cidx, dtt1.CINTEGER, dtt2.CTEXT from datatypetestm1 dtt1, datatypetestm2 dtt2 where dtt1.cidx = dtt2.cidx and dtt1.CINTEGER >= dtt2.CTEXT ;
cidx	CINTEGER	CTEXT
6	7483643	texttexttext
7	7483644	texttexttext
8	7483645	texttexttext
9	7483646	texttexttext
10	7483647	texttexttext
select dtt1.cidx, dtt1.CINTEGER, dtt2.CTEXT from datatypetestm1 dtt1, datatypetestm2 dtt2 where dtt1.cidx = dtt2.cidx and dtt1.CINTEGER <> dtt2.CTEXT ;
cidx	CINTEGER	CTEXT
1	-7483646	texttexttext
2	-7483645	texttexttext
3	-7483644	texttexttext
4	-7483643	texttexttext
5	-7483642	texttexttext
6	7483643	texttexttext
7	7483644	texttexttext
8	7483645	texttexttext
9	7483646	texttexttext
10	7483647	texttexttext
select dtt1.cidx, dtt1.CINTEGER, dtt2.CTEXT from datatypetestm1 dtt1, datatypetestm2 dtt2 where dtt1.cidx = dtt2.cidx and dtt1.CINTEGER < dtt2.CTEXT ;
cidx	CINTEGER	CTEXT
1	-7483646	texttexttext
2	-7483645	texttexttext
3	-7483644	texttexttext
4	-7483643	texttexttext
5	-7483642	texttexttext
select dtt1.cidx, dtt1.CINTEGER, dtt2.CTEXT from datatypetestm1 dtt1, datatypetestm2 dtt2 where dtt1.cidx = dtt2.cidx and dtt1.CINTEGER <= dtt2.CTEXT ;
cidx	CINTEGER	CTEXT
1	-7483646	texttexttext
2	-7483645	texttexttext
3	-7483644	texttexttext
4	-7483643	texttexttext
5	-7483642	texttexttext
