USE autopilot;
select dtt1.cidx, dtt1.CMEDIUMINT, dtt2.CTIME from datatypetestm1 dtt1, datatypetestm2 dtt2 where dtt1.cidx = dtt2.cidx and dtt1.CMEDIUMINT > dtt2.CTIME ;
cidx	CMEDIUMINT	CTIME
select dtt1.cidx, dtt1.CMEDIUMINT, dtt2.CTIME from datatypetestm1 dtt1, datatypetestm2 dtt2 where dtt1.cidx = dtt2.cidx and dtt1.CMEDIUMINT >= dtt2.CTIME ;
cidx	CMEDIUMINT	CTIME
select dtt1.cidx, dtt1.CMEDIUMINT, dtt2.CTIME from datatypetestm1 dtt1, datatypetestm2 dtt2 where dtt1.cidx = dtt2.cidx and dtt1.CMEDIUMINT <> dtt2.CTIME ;
cidx	CMEDIUMINT	CTIME
1	1000	11:58:28
2	1000	11:58:28
3	1000	11:58:28
4	1000	11:58:28
5	1000	11:58:28
6	1000	11:58:28
7	1000	11:58:28
8	1000	11:58:28
9	1000	11:58:28
10	1000	11:58:28
select dtt1.cidx, dtt1.CMEDIUMINT, dtt2.CTIME from datatypetestm1 dtt1, datatypetestm2 dtt2 where dtt1.cidx = dtt2.cidx and dtt1.CMEDIUMINT < dtt2.CTIME ;
cidx	CMEDIUMINT	CTIME
1	1000	11:58:28
2	1000	11:58:28
3	1000	11:58:28
4	1000	11:58:28
5	1000	11:58:28
6	1000	11:58:28
7	1000	11:58:28
8	1000	11:58:28
9	1000	11:58:28
10	1000	11:58:28
select dtt1.cidx, dtt1.CMEDIUMINT, dtt2.CTIME from datatypetestm1 dtt1, datatypetestm2 dtt2 where dtt1.cidx = dtt2.cidx and dtt1.CMEDIUMINT <= dtt2.CTIME ;
cidx	CMEDIUMINT	CTIME
1	1000	11:58:28
2	1000	11:58:28
3	1000	11:58:28
4	1000	11:58:28
5	1000	11:58:28
6	1000	11:58:28
7	1000	11:58:28
8	1000	11:58:28
9	1000	11:58:28
10	1000	11:58:28
