USE autopilot;
select dtt1.cidx, dtt1.CTINYINT, dtt2.CDECIMAL18_2 from datatypetestm1 dtt1, datatypetestm2 dtt2 where dtt1.cidx = dtt2.cidx and dtt1.CTINYINT > dtt2.CDECIMAL18_2 ;
cidx	CTINYINT	CDECIMAL18_2
1	-26	-99999999999.99
2	-25	-99999999999.98
3	-24	-99999999999.97
4	-23	-99999999999.96
5	-22	-99999999999.95
select dtt1.cidx, dtt1.CTINYINT, dtt2.CDECIMAL18_2 from datatypetestm1 dtt1, datatypetestm2 dtt2 where dtt1.cidx = dtt2.cidx and dtt1.CTINYINT >= dtt2.CDECIMAL18_2 ;
cidx	CTINYINT	CDECIMAL18_2
1	-26	-99999999999.99
2	-25	-99999999999.98
3	-24	-99999999999.97
4	-23	-99999999999.96
5	-22	-99999999999.95
11	0	0.00
select dtt1.cidx, dtt1.CTINYINT, dtt2.CDECIMAL18_2 from datatypetestm1 dtt1, datatypetestm2 dtt2 where dtt1.cidx = dtt2.cidx and dtt1.CTINYINT <> dtt2.CDECIMAL18_2 ;
cidx	CTINYINT	CDECIMAL18_2
1	-26	-99999999999.99
2	-25	-99999999999.98
3	-24	-99999999999.97
4	-23	-99999999999.96
5	-22	-99999999999.95
6	23	99999999999.95
7	24	99999999999.96
8	25	99999999999.97
9	26	99999999999.98
10	27	99999999999.99
select dtt1.cidx, dtt1.CTINYINT, dtt2.CDECIMAL18_2 from datatypetestm1 dtt1, datatypetestm2 dtt2 where dtt1.cidx = dtt2.cidx and dtt1.CTINYINT < dtt2.CDECIMAL18_2 ;
cidx	CTINYINT	CDECIMAL18_2
6	23	99999999999.95
7	24	99999999999.96
8	25	99999999999.97
9	26	99999999999.98
10	27	99999999999.99
select dtt1.cidx, dtt1.CTINYINT, dtt2.CDECIMAL18_2 from datatypetestm1 dtt1, datatypetestm2 dtt2 where dtt1.cidx = dtt2.cidx and dtt1.CTINYINT <= dtt2.CDECIMAL18_2 ;
cidx	CTINYINT	CDECIMAL18_2
6	23	99999999999.95
7	24	99999999999.96
8	25	99999999999.97
9	26	99999999999.98
10	27	99999999999.99
11	0	0.00
