USE autopilot;
select dtt1.cidx, dtt1.CVCHAR3, dtt2.CDECIMAL10 from datatypetestm1 dtt1, datatypetestm2 dtt2 where dtt1.cidx = dtt2.cidx and dtt1.CVCHAR3 > dtt2.CDECIMAL10 ;
cidx	CVCHAR3	CDECIMAL10
1	aaa	-9999999
2	c	-9999998
3	cc	-9999997
4	ccc	-9999996
5	ccc	-9999995
select dtt1.cidx, dtt1.CVCHAR3, dtt2.CDECIMAL10 from datatypetestm1 dtt1, datatypetestm2 dtt2 where dtt1.cidx = dtt2.cidx and dtt1.CVCHAR3 >= dtt2.CDECIMAL10 ;
cidx	CVCHAR3	CDECIMAL10
1	aaa	-9999999
2	c	-9999998
3	cc	-9999997
4	ccc	-9999996
5	ccc	-9999995
select dtt1.cidx, dtt1.CVCHAR3, dtt2.CDECIMAL10 from datatypetestm1 dtt1, datatypetestm2 dtt2 where dtt1.cidx = dtt2.cidx and dtt1.CVCHAR3 <> dtt2.CDECIMAL10 ;
cidx	CVCHAR3	CDECIMAL10
1	aaa	-9999999
2	c	-9999998
3	cc	-9999997
4	ccc	-9999996
5	ccc	-9999995
6	xxx	9999995
7	xxx	9999996
8	xxx	9999997
9	xxx	9999998
10	zzz	9999999
select dtt1.cidx, dtt1.CVCHAR3, dtt2.CDECIMAL10 from datatypetestm1 dtt1, datatypetestm2 dtt2 where dtt1.cidx = dtt2.cidx and dtt1.CVCHAR3 < dtt2.CDECIMAL10 ;
cidx	CVCHAR3	CDECIMAL10
6	xxx	9999995
7	xxx	9999996
8	xxx	9999997
9	xxx	9999998
10	zzz	9999999
select dtt1.cidx, dtt1.CVCHAR3, dtt2.CDECIMAL10 from datatypetestm1 dtt1, datatypetestm2 dtt2 where dtt1.cidx = dtt2.cidx and dtt1.CVCHAR3 <= dtt2.CDECIMAL10 ;
cidx	CVCHAR3	CDECIMAL10
6	xxx	9999995
7	xxx	9999996
8	xxx	9999997
9	xxx	9999998
10	zzz	9999999
