USE autopilot;
select dtt1.cidx, dtt1.CTIME, dtt2.CBIGINT from datatypetestm1 dtt1, datatypetestm2 dtt2 where dtt1.cidx = dtt2.cidx and dtt1.CTIME > dtt2.CBIGINT ;
cidx	CTIME	CBIGINT
1	11:58:28	-72036854775806
2	11:58:28	-72036854775805
3	11:58:28	-72036854775804
4	11:58:28	-72036854775803
5	11:58:28	-72036854775802
6	11:58:28	72036854775803
7	11:58:28	72036854775804
8	11:58:28	72036854775805
9	11:58:28	72036854775806
10	11:58:28	72036854775807
11	11:58:28	0
select dtt1.cidx, dtt1.CTIME, dtt2.CBIGINT from datatypetestm1 dtt1, datatypetestm2 dtt2 where dtt1.cidx = dtt2.cidx and dtt1.CTIME >= dtt2.CBIGINT ;
cidx	CTIME	CBIGINT
1	11:58:28	-72036854775806
2	11:58:28	-72036854775805
3	11:58:28	-72036854775804
4	11:58:28	-72036854775803
5	11:58:28	-72036854775802
6	11:58:28	72036854775803
7	11:58:28	72036854775804
8	11:58:28	72036854775805
9	11:58:28	72036854775806
10	11:58:28	72036854775807
11	11:58:28	0
select dtt1.cidx, dtt1.CTIME, dtt2.CBIGINT from datatypetestm1 dtt1, datatypetestm2 dtt2 where dtt1.cidx = dtt2.cidx and dtt1.CTIME <> dtt2.CBIGINT ;
cidx	CTIME	CBIGINT
1	11:58:28	-72036854775806
2	11:58:28	-72036854775805
3	11:58:28	-72036854775804
4	11:58:28	-72036854775803
5	11:58:28	-72036854775802
6	11:58:28	72036854775803
7	11:58:28	72036854775804
8	11:58:28	72036854775805
9	11:58:28	72036854775806
10	11:58:28	72036854775807
11	11:58:28	0
select dtt1.cidx, dtt1.CTIME, dtt2.CBIGINT from datatypetestm1 dtt1, datatypetestm2 dtt2 where dtt1.cidx = dtt2.cidx and dtt1.CTIME < dtt2.CBIGINT ;
cidx	CTIME	CBIGINT
select dtt1.cidx, dtt1.CTIME, dtt2.CBIGINT from datatypetestm1 dtt1, datatypetestm2 dtt2 where dtt1.cidx = dtt2.cidx and dtt1.CTIME <= dtt2.CBIGINT ;
cidx	CTIME	CBIGINT
