USE autopilot;
select dtt1.cidx, dtt1.CDECIMAL18, dtt2.CDATETIME from datatypetestm1 dtt1, datatypetestm2 dtt2 where dtt1.cidx = dtt2.cidx and dtt1.CDECIMAL18 > dtt2.CDATETIME ;
cidx	CDECIMAL18	CDATETIME
select dtt1.cidx, dtt1.CDECIMAL18, dtt2.CDATETIME from datatypetestm1 dtt1, datatypetestm2 dtt2 where dtt1.cidx = dtt2.cidx and dtt1.CDECIMAL18 >= dtt2.CDATETIME ;
cidx	CDECIMAL18	CDATETIME
select dtt1.cidx, dtt1.CDECIMAL18, dtt2.CDATETIME from datatypetestm1 dtt1, datatypetestm2 dtt2 where dtt1.cidx = dtt2.cidx and dtt1.CDECIMAL18 <> dtt2.CDATETIME ;
cidx	CDECIMAL18	CDATETIME
1	-9999999999999	1997-01-01 00:00:00
2	-9999999999998	1997-01-01 00:00:01
3	-9999999999997	1997-01-02 00:00:01
4	-9999999999996	1997-01-03 00:00:02
5	-9999999999995	1997-01-04 00:00:03
6	9999999999995	2009-12-31 23:59:56
7	9999999999996	2009-12-31 23:59:57
8	9999999999997	2009-12-31 23:59:58
9	9999999999998	2009-12-31 23:59:59
10	9999999999999	2009-12-31 23:59:59
11	0	2009-12-31 23:59:59
select dtt1.cidx, dtt1.CDECIMAL18, dtt2.CDATETIME from datatypetestm1 dtt1, datatypetestm2 dtt2 where dtt1.cidx = dtt2.cidx and dtt1.CDECIMAL18 < dtt2.CDATETIME ;
cidx	CDECIMAL18	CDATETIME
1	-9999999999999	1997-01-01 00:00:00
2	-9999999999998	1997-01-01 00:00:01
3	-9999999999997	1997-01-02 00:00:01
4	-9999999999996	1997-01-03 00:00:02
5	-9999999999995	1997-01-04 00:00:03
6	9999999999995	2009-12-31 23:59:56
7	9999999999996	2009-12-31 23:59:57
8	9999999999997	2009-12-31 23:59:58
9	9999999999998	2009-12-31 23:59:59
10	9999999999999	2009-12-31 23:59:59
11	0	2009-12-31 23:59:59
select dtt1.cidx, dtt1.CDECIMAL18, dtt2.CDATETIME from datatypetestm1 dtt1, datatypetestm2 dtt2 where dtt1.cidx = dtt2.cidx and dtt1.CDECIMAL18 <= dtt2.CDATETIME ;
cidx	CDECIMAL18	CDATETIME
1	-9999999999999	1997-01-01 00:00:00
2	-9999999999998	1997-01-01 00:00:01
3	-9999999999997	1997-01-02 00:00:01
4	-9999999999996	1997-01-03 00:00:02
5	-9999999999995	1997-01-04 00:00:03
6	9999999999995	2009-12-31 23:59:56
7	9999999999996	2009-12-31 23:59:57
8	9999999999997	2009-12-31 23:59:58
9	9999999999998	2009-12-31 23:59:59
10	9999999999999	2009-12-31 23:59:59
11	0	2009-12-31 23:59:59
