USE autopilot;
select dtt1.cidx, dtt1.CTIME, dtt2.CTINYINT from datatypetestm1 dtt1, datatypetestm2 dtt2 where dtt1.cidx = dtt2.cidx and dtt1.CTIME > dtt2.CTINYINT ;
cidx	CTIME	CTINYINT
1	11:58:28	-26
2	11:58:28	-25
3	11:58:28	-24
4	11:58:28	-23
5	11:58:28	-22
6	11:58:28	23
7	11:58:28	24
8	11:58:28	25
9	11:58:28	26
10	11:58:28	27
11	11:58:28	0
select dtt1.cidx, dtt1.CTIME, dtt2.CTINYINT from datatypetestm1 dtt1, datatypetestm2 dtt2 where dtt1.cidx = dtt2.cidx and dtt1.CTIME >= dtt2.CTINYINT ;
cidx	CTIME	CTINYINT
1	11:58:28	-26
2	11:58:28	-25
3	11:58:28	-24
4	11:58:28	-23
5	11:58:28	-22
6	11:58:28	23
7	11:58:28	24
8	11:58:28	25
9	11:58:28	26
10	11:58:28	27
11	11:58:28	0
select dtt1.cidx, dtt1.CTIME, dtt2.CTINYINT from datatypetestm1 dtt1, datatypetestm2 dtt2 where dtt1.cidx = dtt2.cidx and dtt1.CTIME <> dtt2.CTINYINT ;
cidx	CTIME	CTINYINT
1	11:58:28	-26
2	11:58:28	-25
3	11:58:28	-24
4	11:58:28	-23
5	11:58:28	-22
6	11:58:28	23
7	11:58:28	24
8	11:58:28	25
9	11:58:28	26
10	11:58:28	27
11	11:58:28	0
select dtt1.cidx, dtt1.CTIME, dtt2.CTINYINT from datatypetestm1 dtt1, datatypetestm2 dtt2 where dtt1.cidx = dtt2.cidx and dtt1.CTIME < dtt2.CTINYINT ;
cidx	CTIME	CTINYINT
select dtt1.cidx, dtt1.CTIME, dtt2.CTINYINT from datatypetestm1 dtt1, datatypetestm2 dtt2 where dtt1.cidx = dtt2.cidx and dtt1.CTIME <= dtt2.CTINYINT ;
cidx	CTIME	CTINYINT
