USE autopilot;
select dtt1.cidx, dtt1.CTINYINT, dtt2.CTEXT from datatypetestm1 dtt1, datatypetestm2 dtt2 where dtt1.cidx = dtt2.cidx and dtt1.CTINYINT > dtt2.CTEXT ;
cidx	CTINYINT	CTEXT
6	23	texttexttext
7	24	texttexttext
8	25	texttexttext
9	26	texttexttext
10	27	texttexttext
select dtt1.cidx, dtt1.CTINYINT, dtt2.CTEXT from datatypetestm1 dtt1, datatypetestm2 dtt2 where dtt1.cidx = dtt2.cidx and dtt1.CTINYINT >= dtt2.CTEXT ;
cidx	CTINYINT	CTEXT
6	23	texttexttext
7	24	texttexttext
8	25	texttexttext
9	26	texttexttext
10	27	texttexttext
select dtt1.cidx, dtt1.CTINYINT, dtt2.CTEXT from datatypetestm1 dtt1, datatypetestm2 dtt2 where dtt1.cidx = dtt2.cidx and dtt1.CTINYINT <> dtt2.CTEXT ;
cidx	CTINYINT	CTEXT
1	-26	texttexttext
2	-25	texttexttext
3	-24	texttexttext
4	-23	texttexttext
5	-22	texttexttext
6	23	texttexttext
7	24	texttexttext
8	25	texttexttext
9	26	texttexttext
10	27	texttexttext
select dtt1.cidx, dtt1.CTINYINT, dtt2.CTEXT from datatypetestm1 dtt1, datatypetestm2 dtt2 where dtt1.cidx = dtt2.cidx and dtt1.CTINYINT < dtt2.CTEXT ;
cidx	CTINYINT	CTEXT
1	-26	texttexttext
2	-25	texttexttext
3	-24	texttexttext
4	-23	texttexttext
5	-22	texttexttext
select dtt1.cidx, dtt1.CTINYINT, dtt2.CTEXT from datatypetestm1 dtt1, datatypetestm2 dtt2 where dtt1.cidx = dtt2.cidx and dtt1.CTINYINT <= dtt2.CTEXT ;
cidx	CTINYINT	CTEXT
1	-26	texttexttext
2	-25	texttexttext
3	-24	texttexttext
4	-23	texttexttext
5	-22	texttexttext
