USE autopilot;
select dtt1.cidx, dtt1.CDECIMAL18_2, dtt2.CMEDIUMINT from datatypetestm1 dtt1, datatypetestm2 dtt2 where dtt1.cidx = dtt2.cidx and dtt1.CDECIMAL18_2 > dtt2.CMEDIUMINT ;
cidx	CDECIMAL18_2	CMEDIUMINT
6	99999999999.95	1000
7	99999999999.96	1000
8	99999999999.97	1000
9	99999999999.98	1000
10	99999999999.99	1000
select dtt1.cidx, dtt1.CDECIMAL18_2, dtt2.CMEDIUMINT from datatypetestm1 dtt1, datatypetestm2 dtt2 where dtt1.cidx = dtt2.cidx and dtt1.CDECIMAL18_2 >= dtt2.CMEDIUMINT ;
cidx	CDECIMAL18_2	CMEDIUMINT
6	99999999999.95	1000
7	99999999999.96	1000
8	99999999999.97	1000
9	99999999999.98	1000
10	99999999999.99	1000
select dtt1.cidx, dtt1.CDECIMAL18_2, dtt2.CMEDIUMINT from datatypetestm1 dtt1, datatypetestm2 dtt2 where dtt1.cidx = dtt2.cidx and dtt1.CDECIMAL18_2 <> dtt2.CMEDIUMINT ;
cidx	CDECIMAL18_2	CMEDIUMINT
1	-99999999999.99	1000
2	-99999999999.98	1000
3	-99999999999.97	1000
4	-99999999999.96	1000
5	-99999999999.95	1000
6	99999999999.95	1000
7	99999999999.96	1000
8	99999999999.97	1000
9	99999999999.98	1000
10	99999999999.99	1000
select dtt1.cidx, dtt1.CDECIMAL18_2, dtt2.CMEDIUMINT from datatypetestm1 dtt1, datatypetestm2 dtt2 where dtt1.cidx = dtt2.cidx and dtt1.CDECIMAL18_2 < dtt2.CMEDIUMINT ;
cidx	CDECIMAL18_2	CMEDIUMINT
1	-99999999999.99	1000
2	-99999999999.98	1000
3	-99999999999.97	1000
4	-99999999999.96	1000
5	-99999999999.95	1000
select dtt1.cidx, dtt1.CDECIMAL18_2, dtt2.CMEDIUMINT from datatypetestm1 dtt1, datatypetestm2 dtt2 where dtt1.cidx = dtt2.cidx and dtt1.CDECIMAL18_2 <= dtt2.CMEDIUMINT ;
cidx	CDECIMAL18_2	CMEDIUMINT
1	-99999999999.99	1000
2	-99999999999.98	1000
3	-99999999999.97	1000
4	-99999999999.96	1000
5	-99999999999.95	1000
