USE autopilot;
select dtt1.cidx, dtt1.CDECIMAL5, dtt2.CDATE from datatypetestm1 dtt1, datatypetestm2 dtt2 where dtt1.cidx = dtt2.cidx and dtt1.CDECIMAL5 > dtt2.CDATE ;
cidx	CDECIMAL5	CDATE
select dtt1.cidx, dtt1.CDECIMAL5, dtt2.CDATE from datatypetestm1 dtt1, datatypetestm2 dtt2 where dtt1.cidx = dtt2.cidx and dtt1.CDECIMAL5 >= dtt2.CDATE ;
cidx	CDECIMAL5	CDATE
select dtt1.cidx, dtt1.CDECIMAL5, dtt2.CDATE from datatypetestm1 dtt1, datatypetestm2 dtt2 where dtt1.cidx = dtt2.cidx and dtt1.CDECIMAL5 <> dtt2.CDATE ;
cidx	CDECIMAL5	CDATE
1	-999	1997-01-01
2	-998	1997-01-01
3	-997	1997-01-02
4	-996	1997-01-03
5	-995	1997-01-04
6	995	2009-12-28
7	996	2009-12-29
8	997	2009-12-30
9	998	2009-12-31
10	999	2009-12-31
11	0	2009-12-31
select dtt1.cidx, dtt1.CDECIMAL5, dtt2.CDATE from datatypetestm1 dtt1, datatypetestm2 dtt2 where dtt1.cidx = dtt2.cidx and dtt1.CDECIMAL5 < dtt2.CDATE ;
cidx	CDECIMAL5	CDATE
1	-999	1997-01-01
2	-998	1997-01-01
3	-997	1997-01-02
4	-996	1997-01-03
5	-995	1997-01-04
6	995	2009-12-28
7	996	2009-12-29
8	997	2009-12-30
9	998	2009-12-31
10	999	2009-12-31
11	0	2009-12-31
select dtt1.cidx, dtt1.CDECIMAL5, dtt2.CDATE from datatypetestm1 dtt1, datatypetestm2 dtt2 where dtt1.cidx = dtt2.cidx and dtt1.CDECIMAL5 <= dtt2.CDATE ;
cidx	CDECIMAL5	CDATE
1	-999	1997-01-01
2	-998	1997-01-01
3	-997	1997-01-02
4	-996	1997-01-03
5	-995	1997-01-04
6	995	2009-12-28
7	996	2009-12-29
8	997	2009-12-30
9	998	2009-12-31
10	999	2009-12-31
11	0	2009-12-31
