USE autopilot;
select dtt1.cidx, dtt1.CTIME, dtt2.CMEDIUMTEXT from datatypetestm1 dtt1, datatypetestm2 dtt2 where dtt1.cidx = dtt2.cidx and dtt1.CTIME > dtt2.CMEDIUMTEXT ;
cidx	CTIME	CMEDIUMTEXT
1	11:58:28	mediumtestmediumtest
2	11:58:28	mediumtestmediumtest
3	11:58:28	mediumtestmediumtest
4	11:58:28	mediumtestmediumtest
5	11:58:28	mediumtestmediumtest
6	11:58:28	mediumtestmediumtest
7	11:58:28	mediumtestmediumtest
8	11:58:28	mediumtestmediumtest
9	11:58:28	mediumtestmediumtest
10	11:58:28	mediumtestmediumtest
select dtt1.cidx, dtt1.CTIME, dtt2.CMEDIUMTEXT from datatypetestm1 dtt1, datatypetestm2 dtt2 where dtt1.cidx = dtt2.cidx and dtt1.CTIME >= dtt2.CMEDIUMTEXT ;
cidx	CTIME	CMEDIUMTEXT
1	11:58:28	mediumtestmediumtest
2	11:58:28	mediumtestmediumtest
3	11:58:28	mediumtestmediumtest
4	11:58:28	mediumtestmediumtest
5	11:58:28	mediumtestmediumtest
6	11:58:28	mediumtestmediumtest
7	11:58:28	mediumtestmediumtest
8	11:58:28	mediumtestmediumtest
9	11:58:28	mediumtestmediumtest
10	11:58:28	mediumtestmediumtest
select dtt1.cidx, dtt1.CTIME, dtt2.CMEDIUMTEXT from datatypetestm1 dtt1, datatypetestm2 dtt2 where dtt1.cidx = dtt2.cidx and dtt1.CTIME <> dtt2.CMEDIUMTEXT ;
cidx	CTIME	CMEDIUMTEXT
1	11:58:28	mediumtestmediumtest
2	11:58:28	mediumtestmediumtest
3	11:58:28	mediumtestmediumtest
4	11:58:28	mediumtestmediumtest
5	11:58:28	mediumtestmediumtest
6	11:58:28	mediumtestmediumtest
7	11:58:28	mediumtestmediumtest
8	11:58:28	mediumtestmediumtest
9	11:58:28	mediumtestmediumtest
10	11:58:28	mediumtestmediumtest
select dtt1.cidx, dtt1.CTIME, dtt2.CMEDIUMTEXT from datatypetestm1 dtt1, datatypetestm2 dtt2 where dtt1.cidx = dtt2.cidx and dtt1.CTIME < dtt2.CMEDIUMTEXT ;
cidx	CTIME	CMEDIUMTEXT
select dtt1.cidx, dtt1.CTIME, dtt2.CMEDIUMTEXT from datatypetestm1 dtt1, datatypetestm2 dtt2 where dtt1.cidx = dtt2.cidx and dtt1.CTIME <= dtt2.CMEDIUMTEXT ;
cidx	CTIME	CMEDIUMTEXT
