USE autopilot;
select dtt1.cidx, dtt1.CDECIMAL18, dtt2.CCHAR8 from datatypetestm1 dtt1, datatypetestm2 dtt2 where dtt1.cidx = dtt2.cidx and dtt1.CDECIMAL18 > dtt2.CCHAR8 ;
cidx	CDECIMAL18	CCHAR8
6	9999999999995	sssssss
7	9999999999996	ssssssss
8	9999999999997	ssssssss
9	9999999999998	ssssssss
10	9999999999999	zzzzzzzz
select dtt1.cidx, dtt1.CDECIMAL18, dtt2.CCHAR8 from datatypetestm1 dtt1, datatypetestm2 dtt2 where dtt1.cidx = dtt2.cidx and dtt1.CDECIMAL18 >= dtt2.CCHAR8 ;
cidx	CDECIMAL18	CCHAR8
6	9999999999995	sssssss
7	9999999999996	ssssssss
8	9999999999997	ssssssss
9	9999999999998	ssssssss
10	9999999999999	zzzzzzzz
select dtt1.cidx, dtt1.CDECIMAL18, dtt2.CCHAR8 from datatypetestm1 dtt1, datatypetestm2 dtt2 where dtt1.cidx = dtt2.cidx and dtt1.CDECIMAL18 <> dtt2.CCHAR8 ;
cidx	CDECIMAL18	CCHAR8
1	-9999999999999	aaaaaaaa
2	-9999999999998	h
3	-9999999999997	hh
4	-9999999999996	hhh
5	-9999999999995	hhhh
6	9999999999995	sssssss
7	9999999999996	ssssssss
8	9999999999997	ssssssss
9	9999999999998	ssssssss
10	9999999999999	zzzzzzzz
select dtt1.cidx, dtt1.CDECIMAL18, dtt2.CCHAR8 from datatypetestm1 dtt1, datatypetestm2 dtt2 where dtt1.cidx = dtt2.cidx and dtt1.CDECIMAL18 < dtt2.CCHAR8 ;
cidx	CDECIMAL18	CCHAR8
1	-9999999999999	aaaaaaaa
2	-9999999999998	h
3	-9999999999997	hh
4	-9999999999996	hhh
5	-9999999999995	hhhh
select dtt1.cidx, dtt1.CDECIMAL18, dtt2.CCHAR8 from datatypetestm1 dtt1, datatypetestm2 dtt2 where dtt1.cidx = dtt2.cidx and dtt1.CDECIMAL18 <= dtt2.CCHAR8 ;
cidx	CDECIMAL18	CCHAR8
1	-9999999999999	aaaaaaaa
2	-9999999999998	h
3	-9999999999997	hh
4	-9999999999996	hhh
5	-9999999999995	hhhh
