USE autopilot;
select dtt1.cidx, dtt1.CDOUBLE, dtt2.CVCHAR7 from datatypetestm1 dtt1, datatypetestm2 dtt2 where dtt1.cidx = dtt2.cidx and dtt1.CDOUBLE > dtt2.CVCHAR7 ;
cidx	CDOUBLE	CVCHAR7
6	1.797693227e108	ttttttt
7	1.797693228e108	ttttttt
8	1.797693229e108	ttttttt
9	1.79769323e108	ttttttt
10	1.797693231e108	zzzzzzz
select dtt1.cidx, dtt1.CDOUBLE, dtt2.CVCHAR7 from datatypetestm1 dtt1, datatypetestm2 dtt2 where dtt1.cidx = dtt2.cidx and dtt1.CDOUBLE >= dtt2.CVCHAR7 ;
cidx	CDOUBLE	CVCHAR7
6	1.797693227e108	ttttttt
7	1.797693228e108	ttttttt
8	1.797693229e108	ttttttt
9	1.79769323e108	ttttttt
10	1.797693231e108	zzzzzzz
select dtt1.cidx, dtt1.CDOUBLE, dtt2.CVCHAR7 from datatypetestm1 dtt1, datatypetestm2 dtt2 where dtt1.cidx = dtt2.cidx and dtt1.CDOUBLE <> dtt2.CVCHAR7 ;
cidx	CDOUBLE	CVCHAR7
1	-1.797693231e108	aaaaaaa
2	-1.79769323e108	g
3	-1.797693229e108	gg
4	-1.797693228e108	ggg
5	-1.797693227e108	gggg
6	1.797693227e108	ttttttt
7	1.797693228e108	ttttttt
8	1.797693229e108	ttttttt
9	1.79769323e108	ttttttt
10	1.797693231e108	zzzzzzz
select dtt1.cidx, dtt1.CDOUBLE, dtt2.CVCHAR7 from datatypetestm1 dtt1, datatypetestm2 dtt2 where dtt1.cidx = dtt2.cidx and dtt1.CDOUBLE < dtt2.CVCHAR7 ;
cidx	CDOUBLE	CVCHAR7
1	-1.797693231e108	aaaaaaa
2	-1.79769323e108	g
3	-1.797693229e108	gg
4	-1.797693228e108	ggg
5	-1.797693227e108	gggg
select dtt1.cidx, dtt1.CDOUBLE, dtt2.CVCHAR7 from datatypetestm1 dtt1, datatypetestm2 dtt2 where dtt1.cidx = dtt2.cidx and dtt1.CDOUBLE <= dtt2.CVCHAR7 ;
cidx	CDOUBLE	CVCHAR7
1	-1.797693231e108	aaaaaaa
2	-1.79769323e108	g
3	-1.797693229e108	gg
4	-1.797693228e108	ggg
5	-1.797693227e108	gggg
