USE autopilot;
select dtt1.cidx, dtt1.CDECIMAL4_2, dtt2.CCHAR1 from datatypetestm1 dtt1, datatypetestm2 dtt2 where dtt1.cidx = dtt2.cidx and dtt1.CDECIMAL4_2 > dtt2.CCHAR1 ;
cidx	CDECIMAL4_2	CCHAR1
6	9.95	z
7	9.96	z
8	9.97	z
9	9.98	z
10	9.99	z
select dtt1.cidx, dtt1.CDECIMAL4_2, dtt2.CCHAR1 from datatypetestm1 dtt1, datatypetestm2 dtt2 where dtt1.cidx = dtt2.cidx and dtt1.CDECIMAL4_2 >= dtt2.CCHAR1 ;
cidx	CDECIMAL4_2	CCHAR1
6	9.95	z
7	9.96	z
8	9.97	z
9	9.98	z
10	9.99	z
select dtt1.cidx, dtt1.CDECIMAL4_2, dtt2.CCHAR1 from datatypetestm1 dtt1, datatypetestm2 dtt2 where dtt1.cidx = dtt2.cidx and dtt1.CDECIMAL4_2 <> dtt2.CCHAR1 ;
cidx	CDECIMAL4_2	CCHAR1
1	-9.99	a
2	-9.98	a
3	-9.97	a
4	-9.96	a
5	-9.95	a
6	9.95	z
7	9.96	z
8	9.97	z
9	9.98	z
10	9.99	z
select dtt1.cidx, dtt1.CDECIMAL4_2, dtt2.CCHAR1 from datatypetestm1 dtt1, datatypetestm2 dtt2 where dtt1.cidx = dtt2.cidx and dtt1.CDECIMAL4_2 < dtt2.CCHAR1 ;
cidx	CDECIMAL4_2	CCHAR1
1	-9.99	a
2	-9.98	a
3	-9.97	a
4	-9.96	a
5	-9.95	a
select dtt1.cidx, dtt1.CDECIMAL4_2, dtt2.CCHAR1 from datatypetestm1 dtt1, datatypetestm2 dtt2 where dtt1.cidx = dtt2.cidx and dtt1.CDECIMAL4_2 <= dtt2.CCHAR1 ;
cidx	CDECIMAL4_2	CCHAR1
1	-9.99	a
2	-9.98	a
3	-9.97	a
4	-9.96	a
5	-9.95	a
