USE autopilot;
select dtt1.cidx, dtt1.CVCHAR4, dtt2.CCHAR2 from datatypetestm1 dtt1, datatypetestm2 dtt2 where dtt1.cidx = dtt2.cidx and dtt1.CVCHAR4 > dtt2.CCHAR2 ;
cidx	CVCHAR4	CCHAR2
1	aaaa	aa
2	d	b
3	dd	bb
4	ddd	bb
5	dddd	bb
10	zzzz	zz
select dtt1.cidx, dtt1.CVCHAR4, dtt2.CCHAR2 from datatypetestm1 dtt1, datatypetestm2 dtt2 where dtt1.cidx = dtt2.cidx and dtt1.CVCHAR4 >= dtt2.CCHAR2 ;
cidx	CVCHAR4	CCHAR2
1	aaaa	aa
2	d	b
3	dd	bb
4	ddd	bb
5	dddd	bb
10	zzzz	zz
select dtt1.cidx, dtt1.CVCHAR4, dtt2.CCHAR2 from datatypetestm1 dtt1, datatypetestm2 dtt2 where dtt1.cidx = dtt2.cidx and dtt1.CVCHAR4 <> dtt2.CCHAR2 ;
cidx	CVCHAR4	CCHAR2
1	aaaa	aa
2	d	b
3	dd	bb
4	ddd	bb
5	dddd	bb
6	wwww	yy
7	wwww	yy
8	wwww	yy
9	wwww	yy
10	zzzz	zz
select dtt1.cidx, dtt1.CVCHAR4, dtt2.CCHAR2 from datatypetestm1 dtt1, datatypetestm2 dtt2 where dtt1.cidx = dtt2.cidx and dtt1.CVCHAR4 < dtt2.CCHAR2 ;
cidx	CVCHAR4	CCHAR2
6	wwww	yy
7	wwww	yy
8	wwww	yy
9	wwww	yy
select dtt1.cidx, dtt1.CVCHAR4, dtt2.CCHAR2 from datatypetestm1 dtt1, datatypetestm2 dtt2 where dtt1.cidx = dtt2.cidx and dtt1.CVCHAR4 <= dtt2.CCHAR2 ;
cidx	CVCHAR4	CCHAR2
6	wwww	yy
7	wwww	yy
8	wwww	yy
9	wwww	yy
