USE autopilot;
select dtt1.cidx, dtt1.CTIME, dtt2.CTEXT from datatypetestm1 dtt1, datatypetestm2 dtt2 where dtt1.cidx = dtt2.cidx and dtt1.CTIME > dtt2.CTEXT ;
cidx	CTIME	CTEXT
1	11:58:28	texttexttext
2	11:58:28	texttexttext
3	11:58:28	texttexttext
4	11:58:28	texttexttext
5	11:58:28	texttexttext
6	11:58:28	texttexttext
7	11:58:28	texttexttext
8	11:58:28	texttexttext
9	11:58:28	texttexttext
10	11:58:28	texttexttext
select dtt1.cidx, dtt1.CTIME, dtt2.CTEXT from datatypetestm1 dtt1, datatypetestm2 dtt2 where dtt1.cidx = dtt2.cidx and dtt1.CTIME >= dtt2.CTEXT ;
cidx	CTIME	CTEXT
1	11:58:28	texttexttext
2	11:58:28	texttexttext
3	11:58:28	texttexttext
4	11:58:28	texttexttext
5	11:58:28	texttexttext
6	11:58:28	texttexttext
7	11:58:28	texttexttext
8	11:58:28	texttexttext
9	11:58:28	texttexttext
10	11:58:28	texttexttext
select dtt1.cidx, dtt1.CTIME, dtt2.CTEXT from datatypetestm1 dtt1, datatypetestm2 dtt2 where dtt1.cidx = dtt2.cidx and dtt1.CTIME <> dtt2.CTEXT ;
cidx	CTIME	CTEXT
1	11:58:28	texttexttext
2	11:58:28	texttexttext
3	11:58:28	texttexttext
4	11:58:28	texttexttext
5	11:58:28	texttexttext
6	11:58:28	texttexttext
7	11:58:28	texttexttext
8	11:58:28	texttexttext
9	11:58:28	texttexttext
10	11:58:28	texttexttext
select dtt1.cidx, dtt1.CTIME, dtt2.CTEXT from datatypetestm1 dtt1, datatypetestm2 dtt2 where dtt1.cidx = dtt2.cidx and dtt1.CTIME < dtt2.CTEXT ;
cidx	CTIME	CTEXT
select dtt1.cidx, dtt1.CTIME, dtt2.CTEXT from datatypetestm1 dtt1, datatypetestm2 dtt2 where dtt1.cidx = dtt2.cidx and dtt1.CTIME <= dtt2.CTEXT ;
cidx	CTIME	CTEXT
