USE autopilot;
select dtt1.cidx, dtt1.CDECIMAL9_2, dtt2.CVCHAR5 from datatypetestm1 dtt1, datatypetestm2 dtt2 where dtt1.cidx = dtt2.cidx and dtt1.CDECIMAL9_2 > dtt2.CVCHAR5 ;
cidx	CDECIMAL9_2	CVCHAR5
6	9999.95	vvvvv
7	9999.96	vvvvv
8	9999.97	vvvvv
9	9999.98	vvvvv
10	9999.99	zzzzz
select dtt1.cidx, dtt1.CDECIMAL9_2, dtt2.CVCHAR5 from datatypetestm1 dtt1, datatypetestm2 dtt2 where dtt1.cidx = dtt2.cidx and dtt1.CDECIMAL9_2 >= dtt2.CVCHAR5 ;
cidx	CDECIMAL9_2	CVCHAR5
6	9999.95	vvvvv
7	9999.96	vvvvv
8	9999.97	vvvvv
9	9999.98	vvvvv
10	9999.99	zzzzz
select dtt1.cidx, dtt1.CDECIMAL9_2, dtt2.CVCHAR5 from datatypetestm1 dtt1, datatypetestm2 dtt2 where dtt1.cidx = dtt2.cidx and dtt1.CDECIMAL9_2 <> dtt2.CVCHAR5 ;
cidx	CDECIMAL9_2	CVCHAR5
1	-9999.99	aaaaa
2	-9999.98	e
3	-9999.97	ee
4	-9999.96	eee
5	-9999.95	eeee
6	9999.95	vvvvv
7	9999.96	vvvvv
8	9999.97	vvvvv
9	9999.98	vvvvv
10	9999.99	zzzzz
select dtt1.cidx, dtt1.CDECIMAL9_2, dtt2.CVCHAR5 from datatypetestm1 dtt1, datatypetestm2 dtt2 where dtt1.cidx = dtt2.cidx and dtt1.CDECIMAL9_2 < dtt2.CVCHAR5 ;
cidx	CDECIMAL9_2	CVCHAR5
1	-9999.99	aaaaa
2	-9999.98	e
3	-9999.97	ee
4	-9999.96	eee
5	-9999.95	eeee
select dtt1.cidx, dtt1.CDECIMAL9_2, dtt2.CVCHAR5 from datatypetestm1 dtt1, datatypetestm2 dtt2 where dtt1.cidx = dtt2.cidx and dtt1.CDECIMAL9_2 <= dtt2.CVCHAR5 ;
cidx	CDECIMAL9_2	CVCHAR5
1	-9999.99	aaaaa
2	-9999.98	e
3	-9999.97	ee
4	-9999.96	eee
5	-9999.95	eeee
