USE autopilot;
select dtt1.cidx, dtt1.CFLOAT, dtt2.CDECIMAL18 from datatypetestm1 dtt1, datatypetestm2 dtt2 where dtt1.cidx = dtt2.cidx and dtt1.CFLOAT > dtt2.CDECIMAL18 ;
cidx	CFLOAT	CDECIMAL18
6	3.40286e18	9999999999995
7	3.40286e18	9999999999996
8	3.40286e18	9999999999997
9	3.40287e18	9999999999998
10	3.40287e18	9999999999999
select dtt1.cidx, dtt1.CFLOAT, dtt2.CDECIMAL18 from datatypetestm1 dtt1, datatypetestm2 dtt2 where dtt1.cidx = dtt2.cidx and dtt1.CFLOAT >= dtt2.CDECIMAL18 ;
cidx	CFLOAT	CDECIMAL18
6	3.40286e18	9999999999995
7	3.40286e18	9999999999996
8	3.40286e18	9999999999997
9	3.40287e18	9999999999998
10	3.40287e18	9999999999999
11	0	0
select dtt1.cidx, dtt1.CFLOAT, dtt2.CDECIMAL18 from datatypetestm1 dtt1, datatypetestm2 dtt2 where dtt1.cidx = dtt2.cidx and dtt1.CFLOAT <> dtt2.CDECIMAL18 ;
cidx	CFLOAT	CDECIMAL18
1	-3.40287e18	-9999999999999
2	-3.40287e18	-9999999999998
3	-3.40286e18	-9999999999997
4	-3.40286e18	-9999999999996
5	-3.40286e18	-9999999999995
6	3.40286e18	9999999999995
7	3.40286e18	9999999999996
8	3.40286e18	9999999999997
9	3.40287e18	9999999999998
10	3.40287e18	9999999999999
select dtt1.cidx, dtt1.CFLOAT, dtt2.CDECIMAL18 from datatypetestm1 dtt1, datatypetestm2 dtt2 where dtt1.cidx = dtt2.cidx and dtt1.CFLOAT < dtt2.CDECIMAL18 ;
cidx	CFLOAT	CDECIMAL18
1	-3.40287e18	-9999999999999
2	-3.40287e18	-9999999999998
3	-3.40286e18	-9999999999997
4	-3.40286e18	-9999999999996
5	-3.40286e18	-9999999999995
select dtt1.cidx, dtt1.CFLOAT, dtt2.CDECIMAL18 from datatypetestm1 dtt1, datatypetestm2 dtt2 where dtt1.cidx = dtt2.cidx and dtt1.CFLOAT <= dtt2.CDECIMAL18 ;
cidx	CFLOAT	CDECIMAL18
1	-3.40287e18	-9999999999999
2	-3.40287e18	-9999999999998
3	-3.40286e18	-9999999999997
4	-3.40286e18	-9999999999996
5	-3.40286e18	-9999999999995
11	0	0
