USE autopilot;
select dtt1.cidx, dtt1.CTINYINT, dtt2.CDECIMAL4 from datatypetestm1 dtt1, datatypetestm2 dtt2 where dtt1.cidx = dtt2.cidx and dtt1.CTINYINT > dtt2.CDECIMAL4 ;
cidx	CTINYINT	CDECIMAL4
1	-26	-999
2	-25	-998
3	-24	-997
4	-23	-996
5	-22	-995
select dtt1.cidx, dtt1.CTINYINT, dtt2.CDECIMAL4 from datatypetestm1 dtt1, datatypetestm2 dtt2 where dtt1.cidx = dtt2.cidx and dtt1.CTINYINT >= dtt2.CDECIMAL4 ;
cidx	CTINYINT	CDECIMAL4
1	-26	-999
2	-25	-998
3	-24	-997
4	-23	-996
5	-22	-995
11	0	0
select dtt1.cidx, dtt1.CTINYINT, dtt2.CDECIMAL4 from datatypetestm1 dtt1, datatypetestm2 dtt2 where dtt1.cidx = dtt2.cidx and dtt1.CTINYINT <> dtt2.CDECIMAL4 ;
cidx	CTINYINT	CDECIMAL4
1	-26	-999
2	-25	-998
3	-24	-997
4	-23	-996
5	-22	-995
6	23	995
7	24	996
8	25	997
9	26	998
10	27	999
select dtt1.cidx, dtt1.CTINYINT, dtt2.CDECIMAL4 from datatypetestm1 dtt1, datatypetestm2 dtt2 where dtt1.cidx = dtt2.cidx and dtt1.CTINYINT < dtt2.CDECIMAL4 ;
cidx	CTINYINT	CDECIMAL4
6	23	995
7	24	996
8	25	997
9	26	998
10	27	999
select dtt1.cidx, dtt1.CTINYINT, dtt2.CDECIMAL4 from datatypetestm1 dtt1, datatypetestm2 dtt2 where dtt1.cidx = dtt2.cidx and dtt1.CTINYINT <= dtt2.CDECIMAL4 ;
cidx	CTINYINT	CDECIMAL4
6	23	995
7	24	996
8	25	997
9	26	998
10	27	999
11	0	0
