USE autopilot;
set max_length_for_sort_data=68192;
select cidx, CTEXT, CONCAT(CTEXT,CCHAR3,CCHAR7,'ALOHA') from datatypetestm ;
cidx	CTEXT	CONCAT(CTEXT,CCHAR3,CCHAR7,'ALOHA')
1	texttexttext	texttexttextaaaaaaaaaaALOHA
select cidx, CTEXT, CONCAT(CTEXT,CCHAR3) from datatypetestm ;
cidx	CTEXT	CONCAT(CTEXT,CCHAR3)
1	texttexttext	texttexttextaaa
select cidx, CTEXT, CONCAT(CTEXT,CCHAR7) from datatypetestm ;
cidx	CTEXT	CONCAT(CTEXT,CCHAR7)
1	texttexttext	texttexttextaaaaaaa
select cidx, CTEXT, CONCAT(CTEXT,'ALOHA') from datatypetestm ;
cidx	CTEXT	CONCAT(CTEXT,'ALOHA')
1	texttexttext	texttexttextALOHA
select cidx, CTINYTEXT, CONCAT(CTINYTEXT,CCHAR3,CCHAR7,'ALOHA') from datatypetestm ;
cidx	CTINYTEXT	CONCAT(CTINYTEXT,CCHAR3,CCHAR7,'ALOHA')
1	tinytext	tinytextaaaaaaaaaaALOHA
select cidx, CTINYTEXT, CONCAT(CTINYTEXT,CCHAR3) from datatypetestm ;
cidx	CTINYTEXT	CONCAT(CTINYTEXT,CCHAR3)
1	tinytext	tinytextaaa
select cidx, CTINYTEXT, CONCAT(CTINYTEXT,CCHAR7) from datatypetestm ;
cidx	CTINYTEXT	CONCAT(CTINYTEXT,CCHAR7)
1	tinytext	tinytextaaaaaaa
select cidx, CTINYTEXT, CONCAT(CTINYTEXT,'ALOHA') from datatypetestm ;
cidx	CTINYTEXT	CONCAT(CTINYTEXT,'ALOHA')
1	tinytext	tinytextALOHA
select cidx, CMEDIUMTEXT, CONCAT(CMEDIUMTEXT,CCHAR3,CCHAR7,'ALOHA') from datatypetestm ;
cidx	CMEDIUMTEXT	CONCAT(CMEDIUMTEXT,CCHAR3,CCHAR7,'ALOHA')
1	mediumtestmediumtest	mediumtestmediumtestaaaaaaaaaaALOHA
select cidx, CMEDIUMTEXT, CONCAT(CMEDIUMTEXT,CCHAR3) from datatypetestm ;
cidx	CMEDIUMTEXT	CONCAT(CMEDIUMTEXT,CCHAR3)
1	mediumtestmediumtest	mediumtestmediumtestaaa
select cidx, CMEDIUMTEXT, CONCAT(CMEDIUMTEXT,CCHAR7) from datatypetestm ;
cidx	CMEDIUMTEXT	CONCAT(CMEDIUMTEXT,CCHAR7)
1	mediumtestmediumtest	mediumtestmediumtestaaaaaaa
select cidx, CMEDIUMTEXT, CONCAT(CMEDIUMTEXT,'ALOHA') from datatypetestm ;
cidx	CMEDIUMTEXT	CONCAT(CMEDIUMTEXT,'ALOHA')
1	mediumtestmediumtest	mediumtestmediumtestALOHA
select cidx, CLONGTEXT, CONCAT(CLONGTEXT,CCHAR3,CCHAR7,'ALOHA') from datatypetestm ;
cidx	CLONGTEXT	CONCAT(CLONGTEXT,CCHAR3,CCHAR7,'ALOHA')
1	longtextlongtextlongtext	longtextlongtextlongtextaaaaaaaaaaALOHA
select cidx, CLONGTEXT, CONCAT(CLONGTEXT,CCHAR3) from datatypetestm ;
cidx	CLONGTEXT	CONCAT(CLONGTEXT,CCHAR3)
1	longtextlongtextlongtext	longtextlongtextlongtextaaa
select cidx, CLONGTEXT, CONCAT(CLONGTEXT,CCHAR7) from datatypetestm ;
cidx	CLONGTEXT	CONCAT(CLONGTEXT,CCHAR7)
1	longtextlongtextlongtext	longtextlongtextlongtextaaaaaaa
select cidx, CLONGTEXT, CONCAT(CLONGTEXT,'ALOHA') from datatypetestm ;
cidx	CLONGTEXT	CONCAT(CLONGTEXT,'ALOHA')
1	longtextlongtextlongtext	longtextlongtextlongtextALOHA
select cidx, CTEXT from datatypetestm order by CONCAT(CTEXT,CCHAR3,CCHAR7,'ALOHA'), cidx;
cidx	CTEXT
1	texttexttext
select cidx, CTEXT from datatypetestm order by CONCAT(CTEXT,CCHAR3), cidx;
cidx	CTEXT
1	texttexttext
select cidx, CTEXT from datatypetestm order by CONCAT(CTEXT,CCHAR7), cidx;
cidx	CTEXT
1	texttexttext
select cidx, CTEXT from datatypetestm order by CONCAT(CTEXT,'ALOHA'), cidx;
cidx	CTEXT
1	texttexttext
select cidx, CTINYTEXT from datatypetestm order by CONCAT(CTINYTEXT,CCHAR3,CCHAR7,'ALOHA'), cidx;
cidx	CTINYTEXT
1	tinytext
select cidx, CTINYTEXT from datatypetestm order by CONCAT(CTINYTEXT,CCHAR3), cidx;
cidx	CTINYTEXT
1	tinytext
select cidx, CTINYTEXT from datatypetestm order by CONCAT(CTINYTEXT,CCHAR7), cidx;
cidx	CTINYTEXT
1	tinytext
select cidx, CTINYTEXT from datatypetestm order by CONCAT(CTINYTEXT,'ALOHA'), cidx;
cidx	CTINYTEXT
1	tinytext
select cidx, CMEDIUMTEXT from datatypetestm order by CONCAT(CMEDIUMTEXT,CCHAR3,CCHAR7,'ALOHA'), cidx;
cidx	CMEDIUMTEXT
1	mediumtestmediumtest
select cidx, CMEDIUMTEXT from datatypetestm order by CONCAT(CMEDIUMTEXT,CCHAR3), cidx;
cidx	CMEDIUMTEXT
1	mediumtestmediumtest
select cidx, CMEDIUMTEXT from datatypetestm order by CONCAT(CMEDIUMTEXT,CCHAR7), cidx;
cidx	CMEDIUMTEXT
1	mediumtestmediumtest
select cidx, CMEDIUMTEXT from datatypetestm order by CONCAT(CMEDIUMTEXT,'ALOHA'), cidx;
cidx	CMEDIUMTEXT
1	mediumtestmediumtest
select cidx, CLONGTEXT from datatypetestm order by CONCAT(CLONGTEXT,CCHAR3,CCHAR7,'ALOHA'), cidx;
cidx	CLONGTEXT
1	longtextlongtextlongtext
select cidx, CLONGTEXT from datatypetestm order by CONCAT(CLONGTEXT,CCHAR3), cidx;
cidx	CLONGTEXT
1	longtextlongtextlongtext
select cidx, CLONGTEXT from datatypetestm order by CONCAT(CLONGTEXT,CCHAR7), cidx;
cidx	CLONGTEXT
1	longtextlongtextlongtext
select cidx, CLONGTEXT from datatypetestm order by CONCAT(CLONGTEXT,'ALOHA'), cidx;
cidx	CLONGTEXT
1	longtextlongtextlongtext
