USE autopilot;
TRUNCATE TABLE jsontest;
SET @json1 = '[1, 2, {"a": 3}]';
SET @json2 = '{"a": 1, "b": {"c": 30}}';
SELECT @json1;
@json1
[1, 2, {"a": 3}]
SELECT @json2;
@json2
{"a": 1, "b": {"c": 30}}
INSERT INTO jsontest VALUES (1, @json1, @json1);
INSERT INTO jsontest VALUES (2, @json2, @json2);
SELECT JSON_LENGTH(@json1);
JSON_LENGTH(@json1)
3
SELECT JSON_LENGTH(@json2);
JSON_LENGTH(@json2)
2
SELECT JSON_LENGTH(@json2, '$.b');
JSON_LENGTH(@json2, '$.b')
1
SELECT * FROM jsontest;
cInt	cVarchar	cText
1	[1, 2, {"a": 3}]	[1, 2, {"a": 3}]
2	{"a": 1, "b": {"c": 30}}	{"a": 1, "b": {"c": 30}}
SELECT cVarchar, JSON_LENGTH(cVarchar), cText, JSON_LENGTH(cText) from jsontest;
ERROR 42000: The storage engine for the table doesn't support MCS-1001: Function 'json_length' isn't supported.
SELECT cVarchar, JSON_LENGTH(cVarchar, '$.b'), cText, JSON_LENGTH(cText, '$.b') from jsontest;
ERROR 42000: The storage engine for the table doesn't support MCS-1001: Function 'json_length' isn't supported.
TRUNCATE TABLE jsontest;
