USE autopilot;
select dtt1.cidx, dtt1.CVCHAR5, dtt2.CDECIMAL4_2 from datatypetestm1 dtt1, datatypetestm2 dtt2 where dtt1.cidx = dtt2.cidx and dtt1.CVCHAR5 > dtt2.CDECIMAL4_2 ;
cidx	CVCHAR5	CDECIMAL4_2
1	aaaaa	-9.99
2	e	-9.98
3	ee	-9.97
4	eee	-9.96
5	eeee	-9.95
select dtt1.cidx, dtt1.CVCHAR5, dtt2.CDECIMAL4_2 from datatypetestm1 dtt1, datatypetestm2 dtt2 where dtt1.cidx = dtt2.cidx and dtt1.CVCHAR5 >= dtt2.CDECIMAL4_2 ;
cidx	CVCHAR5	CDECIMAL4_2
1	aaaaa	-9.99
2	e	-9.98
3	ee	-9.97
4	eee	-9.96
5	eeee	-9.95
select dtt1.cidx, dtt1.CVCHAR5, dtt2.CDECIMAL4_2 from datatypetestm1 dtt1, datatypetestm2 dtt2 where dtt1.cidx = dtt2.cidx and dtt1.CVCHAR5 <> dtt2.CDECIMAL4_2 ;
cidx	CVCHAR5	CDECIMAL4_2
1	aaaaa	-9.99
2	e	-9.98
3	ee	-9.97
4	eee	-9.96
5	eeee	-9.95
6	vvvvv	9.95
7	vvvvv	9.96
8	vvvvv	9.97
9	vvvvv	9.98
10	zzzzz	9.99
select dtt1.cidx, dtt1.CVCHAR5, dtt2.CDECIMAL4_2 from datatypetestm1 dtt1, datatypetestm2 dtt2 where dtt1.cidx = dtt2.cidx and dtt1.CVCHAR5 < dtt2.CDECIMAL4_2 ;
cidx	CVCHAR5	CDECIMAL4_2
6	vvvvv	9.95
7	vvvvv	9.96
8	vvvvv	9.97
9	vvvvv	9.98
10	zzzzz	9.99
select dtt1.cidx, dtt1.CVCHAR5, dtt2.CDECIMAL4_2 from datatypetestm1 dtt1, datatypetestm2 dtt2 where dtt1.cidx = dtt2.cidx and dtt1.CVCHAR5 <= dtt2.CDECIMAL4_2 ;
cidx	CVCHAR5	CDECIMAL4_2
6	vvvvv	9.95
7	vvvvv	9.96
8	vvvvv	9.97
9	vvvvv	9.98
10	zzzzz	9.99
