USE autopilot;
select dtt1.cidx, dtt1.CVCHAR6, dtt2.CINTEGER from datatypetestm1 dtt1, datatypetestm2 dtt2 where dtt1.cidx = dtt2.cidx and dtt1.CVCHAR6 > dtt2.CINTEGER ;
cidx	CVCHAR6	CINTEGER
1	aaaaaa	-7483646
2	f	-7483645
3	ff	-7483644
4	fff	-7483643
5	ffff	-7483642
select dtt1.cidx, dtt1.CVCHAR6, dtt2.CINTEGER from datatypetestm1 dtt1, datatypetestm2 dtt2 where dtt1.cidx = dtt2.cidx and dtt1.CVCHAR6 >= dtt2.CINTEGER ;
cidx	CVCHAR6	CINTEGER
1	aaaaaa	-7483646
2	f	-7483645
3	ff	-7483644
4	fff	-7483643
5	ffff	-7483642
select dtt1.cidx, dtt1.CVCHAR6, dtt2.CINTEGER from datatypetestm1 dtt1, datatypetestm2 dtt2 where dtt1.cidx = dtt2.cidx and dtt1.CVCHAR6 <> dtt2.CINTEGER ;
cidx	CVCHAR6	CINTEGER
1	aaaaaa	-7483646
2	f	-7483645
3	ff	-7483644
4	fff	-7483643
5	ffff	-7483642
6	uuuuuu	7483643
7	uuuuuu	7483644
8	uuuuuu	7483645
9	uuuuuu	7483646
10	zzzzzz	7483647
select dtt1.cidx, dtt1.CVCHAR6, dtt2.CINTEGER from datatypetestm1 dtt1, datatypetestm2 dtt2 where dtt1.cidx = dtt2.cidx and dtt1.CVCHAR6 < dtt2.CINTEGER ;
cidx	CVCHAR6	CINTEGER
6	uuuuuu	7483643
7	uuuuuu	7483644
8	uuuuuu	7483645
9	uuuuuu	7483646
10	zzzzzz	7483647
select dtt1.cidx, dtt1.CVCHAR6, dtt2.CINTEGER from datatypetestm1 dtt1, datatypetestm2 dtt2 where dtt1.cidx = dtt2.cidx and dtt1.CVCHAR6 <= dtt2.CINTEGER ;
cidx	CVCHAR6	CINTEGER
6	uuuuuu	7483643
7	uuuuuu	7483644
8	uuuuuu	7483645
9	uuuuuu	7483646
10	zzzzzz	7483647
