USE autopilot;
select dtt1.cidx, dtt1.CVCHAR5, dtt2.CDECIMAL18 from datatypetestm1 dtt1, datatypetestm2 dtt2 where dtt1.cidx = dtt2.cidx and dtt1.CVCHAR5 > dtt2.CDECIMAL18 ;
cidx	CVCHAR5	CDECIMAL18
1	aaaaa	-9999999999999
2	e	-9999999999998
3	ee	-9999999999997
4	eee	-9999999999996
5	eeee	-9999999999995
select dtt1.cidx, dtt1.CVCHAR5, dtt2.CDECIMAL18 from datatypetestm1 dtt1, datatypetestm2 dtt2 where dtt1.cidx = dtt2.cidx and dtt1.CVCHAR5 >= dtt2.CDECIMAL18 ;
cidx	CVCHAR5	CDECIMAL18
1	aaaaa	-9999999999999
2	e	-9999999999998
3	ee	-9999999999997
4	eee	-9999999999996
5	eeee	-9999999999995
select dtt1.cidx, dtt1.CVCHAR5, dtt2.CDECIMAL18 from datatypetestm1 dtt1, datatypetestm2 dtt2 where dtt1.cidx = dtt2.cidx and dtt1.CVCHAR5 <> dtt2.CDECIMAL18 ;
cidx	CVCHAR5	CDECIMAL18
1	aaaaa	-9999999999999
2	e	-9999999999998
3	ee	-9999999999997
4	eee	-9999999999996
5	eeee	-9999999999995
6	vvvvv	9999999999995
7	vvvvv	9999999999996
8	vvvvv	9999999999997
9	vvvvv	9999999999998
10	zzzzz	9999999999999
select dtt1.cidx, dtt1.CVCHAR5, dtt2.CDECIMAL18 from datatypetestm1 dtt1, datatypetestm2 dtt2 where dtt1.cidx = dtt2.cidx and dtt1.CVCHAR5 < dtt2.CDECIMAL18 ;
cidx	CVCHAR5	CDECIMAL18
6	vvvvv	9999999999995
7	vvvvv	9999999999996
8	vvvvv	9999999999997
9	vvvvv	9999999999998
10	zzzzz	9999999999999
select dtt1.cidx, dtt1.CVCHAR5, dtt2.CDECIMAL18 from datatypetestm1 dtt1, datatypetestm2 dtt2 where dtt1.cidx = dtt2.cidx and dtt1.CVCHAR5 <= dtt2.CDECIMAL18 ;
cidx	CVCHAR5	CDECIMAL18
6	vvvvv	9999999999995
7	vvvvv	9999999999996
8	vvvvv	9999999999997
9	vvvvv	9999999999998
10	zzzzz	9999999999999
