USE autopilot;
select dtt1.cidx, dtt1.CVCHAR7, dtt2.CDECIMAL9_2 from datatypetestm1 dtt1, datatypetestm2 dtt2 where dtt1.cidx = dtt2.cidx and dtt1.CVCHAR7 > dtt2.CDECIMAL9_2 ;
cidx	CVCHAR7	CDECIMAL9_2
1	aaaaaaa	-9999.99
2	g	-9999.98
3	gg	-9999.97
4	ggg	-9999.96
5	gggg	-9999.95
select dtt1.cidx, dtt1.CVCHAR7, dtt2.CDECIMAL9_2 from datatypetestm1 dtt1, datatypetestm2 dtt2 where dtt1.cidx = dtt2.cidx and dtt1.CVCHAR7 >= dtt2.CDECIMAL9_2 ;
cidx	CVCHAR7	CDECIMAL9_2
1	aaaaaaa	-9999.99
2	g	-9999.98
3	gg	-9999.97
4	ggg	-9999.96
5	gggg	-9999.95
select dtt1.cidx, dtt1.CVCHAR7, dtt2.CDECIMAL9_2 from datatypetestm1 dtt1, datatypetestm2 dtt2 where dtt1.cidx = dtt2.cidx and dtt1.CVCHAR7 <> dtt2.CDECIMAL9_2 ;
cidx	CVCHAR7	CDECIMAL9_2
1	aaaaaaa	-9999.99
2	g	-9999.98
3	gg	-9999.97
4	ggg	-9999.96
5	gggg	-9999.95
6	ttttttt	9999.95
7	ttttttt	9999.96
8	ttttttt	9999.97
9	ttttttt	9999.98
10	zzzzzzz	9999.99
select dtt1.cidx, dtt1.CVCHAR7, dtt2.CDECIMAL9_2 from datatypetestm1 dtt1, datatypetestm2 dtt2 where dtt1.cidx = dtt2.cidx and dtt1.CVCHAR7 < dtt2.CDECIMAL9_2 ;
cidx	CVCHAR7	CDECIMAL9_2
6	ttttttt	9999.95
7	ttttttt	9999.96
8	ttttttt	9999.97
9	ttttttt	9999.98
10	zzzzzzz	9999.99
select dtt1.cidx, dtt1.CVCHAR7, dtt2.CDECIMAL9_2 from datatypetestm1 dtt1, datatypetestm2 dtt2 where dtt1.cidx = dtt2.cidx and dtt1.CVCHAR7 <= dtt2.CDECIMAL9_2 ;
cidx	CVCHAR7	CDECIMAL9_2
6	ttttttt	9999.95
7	ttttttt	9999.96
8	ttttttt	9999.97
9	ttttttt	9999.98
10	zzzzzzz	9999.99
