USE autopilot;
TRUNCATE TABLE jsontest;
SET @tmpstr1 = '{"id": 1, "name": "Monty"}';
SET @tmpstr2 = '{"id": 1, "name": "Monty", "oddfield"}';
SET @flag1 = (SELECT JSON_VALID(@tmpstr1));
SET @flag2 = (SELECT JSON_VALID(@tmpstr2));
SELECT @flag1;
@flag1
1
SELECT @flag2;
@flag2
0
SELECT @tmpstr1;
@tmpstr1
{"id": 1, "name": "Monty"}
SELECT @tmpstr2;
@tmpstr2
{"id": 1, "name": "Monty", "oddfield"}
INSERT INTO jsontest VALUES (1, @tmpstr1, @tmpstr1);
SELECT * FROM jsontest;
cInt	cVarchar	cText
1	{"id": 1, "name": "Monty"}	{"id": 1, "name": "Monty"}
SELECT cVarchar, JSON_VALID(cVarchar), cText, JSON_VALID(cText) from jsontest;
cVarchar	JSON_VALID(cVarchar)	cText	JSON_VALID(cText)
{"id": 1, "name": "Monty"}	1	{"id": 1, "name": "Monty"}	1
SELECT cVarchar, JSON_VALID(CONCAT(cVarchar,'HELLO WORLD')), cText, JSON_VALID(CONCAT(cText,'HELLO WORLD')) from jsontest;
cVarchar	JSON_VALID(CONCAT(cVarchar,'HELLO WORLD'))	cText	JSON_VALID(CONCAT(cText,'HELLO WORLD'))
{"id": 1, "name": "Monty"}	0	{"id": 1, "name": "Monty"}	0
TRUNCATE TABLE jsontest;
