USE autopilot;
select dtt1.cidx, dtt1.CVCHAR5, dtt2.CDECIMAL1 from datatypetestm1 dtt1, datatypetestm2 dtt2 where dtt1.cidx = dtt2.cidx and dtt1.CVCHAR5 > dtt2.CDECIMAL1 ;
cidx	CVCHAR5	CDECIMAL1
1	aaaaa	-9
2	e	-8
3	ee	-7
4	eee	-6
5	eeee	-5
select dtt1.cidx, dtt1.CVCHAR5, dtt2.CDECIMAL1 from datatypetestm1 dtt1, datatypetestm2 dtt2 where dtt1.cidx = dtt2.cidx and dtt1.CVCHAR5 >= dtt2.CDECIMAL1 ;
cidx	CVCHAR5	CDECIMAL1
1	aaaaa	-9
2	e	-8
3	ee	-7
4	eee	-6
5	eeee	-5
select dtt1.cidx, dtt1.CVCHAR5, dtt2.CDECIMAL1 from datatypetestm1 dtt1, datatypetestm2 dtt2 where dtt1.cidx = dtt2.cidx and dtt1.CVCHAR5 <> dtt2.CDECIMAL1 ;
cidx	CVCHAR5	CDECIMAL1
1	aaaaa	-9
2	e	-8
3	ee	-7
4	eee	-6
5	eeee	-5
6	vvvvv	5
7	vvvvv	6
8	vvvvv	7
9	vvvvv	8
10	zzzzz	9
select dtt1.cidx, dtt1.CVCHAR5, dtt2.CDECIMAL1 from datatypetestm1 dtt1, datatypetestm2 dtt2 where dtt1.cidx = dtt2.cidx and dtt1.CVCHAR5 < dtt2.CDECIMAL1 ;
cidx	CVCHAR5	CDECIMAL1
6	vvvvv	5
7	vvvvv	6
8	vvvvv	7
9	vvvvv	8
10	zzzzz	9
select dtt1.cidx, dtt1.CVCHAR5, dtt2.CDECIMAL1 from datatypetestm1 dtt1, datatypetestm2 dtt2 where dtt1.cidx = dtt2.cidx and dtt1.CVCHAR5 <= dtt2.CDECIMAL1 ;
cidx	CVCHAR5	CDECIMAL1
6	vvvvv	5
7	vvvvv	6
8	vvvvv	7
9	vvvvv	8
10	zzzzz	9
