USE autopilot;
select dtt1.cidx, dtt1.CVCHAR5, dtt2.CDECIMAL9_2 from datatypetestm1 dtt1, datatypetestm2 dtt2 where dtt1.cidx = dtt2.cidx and dtt1.CVCHAR5 > dtt2.CDECIMAL9_2 ;
cidx	CVCHAR5	CDECIMAL9_2
1	aaaaa	-9999.99
2	e	-9999.98
3	ee	-9999.97
4	eee	-9999.96
5	eeee	-9999.95
select dtt1.cidx, dtt1.CVCHAR5, dtt2.CDECIMAL9_2 from datatypetestm1 dtt1, datatypetestm2 dtt2 where dtt1.cidx = dtt2.cidx and dtt1.CVCHAR5 >= dtt2.CDECIMAL9_2 ;
cidx	CVCHAR5	CDECIMAL9_2
1	aaaaa	-9999.99
2	e	-9999.98
3	ee	-9999.97
4	eee	-9999.96
5	eeee	-9999.95
select dtt1.cidx, dtt1.CVCHAR5, dtt2.CDECIMAL9_2 from datatypetestm1 dtt1, datatypetestm2 dtt2 where dtt1.cidx = dtt2.cidx and dtt1.CVCHAR5 <> dtt2.CDECIMAL9_2 ;
cidx	CVCHAR5	CDECIMAL9_2
1	aaaaa	-9999.99
2	e	-9999.98
3	ee	-9999.97
4	eee	-9999.96
5	eeee	-9999.95
6	vvvvv	9999.95
7	vvvvv	9999.96
8	vvvvv	9999.97
9	vvvvv	9999.98
10	zzzzz	9999.99
select dtt1.cidx, dtt1.CVCHAR5, dtt2.CDECIMAL9_2 from datatypetestm1 dtt1, datatypetestm2 dtt2 where dtt1.cidx = dtt2.cidx and dtt1.CVCHAR5 < dtt2.CDECIMAL9_2 ;
cidx	CVCHAR5	CDECIMAL9_2
6	vvvvv	9999.95
7	vvvvv	9999.96
8	vvvvv	9999.97
9	vvvvv	9999.98
10	zzzzz	9999.99
select dtt1.cidx, dtt1.CVCHAR5, dtt2.CDECIMAL9_2 from datatypetestm1 dtt1, datatypetestm2 dtt2 where dtt1.cidx = dtt2.cidx and dtt1.CVCHAR5 <= dtt2.CDECIMAL9_2 ;
cidx	CVCHAR5	CDECIMAL9_2
6	vvvvv	9999.95
7	vvvvv	9999.96
8	vvvvv	9999.97
9	vvvvv	9999.98
10	zzzzz	9999.99
