USE autopilot;
set max_length_for_sort_data=68192;
select cidx, CTEXT, CASE CTEXT WHEN 'aaaa' THEN 'Y' WHEN 'aaaa' THEN 'Y' ELSE NULL END CaseCol from datatypetestm ;
cidx	CTEXT	CaseCol
1	texttexttext	NULL
select cidx, CTEXT, CASE CTEXT WHEN 'a' THEN 'Y' WHEN 'a' THEN 'Y' ELSE NULL END CaseCol from datatypetestm ;
cidx	CTEXT	CaseCol
1	texttexttext	NULL
select cidx, CTEXT, CASE CTEXT WHEN 'aaaaaaaaaa' THEN 'Y' WHEN 'aaaaaaaaaa' THEN 'Y' ELSE NULL END CaseCol from datatypetestm ;
cidx	CTEXT	CaseCol
1	texttexttext	NULL
select cidx, CTINYTEXT, CASE CTINYTEXT WHEN 'aaaa' THEN 'Y' WHEN 'aaaa' THEN 'Y' ELSE NULL END CaseCol from datatypetestm ;
cidx	CTINYTEXT	CaseCol
1	tinytext	NULL
select cidx, CTINYTEXT, CASE CTINYTEXT WHEN 'a' THEN 'Y' WHEN 'a' THEN 'Y' ELSE NULL END CaseCol from datatypetestm ;
cidx	CTINYTEXT	CaseCol
1	tinytext	NULL
select cidx, CTINYTEXT, CASE CTINYTEXT WHEN 'aaaaaaaaaa' THEN 'Y' WHEN 'aaaaaaaaaa' THEN 'Y' ELSE NULL END CaseCol from datatypetestm ;
cidx	CTINYTEXT	CaseCol
1	tinytext	NULL
select cidx, CMEDIUMTEXT, CASE CMEDIUMTEXT WHEN 'aaaa' THEN 'Y' WHEN 'aaaa' THEN 'Y' ELSE NULL END CaseCol from datatypetestm ;
cidx	CMEDIUMTEXT	CaseCol
1	mediumtestmediumtest	NULL
select cidx, CMEDIUMTEXT, CASE CMEDIUMTEXT WHEN 'a' THEN 'Y' WHEN 'a' THEN 'Y' ELSE NULL END CaseCol from datatypetestm ;
cidx	CMEDIUMTEXT	CaseCol
1	mediumtestmediumtest	NULL
select cidx, CMEDIUMTEXT, CASE CMEDIUMTEXT WHEN 'aaaaaaaaaa' THEN 'Y' WHEN 'aaaaaaaaaa' THEN 'Y' ELSE NULL END CaseCol from datatypetestm ;
cidx	CMEDIUMTEXT	CaseCol
1	mediumtestmediumtest	NULL
select cidx, CLONGTEXT, CASE CLONGTEXT WHEN 'aaaa' THEN 'Y' WHEN 'aaaa' THEN 'Y' ELSE NULL END CaseCol from datatypetestm ;
cidx	CLONGTEXT	CaseCol
1	longtextlongtextlongtext	NULL
select cidx, CLONGTEXT, CASE CLONGTEXT WHEN 'a' THEN 'Y' WHEN 'a' THEN 'Y' ELSE NULL END CaseCol from datatypetestm ;
cidx	CLONGTEXT	CaseCol
1	longtextlongtextlongtext	NULL
select cidx, CLONGTEXT, CASE CLONGTEXT WHEN 'aaaaaaaaaa' THEN 'Y' WHEN 'aaaaaaaaaa' THEN 'Y' ELSE NULL END CaseCol from datatypetestm ;
cidx	CLONGTEXT	CaseCol
1	longtextlongtextlongtext	NULL
select cidx, CTEXT from datatypetestm where CASE CTEXT WHEN 'aaaa' THEN 'Y' WHEN 'aaaa' THEN 'Y' ELSE NULL END <> 0 ;
cidx	CTEXT
select cidx, CTEXT from datatypetestm where CASE CTEXT WHEN 'a' THEN 'Y' WHEN 'a' THEN 'Y' ELSE NULL END <> 0 ;
cidx	CTEXT
select cidx, CTEXT from datatypetestm where CASE CTEXT WHEN 'aaaaaaaaaa' THEN 'Y' WHEN 'aaaaaaaaaa' THEN 'Y' ELSE NULL END <> 0 ;
cidx	CTEXT
select cidx, CTINYTEXT from datatypetestm where CASE CTINYTEXT WHEN 'aaaa' THEN 'Y' WHEN 'aaaa' THEN 'Y' ELSE NULL END <> 0 ;
cidx	CTINYTEXT
select cidx, CTINYTEXT from datatypetestm where CASE CTINYTEXT WHEN 'a' THEN 'Y' WHEN 'a' THEN 'Y' ELSE NULL END <> 0 ;
cidx	CTINYTEXT
select cidx, CTINYTEXT from datatypetestm where CASE CTINYTEXT WHEN 'aaaaaaaaaa' THEN 'Y' WHEN 'aaaaaaaaaa' THEN 'Y' ELSE NULL END <> 0 ;
cidx	CTINYTEXT
select cidx, CMEDIUMTEXT from datatypetestm where CASE CMEDIUMTEXT WHEN 'aaaa' THEN 'Y' WHEN 'aaaa' THEN 'Y' ELSE NULL END <> 0 ;
cidx	CMEDIUMTEXT
select cidx, CMEDIUMTEXT from datatypetestm where CASE CMEDIUMTEXT WHEN 'a' THEN 'Y' WHEN 'a' THEN 'Y' ELSE NULL END <> 0 ;
cidx	CMEDIUMTEXT
select cidx, CMEDIUMTEXT from datatypetestm where CASE CMEDIUMTEXT WHEN 'aaaaaaaaaa' THEN 'Y' WHEN 'aaaaaaaaaa' THEN 'Y' ELSE NULL END <> 0 ;
cidx	CMEDIUMTEXT
select cidx, CLONGTEXT from datatypetestm where CASE CLONGTEXT WHEN 'aaaa' THEN 'Y' WHEN 'aaaa' THEN 'Y' ELSE NULL END <> 0 ;
cidx	CLONGTEXT
select cidx, CLONGTEXT from datatypetestm where CASE CLONGTEXT WHEN 'a' THEN 'Y' WHEN 'a' THEN 'Y' ELSE NULL END <> 0 ;
cidx	CLONGTEXT
select cidx, CLONGTEXT from datatypetestm where CASE CLONGTEXT WHEN 'aaaaaaaaaa' THEN 'Y' WHEN 'aaaaaaaaaa' THEN 'Y' ELSE NULL END <> 0 ;
cidx	CLONGTEXT
