USE autopilot;
select dtt1.cidx, dtt1.CVCHAR5, dtt2.CDOUBLE from datatypetestm1 dtt1, datatypetestm2 dtt2 where dtt1.cidx = dtt2.cidx and dtt1.CVCHAR5 > dtt2.CDOUBLE ;
cidx	CVCHAR5	CDOUBLE
1	aaaaa	-1.797693231e108
2	e	-1.79769323e108
3	ee	-1.797693229e108
4	eee	-1.797693228e108
5	eeee	-1.797693227e108
select dtt1.cidx, dtt1.CVCHAR5, dtt2.CDOUBLE from datatypetestm1 dtt1, datatypetestm2 dtt2 where dtt1.cidx = dtt2.cidx and dtt1.CVCHAR5 >= dtt2.CDOUBLE ;
cidx	CVCHAR5	CDOUBLE
1	aaaaa	-1.797693231e108
2	e	-1.79769323e108
3	ee	-1.797693229e108
4	eee	-1.797693228e108
5	eeee	-1.797693227e108
select dtt1.cidx, dtt1.CVCHAR5, dtt2.CDOUBLE from datatypetestm1 dtt1, datatypetestm2 dtt2 where dtt1.cidx = dtt2.cidx and dtt1.CVCHAR5 <> dtt2.CDOUBLE ;
cidx	CVCHAR5	CDOUBLE
1	aaaaa	-1.797693231e108
2	e	-1.79769323e108
3	ee	-1.797693229e108
4	eee	-1.797693228e108
5	eeee	-1.797693227e108
6	vvvvv	1.797693227e108
7	vvvvv	1.797693228e108
8	vvvvv	1.797693229e108
9	vvvvv	1.79769323e108
10	zzzzz	1.797693231e108
select dtt1.cidx, dtt1.CVCHAR5, dtt2.CDOUBLE from datatypetestm1 dtt1, datatypetestm2 dtt2 where dtt1.cidx = dtt2.cidx and dtt1.CVCHAR5 < dtt2.CDOUBLE ;
cidx	CVCHAR5	CDOUBLE
6	vvvvv	1.797693227e108
7	vvvvv	1.797693228e108
8	vvvvv	1.797693229e108
9	vvvvv	1.79769323e108
10	zzzzz	1.797693231e108
select dtt1.cidx, dtt1.CVCHAR5, dtt2.CDOUBLE from datatypetestm1 dtt1, datatypetestm2 dtt2 where dtt1.cidx = dtt2.cidx and dtt1.CVCHAR5 <= dtt2.CDOUBLE ;
cidx	CVCHAR5	CDOUBLE
6	vvvvv	1.797693227e108
7	vvvvv	1.797693228e108
8	vvvvv	1.797693229e108
9	vvvvv	1.79769323e108
10	zzzzz	1.797693231e108
