USE autopilot;
select dtt1.cidx, dtt1.CVCHAR5, dtt2.CCHAR9 from datatypetestm1 dtt1, datatypetestm2 dtt2 where dtt1.cidx = dtt2.cidx and dtt1.CVCHAR5 > dtt2.CCHAR9 ;
cidx	CVCHAR5	CCHAR9
6	vvvvv	rrrrrrr
7	vvvvv	rrrrrrrr
8	vvvvv	rrrrrrrrr
9	vvvvv	rrrrrrrrr
select dtt1.cidx, dtt1.CVCHAR5, dtt2.CCHAR9 from datatypetestm1 dtt1, datatypetestm2 dtt2 where dtt1.cidx = dtt2.cidx and dtt1.CVCHAR5 >= dtt2.CCHAR9 ;
cidx	CVCHAR5	CCHAR9
6	vvvvv	rrrrrrr
7	vvvvv	rrrrrrrr
8	vvvvv	rrrrrrrrr
9	vvvvv	rrrrrrrrr
select dtt1.cidx, dtt1.CVCHAR5, dtt2.CCHAR9 from datatypetestm1 dtt1, datatypetestm2 dtt2 where dtt1.cidx = dtt2.cidx and dtt1.CVCHAR5 <> dtt2.CCHAR9 ;
cidx	CVCHAR5	CCHAR9
1	aaaaa	aaaaaaaaa
2	e	i
3	ee	ii
4	eee	iii
5	eeee	iiii
6	vvvvv	rrrrrrr
7	vvvvv	rrrrrrrr
8	vvvvv	rrrrrrrrr
9	vvvvv	rrrrrrrrr
10	zzzzz	zzzzzzzzz
select dtt1.cidx, dtt1.CVCHAR5, dtt2.CCHAR9 from datatypetestm1 dtt1, datatypetestm2 dtt2 where dtt1.cidx = dtt2.cidx and dtt1.CVCHAR5 < dtt2.CCHAR9 ;
cidx	CVCHAR5	CCHAR9
1	aaaaa	aaaaaaaaa
2	e	i
3	ee	ii
4	eee	iii
5	eeee	iiii
10	zzzzz	zzzzzzzzz
select dtt1.cidx, dtt1.CVCHAR5, dtt2.CCHAR9 from datatypetestm1 dtt1, datatypetestm2 dtt2 where dtt1.cidx = dtt2.cidx and dtt1.CVCHAR5 <= dtt2.CCHAR9 ;
cidx	CVCHAR5	CCHAR9
1	aaaaa	aaaaaaaaa
2	e	i
3	ee	ii
4	eee	iii
5	eeee	iiii
10	zzzzz	zzzzzzzzz
