USE autopilot;
select dtt1.cidx, dtt1.CVCHAR4, dtt2.CDECIMAL9_2 from datatypetestm1 dtt1, datatypetestm2 dtt2 where dtt1.cidx = dtt2.cidx and dtt1.CVCHAR4 > dtt2.CDECIMAL9_2 ;
cidx	CVCHAR4	CDECIMAL9_2
1	aaaa	-9999.99
2	d	-9999.98
3	dd	-9999.97
4	ddd	-9999.96
5	dddd	-9999.95
select dtt1.cidx, dtt1.CVCHAR4, dtt2.CDECIMAL9_2 from datatypetestm1 dtt1, datatypetestm2 dtt2 where dtt1.cidx = dtt2.cidx and dtt1.CVCHAR4 >= dtt2.CDECIMAL9_2 ;
cidx	CVCHAR4	CDECIMAL9_2
1	aaaa	-9999.99
2	d	-9999.98
3	dd	-9999.97
4	ddd	-9999.96
5	dddd	-9999.95
select dtt1.cidx, dtt1.CVCHAR4, dtt2.CDECIMAL9_2 from datatypetestm1 dtt1, datatypetestm2 dtt2 where dtt1.cidx = dtt2.cidx and dtt1.CVCHAR4 <> dtt2.CDECIMAL9_2 ;
cidx	CVCHAR4	CDECIMAL9_2
1	aaaa	-9999.99
2	d	-9999.98
3	dd	-9999.97
4	ddd	-9999.96
5	dddd	-9999.95
6	wwww	9999.95
7	wwww	9999.96
8	wwww	9999.97
9	wwww	9999.98
10	zzzz	9999.99
select dtt1.cidx, dtt1.CVCHAR4, dtt2.CDECIMAL9_2 from datatypetestm1 dtt1, datatypetestm2 dtt2 where dtt1.cidx = dtt2.cidx and dtt1.CVCHAR4 < dtt2.CDECIMAL9_2 ;
cidx	CVCHAR4	CDECIMAL9_2
6	wwww	9999.95
7	wwww	9999.96
8	wwww	9999.97
9	wwww	9999.98
10	zzzz	9999.99
select dtt1.cidx, dtt1.CVCHAR4, dtt2.CDECIMAL9_2 from datatypetestm1 dtt1, datatypetestm2 dtt2 where dtt1.cidx = dtt2.cidx and dtt1.CVCHAR4 <= dtt2.CDECIMAL9_2 ;
cidx	CVCHAR4	CDECIMAL9_2
6	wwww	9999.95
7	wwww	9999.96
8	wwww	9999.97
9	wwww	9999.98
10	zzzz	9999.99
