USE autopilot;
TRUNCATE TABLE jsontest;
SET @json1 = '"Monty"';
SET @json2 = 'Si\bng\ting';
SELECT @json1;
@json1
"Monty"
SELECT @json2;
@json2
Sing	ing
INSERT INTO jsontest VALUES (1, @json1, @json1);
INSERT INTO jsontest VALUES (1, @json2, @json2);
SELECT JSON_UNQUOTE(@json1);
JSON_UNQUOTE(@json1)
Monty
SELECT JSON_UNQUOTE(@json2);
JSON_UNQUOTE(@json2)
Sing	ing
SELECT cVarchar, JSON_UNQUOTE(cVarchar), cText, JSON_UNQUOTE(cText) from jsontest;
ERROR 42000: The storage engine for the table doesn't support MCS-1001: Function 'json_unquote' isn't supported.
SET @@sql_mode = 'NO_BACKSLASH_ESCAPES';
SELECT JSON_UNQUOTE(@json2);
JSON_UNQUOTE(@json2)
Sing	ing
SELECT cVarchar, JSON_UNQUOTE(cVarchar), cText, JSON_UNQUOTE(cText) from jsontest;
ERROR 42000: The storage engine for the table doesn't support MCS-1001: Function 'json_unquote' isn't supported.
TRUNCATE TABLE jsontest;
