USE autopilot;
select dtt1.cidx, dtt1.CVCHAR7, dtt2.CVCHAR6 from datatypetestm1 dtt1, datatypetestm2 dtt2 where dtt1.cidx = dtt2.cidx and dtt1.CVCHAR7 > dtt2.CVCHAR6 ;
cidx	CVCHAR7	CVCHAR6
1	aaaaaaa	aaaaaa
2	g	f
3	gg	ff
4	ggg	fff
5	gggg	ffff
10	zzzzzzz	zzzzzz
select dtt1.cidx, dtt1.CVCHAR7, dtt2.CVCHAR6 from datatypetestm1 dtt1, datatypetestm2 dtt2 where dtt1.cidx = dtt2.cidx and dtt1.CVCHAR7 >= dtt2.CVCHAR6 ;
cidx	CVCHAR7	CVCHAR6
1	aaaaaaa	aaaaaa
2	g	f
3	gg	ff
4	ggg	fff
5	gggg	ffff
10	zzzzzzz	zzzzzz
select dtt1.cidx, dtt1.CVCHAR7, dtt2.CVCHAR6 from datatypetestm1 dtt1, datatypetestm2 dtt2 where dtt1.cidx = dtt2.cidx and dtt1.CVCHAR7 <> dtt2.CVCHAR6 ;
cidx	CVCHAR7	CVCHAR6
1	aaaaaaa	aaaaaa
2	g	f
3	gg	ff
4	ggg	fff
5	gggg	ffff
6	ttttttt	uuuuuu
7	ttttttt	uuuuuu
8	ttttttt	uuuuuu
9	ttttttt	uuuuuu
10	zzzzzzz	zzzzzz
select dtt1.cidx, dtt1.CVCHAR7, dtt2.CVCHAR6 from datatypetestm1 dtt1, datatypetestm2 dtt2 where dtt1.cidx = dtt2.cidx and dtt1.CVCHAR7 < dtt2.CVCHAR6 ;
cidx	CVCHAR7	CVCHAR6
6	ttttttt	uuuuuu
7	ttttttt	uuuuuu
8	ttttttt	uuuuuu
9	ttttttt	uuuuuu
select dtt1.cidx, dtt1.CVCHAR7, dtt2.CVCHAR6 from datatypetestm1 dtt1, datatypetestm2 dtt2 where dtt1.cidx = dtt2.cidx and dtt1.CVCHAR7 <= dtt2.CVCHAR6 ;
cidx	CVCHAR7	CVCHAR6
6	ttttttt	uuuuuu
7	ttttttt	uuuuuu
8	ttttttt	uuuuuu
9	ttttttt	uuuuuu
