USE autopilot;
select dtt1.cidx, dtt1.CVCHAR6, dtt2.CDECIMAL9 from datatypetestm1 dtt1, datatypetestm2 dtt2 where dtt1.cidx = dtt2.cidx and dtt1.CVCHAR6 > dtt2.CDECIMAL9 ;
cidx	CVCHAR6	CDECIMAL9
1	aaaaaa	-999999
2	f	-999998
3	ff	-999997
4	fff	-999996
5	ffff	-999995
select dtt1.cidx, dtt1.CVCHAR6, dtt2.CDECIMAL9 from datatypetestm1 dtt1, datatypetestm2 dtt2 where dtt1.cidx = dtt2.cidx and dtt1.CVCHAR6 >= dtt2.CDECIMAL9 ;
cidx	CVCHAR6	CDECIMAL9
1	aaaaaa	-999999
2	f	-999998
3	ff	-999997
4	fff	-999996
5	ffff	-999995
select dtt1.cidx, dtt1.CVCHAR6, dtt2.CDECIMAL9 from datatypetestm1 dtt1, datatypetestm2 dtt2 where dtt1.cidx = dtt2.cidx and dtt1.CVCHAR6 <> dtt2.CDECIMAL9 ;
cidx	CVCHAR6	CDECIMAL9
1	aaaaaa	-999999
2	f	-999998
3	ff	-999997
4	fff	-999996
5	ffff	-999995
6	uuuuuu	999995
7	uuuuuu	999996
8	uuuuuu	999997
9	uuuuuu	999998
10	zzzzzz	999999
select dtt1.cidx, dtt1.CVCHAR6, dtt2.CDECIMAL9 from datatypetestm1 dtt1, datatypetestm2 dtt2 where dtt1.cidx = dtt2.cidx and dtt1.CVCHAR6 < dtt2.CDECIMAL9 ;
cidx	CVCHAR6	CDECIMAL9
6	uuuuuu	999995
7	uuuuuu	999996
8	uuuuuu	999997
9	uuuuuu	999998
10	zzzzzz	999999
select dtt1.cidx, dtt1.CVCHAR6, dtt2.CDECIMAL9 from datatypetestm1 dtt1, datatypetestm2 dtt2 where dtt1.cidx = dtt2.cidx and dtt1.CVCHAR6 <= dtt2.CDECIMAL9 ;
cidx	CVCHAR6	CDECIMAL9
6	uuuuuu	999995
7	uuuuuu	999996
8	uuuuuu	999997
9	uuuuuu	999998
10	zzzzzz	999999
