USE autopilot;
TRUNCATE TABLE jsontest;
SET @tmpstr1 = 'A';
SET @tmpstr2 = "B";
SET @tmpstr3 = '"C"';
SET @json1 = (SELECT JSON_QUOTE(@tmpstr1));
SET @json2 = (SELECT JSON_QUOTE(@tmpstr2));
SET @json3 = (SELECT JSON_QUOTE(@tmpstr3));
SELECT @json1;
@json1
"A"
SELECT @json2;
@json2
"B"
SELECT @json3;
@json3
"\"C\""
INSERT INTO jsontest VALUES (1, @json1, @json1), (2, @json2, @json2), (3, @json3, @json3);
SELECT * FROM jsontest;
cInt	cVarchar	cText
1	"A"	"A"
2	"B"	"B"
3	"\"C\""	"\"C\""
TRUNCATE TABLE jsontest;
