USE autopilot;
select dtt1.cidx, dtt1.CVCHAR8, dtt2.CMEDIUMINT from datatypetestm1 dtt1, datatypetestm2 dtt2 where dtt1.cidx = dtt2.cidx and dtt1.CVCHAR8 > dtt2.CMEDIUMINT ;
cidx	CVCHAR8	CMEDIUMINT
select dtt1.cidx, dtt1.CVCHAR8, dtt2.CMEDIUMINT from datatypetestm1 dtt1, datatypetestm2 dtt2 where dtt1.cidx = dtt2.cidx and dtt1.CVCHAR8 >= dtt2.CMEDIUMINT ;
cidx	CVCHAR8	CMEDIUMINT
select dtt1.cidx, dtt1.CVCHAR8, dtt2.CMEDIUMINT from datatypetestm1 dtt1, datatypetestm2 dtt2 where dtt1.cidx = dtt2.cidx and dtt1.CVCHAR8 <> dtt2.CMEDIUMINT ;
cidx	CVCHAR8	CMEDIUMINT
1	aaaaaaaa	1000
2	h	1000
3	hh	1000
4	hhh	1000
5	hhhh	1000
6	sssssss	1000
7	ssssssss	1000
8	ssssssss	1000
9	ssssssss	1000
10	zzzzzzzz	1000
select dtt1.cidx, dtt1.CVCHAR8, dtt2.CMEDIUMINT from datatypetestm1 dtt1, datatypetestm2 dtt2 where dtt1.cidx = dtt2.cidx and dtt1.CVCHAR8 < dtt2.CMEDIUMINT ;
cidx	CVCHAR8	CMEDIUMINT
1	aaaaaaaa	1000
2	h	1000
3	hh	1000
4	hhh	1000
5	hhhh	1000
6	sssssss	1000
7	ssssssss	1000
8	ssssssss	1000
9	ssssssss	1000
10	zzzzzzzz	1000
select dtt1.cidx, dtt1.CVCHAR8, dtt2.CMEDIUMINT from datatypetestm1 dtt1, datatypetestm2 dtt2 where dtt1.cidx = dtt2.cidx and dtt1.CVCHAR8 <= dtt2.CMEDIUMINT ;
cidx	CVCHAR8	CMEDIUMINT
1	aaaaaaaa	1000
2	h	1000
3	hh	1000
4	hhh	1000
5	hhhh	1000
6	sssssss	1000
7	ssssssss	1000
8	ssssssss	1000
9	ssssssss	1000
10	zzzzzzzz	1000
