USE autopilot;
select dtt1.cidx, dtt1.CVCHAR6, dtt2.CDECIMAL1 from datatypetestm1 dtt1, datatypetestm2 dtt2 where dtt1.cidx = dtt2.cidx and dtt1.CVCHAR6 > dtt2.CDECIMAL1 ;
cidx	CVCHAR6	CDECIMAL1
1	aaaaaa	-9
2	f	-8
3	ff	-7
4	fff	-6
5	ffff	-5
select dtt1.cidx, dtt1.CVCHAR6, dtt2.CDECIMAL1 from datatypetestm1 dtt1, datatypetestm2 dtt2 where dtt1.cidx = dtt2.cidx and dtt1.CVCHAR6 >= dtt2.CDECIMAL1 ;
cidx	CVCHAR6	CDECIMAL1
1	aaaaaa	-9
2	f	-8
3	ff	-7
4	fff	-6
5	ffff	-5
select dtt1.cidx, dtt1.CVCHAR6, dtt2.CDECIMAL1 from datatypetestm1 dtt1, datatypetestm2 dtt2 where dtt1.cidx = dtt2.cidx and dtt1.CVCHAR6 <> dtt2.CDECIMAL1 ;
cidx	CVCHAR6	CDECIMAL1
1	aaaaaa	-9
2	f	-8
3	ff	-7
4	fff	-6
5	ffff	-5
6	uuuuuu	5
7	uuuuuu	6
8	uuuuuu	7
9	uuuuuu	8
10	zzzzzz	9
select dtt1.cidx, dtt1.CVCHAR6, dtt2.CDECIMAL1 from datatypetestm1 dtt1, datatypetestm2 dtt2 where dtt1.cidx = dtt2.cidx and dtt1.CVCHAR6 < dtt2.CDECIMAL1 ;
cidx	CVCHAR6	CDECIMAL1
6	uuuuuu	5
7	uuuuuu	6
8	uuuuuu	7
9	uuuuuu	8
10	zzzzzz	9
select dtt1.cidx, dtt1.CVCHAR6, dtt2.CDECIMAL1 from datatypetestm1 dtt1, datatypetestm2 dtt2 where dtt1.cidx = dtt2.cidx and dtt1.CVCHAR6 <= dtt2.CDECIMAL1 ;
cidx	CVCHAR6	CDECIMAL1
6	uuuuuu	5
7	uuuuuu	6
8	uuuuuu	7
9	uuuuuu	8
10	zzzzzz	9
