USE autopilot;
select dtt1.cidx, dtt1.CVCHAR4, dtt2.CVCHAR255 from datatypetestm1 dtt1, datatypetestm2 dtt2 where dtt1.cidx = dtt2.cidx and dtt1.CVCHAR4 > dtt2.CVCHAR255 ;
cidx	CVCHAR4	CVCHAR255
6	wwww	qqqqqqq
7	wwww	qqqqqqqq
8	wwww	qqqqqqqqq
9	wwww	qqqqqqqqqq
select dtt1.cidx, dtt1.CVCHAR4, dtt2.CVCHAR255 from datatypetestm1 dtt1, datatypetestm2 dtt2 where dtt1.cidx = dtt2.cidx and dtt1.CVCHAR4 >= dtt2.CVCHAR255 ;
cidx	CVCHAR4	CVCHAR255
6	wwww	qqqqqqq
7	wwww	qqqqqqqq
8	wwww	qqqqqqqqq
9	wwww	qqqqqqqqqq
select dtt1.cidx, dtt1.CVCHAR4, dtt2.CVCHAR255 from datatypetestm1 dtt1, datatypetestm2 dtt2 where dtt1.cidx = dtt2.cidx and dtt1.CVCHAR4 <> dtt2.CVCHAR255 ;
cidx	CVCHAR4	CVCHAR255
1	aaaa	aaaaaaaaaa
2	d	j
3	dd	jj
4	ddd	jjj
5	dddd	jjjj
6	wwww	qqqqqqq
7	wwww	qqqqqqqq
8	wwww	qqqqqqqqq
9	wwww	qqqqqqqqqq
10	zzzz	zzzzzzzzzz
select dtt1.cidx, dtt1.CVCHAR4, dtt2.CVCHAR255 from datatypetestm1 dtt1, datatypetestm2 dtt2 where dtt1.cidx = dtt2.cidx and dtt1.CVCHAR4 < dtt2.CVCHAR255 ;
cidx	CVCHAR4	CVCHAR255
1	aaaa	aaaaaaaaaa
2	d	j
3	dd	jj
4	ddd	jjj
5	dddd	jjjj
10	zzzz	zzzzzzzzzz
select dtt1.cidx, dtt1.CVCHAR4, dtt2.CVCHAR255 from datatypetestm1 dtt1, datatypetestm2 dtt2 where dtt1.cidx = dtt2.cidx and dtt1.CVCHAR4 <= dtt2.CVCHAR255 ;
cidx	CVCHAR4	CVCHAR255
1	aaaa	aaaaaaaaaa
2	d	j
3	dd	jj
4	ddd	jjj
5	dddd	jjjj
10	zzzz	zzzzzzzzzz
