USE autopilot;
select dtt1.cidx, dtt1.CVCHAR4, dtt2.CTEXT from datatypetestm1 dtt1, datatypetestm2 dtt2 where dtt1.cidx = dtt2.cidx and dtt1.CVCHAR4 > dtt2.CTEXT ;
cidx	CVCHAR4	CTEXT
6	wwww	texttexttext
7	wwww	texttexttext
8	wwww	texttexttext
9	wwww	texttexttext
10	zzzz	texttexttext
select dtt1.cidx, dtt1.CVCHAR4, dtt2.CTEXT from datatypetestm1 dtt1, datatypetestm2 dtt2 where dtt1.cidx = dtt2.cidx and dtt1.CVCHAR4 >= dtt2.CTEXT ;
cidx	CVCHAR4	CTEXT
6	wwww	texttexttext
7	wwww	texttexttext
8	wwww	texttexttext
9	wwww	texttexttext
10	zzzz	texttexttext
select dtt1.cidx, dtt1.CVCHAR4, dtt2.CTEXT from datatypetestm1 dtt1, datatypetestm2 dtt2 where dtt1.cidx = dtt2.cidx and dtt1.CVCHAR4 <> dtt2.CTEXT ;
cidx	CVCHAR4	CTEXT
1	aaaa	texttexttext
2	d	texttexttext
3	dd	texttexttext
4	ddd	texttexttext
5	dddd	texttexttext
6	wwww	texttexttext
7	wwww	texttexttext
8	wwww	texttexttext
9	wwww	texttexttext
10	zzzz	texttexttext
select dtt1.cidx, dtt1.CVCHAR4, dtt2.CTEXT from datatypetestm1 dtt1, datatypetestm2 dtt2 where dtt1.cidx = dtt2.cidx and dtt1.CVCHAR4 < dtt2.CTEXT ;
cidx	CVCHAR4	CTEXT
1	aaaa	texttexttext
2	d	texttexttext
3	dd	texttexttext
4	ddd	texttexttext
5	dddd	texttexttext
select dtt1.cidx, dtt1.CVCHAR4, dtt2.CTEXT from datatypetestm1 dtt1, datatypetestm2 dtt2 where dtt1.cidx = dtt2.cidx and dtt1.CVCHAR4 <= dtt2.CTEXT ;
cidx	CVCHAR4	CTEXT
1	aaaa	texttexttext
2	d	texttexttext
3	dd	texttexttext
4	ddd	texttexttext
5	dddd	texttexttext
