USE autopilot;
select dtt1.cidx, dtt1.CVCHAR8, dtt2.CDECIMAL18 from datatypetestm1 dtt1, datatypetestm2 dtt2 where dtt1.cidx = dtt2.cidx and dtt1.CVCHAR8 > dtt2.CDECIMAL18 ;
cidx	CVCHAR8	CDECIMAL18
1	aaaaaaaa	-9999999999999
2	h	-9999999999998
3	hh	-9999999999997
4	hhh	-9999999999996
5	hhhh	-9999999999995
select dtt1.cidx, dtt1.CVCHAR8, dtt2.CDECIMAL18 from datatypetestm1 dtt1, datatypetestm2 dtt2 where dtt1.cidx = dtt2.cidx and dtt1.CVCHAR8 >= dtt2.CDECIMAL18 ;
cidx	CVCHAR8	CDECIMAL18
1	aaaaaaaa	-9999999999999
2	h	-9999999999998
3	hh	-9999999999997
4	hhh	-9999999999996
5	hhhh	-9999999999995
select dtt1.cidx, dtt1.CVCHAR8, dtt2.CDECIMAL18 from datatypetestm1 dtt1, datatypetestm2 dtt2 where dtt1.cidx = dtt2.cidx and dtt1.CVCHAR8 <> dtt2.CDECIMAL18 ;
cidx	CVCHAR8	CDECIMAL18
1	aaaaaaaa	-9999999999999
2	h	-9999999999998
3	hh	-9999999999997
4	hhh	-9999999999996
5	hhhh	-9999999999995
6	sssssss	9999999999995
7	ssssssss	9999999999996
8	ssssssss	9999999999997
9	ssssssss	9999999999998
10	zzzzzzzz	9999999999999
select dtt1.cidx, dtt1.CVCHAR8, dtt2.CDECIMAL18 from datatypetestm1 dtt1, datatypetestm2 dtt2 where dtt1.cidx = dtt2.cidx and dtt1.CVCHAR8 < dtt2.CDECIMAL18 ;
cidx	CVCHAR8	CDECIMAL18
6	sssssss	9999999999995
7	ssssssss	9999999999996
8	ssssssss	9999999999997
9	ssssssss	9999999999998
10	zzzzzzzz	9999999999999
select dtt1.cidx, dtt1.CVCHAR8, dtt2.CDECIMAL18 from datatypetestm1 dtt1, datatypetestm2 dtt2 where dtt1.cidx = dtt2.cidx and dtt1.CVCHAR8 <= dtt2.CDECIMAL18 ;
cidx	CVCHAR8	CDECIMAL18
6	sssssss	9999999999995
7	ssssssss	9999999999996
8	ssssssss	9999999999997
9	ssssssss	9999999999998
10	zzzzzzzz	9999999999999
