USE autopilot;
TRUNCATE TABLE jsontest;
SET @json = '{"A": 1, "B": 2, "C": 3}';
SELECT @json;
@json
{"A": 1, "B": 2, "C": 3}
INSERT INTO jsontest VALUES (1, @json, @json);
SELECT JSON_TYPE(@json);
JSON_TYPE(@json)
OBJECT
SELECT * FROM jsontest;
cInt	cVarchar	cText
1	{"A": 1, "B": 2, "C": 3}	{"A": 1, "B": 2, "C": 3}
SELECT cVarchar, JSON_TYPE(cVarchar), cText, JSON_TYPE(cText) from jsontest;
ERROR 42000: The storage engine for the table doesn't support MCS-1001: Function 'json_type' isn't supported.
TRUNCATE TABLE jsontest;
