USE autopilot;
select dtt1.cidx, dtt1.CVCHAR5, dtt2.CFLOAT from datatypetestm1 dtt1, datatypetestm2 dtt2 where dtt1.cidx = dtt2.cidx and dtt1.CVCHAR5 > dtt2.CFLOAT ;
cidx	CVCHAR5	CFLOAT
1	aaaaa	-3.40287e18
2	e	-3.40287e18
3	ee	-3.40286e18
4	eee	-3.40286e18
5	eeee	-3.40286e18
select dtt1.cidx, dtt1.CVCHAR5, dtt2.CFLOAT from datatypetestm1 dtt1, datatypetestm2 dtt2 where dtt1.cidx = dtt2.cidx and dtt1.CVCHAR5 >= dtt2.CFLOAT ;
cidx	CVCHAR5	CFLOAT
1	aaaaa	-3.40287e18
2	e	-3.40287e18
3	ee	-3.40286e18
4	eee	-3.40286e18
5	eeee	-3.40286e18
select dtt1.cidx, dtt1.CVCHAR5, dtt2.CFLOAT from datatypetestm1 dtt1, datatypetestm2 dtt2 where dtt1.cidx = dtt2.cidx and dtt1.CVCHAR5 <> dtt2.CFLOAT ;
cidx	CVCHAR5	CFLOAT
1	aaaaa	-3.40287e18
2	e	-3.40287e18
3	ee	-3.40286e18
4	eee	-3.40286e18
5	eeee	-3.40286e18
6	vvvvv	3.40286e18
7	vvvvv	3.40286e18
8	vvvvv	3.40286e18
9	vvvvv	3.40287e18
10	zzzzz	3.40287e18
select dtt1.cidx, dtt1.CVCHAR5, dtt2.CFLOAT from datatypetestm1 dtt1, datatypetestm2 dtt2 where dtt1.cidx = dtt2.cidx and dtt1.CVCHAR5 < dtt2.CFLOAT ;
cidx	CVCHAR5	CFLOAT
6	vvvvv	3.40286e18
7	vvvvv	3.40286e18
8	vvvvv	3.40286e18
9	vvvvv	3.40287e18
10	zzzzz	3.40287e18
select dtt1.cidx, dtt1.CVCHAR5, dtt2.CFLOAT from datatypetestm1 dtt1, datatypetestm2 dtt2 where dtt1.cidx = dtt2.cidx and dtt1.CVCHAR5 <= dtt2.CFLOAT ;
cidx	CVCHAR5	CFLOAT
6	vvvvv	3.40286e18
7	vvvvv	3.40286e18
8	vvvvv	3.40286e18
9	vvvvv	3.40287e18
10	zzzzz	3.40287e18
