USE autopilot;
select dtt1.cidx, dtt1.CVCHAR6, dtt2.CDOUBLE from datatypetestm1 dtt1, datatypetestm2 dtt2 where dtt1.cidx = dtt2.cidx and dtt1.CVCHAR6 > dtt2.CDOUBLE ;
cidx	CVCHAR6	CDOUBLE
1	aaaaaa	-1.797693231e108
2	f	-1.79769323e108
3	ff	-1.797693229e108
4	fff	-1.797693228e108
5	ffff	-1.797693227e108
select dtt1.cidx, dtt1.CVCHAR6, dtt2.CDOUBLE from datatypetestm1 dtt1, datatypetestm2 dtt2 where dtt1.cidx = dtt2.cidx and dtt1.CVCHAR6 >= dtt2.CDOUBLE ;
cidx	CVCHAR6	CDOUBLE
1	aaaaaa	-1.797693231e108
2	f	-1.79769323e108
3	ff	-1.797693229e108
4	fff	-1.797693228e108
5	ffff	-1.797693227e108
select dtt1.cidx, dtt1.CVCHAR6, dtt2.CDOUBLE from datatypetestm1 dtt1, datatypetestm2 dtt2 where dtt1.cidx = dtt2.cidx and dtt1.CVCHAR6 <> dtt2.CDOUBLE ;
cidx	CVCHAR6	CDOUBLE
1	aaaaaa	-1.797693231e108
2	f	-1.79769323e108
3	ff	-1.797693229e108
4	fff	-1.797693228e108
5	ffff	-1.797693227e108
6	uuuuuu	1.797693227e108
7	uuuuuu	1.797693228e108
8	uuuuuu	1.797693229e108
9	uuuuuu	1.79769323e108
10	zzzzzz	1.797693231e108
select dtt1.cidx, dtt1.CVCHAR6, dtt2.CDOUBLE from datatypetestm1 dtt1, datatypetestm2 dtt2 where dtt1.cidx = dtt2.cidx and dtt1.CVCHAR6 < dtt2.CDOUBLE ;
cidx	CVCHAR6	CDOUBLE
6	uuuuuu	1.797693227e108
7	uuuuuu	1.797693228e108
8	uuuuuu	1.797693229e108
9	uuuuuu	1.79769323e108
10	zzzzzz	1.797693231e108
select dtt1.cidx, dtt1.CVCHAR6, dtt2.CDOUBLE from datatypetestm1 dtt1, datatypetestm2 dtt2 where dtt1.cidx = dtt2.cidx and dtt1.CVCHAR6 <= dtt2.CDOUBLE ;
cidx	CVCHAR6	CDOUBLE
6	uuuuuu	1.797693227e108
7	uuuuuu	1.797693228e108
8	uuuuuu	1.797693229e108
9	uuuuuu	1.79769323e108
10	zzzzzz	1.797693231e108
