USE autopilot;
select dtt1.cidx, dtt1.CVCHAR8, dtt2.CDECIMAL1 from datatypetestm1 dtt1, datatypetestm2 dtt2 where dtt1.cidx = dtt2.cidx and dtt1.CVCHAR8 > dtt2.CDECIMAL1 ;
cidx	CVCHAR8	CDECIMAL1
1	aaaaaaaa	-9
2	h	-8
3	hh	-7
4	hhh	-6
5	hhhh	-5
select dtt1.cidx, dtt1.CVCHAR8, dtt2.CDECIMAL1 from datatypetestm1 dtt1, datatypetestm2 dtt2 where dtt1.cidx = dtt2.cidx and dtt1.CVCHAR8 >= dtt2.CDECIMAL1 ;
cidx	CVCHAR8	CDECIMAL1
1	aaaaaaaa	-9
2	h	-8
3	hh	-7
4	hhh	-6
5	hhhh	-5
select dtt1.cidx, dtt1.CVCHAR8, dtt2.CDECIMAL1 from datatypetestm1 dtt1, datatypetestm2 dtt2 where dtt1.cidx = dtt2.cidx and dtt1.CVCHAR8 <> dtt2.CDECIMAL1 ;
cidx	CVCHAR8	CDECIMAL1
1	aaaaaaaa	-9
2	h	-8
3	hh	-7
4	hhh	-6
5	hhhh	-5
6	sssssss	5
7	ssssssss	6
8	ssssssss	7
9	ssssssss	8
10	zzzzzzzz	9
select dtt1.cidx, dtt1.CVCHAR8, dtt2.CDECIMAL1 from datatypetestm1 dtt1, datatypetestm2 dtt2 where dtt1.cidx = dtt2.cidx and dtt1.CVCHAR8 < dtt2.CDECIMAL1 ;
cidx	CVCHAR8	CDECIMAL1
6	sssssss	5
7	ssssssss	6
8	ssssssss	7
9	ssssssss	8
10	zzzzzzzz	9
select dtt1.cidx, dtt1.CVCHAR8, dtt2.CDECIMAL1 from datatypetestm1 dtt1, datatypetestm2 dtt2 where dtt1.cidx = dtt2.cidx and dtt1.CVCHAR8 <= dtt2.CDECIMAL1 ;
cidx	CVCHAR8	CDECIMAL1
6	sssssss	5
7	ssssssss	6
8	ssssssss	7
9	ssssssss	8
10	zzzzzzzz	9
