USE autopilot;
select dtt1.cidx, dtt1.CVCHAR4, dtt2.CSMALLINT from datatypetestm1 dtt1, datatypetestm2 dtt2 where dtt1.cidx = dtt2.cidx and dtt1.CVCHAR4 > dtt2.CSMALLINT ;
cidx	CVCHAR4	CSMALLINT
1	aaaa	-766
2	d	-765
3	dd	-764
4	ddd	-763
5	dddd	-762
select dtt1.cidx, dtt1.CVCHAR4, dtt2.CSMALLINT from datatypetestm1 dtt1, datatypetestm2 dtt2 where dtt1.cidx = dtt2.cidx and dtt1.CVCHAR4 >= dtt2.CSMALLINT ;
cidx	CVCHAR4	CSMALLINT
1	aaaa	-766
2	d	-765
3	dd	-764
4	ddd	-763
5	dddd	-762
select dtt1.cidx, dtt1.CVCHAR4, dtt2.CSMALLINT from datatypetestm1 dtt1, datatypetestm2 dtt2 where dtt1.cidx = dtt2.cidx and dtt1.CVCHAR4 <> dtt2.CSMALLINT ;
cidx	CVCHAR4	CSMALLINT
1	aaaa	-766
2	d	-765
3	dd	-764
4	ddd	-763
5	dddd	-762
6	wwww	763
7	wwww	764
8	wwww	765
9	wwww	766
10	zzzz	767
select dtt1.cidx, dtt1.CVCHAR4, dtt2.CSMALLINT from datatypetestm1 dtt1, datatypetestm2 dtt2 where dtt1.cidx = dtt2.cidx and dtt1.CVCHAR4 < dtt2.CSMALLINT ;
cidx	CVCHAR4	CSMALLINT
6	wwww	763
7	wwww	764
8	wwww	765
9	wwww	766
10	zzzz	767
select dtt1.cidx, dtt1.CVCHAR4, dtt2.CSMALLINT from datatypetestm1 dtt1, datatypetestm2 dtt2 where dtt1.cidx = dtt2.cidx and dtt1.CVCHAR4 <= dtt2.CSMALLINT ;
cidx	CVCHAR4	CSMALLINT
6	wwww	763
7	wwww	764
8	wwww	765
9	wwww	766
10	zzzz	767
