USE autopilot;
select dtt1.cidx, dtt1.CVCHAR6, dtt2.CCHAR9 from datatypetestm1 dtt1, datatypetestm2 dtt2 where dtt1.cidx = dtt2.cidx and dtt1.CVCHAR6 > dtt2.CCHAR9 ;
cidx	CVCHAR6	CCHAR9
6	uuuuuu	rrrrrrr
7	uuuuuu	rrrrrrrr
8	uuuuuu	rrrrrrrrr
9	uuuuuu	rrrrrrrrr
select dtt1.cidx, dtt1.CVCHAR6, dtt2.CCHAR9 from datatypetestm1 dtt1, datatypetestm2 dtt2 where dtt1.cidx = dtt2.cidx and dtt1.CVCHAR6 >= dtt2.CCHAR9 ;
cidx	CVCHAR6	CCHAR9
6	uuuuuu	rrrrrrr
7	uuuuuu	rrrrrrrr
8	uuuuuu	rrrrrrrrr
9	uuuuuu	rrrrrrrrr
select dtt1.cidx, dtt1.CVCHAR6, dtt2.CCHAR9 from datatypetestm1 dtt1, datatypetestm2 dtt2 where dtt1.cidx = dtt2.cidx and dtt1.CVCHAR6 <> dtt2.CCHAR9 ;
cidx	CVCHAR6	CCHAR9
1	aaaaaa	aaaaaaaaa
2	f	i
3	ff	ii
4	fff	iii
5	ffff	iiii
6	uuuuuu	rrrrrrr
7	uuuuuu	rrrrrrrr
8	uuuuuu	rrrrrrrrr
9	uuuuuu	rrrrrrrrr
10	zzzzzz	zzzzzzzzz
select dtt1.cidx, dtt1.CVCHAR6, dtt2.CCHAR9 from datatypetestm1 dtt1, datatypetestm2 dtt2 where dtt1.cidx = dtt2.cidx and dtt1.CVCHAR6 < dtt2.CCHAR9 ;
cidx	CVCHAR6	CCHAR9
1	aaaaaa	aaaaaaaaa
2	f	i
3	ff	ii
4	fff	iii
5	ffff	iiii
10	zzzzzz	zzzzzzzzz
select dtt1.cidx, dtt1.CVCHAR6, dtt2.CCHAR9 from datatypetestm1 dtt1, datatypetestm2 dtt2 where dtt1.cidx = dtt2.cidx and dtt1.CVCHAR6 <= dtt2.CCHAR9 ;
cidx	CVCHAR6	CCHAR9
1	aaaaaa	aaaaaaaaa
2	f	i
3	ff	ii
4	fff	iii
5	ffff	iiii
10	zzzzzz	zzzzzzzzz
