USE autopilot;
select dtt1.cidx, dtt1.CVCHAR5, dtt2.CCHAR5 from datatypetestm1 dtt1, datatypetestm2 dtt2 where dtt1.cidx = dtt2.cidx and dtt1.CVCHAR5 > dtt2.CCHAR5 ;
cidx	CVCHAR5	CCHAR5
select dtt1.cidx, dtt1.CVCHAR5, dtt2.CCHAR5 from datatypetestm1 dtt1, datatypetestm2 dtt2 where dtt1.cidx = dtt2.cidx and dtt1.CVCHAR5 >= dtt2.CCHAR5 ;
cidx	CVCHAR5	CCHAR5
1	aaaaa	aaaaa
2	e	e
3	ee	ee
4	eee	eee
5	eeee	eeee
6	vvvvv	vvvvv
7	vvvvv	vvvvv
8	vvvvv	vvvvv
9	vvvvv	vvvvv
10	zzzzz	zzzzz
select dtt1.cidx, dtt1.CVCHAR5, dtt2.CCHAR5 from datatypetestm1 dtt1, datatypetestm2 dtt2 where dtt1.cidx = dtt2.cidx and dtt1.CVCHAR5 <> dtt2.CCHAR5 ;
cidx	CVCHAR5	CCHAR5
select dtt1.cidx, dtt1.CVCHAR5, dtt2.CCHAR5 from datatypetestm1 dtt1, datatypetestm2 dtt2 where dtt1.cidx = dtt2.cidx and dtt1.CVCHAR5 < dtt2.CCHAR5 ;
cidx	CVCHAR5	CCHAR5
select dtt1.cidx, dtt1.CVCHAR5, dtt2.CCHAR5 from datatypetestm1 dtt1, datatypetestm2 dtt2 where dtt1.cidx = dtt2.cidx and dtt1.CVCHAR5 <= dtt2.CCHAR5 ;
cidx	CVCHAR5	CCHAR5
1	aaaaa	aaaaa
2	e	e
3	ee	ee
4	eee	eee
5	eeee	eeee
6	vvvvv	vvvvv
7	vvvvv	vvvvv
8	vvvvv	vvvvv
9	vvvvv	vvvvv
10	zzzzz	zzzzz
