USE autopilot;
TRUNCATE TABLE jsontest;
SET @json1 = '[1, 2]';
SET @json2 = '[3, 4]';
SELECT @json1;
@json1
[1, 2]
SELECT @json2;
@json2
[3, 4]
INSERT INTO jsontest VALUES (1, @json1, @json1);
INSERT INTO jsontest VALUES (1, @json2, @json2);
SELECT JSON_MERGE(@json1,@json2);
JSON_MERGE(@json1,@json2)
[1, 2, 3, 4]
SELECT * FROM jsontest;
cInt	cVarchar	cText
1	[1, 2]	[1, 2]
1	[3, 4]	[3, 4]
SELECT cVarchar, JSON_MERGE(cVarchar, @json2), cText, JSON_MERGE(cText, @json2) from jsontest;
cVarchar	JSON_MERGE(cVarchar, @json2)	cText	JSON_MERGE(cText, @json2)
[1, 2]	[1, 2, 3, 4]	[1, 2]	[1, 2, 3, 4]
[3, 4]	[3, 4, 3, 4]	[3, 4]	[3, 4, 3, 4]
SELECT cVarchar, JSON_MERGE(cVarchar, cText), cText, JSON_MERGE(cText, cVarchar) from jsontest;
cVarchar	JSON_MERGE(cVarchar, cText)	cText	JSON_MERGE(cText, cVarchar)
[1, 2]	[1, 2, 1, 2]	[1, 2]	[1, 2, 1, 2]
[3, 4]	[3, 4, 3, 4]	[3, 4]	[3, 4, 3, 4]
TRUNCATE TABLE jsontest;
