USE autopilot;
select dtt1.cidx, dtt1.CVCHAR8, dtt2.CVCHAR5 from datatypetestm1 dtt1, datatypetestm2 dtt2 where dtt1.cidx = dtt2.cidx and dtt1.CVCHAR8 > dtt2.CVCHAR5 ;
cidx	CVCHAR8	CVCHAR5
1	aaaaaaaa	aaaaa
2	h	e
3	hh	ee
4	hhh	eee
5	hhhh	eeee
10	zzzzzzzz	zzzzz
select dtt1.cidx, dtt1.CVCHAR8, dtt2.CVCHAR5 from datatypetestm1 dtt1, datatypetestm2 dtt2 where dtt1.cidx = dtt2.cidx and dtt1.CVCHAR8 >= dtt2.CVCHAR5 ;
cidx	CVCHAR8	CVCHAR5
1	aaaaaaaa	aaaaa
2	h	e
3	hh	ee
4	hhh	eee
5	hhhh	eeee
10	zzzzzzzz	zzzzz
select dtt1.cidx, dtt1.CVCHAR8, dtt2.CVCHAR5 from datatypetestm1 dtt1, datatypetestm2 dtt2 where dtt1.cidx = dtt2.cidx and dtt1.CVCHAR8 <> dtt2.CVCHAR5 ;
cidx	CVCHAR8	CVCHAR5
1	aaaaaaaa	aaaaa
2	h	e
3	hh	ee
4	hhh	eee
5	hhhh	eeee
6	sssssss	vvvvv
7	ssssssss	vvvvv
8	ssssssss	vvvvv
9	ssssssss	vvvvv
10	zzzzzzzz	zzzzz
select dtt1.cidx, dtt1.CVCHAR8, dtt2.CVCHAR5 from datatypetestm1 dtt1, datatypetestm2 dtt2 where dtt1.cidx = dtt2.cidx and dtt1.CVCHAR8 < dtt2.CVCHAR5 ;
cidx	CVCHAR8	CVCHAR5
6	sssssss	vvvvv
7	ssssssss	vvvvv
8	ssssssss	vvvvv
9	ssssssss	vvvvv
select dtt1.cidx, dtt1.CVCHAR8, dtt2.CVCHAR5 from datatypetestm1 dtt1, datatypetestm2 dtt2 where dtt1.cidx = dtt2.cidx and dtt1.CVCHAR8 <= dtt2.CVCHAR5 ;
cidx	CVCHAR8	CVCHAR5
6	sssssss	vvvvv
7	ssssssss	vvvvv
8	ssssssss	vvvvv
9	ssssssss	vvvvv
