USE autopilot;
select dtt1.cidx, dtt1.CVCHAR5, dtt2.CBIGINT from datatypetestm1 dtt1, datatypetestm2 dtt2 where dtt1.cidx = dtt2.cidx and dtt1.CVCHAR5 > dtt2.CBIGINT ;
cidx	CVCHAR5	CBIGINT
1	aaaaa	-72036854775806
2	e	-72036854775805
3	ee	-72036854775804
4	eee	-72036854775803
5	eeee	-72036854775802
select dtt1.cidx, dtt1.CVCHAR5, dtt2.CBIGINT from datatypetestm1 dtt1, datatypetestm2 dtt2 where dtt1.cidx = dtt2.cidx and dtt1.CVCHAR5 >= dtt2.CBIGINT ;
cidx	CVCHAR5	CBIGINT
1	aaaaa	-72036854775806
2	e	-72036854775805
3	ee	-72036854775804
4	eee	-72036854775803
5	eeee	-72036854775802
select dtt1.cidx, dtt1.CVCHAR5, dtt2.CBIGINT from datatypetestm1 dtt1, datatypetestm2 dtt2 where dtt1.cidx = dtt2.cidx and dtt1.CVCHAR5 <> dtt2.CBIGINT ;
cidx	CVCHAR5	CBIGINT
1	aaaaa	-72036854775806
2	e	-72036854775805
3	ee	-72036854775804
4	eee	-72036854775803
5	eeee	-72036854775802
6	vvvvv	72036854775803
7	vvvvv	72036854775804
8	vvvvv	72036854775805
9	vvvvv	72036854775806
10	zzzzz	72036854775807
select dtt1.cidx, dtt1.CVCHAR5, dtt2.CBIGINT from datatypetestm1 dtt1, datatypetestm2 dtt2 where dtt1.cidx = dtt2.cidx and dtt1.CVCHAR5 < dtt2.CBIGINT ;
cidx	CVCHAR5	CBIGINT
6	vvvvv	72036854775803
7	vvvvv	72036854775804
8	vvvvv	72036854775805
9	vvvvv	72036854775806
10	zzzzz	72036854775807
select dtt1.cidx, dtt1.CVCHAR5, dtt2.CBIGINT from datatypetestm1 dtt1, datatypetestm2 dtt2 where dtt1.cidx = dtt2.cidx and dtt1.CVCHAR5 <= dtt2.CBIGINT ;
cidx	CVCHAR5	CBIGINT
6	vvvvv	72036854775803
7	vvvvv	72036854775804
8	vvvvv	72036854775805
9	vvvvv	72036854775806
10	zzzzz	72036854775807
