USE autopilot;
select dtt1.cidx, dtt1.CVCHAR4, dtt2.CFLOAT from datatypetestm1 dtt1, datatypetestm2 dtt2 where dtt1.cidx = dtt2.cidx and dtt1.CVCHAR4 > dtt2.CFLOAT ;
cidx	CVCHAR4	CFLOAT
1	aaaa	-3.40287e18
2	d	-3.40287e18
3	dd	-3.40286e18
4	ddd	-3.40286e18
5	dddd	-3.40286e18
select dtt1.cidx, dtt1.CVCHAR4, dtt2.CFLOAT from datatypetestm1 dtt1, datatypetestm2 dtt2 where dtt1.cidx = dtt2.cidx and dtt1.CVCHAR4 >= dtt2.CFLOAT ;
cidx	CVCHAR4	CFLOAT
1	aaaa	-3.40287e18
2	d	-3.40287e18
3	dd	-3.40286e18
4	ddd	-3.40286e18
5	dddd	-3.40286e18
select dtt1.cidx, dtt1.CVCHAR4, dtt2.CFLOAT from datatypetestm1 dtt1, datatypetestm2 dtt2 where dtt1.cidx = dtt2.cidx and dtt1.CVCHAR4 <> dtt2.CFLOAT ;
cidx	CVCHAR4	CFLOAT
1	aaaa	-3.40287e18
2	d	-3.40287e18
3	dd	-3.40286e18
4	ddd	-3.40286e18
5	dddd	-3.40286e18
6	wwww	3.40286e18
7	wwww	3.40286e18
8	wwww	3.40286e18
9	wwww	3.40287e18
10	zzzz	3.40287e18
select dtt1.cidx, dtt1.CVCHAR4, dtt2.CFLOAT from datatypetestm1 dtt1, datatypetestm2 dtt2 where dtt1.cidx = dtt2.cidx and dtt1.CVCHAR4 < dtt2.CFLOAT ;
cidx	CVCHAR4	CFLOAT
6	wwww	3.40286e18
7	wwww	3.40286e18
8	wwww	3.40286e18
9	wwww	3.40287e18
10	zzzz	3.40287e18
select dtt1.cidx, dtt1.CVCHAR4, dtt2.CFLOAT from datatypetestm1 dtt1, datatypetestm2 dtt2 where dtt1.cidx = dtt2.cidx and dtt1.CVCHAR4 <= dtt2.CFLOAT ;
cidx	CVCHAR4	CFLOAT
6	wwww	3.40286e18
7	wwww	3.40286e18
8	wwww	3.40286e18
9	wwww	3.40287e18
10	zzzz	3.40287e18
