USE autopilot;
select dtt1.cidx, dtt1.CVCHAR8, dtt2.CLONGTEXT from datatypetestm1 dtt1, datatypetestm2 dtt2 where dtt1.cidx = dtt2.cidx and dtt1.CVCHAR8 > dtt2.CLONGTEXT ;
cidx	CVCHAR8	CLONGTEXT
6	sssssss	longtextlongtextlongtext
7	ssssssss	longtextlongtextlongtext
8	ssssssss	longtextlongtextlongtext
9	ssssssss	longtextlongtextlongtext
10	zzzzzzzz	longtextlongtextlongtext
select dtt1.cidx, dtt1.CVCHAR8, dtt2.CLONGTEXT from datatypetestm1 dtt1, datatypetestm2 dtt2 where dtt1.cidx = dtt2.cidx and dtt1.CVCHAR8 >= dtt2.CLONGTEXT ;
cidx	CVCHAR8	CLONGTEXT
6	sssssss	longtextlongtextlongtext
7	ssssssss	longtextlongtextlongtext
8	ssssssss	longtextlongtextlongtext
9	ssssssss	longtextlongtextlongtext
10	zzzzzzzz	longtextlongtextlongtext
select dtt1.cidx, dtt1.CVCHAR8, dtt2.CLONGTEXT from datatypetestm1 dtt1, datatypetestm2 dtt2 where dtt1.cidx = dtt2.cidx and dtt1.CVCHAR8 <> dtt2.CLONGTEXT ;
cidx	CVCHAR8	CLONGTEXT
1	aaaaaaaa	longtextlongtextlongtext
2	h	longtextlongtextlongtext
3	hh	longtextlongtextlongtext
4	hhh	longtextlongtextlongtext
5	hhhh	longtextlongtextlongtext
6	sssssss	longtextlongtextlongtext
7	ssssssss	longtextlongtextlongtext
8	ssssssss	longtextlongtextlongtext
9	ssssssss	longtextlongtextlongtext
10	zzzzzzzz	longtextlongtextlongtext
select dtt1.cidx, dtt1.CVCHAR8, dtt2.CLONGTEXT from datatypetestm1 dtt1, datatypetestm2 dtt2 where dtt1.cidx = dtt2.cidx and dtt1.CVCHAR8 < dtt2.CLONGTEXT ;
cidx	CVCHAR8	CLONGTEXT
1	aaaaaaaa	longtextlongtextlongtext
2	h	longtextlongtextlongtext
3	hh	longtextlongtextlongtext
4	hhh	longtextlongtextlongtext
5	hhhh	longtextlongtextlongtext
select dtt1.cidx, dtt1.CVCHAR8, dtt2.CLONGTEXT from datatypetestm1 dtt1, datatypetestm2 dtt2 where dtt1.cidx = dtt2.cidx and dtt1.CVCHAR8 <= dtt2.CLONGTEXT ;
cidx	CVCHAR8	CLONGTEXT
1	aaaaaaaa	longtextlongtextlongtext
2	h	longtextlongtextlongtext
3	hh	longtextlongtextlongtext
4	hhh	longtextlongtextlongtext
5	hhhh	longtextlongtextlongtext
