USE autopilot;
select dtt1.cidx, dtt1.CVCHAR4, dtt2.CDECIMAL5 from datatypetestm1 dtt1, datatypetestm2 dtt2 where dtt1.cidx = dtt2.cidx and dtt1.CVCHAR4 > dtt2.CDECIMAL5 ;
cidx	CVCHAR4	CDECIMAL5
1	aaaa	-999
2	d	-998
3	dd	-997
4	ddd	-996
5	dddd	-995
select dtt1.cidx, dtt1.CVCHAR4, dtt2.CDECIMAL5 from datatypetestm1 dtt1, datatypetestm2 dtt2 where dtt1.cidx = dtt2.cidx and dtt1.CVCHAR4 >= dtt2.CDECIMAL5 ;
cidx	CVCHAR4	CDECIMAL5
1	aaaa	-999
2	d	-998
3	dd	-997
4	ddd	-996
5	dddd	-995
select dtt1.cidx, dtt1.CVCHAR4, dtt2.CDECIMAL5 from datatypetestm1 dtt1, datatypetestm2 dtt2 where dtt1.cidx = dtt2.cidx and dtt1.CVCHAR4 <> dtt2.CDECIMAL5 ;
cidx	CVCHAR4	CDECIMAL5
1	aaaa	-999
2	d	-998
3	dd	-997
4	ddd	-996
5	dddd	-995
6	wwww	995
7	wwww	996
8	wwww	997
9	wwww	998
10	zzzz	999
select dtt1.cidx, dtt1.CVCHAR4, dtt2.CDECIMAL5 from datatypetestm1 dtt1, datatypetestm2 dtt2 where dtt1.cidx = dtt2.cidx and dtt1.CVCHAR4 < dtt2.CDECIMAL5 ;
cidx	CVCHAR4	CDECIMAL5
6	wwww	995
7	wwww	996
8	wwww	997
9	wwww	998
10	zzzz	999
select dtt1.cidx, dtt1.CVCHAR4, dtt2.CDECIMAL5 from datatypetestm1 dtt1, datatypetestm2 dtt2 where dtt1.cidx = dtt2.cidx and dtt1.CVCHAR4 <= dtt2.CDECIMAL5 ;
cidx	CVCHAR4	CDECIMAL5
6	wwww	995
7	wwww	996
8	wwww	997
9	wwww	998
10	zzzz	999
