USE autopilot;
select dtt1.cidx, dtt1.CVCHAR7, dtt2.CCHAR7 from datatypetestm1 dtt1, datatypetestm2 dtt2 where dtt1.cidx = dtt2.cidx and dtt1.CVCHAR7 > dtt2.CCHAR7 ;
cidx	CVCHAR7	CCHAR7
select dtt1.cidx, dtt1.CVCHAR7, dtt2.CCHAR7 from datatypetestm1 dtt1, datatypetestm2 dtt2 where dtt1.cidx = dtt2.cidx and dtt1.CVCHAR7 >= dtt2.CCHAR7 ;
cidx	CVCHAR7	CCHAR7
1	aaaaaaa	aaaaaaa
2	g	g
3	gg	gg
4	ggg	ggg
5	gggg	gggg
6	ttttttt	ttttttt
7	ttttttt	ttttttt
8	ttttttt	ttttttt
9	ttttttt	ttttttt
10	zzzzzzz	zzzzzzz
select dtt1.cidx, dtt1.CVCHAR7, dtt2.CCHAR7 from datatypetestm1 dtt1, datatypetestm2 dtt2 where dtt1.cidx = dtt2.cidx and dtt1.CVCHAR7 <> dtt2.CCHAR7 ;
cidx	CVCHAR7	CCHAR7
select dtt1.cidx, dtt1.CVCHAR7, dtt2.CCHAR7 from datatypetestm1 dtt1, datatypetestm2 dtt2 where dtt1.cidx = dtt2.cidx and dtt1.CVCHAR7 < dtt2.CCHAR7 ;
cidx	CVCHAR7	CCHAR7
select dtt1.cidx, dtt1.CVCHAR7, dtt2.CCHAR7 from datatypetestm1 dtt1, datatypetestm2 dtt2 where dtt1.cidx = dtt2.cidx and dtt1.CVCHAR7 <= dtt2.CCHAR7 ;
cidx	CVCHAR7	CCHAR7
1	aaaaaaa	aaaaaaa
2	g	g
3	gg	gg
4	ggg	ggg
5	gggg	gggg
6	ttttttt	ttttttt
7	ttttttt	ttttttt
8	ttttttt	ttttttt
9	ttttttt	ttttttt
10	zzzzzzz	zzzzzzz
