USE autopilot;
select dtt1.cidx, dtt1.CVCHAR6, dtt2.CCHAR8 from datatypetestm1 dtt1, datatypetestm2 dtt2 where dtt1.cidx = dtt2.cidx and dtt1.CVCHAR6 > dtt2.CCHAR8 ;
cidx	CVCHAR6	CCHAR8
6	uuuuuu	sssssss
7	uuuuuu	ssssssss
8	uuuuuu	ssssssss
9	uuuuuu	ssssssss
select dtt1.cidx, dtt1.CVCHAR6, dtt2.CCHAR8 from datatypetestm1 dtt1, datatypetestm2 dtt2 where dtt1.cidx = dtt2.cidx and dtt1.CVCHAR6 >= dtt2.CCHAR8 ;
cidx	CVCHAR6	CCHAR8
6	uuuuuu	sssssss
7	uuuuuu	ssssssss
8	uuuuuu	ssssssss
9	uuuuuu	ssssssss
select dtt1.cidx, dtt1.CVCHAR6, dtt2.CCHAR8 from datatypetestm1 dtt1, datatypetestm2 dtt2 where dtt1.cidx = dtt2.cidx and dtt1.CVCHAR6 <> dtt2.CCHAR8 ;
cidx	CVCHAR6	CCHAR8
1	aaaaaa	aaaaaaaa
2	f	h
3	ff	hh
4	fff	hhh
5	ffff	hhhh
6	uuuuuu	sssssss
7	uuuuuu	ssssssss
8	uuuuuu	ssssssss
9	uuuuuu	ssssssss
10	zzzzzz	zzzzzzzz
select dtt1.cidx, dtt1.CVCHAR6, dtt2.CCHAR8 from datatypetestm1 dtt1, datatypetestm2 dtt2 where dtt1.cidx = dtt2.cidx and dtt1.CVCHAR6 < dtt2.CCHAR8 ;
cidx	CVCHAR6	CCHAR8
1	aaaaaa	aaaaaaaa
2	f	h
3	ff	hh
4	fff	hhh
5	ffff	hhhh
10	zzzzzz	zzzzzzzz
select dtt1.cidx, dtt1.CVCHAR6, dtt2.CCHAR8 from datatypetestm1 dtt1, datatypetestm2 dtt2 where dtt1.cidx = dtt2.cidx and dtt1.CVCHAR6 <= dtt2.CCHAR8 ;
cidx	CVCHAR6	CCHAR8
1	aaaaaa	aaaaaaaa
2	f	h
3	ff	hh
4	fff	hhh
5	ffff	hhhh
10	zzzzzz	zzzzzzzz
