USE autopilot;
TRUNCATE TABLE jsontest;
SET @json1 = '{"key1":{"a":1, "b":[1,2]}}';
SET @json2 = '{"key1":123, "key1": [1,2,3]}';
SELECT @json1;
@json1
{"key1":{"a":1, "b":[1,2]}}
SELECT @json2;
@json2
{"key1":123, "key1": [1,2,3]}
INSERT INTO jsontest VALUES (1, @json1, @json1);
INSERT INTO jsontest VALUES (1, @json2, @json2);
SELECT JSON_QUERY(@json1, '$.key1');
JSON_QUERY(@json1, '$.key1')
{"a":1, "b":[1,2]}
SELECT JSON_QUERY(@json2, '$.key1');
JSON_QUERY(@json2, '$.key1')
[1,2,3]
SELECT * FROM jsontest;
cInt	cVarchar	cText
1	{"key1":{"a":1, "b":[1,2]}}	{"key1":{"a":1, "b":[1,2]}}
1	{"key1":123, "key1": [1,2,3]}	{"key1":123, "key1": [1,2,3]}
SELECT cVarchar, JSON_QUERY(cVarchar, '$.key1'), cText, JSON_QUERY(cText, '$.key1') from jsontest;
cVarchar	JSON_QUERY(cVarchar, '$.key1')	cText	JSON_QUERY(cText, '$.key1')
{"key1":{"a":1, "b":[1,2]}}	{"a":1, "b":[1,2]}	{"key1":{"a":1, "b":[1,2]}}	{"a":1, "b":[1,2]}
{"key1":123, "key1": [1,2,3]}	[1,2,3]	{"key1":123, "key1": [1,2,3]}	[1,2,3]
TRUNCATE TABLE jsontest;
