USE autopilot;
TRUNCATE TABLE jsontest;
SET @json1 = '{"key1":123}';
SET @json2 = '{"key1": [1,2,3], "key1":123}';
SELECT @json1;
@json1
{"key1":123}
SELECT @json2;
@json2
{"key1": [1,2,3], "key1":123}
INSERT INTO jsontest VALUES (1, @json1, @json1);
INSERT INTO jsontest VALUES (1, @json2, @json2);
SELECT JSON_VALUE(@json1, '$.key1');
JSON_VALUE(@json1, '$.key1')
123
SELECT JSON_VALUE(@json2, '$.key1');
JSON_VALUE(@json2, '$.key1')
123
SELECT * FROM jsontest;
cInt	cVarchar	cText
1	{"key1":123}	{"key1":123}
1	{"key1": [1,2,3], "key1":123}	{"key1": [1,2,3], "key1":123}
SELECT cVarchar, JSON_VALUE(cVarchar, '$.key1'), cText, JSON_VALUE(cText, '$.key1') from jsontest;
cVarchar	JSON_VALUE(cVarchar, '$.key1')	cText	JSON_VALUE(cText, '$.key1')
{"key1":123}	123	{"key1":123}	123
{"key1": [1,2,3], "key1":123}	123	{"key1": [1,2,3], "key1":123}	123
TRUNCATE TABLE jsontest;
