USE autopilot;
select dtt1.cidx, dtt1.CVCHAR5, dtt2.CDECIMAL5 from datatypetestm1 dtt1, datatypetestm2 dtt2 where dtt1.cidx = dtt2.cidx and dtt1.CVCHAR5 > dtt2.CDECIMAL5 ;
cidx	CVCHAR5	CDECIMAL5
1	aaaaa	-999
2	e	-998
3	ee	-997
4	eee	-996
5	eeee	-995
select dtt1.cidx, dtt1.CVCHAR5, dtt2.CDECIMAL5 from datatypetestm1 dtt1, datatypetestm2 dtt2 where dtt1.cidx = dtt2.cidx and dtt1.CVCHAR5 >= dtt2.CDECIMAL5 ;
cidx	CVCHAR5	CDECIMAL5
1	aaaaa	-999
2	e	-998
3	ee	-997
4	eee	-996
5	eeee	-995
select dtt1.cidx, dtt1.CVCHAR5, dtt2.CDECIMAL5 from datatypetestm1 dtt1, datatypetestm2 dtt2 where dtt1.cidx = dtt2.cidx and dtt1.CVCHAR5 <> dtt2.CDECIMAL5 ;
cidx	CVCHAR5	CDECIMAL5
1	aaaaa	-999
2	e	-998
3	ee	-997
4	eee	-996
5	eeee	-995
6	vvvvv	995
7	vvvvv	996
8	vvvvv	997
9	vvvvv	998
10	zzzzz	999
select dtt1.cidx, dtt1.CVCHAR5, dtt2.CDECIMAL5 from datatypetestm1 dtt1, datatypetestm2 dtt2 where dtt1.cidx = dtt2.cidx and dtt1.CVCHAR5 < dtt2.CDECIMAL5 ;
cidx	CVCHAR5	CDECIMAL5
6	vvvvv	995
7	vvvvv	996
8	vvvvv	997
9	vvvvv	998
10	zzzzz	999
select dtt1.cidx, dtt1.CVCHAR5, dtt2.CDECIMAL5 from datatypetestm1 dtt1, datatypetestm2 dtt2 where dtt1.cidx = dtt2.cidx and dtt1.CVCHAR5 <= dtt2.CDECIMAL5 ;
cidx	CVCHAR5	CDECIMAL5
6	vvvvv	995
7	vvvvv	996
8	vvvvv	997
9	vvvvv	998
10	zzzzz	999
