USE autopilot;
select dtt1.cidx, dtt1.CVCHAR7, dtt2.CDECIMAL18 from datatypetestm1 dtt1, datatypetestm2 dtt2 where dtt1.cidx = dtt2.cidx and dtt1.CVCHAR7 > dtt2.CDECIMAL18 ;
cidx	CVCHAR7	CDECIMAL18
1	aaaaaaa	-9999999999999
2	g	-9999999999998
3	gg	-9999999999997
4	ggg	-9999999999996
5	gggg	-9999999999995
select dtt1.cidx, dtt1.CVCHAR7, dtt2.CDECIMAL18 from datatypetestm1 dtt1, datatypetestm2 dtt2 where dtt1.cidx = dtt2.cidx and dtt1.CVCHAR7 >= dtt2.CDECIMAL18 ;
cidx	CVCHAR7	CDECIMAL18
1	aaaaaaa	-9999999999999
2	g	-9999999999998
3	gg	-9999999999997
4	ggg	-9999999999996
5	gggg	-9999999999995
select dtt1.cidx, dtt1.CVCHAR7, dtt2.CDECIMAL18 from datatypetestm1 dtt1, datatypetestm2 dtt2 where dtt1.cidx = dtt2.cidx and dtt1.CVCHAR7 <> dtt2.CDECIMAL18 ;
cidx	CVCHAR7	CDECIMAL18
1	aaaaaaa	-9999999999999
2	g	-9999999999998
3	gg	-9999999999997
4	ggg	-9999999999996
5	gggg	-9999999999995
6	ttttttt	9999999999995
7	ttttttt	9999999999996
8	ttttttt	9999999999997
9	ttttttt	9999999999998
10	zzzzzzz	9999999999999
select dtt1.cidx, dtt1.CVCHAR7, dtt2.CDECIMAL18 from datatypetestm1 dtt1, datatypetestm2 dtt2 where dtt1.cidx = dtt2.cidx and dtt1.CVCHAR7 < dtt2.CDECIMAL18 ;
cidx	CVCHAR7	CDECIMAL18
6	ttttttt	9999999999995
7	ttttttt	9999999999996
8	ttttttt	9999999999997
9	ttttttt	9999999999998
10	zzzzzzz	9999999999999
select dtt1.cidx, dtt1.CVCHAR7, dtt2.CDECIMAL18 from datatypetestm1 dtt1, datatypetestm2 dtt2 where dtt1.cidx = dtt2.cidx and dtt1.CVCHAR7 <= dtt2.CDECIMAL18 ;
cidx	CVCHAR7	CDECIMAL18
6	ttttttt	9999999999995
7	ttttttt	9999999999996
8	ttttttt	9999999999997
9	ttttttt	9999999999998
10	zzzzzzz	9999999999999
