USE autopilot;
select dtt1.cidx, dtt1.CVCHAR6, dtt2.CFLOAT from datatypetestm1 dtt1, datatypetestm2 dtt2 where dtt1.cidx = dtt2.cidx and dtt1.CVCHAR6 > dtt2.CFLOAT ;
cidx	CVCHAR6	CFLOAT
1	aaaaaa	-3.40287e18
2	f	-3.40287e18
3	ff	-3.40286e18
4	fff	-3.40286e18
5	ffff	-3.40286e18
select dtt1.cidx, dtt1.CVCHAR6, dtt2.CFLOAT from datatypetestm1 dtt1, datatypetestm2 dtt2 where dtt1.cidx = dtt2.cidx and dtt1.CVCHAR6 >= dtt2.CFLOAT ;
cidx	CVCHAR6	CFLOAT
1	aaaaaa	-3.40287e18
2	f	-3.40287e18
3	ff	-3.40286e18
4	fff	-3.40286e18
5	ffff	-3.40286e18
select dtt1.cidx, dtt1.CVCHAR6, dtt2.CFLOAT from datatypetestm1 dtt1, datatypetestm2 dtt2 where dtt1.cidx = dtt2.cidx and dtt1.CVCHAR6 <> dtt2.CFLOAT ;
cidx	CVCHAR6	CFLOAT
1	aaaaaa	-3.40287e18
2	f	-3.40287e18
3	ff	-3.40286e18
4	fff	-3.40286e18
5	ffff	-3.40286e18
6	uuuuuu	3.40286e18
7	uuuuuu	3.40286e18
8	uuuuuu	3.40286e18
9	uuuuuu	3.40287e18
10	zzzzzz	3.40287e18
select dtt1.cidx, dtt1.CVCHAR6, dtt2.CFLOAT from datatypetestm1 dtt1, datatypetestm2 dtt2 where dtt1.cidx = dtt2.cidx and dtt1.CVCHAR6 < dtt2.CFLOAT ;
cidx	CVCHAR6	CFLOAT
6	uuuuuu	3.40286e18
7	uuuuuu	3.40286e18
8	uuuuuu	3.40286e18
9	uuuuuu	3.40287e18
10	zzzzzz	3.40287e18
select dtt1.cidx, dtt1.CVCHAR6, dtt2.CFLOAT from datatypetestm1 dtt1, datatypetestm2 dtt2 where dtt1.cidx = dtt2.cidx and dtt1.CVCHAR6 <= dtt2.CFLOAT ;
cidx	CVCHAR6	CFLOAT
6	uuuuuu	3.40286e18
7	uuuuuu	3.40286e18
8	uuuuuu	3.40286e18
9	uuuuuu	3.40287e18
10	zzzzzz	3.40287e18
