DROP DATABASE IF EXISTS mcol4889_db2;
CREATE DATABASE IF NOT EXISTS mcol4889_db2;
USE mcol4889_db2;
CREATE TABLE t1(col1 INT, col2 INT, col3 CHAR(8)) ENGINE=COLUMNSTORE;
LOAD DATA LOCAL infile 'MTR_SUITE_DIR/../std_data/100Krows.dat' INTO TABLE t1 FIELDS TERMINATED BY '|';;
SELECT COUNT(*) FROM t1;
COUNT(*)
100001
INSERT INTO t1 SELECT * FROM t1;
INSERT INTO t1 SELECT * FROM t1;
INSERT INTO t1 SELECT * FROM t1;
INSERT INTO t1 SELECT * FROM t1;
INSERT INTO t1 SELECT * FROM t1;
INSERT INTO t1 SELECT * FROM t1;
INSERT INTO t1 SELECT * FROM t1;
SELECT COUNT(*) FROM t1;
COUNT(*)
12800128
SELECT mcs_analyze_table_bloat('t1');
mcs_analyze_table_bloat('t1')
Part#                Empty Rate
  1.0.0                50.00%
  1.0.1                50.00%
DROP DATABASE mcol4889_db2;
