DROP DATABASE IF EXISTS test_empty_strings;
CREATE DATABASE test_empty_strings;
USE test_empty_strings;
CREATE TABLE t(s text) ENGINE=COLUMNSTORE;
INSERT INTO t(s) VALUES (''), (NULL);
SELECT COUNT(*) FROM t WHERE s IS NULL;
COUNT(*)
1
SELECT COUNT(*) FROM t WHERE s IS NOT NULL;
COUNT(*)
1
SELECT * FROM t;

NULL
DROP TABLE t;
CREATE TABLE t(s text) ENGINE=COLUMNSTORE;
INSERT INTO t(s) VALUES ('');
INSERT INTO t(s) VALUES (NULL);
SELECT * FROM t;
s

NULL
SELECT COUNT(*) FROM t WHERE s IS NULL;
COUNT(*)
1
DROP TABLE t;
CREATE TABLE t(s text) ENGINE=COLUMNSTORE;
INSERT INTO t(s) VALUES ('_CpNuLl_'),(''), (NULL);
SELECT * FROM t;
s
_CpNuLl_

NULL
SELECT COUNT(*) FROM t WHERE s IS NULL;
COUNT(*)
1
DROP DATABASE test_empty_strings;
