CREATE DATABASE IF NOT EXISTS test_empty_strings;
USE test_empty_strings;
DROP TABLE IF EXISTS t;
CREATE TABLE t(s text) ENGINE=COLUMNSTORE;
INSERT INTO t(s) VALUES (""), (NULL);
SELECT COUNT(*) FROM t WHERE s IS NULL;
COUNT(*)
1
SELECT * FROM t;
s

NULL
DROP TABLE t;
CREATE TABLE t(s text) ENGINE=COLUMNSTORE;
INSERT INTO t(s) VALUES ("");
INSERT INTO t(s) VALUES (NULL);
SELECT * FROM t;
s

NULL
SELECT COUNT(*) FROM t WHERE s IS NULL;
COUNT(*)
1
DROP DATABASE test_empty_strings;
