DROP DATABASE IF EXISTS mcol_5505_parquet_large_volume;
CREATE DATABASE mcol_5505_parquet_large_volume;
USE mcol_5505_parquet_large_volume;
SET time_zone = '+8:00';
Create TABLE t1(
col1 INT,
col2 TIMESTAMP,
col3 CHAR(6),
col4 DECIMAL(38,10),
col5 DOUBLE,
col6 VARCHAR(20)
) ENGINE=Columnstore;
Create TABLE t2(
col1 INT,
col2 TIMESTAMP,
col3 CHAR(6),
col4 DECIMAL(38,10),
col5 DOUBLE,
col6 VARCHAR(20)
) ENGINE=Columnstore;
Create TABLE t3(
col1 INT,
col2 TIMESTAMP,
col3 CHAR(6),
col4 DECIMAL(38,10),
col5 DOUBLE,
col6 VARCHAR(20)
) ENGINE=Columnstore;
Create TABLE t4(
col1 INT,
col2 TIMESTAMP,
col3 CHAR(6),
col4 DECIMAL(38,10),
col5 DOUBLE,
col6 VARCHAR(20)
) ENGINE=Columnstore;
SELECT * FROM t1 ORDER BY col1 LIMIT 5;
col1	col2	col3	col4	col5	col6
0	0000-00-00 00:00:00	hhhh	12345678909876543.2112345678	2.5	hhhh
1	1970-01-01 10:46:40	hhhh	12345678909876543.2112345678	3.5	hhhh
2	1970-01-01 13:33:20	hhhh	12345678909876543.2112345678	4.5	hhhh
3	1970-01-01 16:20:00	hhhh	12345678909876543.2112345678	5.5	hhhh
4	1970-01-01 19:06:40	hhhh	12345678909876543.2112345678	6.5	hhhh
SELECT COUNT(*) FROM t1;
COUNT(*)
1000000
SELECT * FROM t2 ORDER BY col1 LIMIT 5;
col1	col2	col3	col4	col5	col6
0	0000-00-00 00:00:00	hhhh	12345678909876543.2112345678	2.5	hhhh
1	1970-01-01 10:46:40	hhhh	12345678909876543.2112345678	3.5	hhhh
2	1970-01-01 13:33:20	hhhh	12345678909876543.2112345678	4.5	hhhh
3	1970-01-01 16:20:00	hhhh	12345678909876543.2112345678	5.5	hhhh
4	1970-01-01 19:06:40	hhhh	12345678909876543.2112345678	6.5	hhhh
SELECT COUNT(*) FROM t2;
COUNT(*)
10000000
SELECT * FROM t3 ORDER BY col1 LIMIT 5;
col1	col2	col3	col4	col5	col6
0	0000-00-00 00:00:00	hhhh	12345678909876543.2112345678	2.5	hhhh
1	1970-01-01 10:46:40	hhhh	12345678909876543.2112345678	3.5	hhhh
2	1970-01-01 13:33:20	hhhh	12345678909876543.2112345678	4.5	hhhh
3	1970-01-01 16:20:00	hhhh	12345678909876543.2112345678	5.5	hhhh
4	1970-01-01 19:06:40	hhhh	12345678909876543.2112345678	6.5	hhhh
SELECT COUNT(*) FROM t3;
COUNT(*)
50000000
SELECT * FROM t4 ORDER BY col1 LIMIT 5;
col1	col2	col3	col4	col5	col6
0	0000-00-00 00:00:00	hhhh	12345678909876543.2112345678	2.5	hhhh
1	1970-01-01 10:46:40	hhhh	12345678909876543.2112345678	3.5	hhhh
2	1970-01-01 13:33:20	hhhh	12345678909876543.2112345678	4.5	hhhh
3	1970-01-01 16:20:00	hhhh	12345678909876543.2112345678	5.5	hhhh
4	1970-01-01 19:06:40	hhhh	12345678909876543.2112345678	6.5	hhhh
SELECT COUNT(*) FROM t4;
COUNT(*)
100000000
DROP DATABASE mcol_5505_parquet_large_volume;
