DROP DATABASE IF EXISTS mcol_3738_db;
CREATE DATABASE mcol_3738_db;
USE mcol_3738_db;
CREATE TABLE `t1` (
idx  int(11), 
c1   int(11),
c2   int(11), 
c3   int(11), 
char1 varchar(28)
) ENGINE=Columnstore DEFAULT CHARSET=utf8mb4;
insert into t1 values   (1, 2, 2, 1, "something this way comes"), 
(1, 2, 3, 1, "elsewhere this way comes"),
(1, 2, 4, 1, "something this way comes"), 
(1, 3, 2, 2, "something this way comes"), 
(1, 3, 3, 2, "elsewhere this way comes"), 
(1, 3, 4, 2, "elsewhere this way comes"), 
(2, 2, 2, 3, "something this way comes"), 
(2, 2, 3, 3, "elsewhere this way comes"), 
(2, 2, 4, 3, "something this way comes"), 
(3, 3, 2, 4, "something this way comes"), 
(3, 3, 3, 4, "elsewhere this way comes"), 
(4, 3, 4, 5, "elsewhere this way comes");
select count(distinct c1,  c2), count(distinct char1) from t1;
count(distinct c1,  c2)	count(distinct char1)
6	2
select idx, count(distinct c1,  c2), count(distinct c1, c3, char1) from t1 group by idx order by idx;
idx	count(distinct c1,  c2)	count(distinct c1, c3, char1)
1	6	4
2	3	2
3	2	2
4	1	1
select avg(distinct c2), count(c2), count( distinct c2, c3), count(c2),sum(distinct c2), avg(distinct c3), count(distinct c2, c3) from t1;
avg(distinct c2)	count(c2)	count( distinct c2, c3)	count(c2)	sum(distinct c2)	avg(distinct c3)	count(distinct c2, c3)
3.0000	12	12	12	9	3.0000	12
select avg(distinct c2), count(c2), count( distinct c2, c3), count(c2),sum(distinct c2), avg(distinct c3), count(distinct c2, c3) from t1 group by c1;
avg(distinct c2)	count(c2)	count( distinct c2, c3)	count(c2)	sum(distinct c2)	avg(distinct c3)	count(distinct c2, c3)
3.0000	6	6	6	9	2.0000	6
3.0000	6	6	6	9	3.6667	6
select avg(distinct c2), count(c2), count( distinct c2, c3), count(c2),sum(distinct c2), avg(distinct c3), count(distinct c2) from t1 group by c1;
avg(distinct c2)	count(c2)	count( distinct c2, c3)	count(c2)	sum(distinct c2)	avg(distinct c3)	count(distinct c2)
3.0000	6	6	6	9	2.0000	3
3.0000	6	6	6	9	3.6667	3
select avg(distinct c2), count(c2), count( distinct c2), count(c2),sum(distinct c2), avg(distinct c3), count(distinct c2, c3) from t1 group by c1;
avg(distinct c2)	count(c2)	count( distinct c2)	count(c2)	sum(distinct c2)	avg(distinct c3)	count(distinct c2, c3)
3.0000	6	3	6	9	2.0000	6
3.0000	6	3	6	9	3.6667	6
select group_concat(distinct char1), avg(distinct c2), count(c2), count( distinct c2), count(c2),sum(distinct c2), avg(distinct c3), count(distinct c2, c3, c1) from t1;
group_concat(distinct char1)	avg(distinct c2)	count(c2)	count( distinct c2)	count(c2)	sum(distinct c2)	avg(distinct c3)	count(distinct c2, c3, c1)
elsewhere this way comes,something this way comes	3.0000	12	3	12	9	3.0000	12
select group_concat(distinct char1), avg(distinct c2), count(c2), count( distinct c2), count(c2),sum(distinct c2), avg(distinct c3), count(distinct c2, c3) from t1 group by c1;
group_concat(distinct char1)	avg(distinct c2)	count(c2)	count( distinct c2)	count(c2)	sum(distinct c2)	avg(distinct c3)	count(distinct c2, c3)
elsewhere this way comes,something this way comes	3.0000	6	3	6	9	2.0000	6
elsewhere this way comes,something this way comes	3.0000	6	3	6	9	3.6667	6
select idx, sum(c3), count(distinct c1,  c2), count(distinct c1, c3, char1), group_concat("ls_", char1) from t1 group by idx order by idx;
idx	sum(c3)	count(distinct c1,  c2)	count(distinct c1, c3, char1)	group_concat("ls_", char1)
1	9	6	4	ls_something this way comes,ls_elsewhere this way comes,ls_something this way comes,ls_something this way comes,ls_elsewhere this way comes,ls_elsewhere this way comes
2	9	3	2	ls_something this way comes,ls_elsewhere this way comes,ls_something this way comes
3	8	2	2	ls_something this way comes,ls_elsewhere this way comes
4	5	1	1	ls_elsewhere this way comes
select group_concat(distinct char1), avg(distinct c2), count(c2), count( distinct c2), count(c2),sum(distinct c2), avg(distinct c3), count(distinct c2, c3, c1) from t1;
group_concat(distinct char1)	avg(distinct c2)	count(c2)	count( distinct c2)	count(c2)	sum(distinct c2)	avg(distinct c3)	count(distinct c2, c3, c1)
elsewhere this way comes,something this way comes	3.0000	12	3	12	9	3.0000	12
DROP DATABASE mcol_3738_db;
