DROP DATABASE IF EXISTS mcol641_sorting_db;
CREATE DATABASE mcol641_sorting_db;
USE mcol641_sorting_db;
CREATE TABLE cs1 (d1 DECIMAL(38), d2 DECIMAL(38,10), d3 DECIMAL(38,38), d4 DECIMAL(38),d5 DECIMAL(38),i1 INT) ENGINE=columnstore;
CREATE TABLE cs2 (d1 DECIMAL(38) UNSIGNED, d2 DECIMAL(38,10) UNSIGNED, d3 DECIMAL(38,38) UNSIGNED, d4 DECIMAL(38),d5 DECIMAL(38),i1 INT) ENGINE=columnstore;
INSERT INTO cs1 VALUES
(1234,5678,-0.12345678901234567890123456789018,2,1,1),     
(1234,-5678,0.1234567890123456789012345,2,1,1),
(12345678901234567890123,1234567890123456789012.9012345678,0.123456789012345678901234567890,2,1,1),
(NULL,NULL,NULL,2,1,1),
(0,0,0,2,1,1),
(1234,5678,0.1234567890123456783456789012345678,3,2,2),
(-123456789123456789,-5678,0.123456789012345673456789012345678,3,2,2),
(12345678901234567890901,1234567890123478901234.9012345678,0.1234567890123456789012345678908,3,2,2),
(NULL,NULL,NULL,3,2,2),
(0,0,0,3,2,2),
(1234,5678,-0.12345678901234567890123456789018,11111111111111111111111111111111,1,1),
(1234,5678,-0.12345678901234567890123456789018,11111111111111111111111111111111,1,1),
(1234,5678,-0.12345678901234567890123456789018,11111111111111111111111111111112,1,1);
INSERT INTO cs2 VALUES
(1234,5678,0.12345678901234567890123456789018,2,1,1),     
(1234,5678,0.1234567890123456789012345,2,1,1),
(12345678901234567890123,1234567890123456789012.9012345678,0.123456789012345678901234567890,2,1,1),
(NULL,NULL,NULL,2,1,1),
(0,0,0,2,1,1),
(1234,5678,0.1234567890123456783456789012345678,3,2,2),
(123456789123456789,5678,0.123456789012345673456789012345678,3,2,2),
(12345678901234567890901,1234567890123478901234.9012345678,0.1234567890123456789012345678908,3,2,2),
(NULL,NULL,NULL,3,2,2),
(0,0,0,3,2,2),
(1234,5678,0.12345678901234567890123456789018,11111111111111111111111111111111,1,1),
(1234,5678,0.12345678901234567890123456789018,11111111111111111111111111111111,1,1),
(1234,5678,0.12345678901234567890123456789018,11111111111111111111111111111112,1,1);
SELECT 't1_q1',d1,d5 FROM cs1 ORDER BY d1,d5;
t1_q1	d1	d5
t1_q1	NULL	1
t1_q1	NULL	2
t1_q1	-123456789123456789	2
t1_q1	0	1
t1_q1	0	2
t1_q1	1234	1
t1_q1	1234	1
t1_q1	1234	1
t1_q1	1234	1
t1_q1	1234	1
t1_q1	1234	2
t1_q1	12345678901234567890123	1
t1_q1	12345678901234567890901	2
SELECT 't1_q2',d2,d5 FROM cs1 ORDER BY d2,d5;
t1_q2	d2	d5
t1_q2	NULL	1
t1_q2	NULL	2
t1_q2	-5678.0000000000	1
t1_q2	-5678.0000000000	2
t1_q2	0.0000000000	1
t1_q2	0.0000000000	2
t1_q2	5678.0000000000	1
t1_q2	5678.0000000000	1
t1_q2	5678.0000000000	1
t1_q2	5678.0000000000	1
t1_q2	5678.0000000000	2
t1_q2	1234567890123456789012.9012345678	1
t1_q2	1234567890123478901234.9012345678	2
SELECT 't1_q3',d3,d5 FROM cs1 ORDER BY d3,d5;
t1_q3	d3	d5
t1_q3	NULL	1
t1_q3	NULL	2
t1_q3	-0.12345678901234567890123456789018000000	1
t1_q3	-0.12345678901234567890123456789018000000	1
t1_q3	-0.12345678901234567890123456789018000000	1
t1_q3	-0.12345678901234567890123456789018000000	1
t1_q3	0.00000000000000000000000000000000000000	1
t1_q3	0.00000000000000000000000000000000000000	2
t1_q3	0.12345678901234567345678901234567800000	2
t1_q3	0.12345678901234567834567890123456780000	2
t1_q3	0.12345678901234567890123450000000000000	1
t1_q3	0.12345678901234567890123456789000000000	1
t1_q3	0.12345678901234567890123456789080000000	2
SELECT 't2_q1',d1,d5 FROM cs1 ORDER BY d1,d5 LIMIT 1 OFFSET 2;
t2_q1	d1	d5
t2_q1	-123456789123456789	2
SELECT 't2_q2',d2,d5 FROM cs1 ORDER BY d2,d5 LIMIT 1 OFFSET 2;
t2_q2	d2	d5
t2_q2	-5678.0000000000	1
SELECT 't2_q3',d3,d5 FROM cs1 ORDER BY d3,d5 LIMIT 1 OFFSET 2;
t2_q3	d3	d5
t2_q3	-0.12345678901234567890123456789018000000	1
SELECT DISTINCT 't3_q1',d1,d5 FROM cs1 ORDER BY d1,d5;
t3_q1	d1	d5
t3_q1	NULL	1
t3_q1	NULL	2
t3_q1	-123456789123456789	2
t3_q1	0	1
t3_q1	0	2
t3_q1	1234	1
t3_q1	1234	2
t3_q1	12345678901234567890123	1
t3_q1	12345678901234567890901	2
SELECT DISTINCT 't3_q2',d2,d5 FROM cs1 ORDER BY d2,d5;
t3_q2	d2	d5
t3_q2	NULL	1
t3_q2	NULL	2
t3_q2	-5678.0000000000	1
t3_q2	-5678.0000000000	2
t3_q2	0.0000000000	1
t3_q2	0.0000000000	2
t3_q2	5678.0000000000	1
t3_q2	5678.0000000000	2
t3_q2	1234567890123456789012.9012345678	1
t3_q2	1234567890123478901234.9012345678	2
SELECT DISTINCT 't3_q3',d3,d5 FROM cs1 ORDER BY d3,d5;
t3_q3	d3	d5
t3_q3	NULL	1
t3_q3	NULL	2
t3_q3	-0.12345678901234567890123456789018000000	1
t3_q3	0.00000000000000000000000000000000000000	1
t3_q3	0.00000000000000000000000000000000000000	2
t3_q3	0.12345678901234567345678901234567800000	2
t3_q3	0.12345678901234567834567890123456780000	2
t3_q3	0.12345678901234567890123450000000000000	1
t3_q3	0.12345678901234567890123456789000000000	1
t3_q3	0.12345678901234567890123456789080000000	2
SELECT 't4_q1',d1,d5 FROM cs1 ORDER BY d1,d5 ASC;
t4_q1	d1	d5
t4_q1	NULL	1
t4_q1	NULL	2
t4_q1	-123456789123456789	2
t4_q1	0	1
t4_q1	0	2
t4_q1	1234	1
t4_q1	1234	1
t4_q1	1234	1
t4_q1	1234	1
t4_q1	1234	1
t4_q1	1234	2
t4_q1	12345678901234567890123	1
t4_q1	12345678901234567890901	2
SELECT 't4_q2',d2,d5 FROM cs1 ORDER BY d2,d5 ASC;
t4_q2	d2	d5
t4_q2	NULL	1
t4_q2	NULL	2
t4_q2	-5678.0000000000	1
t4_q2	-5678.0000000000	2
t4_q2	0.0000000000	1
t4_q2	0.0000000000	2
t4_q2	5678.0000000000	1
t4_q2	5678.0000000000	1
t4_q2	5678.0000000000	1
t4_q2	5678.0000000000	1
t4_q2	5678.0000000000	2
t4_q2	1234567890123456789012.9012345678	1
t4_q2	1234567890123478901234.9012345678	2
SELECT 't4_q3',d3,d5 FROM cs1 ORDER BY d3,d5 ASC;
t4_q3	d3	d5
t4_q3	NULL	1
t4_q3	NULL	2
t4_q3	-0.12345678901234567890123456789018000000	1
t4_q3	-0.12345678901234567890123456789018000000	1
t4_q3	-0.12345678901234567890123456789018000000	1
t4_q3	-0.12345678901234567890123456789018000000	1
t4_q3	0.00000000000000000000000000000000000000	1
t4_q3	0.00000000000000000000000000000000000000	2
t4_q3	0.12345678901234567345678901234567800000	2
t4_q3	0.12345678901234567834567890123456780000	2
t4_q3	0.12345678901234567890123450000000000000	1
t4_q3	0.12345678901234567890123456789000000000	1
t4_q3	0.12345678901234567890123456789080000000	2
SELECT 't4_q1',d1,d5 FROM cs1 ORDER BY d1,d5 DESC;
t4_q1	d1	d5
t4_q1	NULL	2
t4_q1	NULL	1
t4_q1	-123456789123456789	2
t4_q1	0	2
t4_q1	0	1
t4_q1	1234	2
t4_q1	1234	1
t4_q1	1234	1
t4_q1	1234	1
t4_q1	1234	1
t4_q1	1234	1
t4_q1	12345678901234567890123	1
t4_q1	12345678901234567890901	2
SELECT 't4_q2',d2,d5 FROM cs1 ORDER BY d2,d5 DESC;
t4_q2	d2	d5
t4_q2	NULL	2
t4_q2	NULL	1
t4_q2	-5678.0000000000	2
t4_q2	-5678.0000000000	1
t4_q2	0.0000000000	2
t4_q2	0.0000000000	1
t4_q2	5678.0000000000	2
t4_q2	5678.0000000000	1
t4_q2	5678.0000000000	1
t4_q2	5678.0000000000	1
t4_q2	5678.0000000000	1
t4_q2	1234567890123456789012.9012345678	1
t4_q2	1234567890123478901234.9012345678	2
SELECT 't4_q3',d3,d5 FROM cs1 ORDER BY d3,d5 DESC;
t4_q3	d3	d5
t4_q3	NULL	2
t4_q3	NULL	1
t4_q3	-0.12345678901234567890123456789018000000	1
t4_q3	-0.12345678901234567890123456789018000000	1
t4_q3	-0.12345678901234567890123456789018000000	1
t4_q3	-0.12345678901234567890123456789018000000	1
t4_q3	0.00000000000000000000000000000000000000	2
t4_q3	0.00000000000000000000000000000000000000	1
t4_q3	0.12345678901234567345678901234567800000	2
t4_q3	0.12345678901234567834567890123456780000	2
t4_q3	0.12345678901234567890123450000000000000	1
t4_q3	0.12345678901234567890123456789000000000	1
t4_q3	0.12345678901234567890123456789080000000	2
SELECT 't5_q1',d1,d5 FROM cs2 ORDER BY d1,d5;
t5_q1	d1	d5
t5_q1	NULL	1
t5_q1	NULL	2
t5_q1	0	1
t5_q1	0	2
t5_q1	1234	1
t5_q1	1234	1
t5_q1	1234	1
t5_q1	1234	1
t5_q1	1234	1
t5_q1	1234	2
t5_q1	123456789123456789	2
t5_q1	12345678901234567890123	1
t5_q1	12345678901234567890901	2
SELECT 't5_q2',d2,d5 FROM cs2 ORDER BY d2,d5;
t5_q2	d2	d5
t5_q2	NULL	1
t5_q2	NULL	2
t5_q2	0.0000000000	1
t5_q2	0.0000000000	2
t5_q2	5678.0000000000	1
t5_q2	5678.0000000000	1
t5_q2	5678.0000000000	1
t5_q2	5678.0000000000	1
t5_q2	5678.0000000000	1
t5_q2	5678.0000000000	2
t5_q2	5678.0000000000	2
t5_q2	1234567890123456789012.9012345678	1
t5_q2	1234567890123478901234.9012345678	2
SELECT 't5_q3',d3,d5 FROM cs2 ORDER BY d3,d5;
t5_q3	d3	d5
t5_q3	NULL	1
t5_q3	NULL	2
t5_q3	0.00000000000000000000000000000000000000	1
t5_q3	0.00000000000000000000000000000000000000	2
t5_q3	0.12345678901234567345678901234567800000	2
t5_q3	0.12345678901234567834567890123456780000	2
t5_q3	0.12345678901234567890123450000000000000	1
t5_q3	0.12345678901234567890123456789000000000	1
t5_q3	0.12345678901234567890123456789018000000	1
t5_q3	0.12345678901234567890123456789018000000	1
t5_q3	0.12345678901234567890123456789018000000	1
t5_q3	0.12345678901234567890123456789018000000	1
t5_q3	0.12345678901234567890123456789080000000	2
SELECT 't6_q1',d1,d5 FROM cs2 ORDER BY d1,d5 LIMIT 1 OFFSET 2;
t6_q1	d1	d5
t6_q1	0	1
SELECT 't6_q2',d2,d5 FROM cs2 ORDER BY d2,d5 LIMIT 1 OFFSET 2;
t6_q2	d2	d5
t6_q2	0.0000000000	1
SELECT 't6_q3',d3,d5 FROM cs2 ORDER BY d3,d5 LIMIT 1 OFFSET 2;
t6_q3	d3	d5
t6_q3	0.00000000000000000000000000000000000000	1
SELECT DISTINCT 't7_q1',d1,d5 FROM cs2 ORDER BY d1,d5;
t7_q1	d1	d5
t7_q1	NULL	1
t7_q1	NULL	2
t7_q1	0	1
t7_q1	0	2
t7_q1	1234	1
t7_q1	1234	2
t7_q1	123456789123456789	2
t7_q1	12345678901234567890123	1
t7_q1	12345678901234567890901	2
SELECT DISTINCT 't7_q2',d2,d5 FROM cs2 ORDER BY d2,d5;
t7_q2	d2	d5
t7_q2	NULL	1
t7_q2	NULL	2
t7_q2	0.0000000000	1
t7_q2	0.0000000000	2
t7_q2	5678.0000000000	1
t7_q2	5678.0000000000	2
t7_q2	1234567890123456789012.9012345678	1
t7_q2	1234567890123478901234.9012345678	2
SELECT DISTINCT 't7_q3',d3,d5 FROM cs2 ORDER BY d3,d5;
t7_q3	d3	d5
t7_q3	NULL	1
t7_q3	NULL	2
t7_q3	0.00000000000000000000000000000000000000	1
t7_q3	0.00000000000000000000000000000000000000	2
t7_q3	0.12345678901234567345678901234567800000	2
t7_q3	0.12345678901234567834567890123456780000	2
t7_q3	0.12345678901234567890123450000000000000	1
t7_q3	0.12345678901234567890123456789000000000	1
t7_q3	0.12345678901234567890123456789018000000	1
t7_q3	0.12345678901234567890123456789080000000	2
SELECT 't8_q1',d1,d5 FROM cs2 ORDER BY d1,d5 ASC;
t8_q1	d1	d5
t8_q1	NULL	1
t8_q1	NULL	2
t8_q1	0	1
t8_q1	0	2
t8_q1	1234	1
t8_q1	1234	1
t8_q1	1234	1
t8_q1	1234	1
t8_q1	1234	1
t8_q1	1234	2
t8_q1	123456789123456789	2
t8_q1	12345678901234567890123	1
t8_q1	12345678901234567890901	2
SELECT 't8_q2',d2,d5 FROM cs2 ORDER BY d2,d5 ASC;
t8_q2	d2	d5
t8_q2	NULL	1
t8_q2	NULL	2
t8_q2	0.0000000000	1
t8_q2	0.0000000000	2
t8_q2	5678.0000000000	1
t8_q2	5678.0000000000	1
t8_q2	5678.0000000000	1
t8_q2	5678.0000000000	1
t8_q2	5678.0000000000	1
t8_q2	5678.0000000000	2
t8_q2	5678.0000000000	2
t8_q2	1234567890123456789012.9012345678	1
t8_q2	1234567890123478901234.9012345678	2
SELECT 't8_q3',d3,d5 FROM cs2 ORDER BY d3,d5 ASC;
t8_q3	d3	d5
t8_q3	NULL	1
t8_q3	NULL	2
t8_q3	0.00000000000000000000000000000000000000	1
t8_q3	0.00000000000000000000000000000000000000	2
t8_q3	0.12345678901234567345678901234567800000	2
t8_q3	0.12345678901234567834567890123456780000	2
t8_q3	0.12345678901234567890123450000000000000	1
t8_q3	0.12345678901234567890123456789000000000	1
t8_q3	0.12345678901234567890123456789018000000	1
t8_q3	0.12345678901234567890123456789018000000	1
t8_q3	0.12345678901234567890123456789018000000	1
t8_q3	0.12345678901234567890123456789018000000	1
t8_q3	0.12345678901234567890123456789080000000	2
SELECT 't8_q1',d1,d5 FROM cs2 ORDER BY d1,d5 DESC;
t8_q1	d1	d5
t8_q1	NULL	2
t8_q1	NULL	1
t8_q1	0	2
t8_q1	0	1
t8_q1	1234	2
t8_q1	1234	1
t8_q1	1234	1
t8_q1	1234	1
t8_q1	1234	1
t8_q1	1234	1
t8_q1	123456789123456789	2
t8_q1	12345678901234567890123	1
t8_q1	12345678901234567890901	2
SELECT 't8_q2',d2,d5 FROM cs2 ORDER BY d2,d5 DESC;
t8_q2	d2	d5
t8_q2	NULL	2
t8_q2	NULL	1
t8_q2	0.0000000000	2
t8_q2	0.0000000000	1
t8_q2	5678.0000000000	2
t8_q2	5678.0000000000	2
t8_q2	5678.0000000000	1
t8_q2	5678.0000000000	1
t8_q2	5678.0000000000	1
t8_q2	5678.0000000000	1
t8_q2	5678.0000000000	1
t8_q2	1234567890123456789012.9012345678	1
t8_q2	1234567890123478901234.9012345678	2
SELECT 't8_q3',d3,d5 FROM cs2 ORDER BY d3,d5 DESC;
t8_q3	d3	d5
t8_q3	NULL	2
t8_q3	NULL	1
t8_q3	0.00000000000000000000000000000000000000	2
t8_q3	0.00000000000000000000000000000000000000	1
t8_q3	0.12345678901234567345678901234567800000	2
t8_q3	0.12345678901234567834567890123456780000	2
t8_q3	0.12345678901234567890123450000000000000	1
t8_q3	0.12345678901234567890123456789000000000	1
t8_q3	0.12345678901234567890123456789018000000	1
t8_q3	0.12345678901234567890123456789018000000	1
t8_q3	0.12345678901234567890123456789018000000	1
t8_q3	0.12345678901234567890123456789018000000	1
t8_q3	0.12345678901234567890123456789080000000	2
DROP DATABASE mcol641_sorting_db;
