DROP DATABASE IF EXISTS mcol5418;
CREATE DATABASE mcol5418;
USE mcol5418;
CREATE TABLE tcs(d1 CHAR(6), d2 CHAR(6)) ENGINE=columnstore;
INSERT INTO tcs(d1, d2) VALUES ('a','a'), ('a', 'b');
SELECT 'columnstore like', d1, d2 FROM tcs WHERE (d1 LIKE d2);
columnstore like	d1	d2
columnstore like	a	a
SELECT 'columnstore not like', d1, d2 FROM tcs WHERE (d1 NOT LIKE d2);
columnstore not like	d1	d2
columnstore not like	a	b
DROP DATABASE mcol5418;
