DROP DATABASE IF EXISTS mcs138_db;
CREATE DATABASE mcs138_db;
USE mcs138_db;
CREATE TABLE t1 (a CHAR(1), b INT)ENGINE=Columnstore;
INSERT INTO t1 VALUES ('', NULL),('a', 123),('a', 1),('b', 123),('c', 1861),('c', 1991),('d', 10701),('d', 1071),('a', 92);
SELECT a, b, MAX(b) OVER(ORDER BY a) max FROM t1;
a	b	max
NULL	NULL	NULL
a	92	123
a	1	123
a	123	123
b	123	123
c	1991	1991
c	1861	1991
d	1071	10701
d	10701	10701
SELECT a, b, MAX(b) OVER(ORDER BY b DESC) max FROM t1;
a	b	max
d	10701	10701
c	1991	10701
c	1861	10701
d	1071	10701
a	123	10701
b	123	10701
a	92	10701
a	1	10701
NULL	NULL	10701
SELECT a, b, MAX(b) OVER w max FROM t1 WINDOW w AS (ORDER BY a DESC);
a	b	max
d	10701	10701
d	1071	10701
c	1861	10701
c	1991	10701
b	123	10701
a	92	10701
a	123	10701
a	1	10701
NULL	NULL	10701
SELECT a, b, MAX(b) OVER w max FROM t1 WINDOW w AS (ORDER BY b);
a	b	max
NULL	NULL	NULL
a	1	1
a	92	92
b	123	123
a	123	123
d	1071	1071
c	1861	1861
c	1991	1991
d	10701	10701
SELECT a, b, MAX(b) OVER(PARTITION BY a) max FROM t1;
a	b	max
NULL	NULL	NULL
a	92	123
a	1	123
a	123	123
b	123	123
c	1991	1991
c	1861	1991
d	1071	10701
d	10701	10701
SELECT a, b, MAX(b) OVER(PARTITION BY b) max FROM t1;
a	b	max
NULL	NULL	NULL
a	1	1
a	92	92
b	123	123
a	123	123
d	1071	1071
c	1861	1861
c	1991	1991
d	10701	10701
SELECT a, b, MAX(b) OVER(PARTITION BY a ORDER BY a DESC) max FROM t1;
a	b	max
NULL	NULL	NULL
a	92	123
a	1	123
a	123	123
b	123	123
c	1991	1991
c	1861	1991
d	1071	10701
d	10701	10701
SELECT a, b, MAX(b) OVER(PARTITION BY a ORDER BY b DESC) max FROM t1;
a	b	max
NULL	NULL	NULL
a	123	123
a	92	123
a	1	123
b	123	123
c	1991	1991
c	1861	1991
d	10701	10701
d	1071	10701
SELECT a, b, MAX(b) OVER(PARTITION BY a ORDER BY b ASC) max FROM t1;
a	b	max
NULL	NULL	NULL
a	1	1
a	92	92
a	123	123
b	123	123
c	1861	1861
c	1991	1991
d	1071	1071
d	10701	10701
SELECT a, b, MAX(b) OVER(PARTITION BY b ORDER BY a DESC) max FROM t1;
a	b	max
NULL	NULL	NULL
a	1	1
a	92	92
b	123	123
a	123	123
d	1071	1071
c	1861	1861
c	1991	1991
d	10701	10701
SELECT a, b, MAX(b) OVER(PARTITION BY b ORDER BY b DESC) max FROM t1;
a	b	max
NULL	NULL	NULL
a	1	1
a	92	92
b	123	123
a	123	123
d	1071	1071
c	1861	1861
c	1991	1991
d	10701	10701
DROP DATABASE mcs138_db;
