DROP DATABASE IF EXISTS mcs186_db;
CREATE DATABASE mcs186_db;
USE mcs186_db;
SET default_storage_engine=Columnstore;
CREATE TABLE t1 (a DATE, b DATETIME);
INSERT INTO t1 VALUES ('0-0-0', '0-0-0 0:0:0'), ('1212-12-12', '1212-12-11 11:11:11'), ('3333-03-03', '3333-3-4 3:33:33');
SHOW CREATE TABLE t1;
Table	Create Table
t1	CREATE TABLE `t1` (
  `a` date DEFAULT NULL,
  `b` datetime DEFAULT NULL
) ENGINE=Columnstore DEFAULT CHARSET=utf8mb3 COLLATE=utf8mb3_general_ci
SELECT DAYOFYEAR('1212-12-12 11:11:11');
DAYOFYEAR('1212-12-12 11:11:11')
347
SELECT DAYOFYEAR('2020-12-22');
DAYOFYEAR('2020-12-22')
357
SELECT a, DAYOFYEAR(a) FROM t1 ORDER BY 1;
a	DAYOFYEAR(a)
0000-00-00	2147483647
1212-12-12	347
3333-03-03	62
SELECT b, DAYOFYEAR(b) FROM t1 ORDER BY 1;
b	DAYOFYEAR(b)
0000-00-00 00:00:00	2147483647
1212-12-11 11:11:11	346
3333-03-04 03:33:33	63
DROP DATABASE mcs186_db;
