DROP DATABASE IF EXISTS mcs159_db;
CREATE DATABASE mcs159_db;
USE mcs159_db;
CREATE TABLE t1 (a CHAR(1), b INT)ENGINE=Columnstore;
INSERT INTO t1 VALUES ('', NULL),('a', 12),('a', 13),('b', 14),('c', 15),('d', 16),('d', 17),('b', 18),('a', 19);
SELECT a, b, MIN(b) OVER(ORDER BY b RANGE BETWEEN UNBOUNDED PRECEDING AND CURRENT ROW) min FROM t1;
a	b	min
NULL	NULL	NULL
a	12	12
a	13	12
b	14	12
c	15	12
d	16	12
d	17	12
b	18	12
a	19	12
SELECT a, b, MIN(b) OVER(ORDER BY b RANGE BETWEEN CURRENT ROW AND UNBOUNDED FOLLOWING) min FROM t1;
a	b	min
NULL	NULL	12
a	12	12
a	13	13
b	14	14
c	15	15
d	16	16
d	17	17
b	18	18
a	19	19
SELECT a, b, MIN(b) OVER(ORDER BY b ROWS BETWEEN 1 PRECEDING AND CURRENT ROW) min FROM t1;
a	b	min
NULL	NULL	NULL
a	12	12
a	13	12
b	14	13
c	15	14
d	16	15
d	17	16
b	18	17
a	19	18
SELECT a, b, MIN(b) OVER(ORDER BY b ROWS BETWEEN 1 PRECEDING AND 1 FOLLOWING) min FROM t1;
a	b	min
NULL	NULL	12
a	12	12
a	13	12
b	14	13
c	15	14
d	16	15
d	17	16
b	18	17
a	19	18
SELECT a, b, MIN(b) OVER(ORDER BY b ROWS BETWEEN 1 PRECEDING AND UNBOUNDED FOLLOWING) min FROM t1;
a	b	min
NULL	NULL	12
a	12	12
a	13	12
b	14	13
c	15	14
d	16	15
d	17	16
b	18	17
a	19	18
SELECT a, b, MIN(b) OVER(ORDER BY b DESC RANGE BETWEEN UNBOUNDED PRECEDING AND CURRENT ROW) min FROM t1;
a	b	min
a	19	19
b	18	18
d	17	17
d	16	16
c	15	15
b	14	14
a	13	13
a	12	12
NULL	NULL	12
SELECT a, b, MIN(b) OVER(ORDER BY b DESC RANGE BETWEEN CURRENT ROW AND UNBOUNDED FOLLOWING) min FROM t1;
a	b	min
a	19	12
b	18	12
d	17	12
d	16	12
c	15	12
b	14	12
a	13	12
a	12	12
NULL	NULL	NULL
SELECT a, b, MIN(b) OVER(ORDER BY b DESC ROWS BETWEEN 1 PRECEDING AND CURRENT ROW) min FROM t1;
a	b	min
a	19	19
b	18	18
d	17	17
d	16	16
c	15	15
b	14	14
a	13	13
a	12	12
NULL	NULL	12
SELECT a, b, MIN(b) OVER(ORDER BY b DESC ROWS BETWEEN 1 PRECEDING AND 1 FOLLOWING) min FROM t1;
a	b	min
a	19	18
b	18	17
d	17	16
d	16	15
c	15	14
b	14	13
a	13	12
a	12	12
NULL	NULL	12
SELECT a, b, MIN(b) OVER(ORDER BY b DESC ROWS BETWEEN 1 PRECEDING AND UNBOUNDED FOLLOWING) min FROM t1;
a	b	min
a	19	12
b	18	12
d	17	12
d	16	12
c	15	12
b	14	12
a	13	12
a	12	12
NULL	NULL	12
SELECT a, b, MIN(b) OVER(PARTITION BY a ORDER BY b RANGE BETWEEN UNBOUNDED PRECEDING AND CURRENT ROW) min FROM t1;
a	b	min
NULL	NULL	NULL
a	12	12
a	13	12
a	19	12
b	14	14
b	18	14
c	15	15
d	16	16
d	17	16
SELECT a, b, MIN(b) OVER(PARTITION BY b ORDER BY b RANGE BETWEEN UNBOUNDED PRECEDING AND CURRENT ROW) min FROM t1;
a	b	min
NULL	NULL	NULL
a	12	12
a	13	13
b	14	14
c	15	15
d	16	16
d	17	17
b	18	18
a	19	19
SELECT a, b, MIN(b) OVER(PARTITION BY a ORDER BY b RANGE BETWEEN CURRENT ROW AND UNBOUNDED FOLLOWING) min FROM t1;
a	b	min
NULL	NULL	NULL
a	12	12
a	13	13
a	19	19
b	14	14
b	18	18
c	15	15
d	16	16
d	17	17
SELECT a, b, MIN(b) OVER(PARTITION BY b ORDER BY b RANGE BETWEEN CURRENT ROW AND UNBOUNDED FOLLOWING) min FROM t1;
a	b	min
NULL	NULL	NULL
a	12	12
a	13	13
b	14	14
c	15	15
d	16	16
d	17	17
b	18	18
a	19	19
SELECT a, b, MIN(b) OVER(PARTITION BY a ORDER BY b ROWS BETWEEN 1 PRECEDING AND CURRENT ROW) min FROM t1;
a	b	min
NULL	NULL	NULL
a	12	12
a	13	12
a	19	13
b	14	14
b	18	14
c	15	15
d	16	16
d	17	16
SELECT a, b, MIN(b) OVER(PARTITION BY b ORDER BY b ROWS BETWEEN 1 PRECEDING AND CURRENT ROW) min FROM t1;
a	b	min
NULL	NULL	NULL
a	12	12
a	13	13
b	14	14
c	15	15
d	16	16
d	17	17
b	18	18
a	19	19
SELECT a, b, MIN(b) OVER(PARTITION BY a ORDER BY b ROWS BETWEEN 1 PRECEDING AND 1 FOLLOWING) min FROM t1;
a	b	min
NULL	NULL	NULL
a	12	12
a	13	12
a	19	13
b	14	14
b	18	14
c	15	15
d	16	16
d	17	16
SELECT a, b, MIN(b) OVER(PARTITION BY b ORDER BY b ROWS BETWEEN 1 PRECEDING AND 1 FOLLOWING) min FROM t1;
a	b	min
NULL	NULL	NULL
a	12	12
a	13	13
b	14	14
c	15	15
d	16	16
d	17	17
b	18	18
a	19	19
SELECT a, b, MIN(b) OVER(PARTITION BY a ORDER BY b ROWS BETWEEN 1 PRECEDING AND UNBOUNDED FOLLOWING) min FROM t1;
a	b	min
NULL	NULL	NULL
a	12	12
a	13	12
a	19	13
b	14	14
b	18	14
c	15	15
d	16	16
d	17	16
SELECT a, b, MIN(b) OVER(PARTITION BY b ORDER BY b ROWS BETWEEN 1 PRECEDING AND UNBOUNDED FOLLOWING) min FROM t1;
a	b	min
NULL	NULL	NULL
a	12	12
a	13	13
b	14	14
c	15	15
d	16	16
d	17	17
b	18	18
a	19	19
SELECT a, b, MIN(b) OVER(PARTITION BY b RANGE BETWEEN UNBOUNDED PRECEDING AND CURRENT ROW) min FROM t1;
ERROR HY000: RANGE-type frame requires ORDER BY clause with single sort key
SELECT a, b, MIN(b) OVER(ORDER BY a RANGE BETWEEN UNBOUNDED PRECEDING AND CURRENT ROW) min FROM t1;
ERROR HY000: Numeric datatype is required for RANGE-type frame
DROP DATABASE mcs159_db;
