DROP DATABASE IF EXISTS mcs181_db;
CREATE DATABASE mcs181_db;
USE mcs181_db;
SET default_storage_engine=Columnstore;
CREATE TABLE t1 (a CHAR(1), b INT, c DATETIME, d DOUBLE);
INSERT INTO t1 VALUES ('', NULL, '0-0-0', NULL),('a', 12, '1212-12-12', 1.19691E+100),('b', 13, '1313-3-13 13:13:13', 2.1961E+18),('c', 14, '1414-4-14', 0.16191),('d', 15, '2015-5-15 15:15:15', 1.971917);
SHOW CREATE TABLE t1;
Table	Create Table
t1	CREATE TABLE `t1` (
  `a` char(1) DEFAULT NULL,
  `b` int(11) DEFAULT NULL,
  `c` datetime DEFAULT NULL,
  `d` double DEFAULT NULL
) ENGINE=Columnstore DEFAULT CHARSET=utf8mb3 COLLATE=utf8mb3_general_ci
SELECT 1 BETWEEN 2 AND 3;
1 BETWEEN 2 AND 3
0
SELECT 2 BETWEEN 1 AND 3;
2 BETWEEN 1 AND 3
1
SELECT 2.1 BETWEEN 2 AND 3;
2.1 BETWEEN 2 AND 3
1
SELECT 'a' BETWEEN 'a' and 'b';
'a' BETWEEN 'a' and 'b'
1
SELECT 'c' BETWEEN 'a' and 'b';
'c' BETWEEN 'a' and 'b'
0
SELECT * FROM t1 WHERE a BETWEEN 'a' AND 'd' ORDER BY a;
a	b	c	d
a	12	1212-12-12 00:00:00	1.19691e100
b	13	1313-03-13 13:13:13	2.1961e18
c	14	1414-04-14 00:00:00	0.16191
d	15	2015-05-15 15:15:15	1.971917
SELECT * FROM t1 WHERE b BETWEEN 14 AND 15 ORDER BY a;
a	b	c	d
c	14	1414-04-14 00:00:00	0.16191
d	15	2015-05-15 15:15:15	1.971917
SELECT * FROM t1 WHERE c BETWEEN '1212-12-12' AND '1414-4-14' ORDER BY a;
a	b	c	d
a	12	1212-12-12 00:00:00	1.19691e100
b	13	1313-03-13 13:13:13	2.1961e18
c	14	1414-04-14 00:00:00	0.16191
SELECT * FROM t1 WHERE d BETWEEN 0 AND 2 ORDER BY a;
a	b	c	d
c	14	1414-04-14 00:00:00	0.16191
d	15	2015-05-15 15:15:15	1.971917
SELECT * FROM t1 WHERE a BETWEEN 'a' AND 'b' AND b BETWEEN 12 AND 15 ORDER BY a;
a	b	c	d
a	12	1212-12-12 00:00:00	1.19691e100
b	13	1313-03-13 13:13:13	2.1961e18
DROP DATABASE mcs181_db;
