DROP DATABASE IF EXISTS mcs158_db;
CREATE DATABASE mcs158_db;
USE mcs158_db;
CREATE TABLE t1 (a CHAR(1), b INT)ENGINE=Columnstore;
INSERT INTO t1 VALUES ('', NULL),('a', 12),('a', 13),('b', 14),('c', 15),('d', 16),('d', 17),('b', 18),('a', 19);
SELECT a, b, MAX(b) OVER(ORDER BY b RANGE BETWEEN UNBOUNDED PRECEDING AND CURRENT ROW) max FROM t1;
a	b	max
NULL	NULL	NULL
a	12	12
a	13	13
b	14	14
c	15	15
d	16	16
d	17	17
b	18	18
a	19	19
SELECT a, b, MAX(b) OVER(ORDER BY b RANGE BETWEEN CURRENT ROW AND UNBOUNDED FOLLOWING) max FROM t1;
a	b	max
NULL	NULL	19
a	12	19
a	13	19
b	14	19
c	15	19
d	16	19
d	17	19
b	18	19
a	19	19
SELECT a, b, MAX(b) OVER(ORDER BY b ROWS BETWEEN 1 PRECEDING AND CURRENT ROW) max FROM t1;
a	b	max
NULL	NULL	NULL
a	12	12
a	13	13
b	14	14
c	15	15
d	16	16
d	17	17
b	18	18
a	19	19
SELECT a, b, MAX(b) OVER(ORDER BY b ROWS BETWEEN 1 PRECEDING AND 1 FOLLOWING) max FROM t1;
a	b	max
NULL	NULL	12
a	12	13
a	13	14
b	14	15
c	15	16
d	16	17
d	17	18
b	18	19
a	19	19
SELECT a, b, MAX(b) OVER(ORDER BY b ROWS BETWEEN 1 PRECEDING AND UNBOUNDED FOLLOWING) max FROM t1;
a	b	max
NULL	NULL	19
a	12	19
a	13	19
b	14	19
c	15	19
d	16	19
d	17	19
b	18	19
a	19	19
SELECT a, b, MAX(b) OVER(ORDER BY b DESC RANGE BETWEEN UNBOUNDED PRECEDING AND CURRENT ROW) max FROM t1;
a	b	max
a	19	19
b	18	19
d	17	19
d	16	19
c	15	19
b	14	19
a	13	19
a	12	19
NULL	NULL	19
SELECT a, b, MAX(b) OVER(ORDER BY b DESC RANGE BETWEEN CURRENT ROW AND UNBOUNDED FOLLOWING) max FROM t1;
a	b	max
a	19	19
b	18	18
d	17	17
d	16	16
c	15	15
b	14	14
a	13	13
a	12	12
NULL	NULL	NULL
SELECT a, b, MAX(b) OVER(ORDER BY b DESC ROWS BETWEEN 1 PRECEDING AND CURRENT ROW) max FROM t1;
a	b	max
a	19	19
b	18	19
d	17	18
d	16	17
c	15	16
b	14	15
a	13	14
a	12	13
NULL	NULL	12
SELECT a, b, MAX(b) OVER(ORDER BY b DESC ROWS BETWEEN 1 PRECEDING AND 1 FOLLOWING) max FROM t1;
a	b	max
a	19	19
b	18	19
d	17	18
d	16	17
c	15	16
b	14	15
a	13	14
a	12	13
NULL	NULL	12
SELECT a, b, MAX(b) OVER(ORDER BY b DESC ROWS BETWEEN 1 PRECEDING AND UNBOUNDED FOLLOWING) max FROM t1;
a	b	max
a	19	19
b	18	19
d	17	18
d	16	17
c	15	16
b	14	15
a	13	14
a	12	13
NULL	NULL	12
SELECT a, b, MAX(b) OVER(PARTITION BY a ORDER BY b RANGE BETWEEN UNBOUNDED PRECEDING AND CURRENT ROW) max FROM t1;
a	b	max
NULL	NULL	NULL
a	12	12
a	13	13
a	19	19
b	14	14
b	18	18
c	15	15
d	16	16
d	17	17
SELECT a, b, MAX(b) OVER(PARTITION BY b ORDER BY b RANGE BETWEEN UNBOUNDED PRECEDING AND CURRENT ROW) max FROM t1;
a	b	max
NULL	NULL	NULL
a	12	12
a	13	13
b	14	14
c	15	15
d	16	16
d	17	17
b	18	18
a	19	19
SELECT a, b, MAX(b) OVER(PARTITION BY a ORDER BY b RANGE BETWEEN CURRENT ROW AND UNBOUNDED FOLLOWING) max FROM t1;
a	b	max
NULL	NULL	NULL
a	12	19
a	13	19
a	19	19
b	14	18
b	18	18
c	15	15
d	16	17
d	17	17
SELECT a, b, MAX(b) OVER(PARTITION BY b ORDER BY b RANGE BETWEEN CURRENT ROW AND UNBOUNDED FOLLOWING) max FROM t1;
a	b	max
NULL	NULL	NULL
a	12	12
a	13	13
b	14	14
c	15	15
d	16	16
d	17	17
b	18	18
a	19	19
SELECT a, b, MAX(b) OVER(PARTITION BY a ORDER BY b ROWS BETWEEN 1 PRECEDING AND CURRENT ROW) max FROM t1;
a	b	max
NULL	NULL	NULL
a	12	12
a	13	13
a	19	19
b	14	14
b	18	18
c	15	15
d	16	16
d	17	17
SELECT a, b, MAX(b) OVER(PARTITION BY b ORDER BY b ROWS BETWEEN 1 PRECEDING AND CURRENT ROW) max FROM t1;
a	b	max
NULL	NULL	NULL
a	12	12
a	13	13
b	14	14
c	15	15
d	16	16
d	17	17
b	18	18
a	19	19
SELECT a, b, MAX(b) OVER(PARTITION BY a ORDER BY b ROWS BETWEEN 1 PRECEDING AND 1 FOLLOWING) max FROM t1;
a	b	max
NULL	NULL	NULL
a	12	13
a	13	19
a	19	19
b	14	18
b	18	18
c	15	15
d	16	17
d	17	17
SELECT a, b, MAX(b) OVER(PARTITION BY b ORDER BY b ROWS BETWEEN 1 PRECEDING AND 1 FOLLOWING) max FROM t1;
a	b	max
NULL	NULL	NULL
a	12	12
a	13	13
b	14	14
c	15	15
d	16	16
d	17	17
b	18	18
a	19	19
SELECT a, b, MAX(b) OVER(PARTITION BY a ORDER BY b ROWS BETWEEN 1 PRECEDING AND UNBOUNDED FOLLOWING) max FROM t1;
a	b	max
NULL	NULL	NULL
a	12	19
a	13	19
a	19	19
b	14	18
b	18	18
c	15	15
d	16	17
d	17	17
SELECT a, b, MAX(b) OVER(PARTITION BY b ORDER BY b ROWS BETWEEN 1 PRECEDING AND UNBOUNDED FOLLOWING) max FROM t1;
a	b	max
NULL	NULL	NULL
a	12	12
a	13	13
b	14	14
c	15	15
d	16	16
d	17	17
b	18	18
a	19	19
SELECT a, b, MAX(b) OVER(PARTITION BY b RANGE BETWEEN UNBOUNDED PRECEDING AND CURRENT ROW) max FROM t1;
ERROR HY000: RANGE-type frame requires ORDER BY clause with single sort key
SELECT a, b, MAX(b) OVER(ORDER BY a RANGE BETWEEN UNBOUNDED PRECEDING AND CURRENT ROW) max FROM t1;
ERROR HY000: Numeric datatype is required for RANGE-type frame
DROP DATABASE mcs158_db;
