DROP DATABASE IF EXISTS mcs182_db;
CREATE DATABASE mcs182_db;
USE mcs182_db;
SET default_storage_engine=Columnstore;
CREATE TABLE t1 (a VARCHAR(20));
INSERT INTO t1 VALUES (repeat('a', 5)), (repeat('b', 10)), (repeat('c', 20));
SHOW CREATE TABLE t1;
Table	Create Table
t1	CREATE TABLE `t1` (
  `a` varchar(20) DEFAULT NULL
) ENGINE=Columnstore DEFAULT CHARSET=latin1
SELECT CHAR_LENGTH('MariaDB');
CHAR_LENGTH('MariaDB')
7
SELECT CHAR_LENGTH(234);
CHAR_LENGTH(234)
3
SELECT CHAR_LENGTH('~12ab');
CHAR_LENGTH('~12ab')
5
SELECT CHAR_LENGTH('1212-12-12');
CHAR_LENGTH('1212-12-12')
10
SELECT a, CHAR_LENGTH(a) FROM t1 ORDER BY a;
a	CHAR_LENGTH(a)
aaaaa	5
bbbbbbbbbb	10
cccccccccccccccccccc	20
SELECT a, CHARACTER_LENGTH(a) FROM t1 ORDER BY a;
a	CHARACTER_LENGTH(a)
aaaaa	5
bbbbbbbbbb	10
cccccccccccccccccccc	20
DROP TABLE t1;
CREATE TABLE t1 (a CHAR(1), b INT, c DATETIME, d DOUBLE);
INSERT INTO t1 VALUES ('', NULL, '0-0-0', NULL),('a', 12, '1212-12-12', 1.19691E+100),('b', 13, '1313-3-13 13:13:13', 2.1961E+18),('c', 14, '1414-4-14', 0.16191),('d', 15, '2015-5-15 15:15:15', 1.971917);
SHOW CREATE TABLE t1;
Table	Create Table
t1	CREATE TABLE `t1` (
  `a` char(1) DEFAULT NULL,
  `b` int(11) DEFAULT NULL,
  `c` datetime DEFAULT NULL,
  `d` double DEFAULT NULL
) ENGINE=Columnstore DEFAULT CHARSET=latin1
SELECT a, CHARACTER_LENGTH(a) FROM t1 ORDER BY a;
a	CHARACTER_LENGTH(a)
NULL	NULL
a	1
b	1
c	1
d	1
SELECT b, CHARACTER_LENGTH(b) FROM t1 ORDER BY b;
b	CHARACTER_LENGTH(b)
NULL	NULL
12	2
13	2
14	2
15	2
SELECT c, CHARACTER_LENGTH(c) FROM t1 ORDER BY c;
c	CHARACTER_LENGTH(c)
0000-00-00 00:00:00	19
1212-12-12 00:00:00	19
1313-03-13 13:13:13	19
1414-04-14 00:00:00	19
2015-05-15 15:15:15	19
SELECT d, CHARACTER_LENGTH(d) FROM t1 ORDER BY d;
d	CHARACTER_LENGTH(d)
NULL	NULL
0.16191	7
1.971917	8
2.1961e18	9
1.19691e100	11
DROP DATABASE mcs182_db;
