DROP DATABASE IF EXISTS mcs137_db;
CREATE DATABASE mcs137_db;
USE mcs137_db;
CREATE TABLE t1 (a CHAR(1), b INT)ENGINE=Columnstore;
INSERT INTO t1 VALUES ('', NULL),('a', 123),('a', 1),('b', 123),('c', 1861),('c', 1991),('d', 10701),('d', 1071),('a', 92);
SELECT a, b, COUNT(b) OVER(ORDER BY a) count FROM t1;
a	b	count
NULL	NULL	0
a	92	3
a	1	3
a	123	3
b	123	4
c	1991	6
c	1861	6
d	1071	8
d	10701	8
SELECT a, b, COUNT(b) OVER(ORDER BY b DESC) count FROM t1;
a	b	count
d	10701	1
c	1991	2
c	1861	3
d	1071	4
a	123	6
b	123	6
a	92	7
a	1	8
NULL	NULL	8
SELECT a, b, COUNT(a) OVER(ORDER BY a) count FROM t1;
a	b	count
NULL	NULL	0
a	92	3
a	1	3
a	123	3
b	123	4
c	1991	6
c	1861	6
d	1071	8
d	10701	8
SELECT a, b, COUNT(a) OVER(ORDER BY b DESC) count FROM t1;
a	b	count
d	10701	1
c	1991	2
c	1861	3
d	1071	4
a	123	6
b	123	6
a	92	7
a	1	8
NULL	NULL	8
SELECT a, b, COUNT(b) OVER w count FROM t1 WINDOW w AS (ORDER BY a DESC);
a	b	count
d	10701	2
d	1071	2
c	1861	4
c	1991	4
b	123	5
a	92	8
a	123	8
a	1	8
NULL	NULL	8
SELECT a, b, COUNT(b) OVER w count FROM t1 WINDOW w AS (ORDER BY b);
a	b	count
NULL	NULL	0
a	1	1
a	92	2
b	123	4
a	123	4
d	1071	5
c	1861	6
c	1991	7
d	10701	8
SELECT a, b, COUNT(b) OVER(PARTITION BY a) count FROM t1;
a	b	count
NULL	NULL	0
a	92	3
a	1	3
a	123	3
b	123	1
c	1991	2
c	1861	2
d	1071	2
d	10701	2
SELECT a, b, COUNT(b) OVER(PARTITION BY b) count FROM t1;
a	b	count
NULL	NULL	0
a	1	1
a	92	1
b	123	2
a	123	2
d	1071	1
c	1861	1
c	1991	1
d	10701	1
SELECT a, b, COUNT(b) OVER(PARTITION BY a ORDER BY a DESC) count FROM t1;
a	b	count
NULL	NULL	0
a	92	3
a	1	3
a	123	3
b	123	1
c	1991	2
c	1861	2
d	1071	2
d	10701	2
SELECT a, b, COUNT(b) OVER(PARTITION BY a ORDER BY b DESC) count FROM t1;
a	b	count
NULL	NULL	0
a	123	1
a	92	2
a	1	3
b	123	1
c	1991	1
c	1861	2
d	10701	1
d	1071	2
SELECT a, b, COUNT(b) OVER(PARTITION BY a ORDER BY b ASC) count FROM t1;
a	b	count
NULL	NULL	0
a	1	1
a	92	2
a	123	3
b	123	1
c	1861	1
c	1991	2
d	1071	1
d	10701	2
SELECT a, b, COUNT(b) OVER(PARTITION BY b ORDER BY a DESC) count FROM t1;
a	b	count
NULL	NULL	0
a	1	1
a	92	1
b	123	1
a	123	2
d	1071	1
c	1861	1
c	1991	1
d	10701	1
SELECT a, b, COUNT(b) OVER(PARTITION BY b ORDER BY b DESC) count FROM t1;
a	b	count
NULL	NULL	0
a	1	1
a	92	1
b	123	2
a	123	2
d	1071	1
c	1861	1
c	1991	1
d	10701	1
DROP DATABASE mcs137_db;
