DROP DATABASE IF EXISTS mcs135_db;
CREATE DATABASE mcs135_db;
USE mcs135_db;
CREATE TABLE t1 (a CHAR(1), b INT)ENGINE=Columnstore;
INSERT INTO t1 VALUES ('', NULL),('a', 123),('a', 1),('b', 12),('c', 1861),('c', 1991),('d', 10701),('d', 1071),('a', 92);
SELECT a, b, ROW_NUMBER() OVER(ORDER BY a) row_num FROM t1;
a	b	row_num
NULL	NULL	1
a	92	2
a	1	3
a	123	4
b	12	5
c	1991	6
c	1861	7
d	1071	8
d	10701	9
SELECT a, b, ROW_NUMBER() OVER(ORDER BY b DESC) row_num FROM t1;
a	b	row_num
d	10701	1
c	1991	2
c	1861	3
d	1071	4
a	123	5
a	92	6
b	12	7
a	1	8
NULL	NULL	9
SELECT a, b, ROW_NUMBER() OVER w row_num FROM t1 WINDOW w AS (ORDER BY a DESC);
a	b	row_num
d	10701	1
d	1071	2
c	1861	3
c	1991	4
b	12	5
a	92	6
a	123	7
a	1	8
NULL	NULL	9
SELECT a, b, ROW_NUMBER() OVER w row_num FROM t1 WINDOW w AS (ORDER BY b);
a	b	row_num
NULL	NULL	1
a	1	2
b	12	3
a	92	4
a	123	5
d	1071	6
c	1861	7
c	1991	8
d	10701	9
SELECT a, b, ROW_NUMBER() OVER(PARTITION BY a) row_num FROM t1;
a	b	row_num
NULL	NULL	1
a	92	1
a	1	2
a	123	3
b	12	1
c	1991	1
c	1861	2
d	1071	1
d	10701	2
SELECT a, b, ROW_NUMBER() OVER(PARTITION BY b) row_num FROM t1;
a	b	row_num
NULL	NULL	1
a	1	1
b	12	1
a	92	1
a	123	1
d	1071	1
c	1861	1
c	1991	1
d	10701	1
SELECT a, b, ROW_NUMBER() OVER(PARTITION BY a ORDER BY a DESC) row_num FROM t1;
a	b	row_num
NULL	NULL	1
a	92	1
a	1	2
a	123	3
b	12	1
c	1991	1
c	1861	2
d	1071	1
d	10701	2
SELECT a, b, ROW_NUMBER() OVER(PARTITION BY a ORDER BY b DESC) row_num FROM t1;
a	b	row_num
NULL	NULL	1
a	123	1
a	92	2
a	1	3
b	12	1
c	1991	1
c	1861	2
d	10701	1
d	1071	2
SELECT a, b, ROW_NUMBER() OVER(PARTITION BY b ORDER BY a DESC) row_num FROM t1;
a	b	row_num
NULL	NULL	1
a	1	1
b	12	1
a	92	1
a	123	1
d	1071	1
c	1861	1
c	1991	1
d	10701	1
SELECT a, b, ROW_NUMBER() OVER(PARTITION BY b ORDER BY b DESC) row_num FROM t1;
a	b	row_num
NULL	NULL	1
a	1	1
b	12	1
a	92	1
a	123	1
d	1071	1
c	1861	1
c	1991	1
d	10701	1
SELECT a, b, ROW_NUMBER(a) OVER(ORDER BY a) row_num FROM t1;
ERROR 42000: You have an error in your SQL syntax; check the manual that corresponds to your MariaDB server version for the right syntax to use near 'a) OVER(ORDER BY a) row_num FROM t1' at line 1
DROP DATABASE mcs135_db;
