DROP DATABASE IF EXISTS mcs206_db;
CREATE DATABASE mcs206_db;
USE mcs206_db;
CREATE TABLE t1 (a INT, b CHAR(5))ENGINE=Columnstore;
INSERT INTO t1 VALUES (NULL, ''),(1, 'aaa'),(2, 'aaa'),(3, 'ccc'),(4, 'ddd'),(5, 'aaa'),(6, 'ddd'),(7, 'eee');
SELECT a, INET_NTOA(a) FROM t1 ORDER BY a;
a	INET_NTOA(a)
NULL	NULL
1	0.0.0.1
2	0.0.0.2
3	0.0.0.3
4	0.0.0.4
5	0.0.0.5
6	0.0.0.6
7	0.0.0.7
SELECT b, INET_NTOA(b) FROM t1 ORDER BY b;
b	INET_NTOA(b)
NULL	NULL
aaa	0.0.0.0
aaa	0.0.0.0
aaa	0.0.0.0
ccc	0.0.0.0
ddd	0.0.0.0
ddd	0.0.0.0
eee	0.0.0.0
SELECT INET_NTOA(9717171) FROM t1;
INET_NTOA(9717171)
0.148.69.179
0.148.69.179
0.148.69.179
0.148.69.179
0.148.69.179
0.148.69.179
0.148.69.179
0.148.69.179
SELECT INET_NTOA(256) FROM t1;
INET_NTOA(256)
0.0.1.0
0.0.1.0
0.0.1.0
0.0.1.0
0.0.1.0
0.0.1.0
0.0.1.0
0.0.1.0
SELECT INET_NTOA(7197191) FROM t1;
INET_NTOA(7197191)
0.109.210.7
0.109.210.7
0.109.210.7
0.109.210.7
0.109.210.7
0.109.210.7
0.109.210.7
0.109.210.7
SELECT INET_NTOA(100) FROM t1;
INET_NTOA(100)
0.0.0.100
0.0.0.100
0.0.0.100
0.0.0.100
0.0.0.100
0.0.0.100
0.0.0.100
0.0.0.100
SELECT INET_NTOA(0) FROM t1;
INET_NTOA(0)
0.0.0.0
0.0.0.0
0.0.0.0
0.0.0.0
0.0.0.0
0.0.0.0
0.0.0.0
0.0.0.0
SELECT INET_NTOA(-1) FROM t1;
INET_NTOA(-1)
NULL
NULL
NULL
NULL
NULL
NULL
NULL
NULL
SELECT INET_NTOA(33333) FROM t1;
INET_NTOA(33333)
0.0.130.53
0.0.130.53
0.0.130.53
0.0.130.53
0.0.130.53
0.0.130.53
0.0.130.53
0.0.130.53
SELECT INET_NTOA(2130706433) FROM t1;
INET_NTOA(2130706433)
127.0.0.1
127.0.0.1
127.0.0.1
127.0.0.1
127.0.0.1
127.0.0.1
127.0.0.1
127.0.0.1
SELECT INET_NTOA(4294967295) FROM t1;
INET_NTOA(4294967295)
255.255.255.255
255.255.255.255
255.255.255.255
255.255.255.255
255.255.255.255
255.255.255.255
255.255.255.255
255.255.255.255
DROP DATABASE mcs206_db;
