DROP DATABASE IF EXISTS mcs289_db;
CREATE DATABASE mcs289_db;
USE mcs289_db;
Create TABLE t1(
col1 INT,
col2 TIMESTAMP,
col3 CHAR(6)
) ENGINE=Columnstore;
Create TABLE t2(
col1 INT,
col2 TIMESTAMP,
col3 CHAR(6)
) ENGINE=Columnstore;
Create TABLE t3(
col1 INT,
col2 TIMESTAMP,
col3 CHAR(6)
) ENGINE=Columnstore;
Create TABLE t4(
col1 INT,
col2 TIMESTAMP,
col3 CHAR(6)
) ENGINE=Columnstore;
SELECT * FROM t1 ORDER BY col1 LIMIT 5;
col1	col2	col3
0	0000-00-00 00:00:00	hhhh
1	1970-01-01 08:00:09	hhhh
2	1970-01-01 08:00:19	hhhh
3	1970-01-01 08:00:28	hhhh
4	1970-01-01 08:00:38	hhhh
SELECT COUNT(*) FROM t1;
COUNT(*)
1000000
SELECT * FROM t2 ORDER BY col1 LIMIT 5;
col1	col2	col3
0	0000-00-00 00:00:00	hhhh
1	1970-01-01 08:00:09	hhhh
2	1970-01-01 08:00:19	hhhh
3	1970-01-01 08:00:28	hhhh
4	1970-01-01 08:00:38	hhhh
SELECT COUNT(*) FROM t2;
COUNT(*)
10000000
SELECT * FROM t3 ORDER BY col1 LIMIT 5;
col1	col2	col3
0	0000-00-00 00:00:00	hhhh
1	1970-01-01 08:00:09	hhhh
2	1970-01-01 08:00:19	hhhh
3	1970-01-01 08:00:28	hhhh
4	1970-01-01 08:00:38	hhhh
SELECT COUNT(*) FROM t3;
COUNT(*)
50000000
SELECT * FROM t4 ORDER BY col1 LIMIT 5;
col1	col2	col3
0	0000-00-00 00:00:00	hhhh
1	1970-01-01 08:00:09	hhhh
2	1970-01-01 08:00:19	hhhh
3	1970-01-01 08:00:28	hhhh
4	1970-01-01 08:00:38	hhhh
SELECT COUNT(*) FROM t4;
COUNT(*)
100000000
TRUNCATE t1;
TRUNCATE t2;
TRUNCATE t3;
TRUNCATE t4;
DROP DATABASE mcs289_db;
