DROP DATABASE IF EXISTS mcs69_db;
CREATE DATABASE mcs69_db;
USE mcs69_db;
CREATE TABLE t1(t1_int INT, t1_decimal DECIMAL(5,3), t1_char CHAR(10), t1_text TEXT, t1_varchar VARCHAR(50))ENGINE=Columnstore;
INSERT INTO t1 VALUES(NULL, NULL, NULL, NULL, NULL);
INSERT INTO t1 VALUES(512762, 86.722, 'A', repeat('a',50), repeat('b',50));
INSERT INTO t1 VALUES(-512762, -86.722, '123456', repeat('1',50), repeat('2',50));
SELECT * FROM t1;
t1_int	t1_decimal	t1_char	t1_text	t1_varchar
NULL	NULL	NULL	NULL	NULL
512762	86.722	A	aaaaaaaaaaaaaaaaaaaaaaaaaaaaaaaaaaaaaaaaaaaaaaaaaa	bbbbbbbbbbbbbbbbbbbbbbbbbbbbbbbbbbbbbbbbbbbbbbbbbb
-512762	-86.722	123456	11111111111111111111111111111111111111111111111111	22222222222222222222222222222222222222222222222222
SELECT CAST(t1_int AS SIGNED), CAST(t1_decimal AS SIGNED), CAST(t1_char AS SIGNED), CAST(t1_text AS SIGNED), CAST(t1_varchar AS SIGNED) FROM t1;
CAST(t1_int AS SIGNED)	CAST(t1_decimal AS SIGNED)	CAST(t1_char AS SIGNED)	CAST(t1_text AS SIGNED)	CAST(t1_varchar AS SIGNED)
NULL	NULL	NULL	NULL	NULL
512762	87	0	0	0
-512762	-87	123456	9223372036854775807	9223372036854775807
SELECT CAST(t1_int AS UNSIGNED), CAST(t1_decimal AS UNSIGNED), CAST(t1_char AS UNSIGNED), CAST(t1_text AS UNSIGNED), CAST(t1_varchar AS UNSIGNED) FROM t1;
CAST(t1_int AS UNSIGNED)	CAST(t1_decimal AS UNSIGNED)	CAST(t1_char AS UNSIGNED)	CAST(t1_text AS UNSIGNED)	CAST(t1_varchar AS UNSIGNED)
NULL	NULL	NULL	NULL	NULL
512762	87	0	0	0
18446744073709038854	0	123456	18446744073709551615	18446744073709551615
SELECT CAST(t1_int AS CHAR(10)), CAST(t1_decimal AS CHAR(10)), CAST(t1_char AS CHAR(10)), CAST(t1_text AS CHAR(10)), CAST(t1_varchar AS CHAR(10)) FROM t1;
CAST(t1_int AS CHAR(10))	CAST(t1_decimal AS CHAR(10))	CAST(t1_char AS CHAR(10))	CAST(t1_text AS CHAR(10))	CAST(t1_varchar AS CHAR(10))
NULL	NULL	NULL	NULL	NULL
512762	86.722	A	aaaaaaaaaa	bbbbbbbbbb
-512762	-86.722	123456	1111111111	2222222222
SELECT CAST(t1_int AS DECIMAL(6,5)), CAST(t1_decimal AS DECIMAL(6,5)), CAST(t1_char AS DECIMAL(6,5)), CAST(t1_text AS DECIMAL(6,5)), CAST(t1_varchar AS DECIMAL(6,5)) FROM t1;
CAST(t1_int AS DECIMAL(6,5))	CAST(t1_decimal AS DECIMAL(6,5))	CAST(t1_char AS DECIMAL(6,5))	CAST(t1_text AS DECIMAL(6,5))	CAST(t1_varchar AS DECIMAL(6,5))
NULL	NULL	NULL	NULL	NULL
9.99999	9.99999	0.00000	0.00000	0.00000
-9.99999	-9.99999	9.99999	9.99999	9.99999
SELECT CAST(t1_int AS DECIMAL(4,5)) FROM t1;
ERROR 42000: For float(M,D), double(M,D) or decimal(M,D), M must be >= D (column '')
SELECT CAST(t1_int AS DECIMAL(66,6)) FROM t1;
Got one of the listed errors
SELECT CAST(t1_int AS DECIMAL(64,63)) FROM t1;
Got one of the listed errors
DROP DATABASE mcs69_db;
